Laine de verre¤TTP_TMateriau_Cond,North¤TTP_TOuverture_Uw,North¤TTP_TOuverture_Sw,North¤TTP_TOuverture_Largeur,North¤TTP_TOuverture_Hauteur,South¤TTP_TOuverture_Uw,South¤TTP_TOuverture_Sw,South¤TTP_TOuverture_Largeur,South¤TTP_TOuverture_Hauteur,East¤TTP_TOuverture_Uw,East¤TTP_TOuverture_Sw,East¤TTP_TOuverture_Largeur,East¤TTP_TOuverture_Hauteur,West¤TTP_TOuverture_Uw,West¤TTP_TOuverture_Sw,West¤TTP_TOuverture_Largeur,West¤TTP_TOuverture_Hauteur,Zone 1¤TTP_TinfiltrationZone,¤TMeteo,Text-average,Bias,Bias_Absolute,HLC,Text-1,Text-2,Text-3,Text-4,Text-5,Text-6,Text-7,Text-8,Text-9,Text-10,Text-11,Text-12,Text-13,Text-14,Text-15,Text-16,Text-17,Text-18,Text-19,Text-20,Text-21,Text-22,Text-23,Text-24,Text-25,Text-26,Text-27,Text-28,Text-29,Text-30,Text-31,Text-32,Text-33,Text-34,Text-35,Text-36,Text-37,Text-38,Text-39,Text-40,Text-41,Text-42,Text-43,Text-44,Text-45,Text-46,Text-47,Text-48,Text-49,Text-50,Text-51,Text-52,Text-53,Text-54,Text-55,Text-56,Text-57,Text-58,Text-59,Text-60,Text-61,Text-62,Text-63,Text-64,Text-65,Text-66,Text-67,Text-68,Text-69,Text-70,Text-71,Text-72,Text-73,Text-74,Text-75,Text-76,Text-77,Text-78,Text-79,Text-80,Text-81,Text-82,Text-83,Text-84,Text-85,Text-86,Text-87,Text-88,Text-89,Text-90,Text-91,Text-92,Text-93,Text-94,Text-95,Text-96,Text-97,Text-98,Text-99,Text-100,Text-101,Text-102,Text-103,Text-104,Text-105,Text-106,Text-107,Text-108,Text-109,Text-110,Text-111,Text-112,Text-113,Text-114,Text-115,Text-116,Text-117,Text-118,Text-119,Text-120,Text-121,Text-122,Text-123,Text-124,Text-125,Text-126,Text-127,Text-128,GHR_mean,GHR_sum,GHR-sum-1,GHR-sum-2,GHR-sum-3,GHR-sum-4,GHR-sum-5,GHR-sum-6,GHR-sum-7,GHR-sum-8,GHR-sum-9,GHR-sum-10,GHR-sum-11,GHR-sum-12,GHR-sum-13,GHR-sum-14,GHR-sum-15,GHR-sum-16,GHR-sum-17,GHR-sum-18,GHR-sum-19,GHR-sum-20,GHR-sum-21,GHR-sum-22,GHR-sum-23,GHR-sum-24,GHR-sum-25,GHR-sum-26,GHR-sum-27,GHR-sum-28,GHR-sum-29,GHR-sum-30,GHR-sum-31,GHR-sum-32,GHR-sum-33,GHR-sum-34,GHR-sum-35,GHR-sum-36,GHR-sum-37,GHR-sum-38,GHR-sum-39,GHR-sum-40,GHR-sum-41,GHR-sum-42,GHR-sum-43,GHR-sum-44,GHR-sum-45,GHR-sum-46,GHR-sum-47,GHR-sum-48,GHR-sum-49,GHR-sum-50,GHR-sum-51,GHR-sum-52,GHR-sum-53,GHR-sum-54,GHR-sum-55,GHR-sum-56,GHR-sum-57,GHR-sum-58,GHR-sum-59,GHR-sum-60,GHR-sum-61,GHR-sum-62,GHR-sum-63,GHR-sum-64,GHR-sum-65,GHR-sum-66,GHR-sum-67,GHR-sum-68,GHR-sum-69,GHR-sum-70,GHR-sum-71,GHR-sum-72,GHR-sum-73,GHR-sum-74,GHR-sum-75,GHR-sum-76,GHR-sum-77,GHR-sum-78,GHR-sum-79,GHR-sum-80,GHR-sum-81,GHR-sum-82,GHR-sum-83,GHR-sum-84,GHR-sum-85,GHR-sum-86,GHR-sum-87,GHR-sum-88,GHR-sum-89,GHR-sum-90,GHR-sum-91,GHR-sum-92,GHR-sum-93,GHR-sum-94,GHR-sum-95,GHR-sum-96,GHR-sum-97,GHR-sum-98,GHR-sum-99,GHR-sum-100,GHR-sum-101,GHR-sum-102,GHR-sum-103,GHR-sum-104,GHR-sum-105,GHR-sum-106,GHR-sum-107,GHR-sum-108,GHR-sum-109,GHR-sum-110,GHR-sum-111,GHR-sum-112,GHR-sum-113,GHR-sum-114,GHR-sum-115,GHR-sum-116,GHR-sum-117,GHR-sum-118,GHR-sum-119,GHR-sum-120,GHR-sum-121,GHR-sum-122,GHR-sum-123,GHR-sum-124,GHR-sum-125,GHR-sum-126,GHR-sum-127,GHR-sum-128,day_index,Date,Climate_zone
0.004900084225507261,1.4398206841622998,1.4764250902913856,2.001024857556492,2.001024857556492,0.5250144709470416,0.6355829797940875,5.002338821931756,5.002338821931756,0.6263578359812614,0.7032303088442959,4.053166090466658,4.053166090466658,0.5815466328775839,0.6684101887275883,2.7181146160289167,2.7181146160289167,0.3492173737053996,0.8532701493817544,7.145000000000001,0.17607881737017958,0.17607881737017958,784.5229764404012,10.33,9.93,9.863333333333332,9.955,9.91,9.813333333333334,9.615714285714287,9.629999999999999,8.559999999999999,7.704000000000001,7.003636363636364,6.420000000000001,5.926153846153847,5.502857142857144,5.136,4.8149999999999995,4.5317647058823525,4.28,4.054736842105264,3.8520000000000003,3.668571428571429,3.501818181818182,3.3495652173913046,3.2099999999999995,3.0816,2.9630769230769234,2.8533333333333335,2.751428571428572,2.6565517241379313,2.568,2.485161290322581,2.4074999999999998,2.3345454545454545,2.2658823529411767,2.2011428571428575,2.14,2.082162162162162,2.027368421052632,1.9753846153846155,1.9259999999999997,1.8790243902439023,1.8342857142857145,1.7916279069767442,1.750909090909091,1.7120000000000002,1.6747826086956523,1.639148936170213,1.6049999999999998,1.5722448979591834,1.5408000000000002,1.5105882352941178,1.4815384615384617,1.4535849056603776,1.4266666666666667,1.4007272727272728,1.3757142857142857,1.351578947368421,1.3282758620689656,1.3057627118644068,1.284,1.2629508196721313,1.2425806451612904,1.2228571428571429,1.2037499999999999,1.185230769230769,1.1672727272727275,1.149850746268657,1.1329411764705883,1.116521739130435,1.1005714285714288,1.0850704225352115,1.0699999999999998,1.0553424657534245,1.041081081081081,1.0272000000000001,1.013684210526316,1.0005194805194806,0.9876923076923078,0.9751898734177216,0.9629999999999999,0.951111111111111,0.9395121951219513,0.9281927710843374,0.9171428571428573,0.9063529411764707,0.8958139534883721,0.8855172413793104,0.8754545454545454,0.8656179775280898,0.8560000000000001,0.8465934065934066,0.8373913043478262,0.8283870967741936,0.8195744680851065,0.8109473684210527,0.8024999999999999,0.7942268041237113,0.7861224489795919,0.7781818181818182,0.7704000000000001,0.7627722772277228,0.7552941176470589,0.7479611650485437,0.7407692307692307,0.7337142857142857,0.7267924528301888,0.7200000000000001,0.7133333333333334,0.7067889908256881,0.7003636363636364,0.6940540540540541,0.6878571428571428,0.6817699115044247,0.6757894736842106,0.669913043478261,0.6641379310344828,0.6584615384615385,0.6528813559322034,0.6473949579831934,0.6419999999999999,0.636694214876033,0.6314754098360656,0.6263414634146341,0.6212903225806452,0.6163200000000001,0.6114285714285714,0.6066141732283465,0.6018749999999999,6.5,78.0,0.0,0.0,0.0,0.0,0.0,0.0,0.0,0.0,0.0,0.0,0.0,0.0,0.0,0.0,0.0,0.0,0.0,0.0,0.0,0.0,0.0,0.0,0.0,0.0,0.0,0.0,0.0,0.0,0.0,0.0,0.0,0.0,0.0,0.0,0.0,0.0,0.0,0.0,0.0,0.0,0.0,0.0,0.0,0.0,0.0,0.0,0.0,0.0,0.0,0.0,0.0,0.0,0.0,0.0,0.0,0.0,0.0,0.0,0.0,0.0,0.0,0.0,0.0,0.0,0.0,0.0,0.0,0.0,0.0,0.0,0.0,0.0,0.0,0.0,0.0,0.0,0.0,0.0,0.0,0.0,0.0,0.0,0.0,0.0,0.0,0.0,0.0,0.0,0.0,0.0,0.0,0.0,0.0,0.0,0.0,0.0,0.0,0.0,0.0,0.0,0.0,0.0,0.0,0.0,0.0,0.0,0.0,0.0,0.0,0.0,0.0,0.0,0.0,0.0,0.0,0.0,0.0,0.0,0.0,0.0,0.0,0.0,0.0,0.0,0.0,0.0,0.0,0.0,1,January 1,Carpentras
0.004900084225507261,1.4398206841622998,1.4764250902913856,2.001024857556492,2.001024857556492,0.5250144709470416,0.6355829797940875,5.002338821931756,5.002338821931756,0.6263578359812614,0.7032303088442959,4.053166090466658,4.053166090466658,0.5815466328775839,0.6684101887275883,2.7181146160289167,2.7181146160289167,0.3492173737053996,0.8532701493817544,8.111666666666666,-0.0160978407818675,0.0160978407818675,656.3283336757756,9.33,8.780000000000001,8.229999999999999,7.805,7.45,7.063333333333333,6.772857142857142,6.6175,6.785555555555556,7.19,7.502727272727273,7.78,8.037692307692309,8.394285714285715,8.770000000000001,9.13625,9.506470588235295,9.852222222222222,10.124736842105264,10.32,10.391904761904762,10.393636363636363,10.347391304347825,10.3175,10.318,10.287692307692309,10.267037037037039,10.265714285714283,10.247241379310344,10.216666666666665,10.159032258064512,10.145625,9.83818181818182,9.548823529411765,9.276000000000002,9.018333333333333,8.774594594594593,8.543684210526314,8.324615384615383,8.1165,7.918536585365854,7.73,7.550232558139536,7.378636363636363,7.214666666666664,7.05782608695652,6.9076595744680835,6.763750000000001,6.625714285714286,6.493200000000001,6.365882352941177,6.2434615384615375,6.125660377358489,6.012222222222221,5.902909090909089,5.7975,5.695789473684211,5.597586206896552,5.5027118644067805,5.411,5.322295081967211,5.236451612903225,5.1533333333333315,5.0728125,4.994769230769231,4.91909090909091,4.8456716417910455,4.7744117647058815,4.7052173913043465,4.637999999999999,4.572676056338027,4.509166666666667,4.447397260273973,4.387297297297297,4.3288,4.271842105263158,4.216363636363635,4.162307692307691,4.109620253164556,4.05825,4.008148148148148,3.959268292682927,3.9115662650602414,3.8649999999999998,3.8195294117647047,3.7751162790697665,3.7317241379310335,3.689318181818182,3.647865168539326,3.6073333333333335,3.567692307692308,3.5289130434782607,3.4909677419354828,3.4538297872340418,3.4174736842105253,3.3818750000000004,3.347010309278351,3.312857142857143,3.2793939393939397,3.2465999999999995,3.2144554455445538,3.1829411764705875,3.1520388349514556,3.1217307692307696,3.092,3.0628301886792455,3.0342056074766357,3.0061111111111107,2.9785321100917423,2.9514545454545447,2.924864864864864,2.89875,2.8730973451327437,2.8478947368421057,2.823130434782609,2.7987931034482756,2.7748717948717943,2.751355932203389,2.7282352941176464,2.7055000000000002,2.683140495867769,2.661147540983607,2.6395121951219513,2.618225806451613,2.597279999999999,2.5766666666666658,2.5563779527559047,2.53640625,69.91666666666667,839.0,0.0,0.0,0.0,0.0,0.0,0.0,0.0,0.0,0.0,0.0,0.0,0.0,0.0,0.0,0.0,7.0,32.0,55.0,72.0,78.0,78.0,78.0,78.0,78.0,78.0,78.0,78.0,78.0,78.0,78.0,78.0,78.0,78.0,78.0,78.0,78.0,78.0,78.0,78.0,78.0,78.0,78.0,78.0,78.0,78.0,78.0,78.0,78.0,78.0,78.0,78.0,78.0,78.0,78.0,78.0,78.0,78.0,78.0,78.0,78.0,78.0,78.0,78.0,78.0,78.0,78.0,78.0,78.0,78.0,78.0,78.0,78.0,78.0,78.0,78.0,78.0,78.0,78.0,78.0,78.0,78.0,78.0,78.0,78.0,78.0,78.0,78.0,78.0,78.0,78.0,78.0,78.0,78.0,78.0,78.0,78.0,78.0,78.0,78.0,78.0,78.0,78.0,78.0,78.0,78.0,78.0,78.0,78.0,78.0,78.0,78.0,78.0,78.0,78.0,78.0,78.0,78.0,78.0,78.0,78.0,78.0,78.0,78.0,78.0,78.0,78.0,78.0,78.0,2,January 2,Carpentras
0.004900084225507261,1.4398206841622998,1.4764250902913856,2.001024857556492,2.001024857556492,0.5250144709470416,0.6355829797940875,5.002338821931756,5.002338821931756,0.6263578359812614,0.7032303088442959,4.053166090466658,4.053166090466658,0.5815466328775839,0.6684101887275883,2.7181146160289167,2.7181146160289167,0.3492173737053996,0.8532701493817544,6.361666666666666,0.1718276867256642,0.1718276867256642,781.6871888917998,8.73,8.68,8.663333333333334,8.655000000000001,8.810000000000002,8.863333333333335,8.95857142857143,9.030000000000001,9.385555555555557,9.830000000000002,10.239090909090908,10.521666666666667,10.629999999999997,10.729999999999999,10.789999999999997,10.93,10.965294117647058,10.985555555555555,11.098421052631577,11.274999999999999,11.363333333333332,11.361818181818181,11.30391304347826,11.204999999999998,11.13,11.018461538461539,10.874444444444444,10.719285714285714,10.557586206896552,10.376666666666667,10.204193548387096,10.058125,9.99969696969697,10.024117647058825,10.041428571428574,10.063333333333333,10.092162162162163,10.169473684210526,10.268461538461537,10.377500000000001,10.500731707317076,10.625238095238096,10.727674418604652,10.802727272727275,10.825555555555557,10.81695652173913,10.785319148936171,10.761249999999999,10.752448979591836,10.728,10.708431372549022,10.69923076923077,10.680943396226414,10.655925925925926,10.615454545454545,10.599642857142856,10.413684210526315,10.234137931034484,10.060677966101693,9.893,9.730819672131146,9.573870967741936,9.421904761904761,9.274687499999999,9.132,8.993636363636364,8.859402985074626,8.729117647058825,8.602608695652172,8.479714285714286,8.360281690140845,8.244166666666665,8.131232876712328,8.021351351351353,7.914399999999999,7.810263157894737,7.708831168831168,7.61,7.513670886075948,7.419749999999999,7.328148148148148,7.2387804878048785,7.15156626506024,7.066428571428572,6.983294117647058,6.902093023255815,6.822758620689655,6.745227272727272,6.66943820224719,6.5953333333333335,6.522857142857142,6.451956521739131,6.38258064516129,6.31468085106383,6.2482105263157885,6.1831249999999995,6.119381443298968,6.056938775510204,5.995757575757575,5.9358,5.8770297029702965,5.819411764705883,5.762912621359223,5.7075,5.653142857142856,5.599811320754718,5.547476635514018,5.496111111111111,5.445688073394495,5.396181818181819,5.347567567567567,5.299821428571428,5.2529203539823,5.206842105263158,5.161565217391304,5.117068965517242,5.073333333333332,5.030338983050847,4.988067226890756,4.9464999999999995,4.905619834710743,4.865409836065574,4.825853658536585,4.786935483870968,4.748639999999999,4.7109523809523814,4.673858267716535,4.637343749999999,26.416666666666668,317.0,0.0,0.0,0.0,0.0,0.0,0.0,0.0,0.0,0.0,0.0,0.0,0.0,0.0,0.0,0.0,8.0,74.0,186.0,327.0,478.0,620.0,736.0,811.0,839.0,839.0,839.0,839.0,839.0,839.0,839.0,839.0,839.0,839.0,839.0,839.0,839.0,839.0,839.0,839.0,846.0,871.0,894.0,911.0,917.0,917.0,917.0,917.0,917.0,917.0,917.0,917.0,917.0,917.0,917.0,917.0,917.0,917.0,917.0,917.0,917.0,917.0,917.0,917.0,917.0,917.0,917.0,917.0,917.0,917.0,917.0,917.0,917.0,917.0,917.0,917.0,917.0,917.0,917.0,917.0,917.0,917.0,917.0,917.0,917.0,917.0,917.0,917.0,917.0,917.0,917.0,917.0,917.0,917.0,917.0,917.0,917.0,917.0,917.0,917.0,917.0,917.0,917.0,917.0,917.0,917.0,917.0,917.0,917.0,917.0,917.0,917.0,917.0,917.0,917.0,917.0,917.0,917.0,917.0,917.0,917.0,917.0,917.0,917.0,917.0,917.0,917.0,917.0,917.0,3,January 3,Carpentras
0.004900084225507261,1.4398206841622998,1.4764250902913856,2.001024857556492,2.001024857556492,0.5250144709470416,0.6355829797940875,5.002338821931756,5.002338821931756,0.6263578359812614,0.7032303088442959,4.053166090466658,4.053166090466658,0.5815466328775839,0.6684101887275883,2.7181146160289167,2.7181146160289167,0.3492173737053996,0.8532701493817544,7.336666666666666,0.14314078522445797,0.14314078522445797,762.5511131303952,6.03,5.28,5.0633333333333335,4.880000000000001,4.8500000000000005,5.080000000000001,5.115714285714285,5.305000000000001,5.652222222222222,6.12,6.666363636363636,7.146666666666667,7.576153846153847,8.037142857142857,8.523333333333333,9.02375,9.424117647058823,9.696666666666667,9.951052631578946,10.129999999999999,10.272857142857143,10.375454545454547,10.421304347826087,10.3925,10.325999999999999,10.260769230769228,10.200370370370367,10.144285714285711,10.119655172413792,10.086666666666666,10.068709677419353,10.051875,10.117878787878787,10.227058823529411,10.344285714285713,10.435555555555554,10.475945945945945,10.516842105263157,10.545384615384613,10.607500000000002,10.629999999999999,10.646666666666667,10.70441860465116,10.793636363636363,10.845555555555555,10.856086956521738,10.83851063829787,10.798749999999998,10.768775510204081,10.718,10.647647058823528,10.568461538461538,10.482830188679245,10.383703703703704,10.286363636363637,10.20142857142857,10.165087719298247,10.176551724137932,10.184237288135593,10.195,10.21032786885246,10.255806451612905,10.315714285714288,10.383125,10.460769230769232,10.54060606060606,10.607611940298506,10.657941176470588,10.674927536231884,10.67142857142857,10.652535211267606,10.638333333333334,10.634109589041095,10.61918918918919,10.607333333333333,10.602368421052631,10.591038961038961,10.574871794871795,10.547721518987343,10.5375,10.407407407407407,10.28048780487805,10.156626506024095,10.035714285714286,9.91764705882353,9.80232558139535,9.689655172413794,9.579545454545455,9.47191011235955,9.366666666666667,9.263736263736263,9.16304347826087,9.064516129032258,8.96808510638298,8.873684210526317,8.78125,8.690721649484535,8.60204081632653,8.515151515151514,8.43,8.346534653465346,8.264705882352942,8.184466019417476,8.10576923076923,8.028571428571428,7.952830188679245,7.878504672897195,7.805555555555555,7.73394495412844,7.663636363636364,7.594594594594596,7.526785714285714,7.460176991150442,7.394736842105263,7.330434782608695,7.267241379310345,7.205128205128205,7.1440677966101696,7.084033613445379,7.025,6.966942148760331,6.909836065573771,6.853658536585365,6.798387096774194,6.744,6.690476190476191,6.637795275590552,6.5859375,57.0,684.0,0.0,0.0,0.0,0.0,0.0,0.0,0.0,0.0,0.0,0.0,0.0,0.0,0.0,0.0,0.0,9.0,51.0,109.0,177.0,243.0,293.0,317.0,317.0,317.0,317.0,317.0,317.0,317.0,317.0,317.0,317.0,317.0,317.0,317.0,317.0,317.0,317.0,317.0,317.0,325.0,391.0,503.0,644.0,795.0,937.0,1053.0,1128.0,1156.0,1156.0,1156.0,1156.0,1156.0,1156.0,1156.0,1156.0,1156.0,1156.0,1156.0,1156.0,1156.0,1156.0,1156.0,1156.0,1163.0,1188.0,1211.0,1228.0,1234.0,1234.0,1234.0,1234.0,1234.0,1234.0,1234.0,1234.0,1234.0,1234.0,1234.0,1234.0,1234.0,1234.0,1234.0,1234.0,1234.0,1234.0,1234.0,1234.0,1234.0,1234.0,1234.0,1234.0,1234.0,1234.0,1234.0,1234.0,1234.0,1234.0,1234.0,1234.0,1234.0,1234.0,1234.0,1234.0,1234.0,1234.0,1234.0,1234.0,1234.0,1234.0,1234.0,1234.0,1234.0,1234.0,1234.0,1234.0,1234.0,1234.0,1234.0,1234.0,1234.0,1234.0,1234.0,1234.0,1234.0,1234.0,1234.0,1234.0,1234.0,4,January 4,Carpentras
0.004900084225507261,1.4398206841622998,1.4764250902913856,2.001024857556492,2.001024857556492,0.5250144709470416,0.6355829797940875,5.002338821931756,5.002338821931756,0.6263578359812614,0.7032303088442959,4.053166090466658,4.053166090466658,0.5815466328775839,0.6684101887275883,2.7181146160289167,2.7181146160289167,0.3492173737053996,0.8532701493817544,6.903333333333333,0.1711225316958543,0.1711225316958543,781.2168034765813,7.33,6.38,5.863333333333333,5.63,5.51,5.596666666666667,5.9157142857142855,6.317500000000001,6.707777777777777,7.05,7.457272727272726,7.855,8.245384615384614,8.515714285714285,8.883333333333333,9.267499999999998,9.577058823529413,9.913333333333334,10.193157894736842,10.315000000000001,10.396666666666668,10.44818181818182,10.40826086956522,10.259166666666667,10.090000000000002,9.876153846153844,9.681851851851853,9.490714285714287,9.326551724137932,9.223333333333333,9.097741935483871,9.020624999999999,9.002727272727272,9.041764705882352,9.13,9.221666666666668,9.316486486486484,9.440526315789473,9.591538461538459,9.765,9.912926829268294,10.018095238095238,10.123023255813955,10.200454545454546,10.265555555555554,10.314782608695651,10.33851063829787,10.325833333333334,10.293265306122448,10.26,10.228039215686275,10.197307692307692,10.182830188679246,10.163333333333332,10.151818181818182,10.140714285714287,10.177368421052632,10.240344827586208,10.309661016949153,10.365000000000002,10.390655737704916,10.417096774193547,10.436349206349204,10.476875,10.493076923076924,10.505757575757576,10.54492537313433,10.605,10.64159420289855,10.65142857142857,10.642676056338027,10.618888888888888,10.601232876712329,10.569189189189188,10.523333333333335,10.47078947368421,10.413116883116883,10.345384615384614,10.278101265822785,10.218750000000002,10.192962962962964,10.200731707317074,10.205903614457831,10.213333333333335,10.224117647058822,10.256744186046511,10.300114942528737,10.349318181818182,10.406404494382024,10.465555555555557,10.515714285714287,10.55391304347826,10.56763440860215,10.566170212765957,10.553157894736842,10.543541666666668,10.541340206185568,10.531020408163265,10.522929292929293,10.52,10.512178217821782,10.500588235294117,10.480485436893202,10.473269230769231,10.373523809523808,10.275660377358491,10.1796261682243,10.08537037037037,9.992844036697248,9.901999999999997,9.812792792792791,9.725178571428572,9.639115044247786,9.554561403508773,9.471478260869565,9.389827586206897,9.30957264957265,9.230677966101693,9.153109243697477,9.076833333333333,9.00181818181818,8.928032786885247,8.855447154471545,8.784032258064517,8.71376,8.644603174603173,8.576535433070864,8.50953125,46.166666666666664,554.0,0.0,0.0,0.0,0.0,0.0,0.0,0.0,0.0,0.0,0.0,0.0,0.0,0.0,0.0,0.0,10.0,72.0,169.0,288.0,413.0,528.0,617.0,669.0,684.0,684.0,684.0,684.0,684.0,684.0,684.0,684.0,684.0,684.0,684.0,684.0,684.0,684.0,684.0,684.0,693.0,735.0,793.0,861.0,927.0,977.0,1001.0,1001.0,1001.0,1001.0,1001.0,1001.0,1001.0,1001.0,1001.0,1001.0,1001.0,1001.0,1001.0,1001.0,1001.0,1001.0,1001.0,1001.0,1009.0,1075.0,1187.0,1328.0,1479.0,1621.0,1737.0,1812.0,1840.0,1840.0,1840.0,1840.0,1840.0,1840.0,1840.0,1840.0,1840.0,1840.0,1840.0,1840.0,1840.0,1840.0,1840.0,1840.0,1847.0,1872.0,1895.0,1912.0,1918.0,1918.0,1918.0,1918.0,1918.0,1918.0,1918.0,1918.0,1918.0,1918.0,1918.0,1918.0,1918.0,1918.0,1918.0,1918.0,1918.0,1918.0,1918.0,1918.0,1918.0,1918.0,1918.0,1918.0,1918.0,1918.0,1918.0,1918.0,1918.0,1918.0,1918.0,1918.0,1918.0,1918.0,1918.0,1918.0,1918.0,5,January 5,Carpentras
0.004900084225507261,1.4398206841622998,1.4764250902913856,2.001024857556492,2.001024857556492,0.5250144709470416,0.6355829797940875,5.002338821931756,5.002338821931756,0.6263578359812614,0.7032303088442959,4.053166090466658,4.053166090466658,0.5815466328775839,0.6684101887275883,2.7181146160289167,2.7181146160289167,0.3492173737053996,0.8532701493817544,8.045000000000002,-0.018891958796133337,0.018891958796133337,654.464470685726,10.23,9.23,9.13,8.88,8.530000000000001,8.18,7.972857142857145,8.08,8.330000000000002,8.73,9.211818181818183,9.563333333333334,9.868461538461538,10.065714285714284,10.289999999999997,10.4925,10.641764705882352,10.846666666666666,10.998421052631578,11.164999999999997,11.320476190476189,11.389090909090909,11.395217391304346,11.33,11.17,10.949230769230772,10.722592592592594,10.515714285714287,10.326551724137932,10.183333333333334,10.107419354838711,10.076875,10.06939393939394,10.071176470588236,10.112857142857145,10.171666666666667,10.246216216216219,10.293157894736842,10.38897435897436,10.505,10.603170731707317,10.722857142857142,10.827674418604653,10.868636363636366,10.894444444444446,10.908260869565218,10.878936170212768,10.794583333333334,10.697346938775512,10.573999999999998,10.457450980392158,10.339615384615383,10.23377358490566,10.15962962962963,10.071818181818182,10.010357142857144,9.982631578947368,9.988620689655175,10.024915254237287,10.065000000000001,10.108688524590164,10.171935483870968,10.253809523809522,10.351875,10.436153846153848,10.495151515151516,10.55537313432836,10.599117647058824,10.635797101449276,10.66285714285714,10.673661971830985,10.660555555555554,10.634109589041097,10.607027027027028,10.580666666666668,10.555000000000001,10.54038961038961,10.522307692307692,10.509746835443037,10.4975,10.51888888888889,10.559268292682928,10.604698795180724,10.640714285714287,10.655882352941177,10.671860465116279,10.68287356321839,10.709545454545454,10.718764044943821,10.725555555555555,10.75197802197802,10.794130434782607,10.819247311827956,10.82468085106383,10.816315789473684,10.796666666666667,10.781546391752578,10.755510204081633,10.71888888888889,10.677000000000003,10.630990099009903,10.577058823529415,10.52320388349515,10.475192307692309,10.452857142857145,10.456415094339624,10.45803738317757,10.461481481481485,10.467614678899087,10.490909090909096,10.522792792792796,10.559464285714284,10.602566371681418,10.647543859649124,10.685652173913045,10.714482758620692,10.724017094017096,10.721525423728817,10.709831932773115,10.700833333333332,10.697768595041325,10.688196721311476,10.680406504065044,10.67677419354839,10.669200000000002,10.658571428571433,10.641023622047248,10.633906250000003,44.166666666666664,530.0,0.0,0.0,0.0,0.0,0.0,0.0,0.0,0.0,0.0,0.0,0.0,0.0,0.0,0.0,0.0,11.0,68.0,153.0,254.0,358.0,450.0,516.0,549.0,554.0,554.0,554.0,554.0,554.0,554.0,554.0,554.0,554.0,554.0,554.0,554.0,554.0,554.0,554.0,554.0,564.0,626.0,723.0,842.0,967.0,1082.0,1171.0,1223.0,1238.0,1238.0,1238.0,1238.0,1238.0,1238.0,1238.0,1238.0,1238.0,1238.0,1238.0,1238.0,1238.0,1238.0,1238.0,1238.0,1247.0,1289.0,1347.0,1415.0,1481.0,1531.0,1555.0,1555.0,1555.0,1555.0,1555.0,1555.0,1555.0,1555.0,1555.0,1555.0,1555.0,1555.0,1555.0,1555.0,1555.0,1555.0,1555.0,1555.0,1563.0,1629.0,1741.0,1882.0,2033.0,2175.0,2291.0,2366.0,2394.0,2394.0,2394.0,2394.0,2394.0,2394.0,2394.0,2394.0,2394.0,2394.0,2394.0,2394.0,2394.0,2394.0,2394.0,2394.0,2401.0,2426.0,2449.0,2466.0,2472.0,2472.0,2472.0,2472.0,2472.0,2472.0,2472.0,2472.0,2472.0,2472.0,2472.0,2472.0,2472.0,6,January 6,Carpentras
0.004900084225507261,1.4398206841622998,1.4764250902913856,2.001024857556492,2.001024857556492,0.5250144709470416,0.6355829797940875,5.002338821931756,5.002338821931756,0.6263578359812614,0.7032303088442959,4.053166090466658,4.053166090466658,0.5815466328775839,0.6684101887275883,2.7181146160289167,2.7181146160289167,0.3492173737053996,0.8532701493817544,6.228333333333333,0.24876238292347072,0.24876238292347072,833.0077602354833,7.729999999999999,6.029999999999999,5.463333333333334,5.3549999999999995,5.25,5.379999999999999,5.43,5.529999999999999,5.907777777777778,6.410000000000001,7.011818181818183,7.48,7.845384615384616,8.094285714285714,8.336666666666668,8.5425,8.724117647058824,8.957777777777778,9.119473684210528,9.260000000000002,9.358571428571432,9.525454545454549,9.64304347826087,9.717500000000001,9.738,9.68,9.652222222222225,9.597857142857142,9.512758620689656,9.409999999999998,9.323548387096773,9.308125,9.339090909090912,9.427058823529412,9.55857142857143,9.66611111111111,9.770540540540539,9.845789473684208,9.937692307692306,10.0275,10.100731707317074,10.201428571428572,10.283488372093023,10.375454545454545,10.465555555555556,10.51695652173913,10.538510638297872,10.52375,10.45857142857143,10.357999999999999,10.249607843137255,10.147307692307693,10.050754716981134,9.976296296296299,9.93727272727273,9.922857142857142,9.92122807017544,9.924827586206897,9.952033898305087,9.990000000000002,10.038196721311479,10.070322580645161,10.133174603174606,10.209687500000001,10.276153846153846,10.357272727272727,10.430000000000003,10.462352941176471,10.485072463768118,10.500000000000002,10.486338028169016,10.435555555555556,10.375205479452054,10.296216216216218,10.220666666666668,10.143157894736843,10.072857142857144,10.023589743589746,9.964177215189874,9.9225,9.904074074074074,9.90926829268293,9.936024096385545,9.965714285714288,9.998235294117649,10.04511627906977,10.10586206896552,10.178863636363637,10.242359550561797,10.287777777777778,10.334395604395604,10.36913043478261,10.398817204301077,10.42148936170213,10.432105263157895,10.424791666666668,10.407319587628868,10.38918367346939,10.371414141414144,10.354000000000001,10.344851485148517,10.332941176470586,10.32514563106796,10.317499999999999,10.335714285714285,10.368679245283019,10.405700934579437,10.435555555555553,10.449266055045868,10.463636363636361,10.474144144144143,10.496964285714284,10.506106194690267,10.513333333333334,10.536086956521737,10.571379310344826,10.59324786324786,10.599491525423726,10.594705882352937,10.580833333333333,10.570495867768596,10.551311475409836,10.523495934959348,10.491290322580644,10.455599999999999,10.41333333333333,10.370944881889761,10.333124999999999,60.833333333333336,730.0,0.0,0.0,0.0,0.0,0.0,0.0,0.0,0.0,0.0,0.0,0.0,0.0,0.0,0.0,0.0,12.0,67.0,150.0,249.0,350.0,437.0,498.0,527.0,530.0,530.0,530.0,530.0,530.0,530.0,530.0,530.0,530.0,530.0,530.0,530.0,530.0,530.0,530.0,530.0,541.0,598.0,683.0,784.0,888.0,980.0,1046.0,1079.0,1084.0,1084.0,1084.0,1084.0,1084.0,1084.0,1084.0,1084.0,1084.0,1084.0,1084.0,1084.0,1084.0,1084.0,1084.0,1084.0,1094.0,1156.0,1253.0,1372.0,1497.0,1612.0,1701.0,1753.0,1768.0,1768.0,1768.0,1768.0,1768.0,1768.0,1768.0,1768.0,1768.0,1768.0,1768.0,1768.0,1768.0,1768.0,1768.0,1768.0,1777.0,1819.0,1877.0,1945.0,2011.0,2061.0,2085.0,2085.0,2085.0,2085.0,2085.0,2085.0,2085.0,2085.0,2085.0,2085.0,2085.0,2085.0,2085.0,2085.0,2085.0,2085.0,2085.0,2085.0,2093.0,2159.0,2271.0,2412.0,2563.0,2705.0,2821.0,2896.0,2924.0,2924.0,2924.0,2924.0,2924.0,2924.0,2924.0,2924.0,2924.0,7,January 7,Carpentras
0.004900084225507261,1.4398206841622998,1.4764250902913856,2.001024857556492,2.001024857556492,0.5250144709470416,0.6355829797940875,5.002338821931756,5.002338821931756,0.6263578359812614,0.7032303088442959,4.053166090466658,4.053166090466658,0.5815466328775839,0.6684101887275883,2.7181146160289167,2.7181146160289167,0.3492173737053996,0.8532701493817544,8.803333333333336,0.02920546044202306,0.02920546044202306,686.5486558121922,7.13,6.58,6.0633333333333335,5.705,5.73,6.13,6.33,6.7425,7.13,7.55,8.03,8.53,9.076153846153845,9.522857142857143,9.93,10.280000000000001,10.588823529411764,10.818888888888887,10.924736842105263,11.015,11.120476190476191,11.175454545454544,11.225652173913044,11.150833333333333,11.014000000000001,10.756923076923075,10.518888888888888,10.322857142857142,10.133448275862067,9.996666666666664,9.859032258064515,9.745625,9.72090909090909,9.756470588235295,9.85,9.92722222222222,9.989459459459459,10.024736842105261,10.068461538461536,10.1075,10.144634146341463,10.21095238095238,10.253255813953489,10.291363636363634,10.314444444444442,10.373478260869563,10.412978723404253,10.434166666666668,10.43,10.386,10.357450980392157,10.314615384615383,10.254528301886793,10.183703703703705,10.120909090909091,10.097857142857142,10.101929824561402,10.140344827586206,10.206271186440677,10.259999999999998,10.31360655737705,10.350967741935484,10.39984126984127,10.448749999999999,10.488461538461536,10.546666666666667,10.594179104477611,10.649117647058821,10.703913043478261,10.734285714285713,10.745492957746478,10.732777777777777,10.686164383561644,10.615135135135136,10.538,10.464210526315789,10.393636363636364,10.337692307692308,10.305949367088607,10.29125,10.285555555555556,10.283658536585365,10.29867469879518,10.321666666666667,10.35235294117647,10.37186046511628,10.413908045977012,10.466363636363637,10.512022471910113,10.568888888888889,10.62010989010989,10.64195652173913,10.656881720430109,10.666170212765957,10.65421052631579,10.614375,10.567113402061855,10.505510204081633,10.446161616161618,10.385000000000002,10.329009900990101,10.288823529411767,10.240679611650487,10.205961538461539,10.18904761904762,10.190377358490567,10.208504672897195,10.229074074074076,10.252018348623855,10.286363636363639,10.331801801801804,10.387142857142859,10.435309734513275,10.469473684210525,10.504782608695654,10.53086206896552,10.553076923076926,10.569830508474578,10.577058823529415,10.57,10.554793388429752,10.539016393442623,10.52349593495935,10.508225806451614,10.499600000000003,10.488730158730162,10.481181102362207,10.47375,42.916666666666664,515.0,0.0,0.0,0.0,0.0,0.0,0.0,0.0,0.0,0.0,0.0,0.0,0.0,0.0,0.0,0.0,13.0,79.0,182.0,308.0,441.0,562.0,656.0,712.0,730.0,730.0,730.0,730.0,730.0,730.0,730.0,730.0,730.0,730.0,730.0,730.0,730.0,730.0,730.0,730.0,742.0,797.0,880.0,979.0,1080.0,1167.0,1228.0,1257.0,1260.0,1260.0,1260.0,1260.0,1260.0,1260.0,1260.0,1260.0,1260.0,1260.0,1260.0,1260.0,1260.0,1260.0,1260.0,1260.0,1271.0,1328.0,1413.0,1514.0,1618.0,1710.0,1776.0,1809.0,1814.0,1814.0,1814.0,1814.0,1814.0,1814.0,1814.0,1814.0,1814.0,1814.0,1814.0,1814.0,1814.0,1814.0,1814.0,1814.0,1824.0,1886.0,1983.0,2102.0,2227.0,2342.0,2431.0,2483.0,2498.0,2498.0,2498.0,2498.0,2498.0,2498.0,2498.0,2498.0,2498.0,2498.0,2498.0,2498.0,2498.0,2498.0,2498.0,2498.0,2507.0,2549.0,2607.0,2675.0,2741.0,2791.0,2815.0,2815.0,2815.0,2815.0,2815.0,2815.0,2815.0,2815.0,2815.0,2815.0,2815.0,8,January 8,Carpentras
0.004900084225507261,1.4398206841622998,1.4764250902913856,2.001024857556492,2.001024857556492,0.5250144709470416,0.6355829797940875,5.002338821931756,5.002338821931756,0.6263578359812614,0.7032303088442959,4.053166090466658,4.053166090466658,0.5815466328775839,0.6684101887275883,2.7181146160289167,2.7181146160289167,0.3492173737053996,0.8532701493817544,9.003333333333332,0.26412027644575786,0.26412027644575786,843.252499074417,4.13,3.6799999999999997,3.496666666666666,3.13,3.09,3.23,3.3157142857142854,3.505,3.73,4.0,4.493636363636363,5.0216666666666665,5.499230769230769,5.937142857142858,6.390000000000001,6.805,7.188823529411764,7.524444444444443,7.782631578947367,7.964999999999998,8.106190476190475,8.120909090909091,8.138695652173913,8.109166666666667,8.07,7.991538461538462,7.8818518518518506,7.765714285714286,7.698965517241379,7.713333333333334,7.70741935483871,7.7675,7.842121212121213,7.944705882352942,8.084285714285716,8.249444444444444,8.448918918918917,8.63,8.80948717948718,8.977500000000001,9.137317073170731,9.270476190476192,9.353255813953488,9.43,9.514444444444445,9.575652173913042,9.634255319148934,9.63,9.59122448979592,9.486,9.384901960784314,9.301153846153845,9.21679245283019,9.157777777777778,9.095454545454546,9.044285714285715,9.042280701754388,9.074827586206897,9.14186440677966,9.2,9.24967213114754,9.283225806451613,9.32206349206349,9.358125,9.393076923076924,9.446666666666667,9.485223880597015,9.521176470588236,9.547391304347826,9.597142857142854,9.634225352112674,9.659166666666668,9.666986301369864,9.647567567567567,9.638,9.618157894736843,9.585844155844155,9.545384615384613,9.509746835443035,9.501249999999999,9.511481481481482,9.545853658536585,9.599879518072289,9.64547619047619,9.691176470588236,9.725348837209301,9.767931034482757,9.810681818181818,9.846853932584269,9.896666666666667,9.93879120879121,9.986521739130435,10.034301075268816,10.064042553191486,10.079473684210527,10.076875,10.048556701030929,10.001428571428571,9.94919191919192,9.899,9.85079207920792,9.81333333333333,9.794077669902912,9.787692307692309,9.788095238095238,9.791320754716983,9.807570093457947,9.830000000000004,9.858440366972479,9.87818181818182,9.915585585585589,9.961250000000001,10.001681415929204,10.05105263157895,10.096086956521741,10.117931034482762,10.134273504273509,10.146101694915258,10.140924369747902,10.113333333333333,10.079586776859506,10.034098360655738,9.99016260162602,9.944516129032259,9.902800000000003,9.873650793650796,9.837874015748035,9.8128125,33.25,399.0,0.0,0.0,0.0,0.0,0.0,0.0,0.0,0.0,0.0,0.0,0.0,0.0,0.0,0.0,0.0,14.0,70.0,152.0,248.0,346.0,431.0,489.0,514.0,515.0,515.0,515.0,515.0,515.0,515.0,515.0,515.0,515.0,515.0,515.0,515.0,515.0,515.0,515.0,515.0,528.0,594.0,697.0,823.0,956.0,1077.0,1171.0,1227.0,1245.0,1245.0,1245.0,1245.0,1245.0,1245.0,1245.0,1245.0,1245.0,1245.0,1245.0,1245.0,1245.0,1245.0,1245.0,1245.0,1257.0,1312.0,1395.0,1494.0,1595.0,1682.0,1743.0,1772.0,1775.0,1775.0,1775.0,1775.0,1775.0,1775.0,1775.0,1775.0,1775.0,1775.0,1775.0,1775.0,1775.0,1775.0,1775.0,1775.0,1786.0,1843.0,1928.0,2029.0,2133.0,2225.0,2291.0,2324.0,2329.0,2329.0,2329.0,2329.0,2329.0,2329.0,2329.0,2329.0,2329.0,2329.0,2329.0,2329.0,2329.0,2329.0,2329.0,2329.0,2339.0,2401.0,2498.0,2617.0,2742.0,2857.0,2946.0,2998.0,3013.0,3013.0,3013.0,3013.0,3013.0,3013.0,3013.0,3013.0,3013.0,9,January 9,Carpentras
0.004900084225507261,1.4398206841622998,1.4764250902913856,2.001024857556492,2.001024857556492,0.5250144709470416,0.6355829797940875,5.002338821931756,5.002338821931756,0.6263578359812614,0.7032303088442959,4.053166090466658,4.053166090466658,0.5815466328775839,0.6684101887275883,2.7181146160289167,2.7181146160289167,0.3492173737053996,0.8532701493817544,7.128333333333333,0.049773456010564876,0.049773456010564876,700.2688800561142,7.83,8.030000000000001,8.33,8.38,8.39,8.546666666666667,8.730000000000002,8.967500000000001,9.374444444444444,9.74,10.175454545454546,10.446666666666667,10.753076923076925,11.044285714285715,11.383333333333335,11.592500000000001,11.788823529411765,11.935555555555556,11.893157894736843,11.71,11.515714285714287,11.261818181818184,10.990869565217393,10.72166666666667,10.458,10.18,9.918888888888889,9.637142857142857,9.405862068965517,9.223333333333333,9.049354838709679,8.9175,8.814848484848484,8.74470588235294,8.764285714285714,8.821666666666665,8.886756756756759,8.95894736842105,9.055641025641025,9.155000000000001,9.256829268292682,9.351428571428572,9.423023255813954,9.468636363636364,9.501111111111113,9.477826086956522,9.457659574468085,9.415416666666667,9.368775510204081,9.302,9.218235294117648,9.129999999999999,9.067735849056604,9.050370370370372,9.022727272727273,9.03357142857143,9.054561403508773,9.093793103448277,9.157118644067797,9.238333333333333,9.34311475409836,9.439677419354839,9.537936507936507,9.631562500000001,9.722307692307695,9.79818181818182,9.843432835820895,9.885882352941177,9.934347826086956,9.968571428571428,10.001830985915493,9.99388888888889,9.962876712328768,9.886756756756757,9.812666666666667,9.749736842105264,9.685844155844155,9.638974358974357,9.589493670886077,9.547500000000001,9.539876543209877,9.556829268292685,9.59867469879518,9.634761904761906,9.665294117647058,9.684651162790697,9.70816091954023,9.73,9.75134831460674,9.786666666666667,9.81131868131868,9.834347826086956,9.850430107526881,9.884255319148936,9.908947368421053,9.924791666666666,9.927938144329897,9.91061224489796,9.900707070707071,9.883,9.855742574257425,9.822156862745096,9.792135922330097,9.782884615384615,9.788095238095238,9.812075471698112,9.851495327102803,9.884629629629629,9.918073394495412,9.942727272727273,9.974144144144143,10.005892857142856,10.032654867256637,10.070350877192983,10.10217391304348,10.138620689655172,10.175299145299146,10.197796610169492,10.208991596638656,10.205833333333336,10.18206611570248,10.143114754098361,10.099918699186992,10.058225806451615,10.018,9.986349206349207,9.969370078740157,9.962812500000002,56.583333333333336,679.0,0.0,0.0,0.0,0.0,0.0,0.0,0.0,0.0,0.0,0.0,0.0,0.0,0.0,0.0,0.0,15.0,65.0,135.0,215.0,293.0,356.0,392.0,399.0,399.0,399.0,399.0,399.0,399.0,399.0,399.0,399.0,399.0,399.0,399.0,399.0,399.0,399.0,399.0,399.0,413.0,469.0,551.0,647.0,745.0,830.0,888.0,913.0,914.0,914.0,914.0,914.0,914.0,914.0,914.0,914.0,914.0,914.0,914.0,914.0,914.0,914.0,914.0,914.0,927.0,993.0,1096.0,1222.0,1355.0,1476.0,1570.0,1626.0,1644.0,1644.0,1644.0,1644.0,1644.0,1644.0,1644.0,1644.0,1644.0,1644.0,1644.0,1644.0,1644.0,1644.0,1644.0,1644.0,1656.0,1711.0,1794.0,1893.0,1994.0,2081.0,2142.0,2171.0,2174.0,2174.0,2174.0,2174.0,2174.0,2174.0,2174.0,2174.0,2174.0,2174.0,2174.0,2174.0,2174.0,2174.0,2174.0,2174.0,2185.0,2242.0,2327.0,2428.0,2532.0,2624.0,2690.0,2723.0,2728.0,2728.0,2728.0,2728.0,2728.0,2728.0,2728.0,2728.0,2728.0,10,January 10,Carpentras
0.004900084225507261,1.4398206841622998,1.4764250902913856,2.001024857556492,2.001024857556492,0.5250144709470416,0.6355829797940875,5.002338821931756,5.002338821931756,0.6263578359812614,0.7032303088442959,4.053166090466658,4.053166090466658,0.5815466328775839,0.6684101887275883,2.7181146160289167,2.7181146160289167,0.3492173737053996,0.8532701493817544,6.744999999999999,0.03473868236508078,0.03473868236508078,690.2396837163333,10.83,9.629999999999999,8.796666666666667,8.23,7.890000000000001,7.513333333333333,7.301428571428572,7.055,6.996666666666666,6.99,6.957272727272727,7.0633333333333335,7.453076923076923,8.108571428571429,8.696666666666667,9.1175,9.541764705882354,9.88,10.07736842105263,10.145000000000001,10.182380952380953,10.125454545454547,10.047391304347826,9.967500000000001,9.882,9.818461538461538,9.785555555555554,9.740714285714285,9.69551724137931,9.683333333333332,9.688064516129032,9.7175,9.805757575757575,9.900588235294117,10.032857142857143,10.127222222222223,10.243513513513513,10.364210526315787,10.51205128205128,10.617500000000001,10.722682926829268,10.810952380952381,10.818372093023255,10.759545454545453,10.69,10.586521739130433,10.468297872340424,10.344583333333334,10.217755102040817,10.078000000000001,9.941764705882353,9.789615384615384,9.66018867924528,9.554074074074073,9.449999999999998,9.367499999999998,9.300175438596492,9.250689655172414,9.25372881355932,9.28,9.311967213114752,9.349354838709676,9.403015873015871,9.459687500000001,9.519230769230772,9.575454545454546,9.618059701492538,9.644705882352941,9.663333333333332,9.645714285714284,9.629999999999997,9.599444444444444,9.565616438356164,9.517837837837837,9.457999999999998,9.394473684210524,9.348181818181816,9.332564102564103,9.309746835443036,9.31375,9.325061728395061,9.349512195121953,9.39144578313253,9.446666666666667,9.519411764705882,9.586976744186046,9.656436781609194,9.72318181818182,9.788426966292135,9.843333333333334,9.876153846153846,9.907173913043477,9.94290322580645,9.968297872340425,9.993157894736841,9.987291666666666,9.9640206185567,9.906530612244897,9.850202020202019,9.802,9.752772277227722,9.71627450980392,9.67757281553398,9.644423076923077,9.637619047619049,9.649811320754717,9.681401869158877,9.708703703703703,9.731834862385323,9.746363636363638,9.764234234234236,9.780892857142858,9.797256637168141,9.824736842105265,9.84391304347826,9.861896551724138,9.874444444444446,9.901186440677968,9.92075630252101,9.933333333333334,9.935785123966943,9.921803278688527,9.913739837398374,9.899354838709678,9.8772,9.84984126984127,9.825275590551183,9.8175,80.58333333333333,967.0,0.0,0.0,0.0,0.0,0.0,0.0,0.0,0.0,0.0,0.0,0.0,0.0,0.0,0.0,0.0,16.0,81.0,180.0,299.0,423.0,534.0,618.0,666.0,679.0,679.0,679.0,679.0,679.0,679.0,679.0,679.0,679.0,679.0,679.0,679.0,679.0,679.0,679.0,679.0,694.0,744.0,814.0,894.0,972.0,1035.0,1071.0,1078.0,1078.0,1078.0,1078.0,1078.0,1078.0,1078.0,1078.0,1078.0,1078.0,1078.0,1078.0,1078.0,1078.0,1078.0,1078.0,1078.0,1092.0,1148.0,1230.0,1326.0,1424.0,1509.0,1567.0,1592.0,1593.0,1593.0,1593.0,1593.0,1593.0,1593.0,1593.0,1593.0,1593.0,1593.0,1593.0,1593.0,1593.0,1593.0,1593.0,1593.0,1606.0,1672.0,1775.0,1901.0,2034.0,2155.0,2249.0,2305.0,2323.0,2323.0,2323.0,2323.0,2323.0,2323.0,2323.0,2323.0,2323.0,2323.0,2323.0,2323.0,2323.0,2323.0,2323.0,2323.0,2335.0,2390.0,2473.0,2572.0,2673.0,2760.0,2821.0,2850.0,2853.0,2853.0,2853.0,2853.0,2853.0,2853.0,2853.0,2853.0,2853.0,11,January 11,Carpentras
0.004900084225507261,1.4398206841622998,1.4764250902913856,2.001024857556492,2.001024857556492,0.5250144709470416,0.6355829797940875,5.002338821931756,5.002338821931756,0.6263578359812614,0.7032303088442959,4.053166090466658,4.053166090466658,0.5815466328775839,0.6684101887275883,2.7181146160289167,2.7181146160289167,0.3492173737053996,0.8532701493817544,6.811666666666668,0.3360224628618958,0.3360224628618958,891.2160508930754,6.13,4.48,3.9633333333333334,3.38,3.0700000000000003,2.9133333333333336,3.0585714285714287,3.38,3.8188888888888894,4.11,4.357272727272728,4.588333333333334,4.883846153846154,5.422857142857143,6.0233333333333325,6.592500000000001,7.118235294117647,7.624444444444445,8.008947368421053,8.265,8.491904761904763,8.666363636363638,8.777826086956523,8.921666666666667,8.998,8.976153846153846,8.90777777777778,8.822857142857142,8.743793103448276,8.640000000000002,8.555806451612902,8.455,8.396666666666667,8.353529411764706,8.304285714285713,8.302222222222222,8.405675675675676,8.622105263157893,8.835128205128203,9.0,9.178780487804877,9.332380952380952,9.432325581395347,9.477727272727272,9.51,9.497391304347826,9.47255319148936,9.444583333333334,9.411632653061226,9.388,9.379019607843139,9.362692307692308,9.345094339622642,9.344814814814814,9.353636363636365,9.376428571428571,9.433508771929825,9.49551724137931,9.580847457627119,9.645000000000001,9.72344262295082,9.805806451612904,9.906190476190476,9.981562499999999,10.057692307692308,10.123939393939395,10.138955223880599,10.110882352941175,10.074927536231884,10.015714285714285,9.94549295774648,9.870277777777778,9.791643835616439,9.702972972972972,9.615333333333332,9.515526315789472,9.43,9.359487179487179,9.289493670886076,9.233749999999999,9.188024691358024,9.15439024390244,9.157710843373494,9.177619047619046,9.201764705882352,9.23,9.27022988505747,9.312954545454545,9.35808988764045,9.401111111111112,9.434395604395602,9.45608695652174,9.471935483870968,9.460851063829786,9.451052631578948,9.43,9.406288659793814,9.371836734693877,9.327979797979797,9.280999999999999,9.246831683168317,9.235882352941175,9.219320388349514,9.223269230769231,9.232857142857142,9.252641509433962,9.28607476635514,9.33,9.387798165137616,9.441818181818185,9.497567567567572,9.551428571428573,9.604336283185843,9.649298245614036,9.676956521739132,9.703275862068967,9.733418803418806,9.755423728813563,9.777058823529414,9.774166666666668,9.757272727272728,9.712786885245903,9.669024390243903,9.63161290322581,9.593200000000001,9.564920634920638,9.534724409448822,9.50890625,53.416666666666664,641.0,0.0,0.0,0.0,0.0,0.0,0.0,0.0,0.0,0.0,0.0,0.0,0.0,0.0,0.0,0.0,17.0,93.0,215.0,367.0,532.0,692.0,828.0,924.0,967.0,967.0,967.0,967.0,967.0,967.0,967.0,967.0,967.0,967.0,967.0,967.0,967.0,967.0,967.0,967.0,983.0,1048.0,1147.0,1266.0,1390.0,1501.0,1585.0,1633.0,1646.0,1646.0,1646.0,1646.0,1646.0,1646.0,1646.0,1646.0,1646.0,1646.0,1646.0,1646.0,1646.0,1646.0,1646.0,1646.0,1661.0,1711.0,1781.0,1861.0,1939.0,2002.0,2038.0,2045.0,2045.0,2045.0,2045.0,2045.0,2045.0,2045.0,2045.0,2045.0,2045.0,2045.0,2045.0,2045.0,2045.0,2045.0,2045.0,2045.0,2059.0,2115.0,2197.0,2293.0,2391.0,2476.0,2534.0,2559.0,2560.0,2560.0,2560.0,2560.0,2560.0,2560.0,2560.0,2560.0,2560.0,2560.0,2560.0,2560.0,2560.0,2560.0,2560.0,2560.0,2573.0,2639.0,2742.0,2868.0,3001.0,3122.0,3216.0,3272.0,3290.0,3290.0,3290.0,3290.0,3290.0,3290.0,3290.0,3290.0,3290.0,12,January 12,Carpentras
0.004900084225507261,1.4398206841622998,1.4764250902913856,2.001024857556492,2.001024857556492,0.5250144709470416,0.6355829797940875,5.002338821931756,5.002338821931756,0.6263578359812614,0.7032303088442959,4.053166090466658,4.053166090466658,0.5815466328775839,0.6684101887275883,2.7181146160289167,2.7181146160289167,0.3492173737053996,0.8532701493817544,9.545,0.1635632554464178,0.1635632554464178,776.1742622664572,6.93,6.029999999999999,5.13,4.405,3.8299999999999996,3.3633333333333333,3.0300000000000002,2.9049999999999994,3.0744444444444445,3.4799999999999995,3.9209090909090913,4.463333333333333,5.022307692307692,5.637142857142856,6.330000000000001,6.955,7.43,7.846666666666668,8.240526315789475,8.525,8.787142857142857,8.861818181818181,8.860434782608696,8.825833333333334,8.718,8.491538461538461,8.285555555555556,8.047857142857143,7.83344827586207,7.6433333333333335,7.523548387096775,7.464375,7.46030303030303,7.438823529411765,7.421428571428572,7.413333333333333,7.4408108108108095,7.572105263157892,7.7479487179487165,7.932499999999999,8.11780487804878,8.310952380952381,8.464883720930233,8.57090909090909,8.67,8.749565217391302,8.802340425531913,8.87375,8.913673469387756,8.904,8.86921568627451,8.82423076923077,8.780943396226414,8.722592592592592,8.673636363636362,8.613928571428572,8.577368421052633,8.54896551724138,8.516440677966102,8.511666666666667,8.570983606557375,8.700967741935482,8.831587301587302,8.934687499999999,9.048461538461538,9.148181818181817,9.215074626865672,9.247647058823528,9.272028985507244,9.267142857142856,9.25394366197183,9.238333333333333,9.21904109589041,9.205675675675677,9.202,9.193157894736842,9.183246753246753,9.185128205128205,9.193291139240506,9.21125,9.253456790123456,9.29951219512195,9.362530120481928,9.410952380952383,9.47,9.532325581395348,9.608160919540229,9.666363636363638,9.725505617977529,9.777777777777779,9.792637362637363,9.775652173913043,9.75258064516129,9.71191489361702,9.662631578947368,9.609166666666667,9.552680412371133,9.488163265306122,9.423939393939394,9.35,9.286435643564356,9.233921568627451,9.18145631067961,9.139615384615384,9.105238095238095,9.08,9.083271028037382,9.099444444444444,9.118990825688073,9.141818181818183,9.174144144144144,9.20857142857143,9.245044247787611,9.280000000000001,9.307391304347828,9.325689655172415,9.33940170940171,9.331694915254237,9.324957983193277,9.309166666666666,9.291157024793389,9.2644262295082,9.230000000000002,9.192903225806452,9.166,9.15777777777778,9.144960629921261,9.14875,31.25,375.0,0.0,0.0,0.0,0.0,0.0,0.0,0.0,0.0,0.0,0.0,0.0,0.0,0.0,0.0,0.0,19.0,84.0,180.0,293.0,410.0,514.0,591.0,632.0,641.0,641.0,641.0,641.0,641.0,641.0,641.0,641.0,641.0,641.0,641.0,641.0,641.0,641.0,641.0,641.0,658.0,734.0,856.0,1008.0,1173.0,1333.0,1469.0,1565.0,1608.0,1608.0,1608.0,1608.0,1608.0,1608.0,1608.0,1608.0,1608.0,1608.0,1608.0,1608.0,1608.0,1608.0,1608.0,1608.0,1624.0,1689.0,1788.0,1907.0,2031.0,2142.0,2226.0,2274.0,2287.0,2287.0,2287.0,2287.0,2287.0,2287.0,2287.0,2287.0,2287.0,2287.0,2287.0,2287.0,2287.0,2287.0,2287.0,2287.0,2302.0,2352.0,2422.0,2502.0,2580.0,2643.0,2679.0,2686.0,2686.0,2686.0,2686.0,2686.0,2686.0,2686.0,2686.0,2686.0,2686.0,2686.0,2686.0,2686.0,2686.0,2686.0,2686.0,2686.0,2700.0,2756.0,2838.0,2934.0,3032.0,3117.0,3175.0,3200.0,3201.0,3201.0,3201.0,3201.0,3201.0,3201.0,3201.0,3201.0,3201.0,13,January 13,Carpentras
0.004900084225507261,1.4398206841622998,1.4764250902913856,2.001024857556492,2.001024857556492,0.5250144709470416,0.6355829797940875,5.002338821931756,5.002338821931756,0.6263578359812614,0.7032303088442959,4.053166090466658,4.053166090466658,0.5815466328775839,0.6684101887275883,2.7181146160289167,2.7181146160289167,0.3492173737053996,0.8532701493817544,12.345,0.06271797877126276,0.06271797877126276,708.9037397056837,3.83,3.73,3.563333333333333,3.555,3.4299999999999997,3.28,3.258571428571429,3.38,3.5633333333333335,3.7699999999999996,4.084545454545455,4.555,5.09923076923077,5.501428571428571,5.943333333333333,6.342499999999999,6.630000000000001,6.835555555555556,7.008947368421055,7.139999999999999,7.263333333333334,7.352727272727273,7.46913043478261,7.505,7.482,7.391538461538463,7.241111111111111,7.062142857142858,6.871379310344828,6.676666666666667,6.494516129032258,6.355,6.296666666666667,6.321176470588235,6.378571428571429,6.491111111111111,6.632702702702702,6.8168421052631585,7.053076923076923,7.284999999999999,7.47390243902439,7.651428571428572,7.83,7.968636363636364,8.103333333333333,8.153913043478262,8.168297872340425,8.165416666666667,8.123877551020408,8.018,7.918235294117647,7.797307692307692,7.684716981132075,7.581851851851851,7.515454545454545,7.4817857142857145,7.479122807017544,7.466206896551724,7.455423728813559,7.449999999999999,7.466065573770492,7.546129032258063,7.655396825396824,7.772187499999999,7.891538461538462,8.01787878787879,8.121044776119403,8.194705882352942,8.264782608695652,8.322857142857142,8.363802816901407,8.417499999999999,8.450547945205479,8.450270270270272,8.432666666666668,8.407631578947369,8.383246753246754,8.347948717948718,8.318607594936708,8.28125,8.25962962962963,8.243414634146342,8.223975903614459,8.224047619047619,8.27,8.367209302325582,8.465632183908046,8.544772727272727,8.632247191011237,8.71,8.764065934065934,8.79304347826087,8.816021505376344,8.81723404255319,8.812105263157894,8.805,8.794948453608248,8.789183673469388,8.790606060606061,8.788,8.784455445544554,8.789803921568627,8.79990291262136,8.817499999999999,8.853809523809524,8.893207547169812,8.94588785046729,8.987407407407408,9.037339449541284,9.09,9.153423423423423,9.203214285714287,9.253893805309735,9.299298245614036,9.315217391304348,9.305862068965519,9.291538461538462,9.26305084745763,9.22747899159664,9.188333333333333,9.146528925619835,9.098032786885247,9.049512195121952,8.992903225806453,8.944400000000002,8.904603174603174,8.86464566929134,8.833124999999999,31.083333333333332,373.0,0.0,0.0,0.0,0.0,0.0,0.0,0.0,0.0,0.0,0.0,0.0,0.0,0.0,0.0,0.0,20.0,71.0,139.0,216.0,289.0,345.0,374.0,375.0,375.0,375.0,375.0,375.0,375.0,375.0,375.0,375.0,375.0,375.0,375.0,375.0,375.0,375.0,375.0,375.0,394.0,459.0,555.0,668.0,785.0,889.0,966.0,1007.0,1016.0,1016.0,1016.0,1016.0,1016.0,1016.0,1016.0,1016.0,1016.0,1016.0,1016.0,1016.0,1016.0,1016.0,1016.0,1016.0,1033.0,1109.0,1231.0,1383.0,1548.0,1708.0,1844.0,1940.0,1983.0,1983.0,1983.0,1983.0,1983.0,1983.0,1983.0,1983.0,1983.0,1983.0,1983.0,1983.0,1983.0,1983.0,1983.0,1983.0,1999.0,2064.0,2163.0,2282.0,2406.0,2517.0,2601.0,2649.0,2662.0,2662.0,2662.0,2662.0,2662.0,2662.0,2662.0,2662.0,2662.0,2662.0,2662.0,2662.0,2662.0,2662.0,2662.0,2662.0,2677.0,2727.0,2797.0,2877.0,2955.0,3018.0,3054.0,3061.0,3061.0,3061.0,3061.0,3061.0,3061.0,3061.0,3061.0,3061.0,3061.0,14,January 14,Carpentras
0.004900084225507261,1.4398206841622998,1.4764250902913856,2.001024857556492,2.001024857556492,0.5250144709470416,0.6355829797940875,5.002338821931756,5.002338821931756,0.6263578359812614,0.7032303088442959,4.053166090466658,4.053166090466658,0.5815466328775839,0.6684101887275883,2.7181146160289167,2.7181146160289167,0.3492173737053996,0.8532701493817544,8.295000000000002,0.2010424848165238,0.2010424848165238,801.1754068716092,5.33,4.18,3.6633333333333336,3.255,3.4899999999999998,3.813333333333334,4.215714285714285,4.755,5.285555555555556,5.68,6.120909090909091,6.596666666666667,6.976153846153845,7.222857142857144,7.37,7.4799999999999995,7.56529411764706,7.580000000000002,7.545789473684211,7.485000000000001,7.425238095238097,7.316363636363638,7.212608695652176,7.125833333333333,6.994000000000001,6.8646153846153855,6.73,6.615714285714286,6.488620689655173,6.356666666666667,6.252580645161291,6.189375,6.154242424242424,6.138823529411765,6.170000000000001,6.26888888888889,6.413783783783785,6.527368421052632,6.671025641025642,6.8125,6.920243902439025,7.001428571428572,7.0741860465116275,7.132272727272726,7.189999999999999,7.234347826086955,7.293829787234041,7.315416666666667,7.307551020408163,7.263999999999999,7.186862745098037,7.091538461538461,6.986603773584904,6.876296296296296,6.769999999999999,6.685357142857143,6.645789473684211,6.654137931034483,6.682542372881355,6.744999999999999,6.826721311475409,6.936451612903225,7.08079365079365,7.2253125,7.345384615384615,7.460303030303031,7.577761194029851,7.671176470588237,7.763333333333333,7.801428571428572,7.815915492957746,7.818888888888889,7.795753424657534,7.728648648648648,7.664666666666667,7.585263157894737,7.51051948051948,7.441538461538461,7.397088607594935,7.375,7.374444444444445,7.366585365853659,7.360120481927712,7.357380952380952,7.369999999999999,7.4288372093023245,7.509310344827584,7.595909090909092,7.685056179775281,7.779999999999999,7.8585714285714285,7.915869565217391,7.9708602150537615,8.01723404255319,8.051052631578946,8.094583333333334,8.12278350515464,8.125918367346939,8.115858585858586,8.1,8.084455445544554,8.060392156862743,8.040679611650486,8.014615384615384,8.00047619047619,7.990377358490567,7.977663551401871,7.98,8.018073394495413,8.096363636363636,8.175945945945944,8.240714285714287,8.312300884955754,8.376491228070176,8.422173913043478,8.448103448275862,8.469316239316239,8.473220338983051,8.472016806722689,8.469166666666668,8.46388429752066,8.461967213114754,8.465772357723576,8.466290322580644,8.466,8.472857142857144,8.483543307086617,8.5003125,45.0,540.0,0.0,0.0,0.0,0.0,0.0,0.0,0.0,0.0,0.0,0.0,0.0,0.0,0.0,0.0,0.0,21.0,71.0,140.0,218.0,291.0,346.0,373.0,373.0,373.0,373.0,373.0,373.0,373.0,373.0,373.0,373.0,373.0,373.0,373.0,373.0,373.0,373.0,373.0,373.0,393.0,444.0,512.0,589.0,662.0,718.0,747.0,748.0,748.0,748.0,748.0,748.0,748.0,748.0,748.0,748.0,748.0,748.0,748.0,748.0,748.0,748.0,748.0,748.0,767.0,832.0,928.0,1041.0,1158.0,1262.0,1339.0,1380.0,1389.0,1389.0,1389.0,1389.0,1389.0,1389.0,1389.0,1389.0,1389.0,1389.0,1389.0,1389.0,1389.0,1389.0,1389.0,1389.0,1406.0,1482.0,1604.0,1756.0,1921.0,2081.0,2217.0,2313.0,2356.0,2356.0,2356.0,2356.0,2356.0,2356.0,2356.0,2356.0,2356.0,2356.0,2356.0,2356.0,2356.0,2356.0,2356.0,2356.0,2372.0,2437.0,2536.0,2655.0,2779.0,2890.0,2974.0,3022.0,3035.0,3035.0,3035.0,3035.0,3035.0,3035.0,3035.0,3035.0,3035.0,15,January 15,Carpentras
0.004900084225507261,1.4398206841622998,1.4764250902913856,2.001024857556492,2.001024857556492,0.5250144709470416,0.6355829797940875,5.002338821931756,5.002338821931756,0.6263578359812614,0.7032303088442959,4.053166090466658,4.053166090466658,0.5815466328775839,0.6684101887275883,2.7181146160289167,2.7181146160289167,0.3492173737053996,0.8532701493817544,7.92,0.25833590754638114,0.25833590754638114,839.3939393939394,7.03,6.68,6.363333333333333,5.68,5.110000000000001,4.88,4.858571428571429,4.98,4.985555555555556,4.99,5.211818181818182,5.538333333333334,5.853076923076923,6.187142857142858,6.5633333333333335,6.98625,7.371176470588235,7.746666666666666,8.072105263157894,8.315,8.525238095238095,8.648181818181818,8.67782608695652,8.621666666666668,8.489999999999998,8.280000000000001,8.07074074074074,7.8549999999999995,7.736896551724138,7.66,7.626774193548386,7.654999999999999,7.711818181818181,7.756470588235294,7.8357142857142845,7.946666666666666,8.043513513513512,8.106315789473683,8.140256410256411,8.165000000000001,8.183658536585366,8.175238095238095,8.146279069767441,8.104999999999999,8.063333333333333,7.997391304347826,7.932127659574468,7.873750000000001,7.791224489795918,7.707999999999998,7.6201960784313725,7.541538461538462,7.454528301886791,7.363333333333333,7.286363636363636,7.2317857142857145,7.193157894736842,7.1662068965517225,7.167288135593219,7.209999999999999,7.282459016393442,7.338064516129032,7.414126984126985,7.4909375,7.548461538461538,7.59060606060606,7.628507462686567,7.6579411764705885,7.687971014492754,7.710000000000001,7.74267605633803,7.750833333333333,7.739589041095891,7.7043243243243245,7.646000000000001,7.574736842105264,7.496233766233768,7.413333333333335,7.332531645569621,7.266250000000001,7.231234567901235,7.23,7.243253012048192,7.281190476190476,7.333529411764706,7.406744186046513,7.505862068965518,7.606136363636363,7.689550561797752,7.77,7.853076923076923,7.919130434782609,7.984838709677421,8.010851063829788,8.019473684210528,8.019583333333335,8.000103092783505,7.94734693877551,7.896666666666667,7.8340000000000005,7.7745544554455455,7.71921568627451,7.68242718446602,7.662692307692309,7.65952380952381,7.650754716981133,7.643084112149533,7.638333333333334,7.645596330275231,7.689090909090909,7.749819819819821,7.815714285714286,7.883982300884955,7.9571929824561405,8.017826086956521,8.06189655172414,8.104358974358975,8.140169491525425,8.166134453781513,8.2,8.221735537190083,8.22344262295082,8.214552845528456,8.200967741935484,8.187600000000002,8.167301587301589,8.150472440944883,8.1284375,36.5,438.0,0.0,0.0,0.0,0.0,0.0,0.0,0.0,0.0,0.0,0.0,0.0,0.0,0.0,0.0,0.0,22.0,83.0,169.0,270.0,371.0,458.0,516.0,540.0,540.0,540.0,540.0,540.0,540.0,540.0,540.0,540.0,540.0,540.0,540.0,540.0,540.0,540.0,540.0,540.0,561.0,611.0,680.0,758.0,831.0,886.0,913.0,913.0,913.0,913.0,913.0,913.0,913.0,913.0,913.0,913.0,913.0,913.0,913.0,913.0,913.0,913.0,913.0,913.0,933.0,984.0,1052.0,1129.0,1202.0,1258.0,1287.0,1288.0,1288.0,1288.0,1288.0,1288.0,1288.0,1288.0,1288.0,1288.0,1288.0,1288.0,1288.0,1288.0,1288.0,1288.0,1288.0,1288.0,1307.0,1372.0,1468.0,1581.0,1698.0,1802.0,1879.0,1920.0,1929.0,1929.0,1929.0,1929.0,1929.0,1929.0,1929.0,1929.0,1929.0,1929.0,1929.0,1929.0,1929.0,1929.0,1929.0,1929.0,1946.0,2022.0,2144.0,2296.0,2461.0,2621.0,2757.0,2853.0,2896.0,2896.0,2896.0,2896.0,2896.0,2896.0,2896.0,2896.0,2896.0,16,January 16,Carpentras
0.004900084225507261,1.4398206841622998,1.4764250902913856,2.001024857556492,2.001024857556492,0.5250144709470416,0.6355829797940875,5.002338821931756,5.002338821931756,0.6263578359812614,0.7032303088442959,4.053166090466658,4.053166090466658,0.5815466328775839,0.6684101887275883,2.7181146160289167,2.7181146160289167,0.3492173737053996,0.8532701493817544,8.886666666666667,0.042974177983832275,0.042974177983832275,695.7333083270818,7.13,7.23,7.263333333333333,7.43,7.3100000000000005,7.113333333333333,6.772857142857142,6.5425,6.518888888888889,6.539999999999999,6.784545454545454,7.088333333333334,7.499230769230768,7.929999999999999,8.33,8.73625,9.082941176470587,9.291111111111112,9.472105263157896,9.615000000000002,9.64904761904762,9.670909090909092,9.63,9.584166666666667,9.482000000000001,9.36076923076923,9.226296296296297,9.026428571428573,8.812758620689657,8.643333333333336,8.517096774193549,8.433125,8.330000000000002,8.23294117647059,8.21,8.235555555555555,8.273243243243243,8.332631578947368,8.422307692307692,8.545,8.666585365853658,8.796666666666667,8.916046511627906,9.007272727272728,9.09,9.136521739130433,9.140638297872341,9.102916666666667,9.025918367346938,8.906,8.782941176470587,8.653076923076922,8.573396226415094,8.515185185185183,8.48090909090909,8.481785714285715,8.500175438596491,8.512758620689654,8.546949152542373,8.601666666666667,8.649672131147543,8.678387096774195,8.690317460317463,8.697187500000002,8.700769230769232,8.68757575757576,8.66134328358209,8.627058823529413,8.592318840579711,8.541428571428574,8.490563380281692,8.443888888888889,8.38068493150685,8.316486486486488,8.248666666666669,8.186578947368423,8.118311688311689,8.046666666666669,7.984430379746836,7.9375,7.901604938271606,7.873902439024391,7.866144578313254,7.888333333333334,7.932352941176472,7.964883720930232,8.012758620689656,8.061818181818182,8.097415730337078,8.122222222222224,8.144285714285717,8.160434782608695,8.177311827956991,8.188510638297872,8.207894736842107,8.209166666666667,8.1959793814433,8.164693877551022,8.115858585858588,8.057,7.9923762376237635,7.924117647058824,7.857184466019418,7.801153846153846,7.76904761904762,7.763018867924528,7.768317757009347,7.792962962962964,7.82908256880734,7.881818181818182,7.955225225225227,8.03,8.091946902654866,8.151929824561403,8.214347826086957,8.263620689655172,8.312905982905985,8.330847457627119,8.335042016806725,8.3325,8.314297520661157,8.269344262295082,8.225934959349594,8.172741935483872,8.122000000000002,8.074444444444445,8.04181102362205,8.02296875,54.666666666666664,656.0,0.0,0.0,0.0,0.0,0.0,0.0,0.0,0.0,0.0,0.0,0.0,0.0,0.0,0.0,0.0,24.0,80.0,155.0,240.0,323.0,391.0,430.0,438.0,438.0,438.0,438.0,438.0,438.0,438.0,438.0,438.0,438.0,438.0,438.0,438.0,438.0,438.0,438.0,438.0,460.0,521.0,607.0,708.0,809.0,896.0,954.0,978.0,978.0,978.0,978.0,978.0,978.0,978.0,978.0,978.0,978.0,978.0,978.0,978.0,978.0,978.0,978.0,978.0,999.0,1049.0,1118.0,1196.0,1269.0,1324.0,1351.0,1351.0,1351.0,1351.0,1351.0,1351.0,1351.0,1351.0,1351.0,1351.0,1351.0,1351.0,1351.0,1351.0,1351.0,1351.0,1351.0,1351.0,1371.0,1422.0,1490.0,1567.0,1640.0,1696.0,1725.0,1726.0,1726.0,1726.0,1726.0,1726.0,1726.0,1726.0,1726.0,1726.0,1726.0,1726.0,1726.0,1726.0,1726.0,1726.0,1726.0,1726.0,1745.0,1810.0,1906.0,2019.0,2136.0,2240.0,2317.0,2358.0,2367.0,2367.0,2367.0,2367.0,2367.0,2367.0,2367.0,2367.0,2367.0,17,January 17,Carpentras
0.004900084225507261,1.4398206841622998,1.4764250902913856,2.001024857556492,2.001024857556492,0.5250144709470416,0.6355829797940875,5.002338821931756,5.002338821931756,0.6263578359812614,0.7032303088442959,4.053166090466658,4.053166090466658,0.5815466328775839,0.6684101887275883,2.7181146160289167,2.7181146160289167,0.3492173737053996,0.8532701493817544,13.053333333333335,-0.04459137592010678,0.04459137592010678,637.3212461695608,5.73,6.03,5.830000000000001,5.279999999999999,4.630000000000001,4.0633333333333335,3.544285714285714,3.405,3.385555555555556,3.37,3.675454545454546,4.055,4.514615384615384,5.03,5.4766666666666675,5.93625,6.4947058823529416,6.9688888888888885,7.303684210526316,7.534999999999999,7.596666666666667,7.643636363636364,7.630000000000001,7.584166666666666,7.565999999999999,7.556923076923078,7.548518518518518,7.562142857142858,7.536896551724139,7.489999999999999,7.400967741935484,7.3237499999999995,7.293636363636364,7.277058823529411,7.332857142857144,7.418888888888889,7.554324324324324,7.71157894736842,7.87102564102564,8.044999999999998,8.20560975609756,8.315714285714284,8.418372093023256,8.507272727272726,8.547777777777778,8.582173913043478,8.585319148936168,8.584166666666667,8.552448979591837,8.508000000000001,8.453529411764706,8.36076923076923,8.256415094339623,8.172592592592594,8.11,8.069285714285714,8.015964912280703,7.964482758620689,7.95542372881356,7.975,8.002131147540984,8.042903225806452,8.103015873015874,8.184687499999999,8.26692307692308,8.355757575757577,8.438955223880596,8.505,8.566231884057972,8.604285714285716,8.61450704225352,8.596666666666668,8.551917808219178,8.4772972972973,8.399333333333335,8.315526315789475,8.265064935064935,8.228717948717948,8.208481012658229,8.2125,8.228765432098765,8.240975609756099,8.26855421686747,8.310952380952381,8.348823529411764,8.373023255813955,8.385172413793104,8.393636363636364,8.399662921348316,8.393333333333334,8.377252747252747,8.355,8.332150537634408,8.297021276595746,8.261578947368422,8.228958333333333,8.183608247422681,8.137142857142859,8.087575757575758,8.042,7.991386138613861,7.937843137254902,7.891165048543689,7.855961538461538,7.829047619047619,7.808301886792454,7.802897196261683,7.8207407407407405,7.8556880733944965,7.881818181818183,7.920090090090091,7.959464285714286,7.988407079646018,8.008947368421053,8.027391304347827,8.041206896551724,8.055641025641027,8.065593220338982,8.082100840336134,8.084166666666668,8.074628099173555,8.05049180327869,8.012113821138211,7.965483870967743,7.914000000000001,7.85936507936508,7.805590551181103,7.760468750000001,51.333333333333336,616.0,0.0,0.0,0.0,0.0,0.0,0.0,0.0,0.0,0.0,0.0,0.0,0.0,0.0,0.0,0.0,25.0,94.0,193.0,309.0,427.0,531.0,607.0,647.0,656.0,656.0,656.0,656.0,656.0,656.0,656.0,656.0,656.0,656.0,656.0,656.0,656.0,656.0,656.0,656.0,680.0,736.0,811.0,896.0,979.0,1047.0,1086.0,1094.0,1094.0,1094.0,1094.0,1094.0,1094.0,1094.0,1094.0,1094.0,1094.0,1094.0,1094.0,1094.0,1094.0,1094.0,1094.0,1094.0,1116.0,1177.0,1263.0,1364.0,1465.0,1552.0,1610.0,1634.0,1634.0,1634.0,1634.0,1634.0,1634.0,1634.0,1634.0,1634.0,1634.0,1634.0,1634.0,1634.0,1634.0,1634.0,1634.0,1634.0,1655.0,1705.0,1774.0,1852.0,1925.0,1980.0,2007.0,2007.0,2007.0,2007.0,2007.0,2007.0,2007.0,2007.0,2007.0,2007.0,2007.0,2007.0,2007.0,2007.0,2007.0,2007.0,2007.0,2007.0,2027.0,2078.0,2146.0,2223.0,2296.0,2352.0,2381.0,2382.0,2382.0,2382.0,2382.0,2382.0,2382.0,2382.0,2382.0,2382.0,2382.0,18,January 18,Carpentras
0.004900084225507261,1.4398206841622998,1.4764250902913856,2.001024857556492,2.001024857556492,0.5250144709470416,0.6355829797940875,5.002338821931756,5.002338821931756,0.6263578359812614,0.7032303088442959,4.053166090466658,4.053166090466658,0.5815466328775839,0.6684101887275883,2.7181146160289167,2.7181146160289167,0.3492173737053996,0.8532701493817544,8.244999999999997,0.14773464605287795,0.14773464605287795,765.6155245603398,7.83,7.63,7.663333333333333,7.529999999999999,7.43,7.296666666666666,6.987142857142857,6.8675,6.907777777777778,6.85,6.8209090909090895,6.863333333333333,6.953076923076923,7.015714285714284,7.043333333333333,7.029999999999999,6.988823529411764,6.968888888888889,6.940526315789476,6.95,6.972857142857143,6.966363636363638,6.925652173913043,6.905,6.8580000000000005,6.837692307692308,6.785555555555555,6.672857142857143,6.512758620689654,6.336666666666667,6.146129032258065,6.029999999999999,5.945151515151516,5.86529411764706,5.890000000000001,5.955,6.065135135135135,6.21421052631579,6.355641025641025,6.517500000000001,6.734878048780487,6.932380952380953,7.081162790697674,7.1913636363636355,7.227777777777778,7.258260869565217,7.259787234042553,7.244583333333334,7.242244897959184,7.244,7.245686274509804,7.258846153846155,7.250754716981131,7.2299999999999995,7.184545454545455,7.144285714285714,7.130000000000001,7.123103448275862,7.158813559322034,7.213333333333333,7.298852459016394,7.399354838709677,7.5030158730158725,7.6175,7.725384615384615,7.802727272727273,7.876268656716419,7.941764705882353,7.976376811594203,8.007142857142858,8.017323943661971,8.024444444444445,8.01082191780822,7.988108108108107,7.957999999999998,7.901052631578946,7.835194805194806,7.782564102564102,7.743924050632913,7.720000000000001,7.68679012345679,7.65439024390244,7.651686746987952,7.6692857142857145,7.692352941176471,7.725348837209302,7.772528735632183,7.8356818181818175,7.899662921348315,7.968888888888889,8.034395604395606,8.087608695652175,8.13752688172043,8.170425531914894,8.182631578947369,8.17375,8.144432989690722,8.092244897959183,8.037070707070708,7.977,7.941881188118812,7.917254901960784,7.9047572815533975,7.910769230769231,7.926190476190477,7.938490566037736,7.962710280373832,7.998518518518519,8.03091743119266,8.052727272727273,8.065135135135135,8.074642857142857,8.082212389380532,8.08,8.07,8.055,8.039401709401709,8.013898305084746,7.98798319327731,7.964166666666667,7.930000000000001,7.8947540983606554,7.856829268292683,7.821935483870967,7.782799999999999,7.741111111111111,7.704803149606298,7.67765625,51.25,615.0,0.0,0.0,0.0,0.0,0.0,0.0,0.0,0.0,0.0,0.0,0.0,0.0,0.0,0.0,0.0,26.0,93.0,189.0,301.0,413.0,509.0,577.0,611.0,616.0,616.0,616.0,616.0,616.0,616.0,616.0,616.0,616.0,616.0,616.0,616.0,616.0,616.0,616.0,616.0,641.0,710.0,809.0,925.0,1043.0,1147.0,1223.0,1263.0,1272.0,1272.0,1272.0,1272.0,1272.0,1272.0,1272.0,1272.0,1272.0,1272.0,1272.0,1272.0,1272.0,1272.0,1272.0,1272.0,1296.0,1352.0,1427.0,1512.0,1595.0,1663.0,1702.0,1710.0,1710.0,1710.0,1710.0,1710.0,1710.0,1710.0,1710.0,1710.0,1710.0,1710.0,1710.0,1710.0,1710.0,1710.0,1710.0,1710.0,1732.0,1793.0,1879.0,1980.0,2081.0,2168.0,2226.0,2250.0,2250.0,2250.0,2250.0,2250.0,2250.0,2250.0,2250.0,2250.0,2250.0,2250.0,2250.0,2250.0,2250.0,2250.0,2250.0,2250.0,2271.0,2321.0,2390.0,2468.0,2541.0,2596.0,2623.0,2623.0,2623.0,2623.0,2623.0,2623.0,2623.0,2623.0,2623.0,2623.0,2623.0,19,January 19,Carpentras
0.004900084225507261,1.4398206841622998,1.4764250902913856,2.001024857556492,2.001024857556492,0.5250144709470416,0.6355829797940875,5.002338821931756,5.002338821931756,0.6263578359812614,0.7032303088442959,4.053166090466658,4.053166090466658,0.5815466328775839,0.6684101887275883,2.7181146160289167,2.7181146160289167,0.3492173737053996,0.8532701493817544,9.561666666666667,0.10416580799297971,0.10416580799297971,736.5522049851837,8.63,8.13,7.963333333333334,7.68,7.19,6.763333333333333,6.272857142857143,5.805,5.674444444444444,5.660000000000001,5.739090909090909,6.046666666666667,6.453076923076922,6.872857142857142,7.216666666666666,7.630000000000001,8.071176470588235,8.44111111111111,8.735263157894735,8.955000000000002,9.03,9.016363636363637,8.930000000000001,8.900833333333333,8.857999999999999,8.803076923076922,8.763333333333334,8.705,8.647241379310344,8.58,8.468709677419357,8.3925,8.357272727272727,8.297647058823529,8.247142857142856,8.221666666666666,8.216486486486486,8.206315789473683,8.186410256410255,8.1525,8.108048780487804,8.072857142857144,8.034651162790698,8.014090909090909,8.001111111111111,7.975652173913045,7.934255319148935,7.902916666666667,7.858571428571429,7.828,7.780980392156864,7.701153846153845,7.594150943396227,7.476296296296296,7.348181818181818,7.260357142857144,7.189649122807019,7.121379310344828,7.114745762711864,7.133333333333334,7.180819672131148,7.254193548387097,7.325238095238095,7.411250000000001,7.5346153846153845,7.6481818181818175,7.732985074626866,7.7947058823529405,7.809710144927537,7.821428571428571,7.814507042253521,7.796666666666667,7.787534246575342,7.781351351351351,7.775333333333333,7.777368421052634,7.765064935064936,7.744102564102565,7.705949367088607,7.671250000000001,7.654691358024691,7.643414634146342,7.662530120481926,7.6954761904761915,7.751176470588236,7.818372093023257,7.888620689655172,7.9675,8.042359550561798,8.095555555555555,8.146483516483517,8.19195652173913,8.21494623655914,8.23531914893617,8.240526315789475,8.243541666666667,8.231030927835052,8.211632653061224,8.186565656565657,8.141,8.088415841584158,8.045686274509803,8.013495145631069,7.992500000000001,7.964285714285715,7.936603773584905,7.931869158878505,7.942962962962963,7.958440366972478,7.981818181818183,8.016486486486487,8.063928571428573,8.112300884955753,8.165087719298246,8.215217391304348,8.255862068965518,8.294102564102564,8.318983050847457,8.32747899159664,8.319166666666666,8.294462809917356,8.251311475409835,8.20560975609756,8.155806451612904,8.126000000000001,8.104603174603175,8.092992125984253,8.096406250000001,24.75,297.0,0.0,0.0,0.0,0.0,0.0,0.0,0.0,0.0,0.0,0.0,0.0,0.0,0.0,0.0,0.0,28.0,95.0,191.0,302.0,414.0,511.0,578.0,610.0,615.0,615.0,615.0,615.0,615.0,615.0,615.0,615.0,615.0,615.0,615.0,615.0,615.0,615.0,615.0,615.0,641.0,708.0,804.0,916.0,1028.0,1124.0,1192.0,1226.0,1231.0,1231.0,1231.0,1231.0,1231.0,1231.0,1231.0,1231.0,1231.0,1231.0,1231.0,1231.0,1231.0,1231.0,1231.0,1231.0,1256.0,1325.0,1424.0,1540.0,1658.0,1762.0,1838.0,1878.0,1887.0,1887.0,1887.0,1887.0,1887.0,1887.0,1887.0,1887.0,1887.0,1887.0,1887.0,1887.0,1887.0,1887.0,1887.0,1887.0,1911.0,1967.0,2042.0,2127.0,2210.0,2278.0,2317.0,2325.0,2325.0,2325.0,2325.0,2325.0,2325.0,2325.0,2325.0,2325.0,2325.0,2325.0,2325.0,2325.0,2325.0,2325.0,2325.0,2325.0,2347.0,2408.0,2494.0,2595.0,2696.0,2783.0,2841.0,2865.0,2865.0,2865.0,2865.0,2865.0,2865.0,2865.0,2865.0,2865.0,2865.0,20,January 20,Carpentras
0.004900084225507261,1.4398206841622998,1.4764250902913856,2.001024857556492,2.001024857556492,0.5250144709470416,0.6355829797940875,5.002338821931756,5.002338821931756,0.6263578359812614,0.7032303088442959,4.053166090466658,4.053166090466658,0.5815466328775839,0.6684101887275883,2.7181146160289167,2.7181146160289167,0.3492173737053996,0.8532701493817544,9.586666666666666,-0.24225315297608652,0.24225315297608652,505.4676634214186,12.13,11.68,11.596666666666666,11.430000000000001,11.03,10.863333333333332,10.844285714285714,10.754999999999999,10.585555555555553,10.52,10.520909090909091,10.655,10.845384615384615,10.922857142857142,10.916666666666666,10.911249999999999,10.888823529411766,10.824444444444445,10.76157894736842,10.71,10.64904761904762,10.625454545454545,10.560434782608695,10.546666666666667,10.47,10.36076923076923,10.259629629629629,10.137142857142859,9.96793103448276,9.790000000000001,9.581612903225807,9.36125,9.217878787878787,9.109411764705882,9.035714285714286,9.046666666666669,9.10837837837838,9.193157894736842,9.265897435897438,9.379999999999999,9.520243902439024,9.644285714285715,9.746279069767443,9.82318181818182,9.83888888888889,9.814782608695653,9.755531914893618,9.72375,9.685102040816327,9.64,9.602549019607844,9.555000000000001,9.50735849056604,9.454074074074075,9.375454545454547,9.315714285714288,9.279122807017544,9.228275862068966,9.182542372881356,9.151666666666666,9.133278688524591,9.112258064516128,9.085555555555553,9.0503125,9.008461538461539,8.972424242424243,8.934477611940297,8.907941176470587,8.886521739130433,8.857142857142854,8.817323943661972,8.784166666666668,8.742328767123286,8.70972972972973,8.666,8.599736842105262,8.514415584415584,8.42102564102564,8.319873417721517,8.24625,8.18432098765432,8.123902439024391,8.107108433734938,8.108571428571427,8.131176470588233,8.173023255813952,8.21390804597701,8.266363636363637,8.34685393258427,8.421111111111111,8.475054945054945,8.512608695652174,8.516021505376344,8.51723404255319,8.504736842105261,8.484166666666667,8.47020618556701,8.45857142857143,8.447171717171717,8.442,8.426039603960394,8.403529411764705,8.367864077669902,8.334807692307692,8.315714285714286,8.300754716981132,8.309439252336448,8.329074074074073,8.366697247706421,8.413636363636362,8.463333333333331,8.520178571428572,8.57424778761062,8.611578947368422,8.647391304347826,8.679137931034482,8.693247863247862,8.705423728813557,8.705630252100839,8.704166666666667,8.690330578512398,8.670983606557378,8.647073170731709,8.606612903225809,8.560400000000001,8.522063492063493,8.49220472440945,8.471406250000001,74.0,888.0,0.0,0.0,0.0,0.0,0.0,0.0,0.0,0.0,0.0,0.0,0.0,0.0,0.0,0.0,0.0,29.0,76.0,134.0,197.0,253.0,290.0,297.0,297.0,297.0,297.0,297.0,297.0,297.0,297.0,297.0,297.0,297.0,297.0,297.0,297.0,297.0,297.0,297.0,297.0,325.0,392.0,488.0,599.0,711.0,808.0,875.0,907.0,912.0,912.0,912.0,912.0,912.0,912.0,912.0,912.0,912.0,912.0,912.0,912.0,912.0,912.0,912.0,912.0,938.0,1005.0,1101.0,1213.0,1325.0,1421.0,1489.0,1523.0,1528.0,1528.0,1528.0,1528.0,1528.0,1528.0,1528.0,1528.0,1528.0,1528.0,1528.0,1528.0,1528.0,1528.0,1528.0,1528.0,1553.0,1622.0,1721.0,1837.0,1955.0,2059.0,2135.0,2175.0,2184.0,2184.0,2184.0,2184.0,2184.0,2184.0,2184.0,2184.0,2184.0,2184.0,2184.0,2184.0,2184.0,2184.0,2184.0,2184.0,2208.0,2264.0,2339.0,2424.0,2507.0,2575.0,2614.0,2622.0,2622.0,2622.0,2622.0,2622.0,2622.0,2622.0,2622.0,2622.0,2622.0,21,January 21,Carpentras
0.004900084225507261,1.4398206841622998,1.4764250902913856,2.001024857556492,2.001024857556492,0.5250144709470416,0.6355829797940875,5.002338821931756,5.002338821931756,0.6263578359812614,0.7032303088442959,4.053166090466658,4.053166090466658,0.5815466328775839,0.6684101887275883,2.7181146160289167,2.7181146160289167,0.3492173737053996,0.8532701493817544,9.303333333333336,-0.04191308217577536,0.04191308217577536,639.1078466499462,14.83,14.33,13.33,12.305,11.25,10.33,9.644285714285715,8.9175,8.33,7.95,7.748181818181819,7.646666666666667,7.59923076923077,7.694285714285715,7.816666666666667,7.967500000000001,8.177058823529412,8.341111111111113,8.408947368421055,8.485000000000003,8.530000000000001,8.68909090909091,8.85608695652174,9.030000000000001,9.154000000000002,9.233846153846155,9.315185185185188,9.372857142857145,9.374827586206896,9.396666666666667,9.439677419354837,9.46125,9.454242424242423,9.468235294117646,9.498571428571429,9.571666666666665,9.667837837837837,9.72736842105263,9.755641025641024,9.782500000000002,9.800731707317073,9.799047619047618,9.795116279069767,9.793636363636365,9.785555555555554,9.793043478260868,9.778936170212765,9.788333333333334,9.764693877551021,9.722000000000001,9.680980392156862,9.626153846153846,9.54320754716981,9.452222222222222,9.340909090909092,9.219285714285714,9.138771929824562,9.07655172413793,9.033389830508476,9.040000000000001,9.077540983606559,9.130000000000003,9.176031746031748,9.248750000000001,9.33923076923077,9.420909090909092,9.489701492537314,9.54323529411765,9.55753623188406,9.545714285714288,9.510281690140847,9.4925,9.469726027397261,9.442162162162164,9.419333333333336,9.389210526315791,9.35857142857143,9.323589743589745,9.270506329113925,9.23,9.205308641975309,9.170243902439026,9.13843373493976,9.116904761904763,9.104117647058827,9.089302325581398,9.070229885057472,9.044772727272727,9.014269662921349,8.98777777777778,8.959670329670333,8.939782608695655,8.923548387096774,8.901276595744683,8.871052631578948,8.845625,8.813505154639175,8.788163265306125,8.754242424242426,8.703000000000001,8.636930693069308,8.5643137254902,8.485339805825244,8.427115384615385,8.377619047619048,8.329056603773585,8.314112149532711,8.313333333333334,8.32908256880734,8.360000000000001,8.390360360360361,8.430000000000001,8.491946902654867,8.549298245614036,8.590869565217393,8.619655172413795,8.621452991452992,8.621525423728814,8.610672268907564,8.593333333333332,8.581239669421487,8.570983606557379,8.560894308943087,8.555806451612902,8.541999999999998,8.522857142857141,8.492992125984252,8.46515625,24.25,291.0,0.0,0.0,0.0,0.0,0.0,0.0,0.0,0.0,0.0,0.0,0.0,0.0,0.0,0.0,0.0,30.0,115.0,239.0,386.0,539.0,680.0,791.0,861.0,888.0,888.0,888.0,888.0,888.0,888.0,888.0,888.0,888.0,888.0,888.0,888.0,888.0,888.0,888.0,888.0,917.0,964.0,1022.0,1085.0,1141.0,1178.0,1185.0,1185.0,1185.0,1185.0,1185.0,1185.0,1185.0,1185.0,1185.0,1185.0,1185.0,1185.0,1185.0,1185.0,1185.0,1185.0,1185.0,1185.0,1213.0,1280.0,1376.0,1487.0,1599.0,1696.0,1763.0,1795.0,1800.0,1800.0,1800.0,1800.0,1800.0,1800.0,1800.0,1800.0,1800.0,1800.0,1800.0,1800.0,1800.0,1800.0,1800.0,1800.0,1826.0,1893.0,1989.0,2101.0,2213.0,2309.0,2377.0,2411.0,2416.0,2416.0,2416.0,2416.0,2416.0,2416.0,2416.0,2416.0,2416.0,2416.0,2416.0,2416.0,2416.0,2416.0,2416.0,2416.0,2441.0,2510.0,2609.0,2725.0,2843.0,2947.0,3023.0,3063.0,3072.0,3072.0,3072.0,3072.0,3072.0,3072.0,3072.0,3072.0,3072.0,22,January 22,Carpentras
0.004900084225507261,1.4398206841622998,1.4764250902913856,2.001024857556492,2.001024857556492,0.5250144709470416,0.6355829797940875,5.002338821931756,5.002338821931756,0.6263578359812614,0.7032303088442959,4.053166090466658,4.053166090466658,0.5815466328775839,0.6684101887275883,2.7181146160289167,2.7181146160289167,0.3492173737053996,0.8532701493817544,8.903333333333334,-0.038605664755396375,0.038605664755396375,641.3141145638336,7.63,6.88,6.329999999999999,6.33,6.409999999999999,6.846666666666668,7.401428571428572,7.93,8.229999999999999,8.45,8.493636363636362,8.479999999999999,8.345384615384615,8.30857142857143,8.31,8.3675,8.53,8.668888888888889,8.793157894736842,8.955,9.053809523809523,9.202727272727271,9.382173913043477,9.588333333333333,9.798,9.953076923076923,10.004074074074074,9.97642857142857,9.874827586206896,9.736666666666668,9.600967741935484,9.420625000000001,9.245151515151516,9.106470588235295,9.01,8.94111111111111,8.88945945945946,8.890526315789474,8.906923076923077,8.940000000000001,9.003170731707318,9.053809523809525,9.067209302325582,9.086818181818183,9.094444444444445,9.158260869565218,9.23,9.309166666666668,9.366734693877552,9.404,9.44372549019608,9.472307692307693,9.471509433962265,9.481851851851852,9.504545454545454,9.515714285714285,9.510701754385964,9.51793103448276,9.535084745762713,9.578333333333337,9.636557377049181,9.673548387096776,9.691904761904762,9.7096875,9.722307692307693,9.722424242424243,9.721044776119404,9.721176470588237,9.716956521739132,9.722857142857142,9.714507042253523,9.721666666666668,9.706712328767123,9.678648648648648,9.651333333333335,9.614210526315793,9.557272727272728,9.494102564102565,9.416075949367091,9.330000000000002,9.271975308641975,9.226341463414634,9.193855421686745,9.196666666666667,9.221764705882354,9.257906976744186,9.28977011494253,9.341363636363637,9.406404494382022,9.465555555555557,9.515714285714287,9.555000000000001,9.565483870967743,9.556595744680852,9.53,9.516458333333334,9.499072164948453,9.47795918367347,9.46030303030303,9.437000000000001,9.413168316831685,9.385882352941177,9.344563106796118,9.31269230769231,9.292857142857144,9.26490566037736,9.239345794392525,9.221666666666668,9.21073394495413,9.19818181818182,9.182252252252253,9.16125,9.136194690265489,9.11421052631579,9.090869565217394,9.073965517241383,9.059914529914531,9.041016949152544,9.015714285714287,8.994166666666667,8.96719008264463,8.945573770491805,8.916991869918702,8.874354838709678,8.819600000000003,8.75936507936508,8.693779527559055,8.64484375,67.16666666666667,806.0,0.0,0.0,0.0,0.0,0.0,0.0,0.0,0.0,0.0,0.0,0.0,0.0,0.0,0.0,0.0,32.0,79.0,138.0,199.0,252.0,286.0,291.0,291.0,291.0,291.0,291.0,291.0,291.0,291.0,291.0,291.0,291.0,291.0,291.0,291.0,291.0,291.0,291.0,291.0,321.0,406.0,530.0,677.0,830.0,971.0,1082.0,1152.0,1179.0,1179.0,1179.0,1179.0,1179.0,1179.0,1179.0,1179.0,1179.0,1179.0,1179.0,1179.0,1179.0,1179.0,1179.0,1179.0,1208.0,1255.0,1313.0,1376.0,1432.0,1469.0,1476.0,1476.0,1476.0,1476.0,1476.0,1476.0,1476.0,1476.0,1476.0,1476.0,1476.0,1476.0,1476.0,1476.0,1476.0,1476.0,1476.0,1476.0,1504.0,1571.0,1667.0,1778.0,1890.0,1987.0,2054.0,2086.0,2091.0,2091.0,2091.0,2091.0,2091.0,2091.0,2091.0,2091.0,2091.0,2091.0,2091.0,2091.0,2091.0,2091.0,2091.0,2091.0,2117.0,2184.0,2280.0,2392.0,2504.0,2600.0,2668.0,2702.0,2707.0,2707.0,2707.0,2707.0,2707.0,2707.0,2707.0,2707.0,2707.0,23,January 23,Carpentras
0.004900084225507261,1.4398206841622998,1.4764250902913856,2.001024857556492,2.001024857556492,0.5250144709470416,0.6355829797940875,5.002338821931756,5.002338821931756,0.6263578359812614,0.7032303088442959,4.053166090466658,4.053166090466658,0.5815466328775839,0.6684101887275883,2.7181146160289167,2.7181146160289167,0.3492173737053996,0.8532701493817544,9.311666666666666,-0.1591808830935554,0.1591808830935554,560.8824055843924,11.03,10.08,9.363333333333335,9.055000000000001,8.77,8.63,8.601428571428572,8.605,8.641111111111112,8.71,8.793636363636365,8.763333333333334,8.676153846153845,8.787142857142857,8.943333333333333,9.19875,9.488823529411764,9.702222222222224,9.872105263157895,9.98,10.001428571428571,10.002727272727272,9.969130434782608,9.93,9.838000000000001,9.695384615384615,9.53,9.415714285714285,9.32310344827586,9.313333333333333,9.359032258064516,9.430000000000001,9.466363636363637,9.494705882352939,9.478571428571428,9.446666666666665,9.373243243243243,9.332631578947368,9.306923076923075,9.305000000000001,9.349512195121951,9.38952380952381,9.427674418604651,9.486818181818181,9.52111111111111,9.582173913043478,9.661914893617022,9.759166666666667,9.86265306122449,9.942,9.96921568627451,9.955000000000002,9.899811320754718,9.822592592592594,9.744545454545456,9.63892857142857,9.533508771929826,9.447241379310345,9.384237288135592,9.336666666666666,9.298852459016393,9.292903225806452,9.296666666666663,9.311250000000001,9.345384615384614,9.372424242424241,9.376268656716414,9.384411764705883,9.385072463768115,9.422857142857142,9.466619718309857,9.516111111111112,9.551917808219178,9.574594594594595,9.599333333333332,9.616842105263158,9.614415584415584,9.619743589743587,9.633797468354429,9.639999999999999,9.634938271604938,9.638536585365852,9.649277108433733,9.678809523809523,9.71941176470588,9.745116279069766,9.75758620689655,9.769772727272727,9.778314606741572,9.777777777777777,9.776153846153845,9.775652173913043,9.771935483870967,9.775744680851062,9.768947368421049,9.773750000000001,9.761958762886598,9.740204081632653,9.718888888888888,9.69,9.645841584158415,9.596666666666664,9.535825242718445,9.468461538461538,9.422380952380951,9.38566037735849,9.35897196261682,9.359629629629628,9.377706422018347,9.404545454545454,9.428198198198197,9.4675,9.517610619469027,9.563333333333334,9.602173913043478,9.632586206896553,9.640256410256413,9.632542372881359,9.610672268907567,9.599166666666667,9.584545454545454,9.56688524590164,9.551951219512198,9.532419354838714,9.512400000000003,9.489523809523813,9.455196850393706,9.4284375,60.083333333333336,721.0,0.0,0.0,0.0,0.0,0.0,0.0,0.0,0.0,0.0,0.0,0.0,0.0,0.0,0.0,0.0,33.0,115.0,231.0,367.0,507.0,634.0,730.0,787.0,806.0,806.0,806.0,806.0,806.0,806.0,806.0,806.0,806.0,806.0,806.0,806.0,806.0,806.0,806.0,806.0,838.0,885.0,944.0,1005.0,1058.0,1092.0,1097.0,1097.0,1097.0,1097.0,1097.0,1097.0,1097.0,1097.0,1097.0,1097.0,1097.0,1097.0,1097.0,1097.0,1097.0,1097.0,1097.0,1097.0,1127.0,1212.0,1336.0,1483.0,1636.0,1777.0,1888.0,1958.0,1985.0,1985.0,1985.0,1985.0,1985.0,1985.0,1985.0,1985.0,1985.0,1985.0,1985.0,1985.0,1985.0,1985.0,1985.0,1985.0,2014.0,2061.0,2119.0,2182.0,2238.0,2275.0,2282.0,2282.0,2282.0,2282.0,2282.0,2282.0,2282.0,2282.0,2282.0,2282.0,2282.0,2282.0,2282.0,2282.0,2282.0,2282.0,2282.0,2282.0,2310.0,2377.0,2473.0,2584.0,2696.0,2793.0,2860.0,2892.0,2897.0,2897.0,2897.0,2897.0,2897.0,2897.0,2897.0,2897.0,2897.0,24,January 24,Carpentras
0.004900084225507261,1.4398206841622998,1.4764250902913856,2.001024857556492,2.001024857556492,0.5250144709470416,0.6355829797940875,5.002338821931756,5.002338821931756,0.6263578359812614,0.7032303088442959,4.053166090466658,4.053166090466658,0.5815466328775839,0.6684101887275883,2.7181146160289167,2.7181146160289167,0.3492173737053996,0.8532701493817544,11.686666666666666,-0.005253151588795687,0.005253151588795687,663.5624643468341,6.43,5.58,4.7299999999999995,4.03,3.85,3.746666666666666,3.8728571428571428,3.98,4.141111111111111,4.39,4.584545454545455,4.738333333333332,4.691538461538462,4.651428571428572,4.79,5.08,5.453529411764706,5.83,6.156315789473684,6.480000000000001,6.896666666666667,7.229999999999999,7.50391304347826,7.713333333333334,7.846,7.895384615384615,7.896666666666667,7.905,7.89551724137931,7.8966666666666665,7.913870967741935,7.936249999999999,7.966363636363638,8.006470588235295,8.052857142857142,8.063333333333333,8.051621621621623,8.108947368421054,8.186410256410255,8.307500000000001,8.449512195121951,8.565714285714288,8.667209302325581,8.743636363636364,8.781111111111112,8.808260869565219,8.817234042553192,8.821666666666667,8.797346938775512,8.744000000000002,8.675098039215687,8.629999999999999,8.594150943396226,8.602222222222222,8.640909090909092,8.694285714285716,8.728245614035089,8.757586206896553,8.760508474576271,8.753333333333334,8.720163934426228,8.7058064516129,8.699841269841269,8.708125,8.745384615384614,8.78,8.813582089552236,8.860882352941175,8.892318840579708,8.941428571428569,9.003239436619717,9.077222222222222,9.156027397260274,9.219189189189189,9.247333333333332,9.247105263157893,9.218311688311687,9.173589743589742,9.127468354430379,9.061250000000001,8.994197530864199,8.939756097560977,8.901084337349397,8.872857142857143,8.851176470588236,8.852093023255811,8.859885057471264,8.875454545454545,8.905280898876406,8.93,8.937692307692307,8.948478260869564,8.953655913978494,8.986382978723404,9.023684210526316,9.065416666666666,9.09701030927835,9.118775510204081,9.14212121212121,9.159999999999998,9.162673267326733,9.171176470588234,9.18631067961165,9.195384615384615,9.195714285714287,9.202641509433962,9.215046728971961,9.242037037037036,9.277706422018348,9.30181818181818,9.315585585585586,9.329107142857143,9.339734513274337,9.343157894736843,9.345652173913043,9.348965517241382,9.349658119658121,9.35627118644068,9.354369747899161,9.361666666666666,9.355619834710744,9.341475409836066,9.327560975609757,9.30741935483871,9.2748,9.23793650793651,9.191417322834647,9.139375,36.25,435.0,0.0,0.0,0.0,0.0,0.0,0.0,0.0,0.0,0.0,0.0,0.0,0.0,0.0,0.0,0.0,35.0,112.0,220.0,345.0,471.0,582.0,663.0,708.0,721.0,721.0,721.0,721.0,721.0,721.0,721.0,721.0,721.0,721.0,721.0,721.0,721.0,721.0,721.0,721.0,754.0,836.0,952.0,1088.0,1228.0,1355.0,1451.0,1508.0,1527.0,1527.0,1527.0,1527.0,1527.0,1527.0,1527.0,1527.0,1527.0,1527.0,1527.0,1527.0,1527.0,1527.0,1527.0,1527.0,1559.0,1606.0,1665.0,1726.0,1779.0,1813.0,1818.0,1818.0,1818.0,1818.0,1818.0,1818.0,1818.0,1818.0,1818.0,1818.0,1818.0,1818.0,1818.0,1818.0,1818.0,1818.0,1818.0,1818.0,1848.0,1933.0,2057.0,2204.0,2357.0,2498.0,2609.0,2679.0,2706.0,2706.0,2706.0,2706.0,2706.0,2706.0,2706.0,2706.0,2706.0,2706.0,2706.0,2706.0,2706.0,2706.0,2706.0,2706.0,2735.0,2782.0,2840.0,2903.0,2959.0,2996.0,3003.0,3003.0,3003.0,3003.0,3003.0,3003.0,3003.0,3003.0,3003.0,3003.0,3003.0,25,January 25,Carpentras
0.004900084225507261,1.4398206841622998,1.4764250902913856,2.001024857556492,2.001024857556492,0.5250144709470416,0.6355829797940875,5.002338821931756,5.002338821931756,0.6263578359812614,0.7032303088442959,4.053166090466658,4.053166090466658,0.5815466328775839,0.6684101887275883,2.7181146160289167,2.7181146160289167,0.3492173737053996,0.8532701493817544,13.261666666666667,-0.08257571534746637,0.08257571534746637,611.9831594822168,4.03,4.08,4.463333333333334,4.430000000000001,4.290000000000001,4.1466666666666665,3.93,3.6925,3.507777777777778,3.53,3.4936363636363637,3.48,3.4684615384615394,3.501428571428572,3.6166666666666663,3.8049999999999997,4.035882352941177,4.357777777777778,4.693157894736842,5.005,5.296666666666667,5.566363636363636,5.777826086956522,5.896666666666666,5.918000000000001,5.872307692307692,5.767037037037036,5.630000000000001,5.543793103448275,5.466666666666667,5.4396774193548385,5.4175,5.417878787878788,5.4535294117647055,5.484285714285714,5.5105555555555545,5.473243243243243,5.437894736842105,5.471025641025641,5.569999999999999,5.712926829268293,5.868095238095238,6.011395348837208,6.16181818181818,6.363333333333332,6.534347826086955,6.683191489361702,6.805,6.891224489795918,6.935999999999999,6.955490196078432,6.978076923076922,6.990377358490567,7.007777777777777,7.033636363636364,7.062142857142857,7.094912280701754,7.133448275862068,7.175762711864407,7.196666666666666,7.2037704918032786,7.252580645161291,7.314126984126984,7.403437500000001,7.506923076923076,7.595151515151516,7.674776119402986,7.738823529411765,7.777826086956523,7.8100000000000005,7.830000000000001,7.846666666666668,7.843698630136987,7.820540540540541,7.7860000000000005,7.766842105263159,7.753376623376624,7.769743589743591,7.807215189873418,7.8549999999999995,7.88925925925926,7.920243902439025,7.932409638554218,7.937142857142858,7.92294117647059,7.92186046511628,7.926551724137933,7.941363636363636,7.977191011235956,8.011111111111111,8.044285714285715,8.087608695652175,8.119247311827959,8.16404255319149,8.218421052631578,8.282083333333334,8.34958762886598,8.405510204081635,8.435050505050505,8.443000000000001,8.429009900990101,8.402549019607843,8.374660194174757,8.330961538461539,8.286190476190475,8.250754716981133,8.227196261682243,8.211481481481481,8.200642201834864,8.207272727272727,8.219189189189189,8.237142857142858,8.266283185840708,8.291403508771928,8.30304347826087,8.317068965517242,8.326581196581198,8.357966101694915,8.393025210084035,8.431666666666667,8.462231404958677,8.484918032786886,8.508861788617887,8.528387096774193,8.5356,8.547460317460317,8.56464566929134,8.576875,71.58333333333333,859.0,0.0,0.0,0.0,0.0,0.0,0.0,0.0,0.0,0.0,0.0,0.0,0.0,0.0,0.0,0.0,36.0,94.0,173.0,260.0,341.0,402.0,433.0,435.0,435.0,435.0,435.0,435.0,435.0,435.0,435.0,435.0,435.0,435.0,435.0,435.0,435.0,435.0,435.0,435.0,470.0,547.0,655.0,780.0,906.0,1017.0,1098.0,1143.0,1156.0,1156.0,1156.0,1156.0,1156.0,1156.0,1156.0,1156.0,1156.0,1156.0,1156.0,1156.0,1156.0,1156.0,1156.0,1156.0,1189.0,1271.0,1387.0,1523.0,1663.0,1790.0,1886.0,1943.0,1962.0,1962.0,1962.0,1962.0,1962.0,1962.0,1962.0,1962.0,1962.0,1962.0,1962.0,1962.0,1962.0,1962.0,1962.0,1962.0,1994.0,2041.0,2100.0,2161.0,2214.0,2248.0,2253.0,2253.0,2253.0,2253.0,2253.0,2253.0,2253.0,2253.0,2253.0,2253.0,2253.0,2253.0,2253.0,2253.0,2253.0,2253.0,2253.0,2253.0,2283.0,2368.0,2492.0,2639.0,2792.0,2933.0,3044.0,3114.0,3141.0,3141.0,3141.0,3141.0,3141.0,3141.0,3141.0,3141.0,3141.0,26,January 26,Carpentras
0.004900084225507261,1.4398206841622998,1.4764250902913856,2.001024857556492,2.001024857556492,0.5250144709470416,0.6355829797940875,5.002338821931756,5.002338821931756,0.6263578359812614,0.7032303088442959,4.053166090466658,4.053166090466658,0.5815466328775839,0.6684101887275883,2.7181146160289167,2.7181146160289167,0.3492173737053996,0.8532701493817544,15.603333333333332,0.1478239097985347,0.1478239097985347,765.6750694296093,-1.5700000000000005,-1.5700000000000005,-1.9033333333333335,-2.22,-2.29,-2.3866666666666667,-2.3842857142857143,-2.4075,-2.4700000000000006,-2.47,-2.5700000000000003,-2.5450000000000004,-2.37,-2.027142857142857,-1.5300000000000002,-0.9575000000000002,-0.42294117647058843,0.09666666666666676,0.6036842105263159,1.0000000000000004,1.344285714285714,1.6663636363636365,1.9560869565217396,2.0966666666666667,2.174,2.2492307692307696,2.3596296296296293,2.4299999999999997,2.474827586206896,2.5066666666666664,2.5106451612903222,2.495625,2.4815151515151515,2.518235294117647,2.5357142857142856,2.5577777777777775,2.5786486486486484,2.6142105263157887,2.6812820512820505,2.7800000000000002,2.900731707317073,3.0657142857142863,3.2439534883720933,3.418636363636365,3.5900000000000007,3.7560869565217403,3.8980851063829793,3.9966666666666666,4.046326530612245,4.06,4.039803921568628,3.99923076923077,3.982830188679246,3.96888888888889,3.9809090909090914,3.994285714285714,4.019473684210527,4.064482758620691,4.1062711864406785,4.1450000000000005,4.1447540983606554,4.144516129032258,4.185555555555555,4.2675,4.377692307692308,4.496666666666667,4.6091044776119405,4.727058823529412,4.8792753623188405,5.012857142857143,5.132816901408451,5.235555555555556,5.314931506849316,5.366486486486487,5.400666666666667,5.436578947368421,5.465064935064935,5.496666666666666,5.533797468354431,5.5725,5.61395061728395,5.659268292682928,5.707108433734939,5.73952380952381,5.761764705882354,5.813720930232559,5.874827586206896,5.9561363636363645,6.047977528089888,6.128888888888888,6.203626373626372,6.26695652173913,6.311720430107526,6.351276595744681,6.3815789473684195,6.409166666666667,6.421752577319587,6.418775510204081,6.406767676767675,6.405999999999999,6.4092079207920785,6.4349019607843125,6.476601941747572,6.526153846153846,6.5652380952380955,6.601698113207547,6.623457943925233,6.6392592592592585,6.640091743119265,6.65090909090909,6.666036036036036,6.688928571428572,6.728230088495575,6.765964912280701,6.803043478260868,6.848103448275861,6.883846153846153,6.929999999999999,6.983781512605041,7.045000000000001,7.109338842975207,7.164426229508196,7.198292682926828,7.214677419354838,7.213199999999999,7.20142857142857,7.1882677165354325,7.162031250000001,9.0,108.0,0.0,0.0,0.0,0.0,0.0,0.0,0.0,0.0,0.0,0.0,0.0,0.0,0.0,0.0,0.0,38.0,124.0,246.0,390.0,538.0,672.0,774.0,836.0,859.0,859.0,859.0,859.0,859.0,859.0,859.0,859.0,859.0,859.0,859.0,859.0,859.0,859.0,859.0,859.0,895.0,953.0,1032.0,1119.0,1200.0,1261.0,1292.0,1294.0,1294.0,1294.0,1294.0,1294.0,1294.0,1294.0,1294.0,1294.0,1294.0,1294.0,1294.0,1294.0,1294.0,1294.0,1294.0,1294.0,1329.0,1406.0,1514.0,1639.0,1765.0,1876.0,1957.0,2002.0,2015.0,2015.0,2015.0,2015.0,2015.0,2015.0,2015.0,2015.0,2015.0,2015.0,2015.0,2015.0,2015.0,2015.0,2015.0,2015.0,2048.0,2130.0,2246.0,2382.0,2522.0,2649.0,2745.0,2802.0,2821.0,2821.0,2821.0,2821.0,2821.0,2821.0,2821.0,2821.0,2821.0,2821.0,2821.0,2821.0,2821.0,2821.0,2821.0,2821.0,2853.0,2900.0,2959.0,3020.0,3073.0,3107.0,3112.0,3112.0,3112.0,3112.0,3112.0,3112.0,3112.0,3112.0,3112.0,3112.0,3112.0,27,January 27,Carpentras
0.004900084225507261,1.4398206841622998,1.4764250902913856,2.001024857556492,2.001024857556492,0.5250144709470416,0.6355829797940875,5.002338821931756,5.002338821931756,0.6263578359812614,0.7032303088442959,4.053166090466658,4.053166090466658,0.5815466328775839,0.6684101887275883,2.7181146160289167,2.7181146160289167,0.3492173737053996,0.8532701493817544,10.736666666666666,0.3438731235024895,0.3438731235024895,896.4529649177274,0.8300000000000001,-0.06999999999999995,-1.17,-2.345,-3.05,-3.353333333333333,-3.198571428571429,-2.87,-2.525555555555555,-2.04,-1.6154545454545457,-1.211666666666667,-0.7700000000000001,-0.35571428571428576,0.03666666666666664,0.355,0.6947058823529412,1.0633333333333335,1.3457894736842106,1.5300000000000005,1.687142857142857,1.7527272727272736,1.7300000000000002,1.5925,1.4659999999999997,1.3492307692307692,1.204074074074074,1.047857142857143,0.9231034482758619,0.7966666666666666,0.6945161290322581,0.5924999999999999,0.4845454545454545,0.3976470588235293,0.28428571428571414,0.21333333333333326,0.20027027027027014,0.2589473684210524,0.3915384615384613,0.5725,0.7568292682926829,0.9514285714285714,1.1555813953488374,1.3231818181818182,1.4766666666666663,1.6278260869565213,1.7704255319148932,1.8445833333333332,1.8891836734693876,1.9340000000000002,1.998627450980392,2.043461538461538,2.0752830188679243,2.10037037037037,2.1099999999999994,2.1085714285714285,2.1071929824561404,2.1351724137931036,2.152033898305085,2.171666666666667,2.190655737704918,2.218709677419355,2.2665079365079364,2.3346875000000002,2.417692307692308,2.5300000000000002,2.652388059701493,2.7741176470588234,2.895217391304348,3.0142857142857142,3.118732394366197,3.1952777777777777,3.2395890410958907,3.25972972972973,3.256666666666667,3.2392105263157895,3.2377922077922077,3.237692307692308,3.2553164556962026,3.2737499999999997,3.30037037037037,3.3409756097560974,3.379397590361445,3.415714285714285,3.4241176470588224,3.4323255813953475,3.47022988505747,3.537954545454546,3.6266292134831457,3.7222222222222214,3.813516483516483,3.909347826086956,4.031075268817204,4.139574468085105,4.238421052631579,4.324791666666667,4.393917525773196,4.442244897959183,4.477474747474747,4.513999999999999,4.544851485148514,4.578039215686274,4.615436893203883,4.654038461538462,4.694761904761904,4.738490566037735,4.784205607476636,4.817962962962963,4.843761467889909,4.892727272727272,4.9489189189189196,5.021071428571429,5.101681415929203,5.173859649122807,5.241304347826087,5.299827586206897,5.343675213675214,5.3833898305084755,5.415714285714286,5.445833333333334,5.463884297520661,5.469344262295083,5.46739837398374,5.474354838709678,5.4844,5.512539682539683,5.553622047244095,5.60109375,42.916666666666664,515.0,0.0,0.0,0.0,0.0,0.0,0.0,0.0,0.0,0.0,0.0,0.0,0.0,0.0,0.0,0.0,34.0,61.0,85.0,103.0,108.0,108.0,108.0,108.0,108.0,108.0,108.0,108.0,108.0,108.0,108.0,108.0,108.0,108.0,108.0,108.0,108.0,108.0,108.0,108.0,146.0,232.0,354.0,498.0,646.0,780.0,882.0,944.0,967.0,967.0,967.0,967.0,967.0,967.0,967.0,967.0,967.0,967.0,967.0,967.0,967.0,967.0,967.0,967.0,1003.0,1061.0,1140.0,1227.0,1308.0,1369.0,1400.0,1402.0,1402.0,1402.0,1402.0,1402.0,1402.0,1402.0,1402.0,1402.0,1402.0,1402.0,1402.0,1402.0,1402.0,1402.0,1402.0,1402.0,1437.0,1514.0,1622.0,1747.0,1873.0,1984.0,2065.0,2110.0,2123.0,2123.0,2123.0,2123.0,2123.0,2123.0,2123.0,2123.0,2123.0,2123.0,2123.0,2123.0,2123.0,2123.0,2123.0,2123.0,2156.0,2238.0,2354.0,2490.0,2630.0,2757.0,2853.0,2910.0,2929.0,2929.0,2929.0,2929.0,2929.0,2929.0,2929.0,2929.0,2929.0,28,January 28,Carpentras
0.004900084225507261,1.4398206841622998,1.4764250902913856,2.001024857556492,2.001024857556492,0.5250144709470416,0.6355829797940875,5.002338821931756,5.002338821931756,0.6263578359812614,0.7032303088442959,4.053166090466658,4.053166090466658,0.5815466328775839,0.6684101887275883,2.7181146160289167,2.7181146160289167,0.3492173737053996,0.8532701493817544,11.028333333333332,0.15707362646036385,0.15707362646036385,771.8452470908268,4.83,4.68,4.63,4.23,3.95,3.4466666666666668,3.144285714285714,2.83,2.6744444444444446,2.72,2.8845454545454547,3.0300000000000007,3.2146153846153847,3.4371428571428573,3.716666666666667,4.06125,4.518235294117647,5.007777777777778,5.472105263157895,5.875,6.115714285714286,6.293636363636364,6.295217391304349,6.146666666666666,5.934,5.668461538461539,5.333703703703704,4.933571428571429,4.561034482758621,4.246666666666667,4.0364516129032255,3.8925,3.7815151515151517,3.7388235294117647,3.7071428571428573,3.6938888888888894,3.7164864864864864,3.751052631578948,3.7966666666666673,3.8299999999999996,3.88609756097561,3.968095238095238,4.025348837209302,4.048181818181818,4.065555555555556,4.045217391304348,3.985319148936171,3.8695833333333334,3.758571428571429,3.6519999999999997,3.5300000000000007,3.4011538461538464,3.288490566037736,3.174444444444445,3.073636363636365,2.9728571428571433,2.8685964912280704,2.7765517241379314,2.6689830508474577,2.586666666666667,2.539836065573771,2.5380645161290327,2.583968253968255,2.6628125000000002,2.746923076923077,2.840606060606061,2.9434328358208957,3.025588235294118,3.1010144927536234,3.1771428571428575,3.2497183098591553,3.278611111111111,3.2889041095890414,3.3002702702702704,3.326,3.33921052631579,3.3442857142857143,3.3453846153846154,3.3363291139240507,3.3200000000000003,3.3040740740740735,3.309268292682926,3.307108433734939,3.3073809523809508,3.3076470588235276,3.314883720930231,3.336896551724136,3.374318181818182,3.4232584269662922,3.494444444444444,3.5739560439560436,3.65391304347826,3.7343010752688164,3.8140425531914888,3.8836842105263143,3.933125,3.9588659793814434,3.9667346938775507,3.9572727272727266,3.936999999999999,3.929009900990098,3.922156862745097,3.929029126213591,3.9367307692307696,3.9509523809523808,3.9762264150943394,4.000093457943924,4.022592592592591,4.023577981651375,4.0245454545454535,4.048918918918918,4.096964285714286,4.161858407079646,4.232631578947368,4.300434782608694,4.372241379310344,4.465042735042735,4.547796610169492,4.6232773109243706,4.689166666666667,4.741570247933885,4.777540983606557,4.803170731707318,4.83,4.8524,4.876825396825396,4.9048031496063,4.93390625,34.833333333333336,418.0,0.0,0.0,0.0,0.0,0.0,0.0,0.0,0.0,0.0,0.0,0.0,0.0,0.0,0.0,0.0,40.0,106.0,193.0,289.0,382.0,457.0,502.0,515.0,515.0,515.0,515.0,515.0,515.0,515.0,515.0,515.0,515.0,515.0,515.0,515.0,515.0,515.0,515.0,515.0,549.0,576.0,600.0,618.0,623.0,623.0,623.0,623.0,623.0,623.0,623.0,623.0,623.0,623.0,623.0,623.0,623.0,623.0,623.0,623.0,623.0,623.0,623.0,623.0,661.0,747.0,869.0,1013.0,1161.0,1295.0,1397.0,1459.0,1482.0,1482.0,1482.0,1482.0,1482.0,1482.0,1482.0,1482.0,1482.0,1482.0,1482.0,1482.0,1482.0,1482.0,1482.0,1482.0,1518.0,1576.0,1655.0,1742.0,1823.0,1884.0,1915.0,1917.0,1917.0,1917.0,1917.0,1917.0,1917.0,1917.0,1917.0,1917.0,1917.0,1917.0,1917.0,1917.0,1917.0,1917.0,1917.0,1917.0,1952.0,2029.0,2137.0,2262.0,2388.0,2499.0,2580.0,2625.0,2638.0,2638.0,2638.0,2638.0,2638.0,2638.0,2638.0,2638.0,2638.0,29,January 29,Carpentras
0.004900084225507261,1.4398206841622998,1.4764250902913856,2.001024857556492,2.001024857556492,0.5250144709470416,0.6355829797940875,5.002338821931756,5.002338821931756,0.6263578359812614,0.7032303088442959,4.053166090466658,4.053166090466658,0.5815466328775839,0.6684101887275883,2.7181146160289167,2.7181146160289167,0.3492173737053996,0.8532701493817544,10.478333333333332,-0.027897560811374178,0.027897560811374178,648.4571337680927,9.43,8.579999999999998,8.096666666666666,7.33,6.489999999999999,5.93,5.472857142857142,5.2425,5.263333333333333,5.4,5.53,5.696666666666666,5.960769230769231,6.158571428571428,6.316666666666666,6.56125,6.894705882352942,7.202222222222223,7.4457894736842105,7.5200000000000005,7.553809523809524,7.570909090909091,7.4604347826086945,7.334166666666666,7.234000000000001,7.13,7.033703703703703,6.890714285714286,6.750689655172414,6.556666666666667,6.388064516129032,6.208125000000001,6.063333333333334,5.977058823529411,5.935714285714286,5.899444444444445,5.886756756756757,5.898421052631579,5.9428205128205125,6.025,6.16658536585366,6.337142857142858,6.511395348837211,6.670909090909092,6.765555555555555,6.836521739130434,6.825744680851064,6.740416666666668,6.619795918367348,6.468000000000001,6.275098039215688,6.041538461538462,5.816792452830189,5.618888888888889,5.4754545454545465,5.367500000000001,5.277368421052632,5.226551724137932,5.182542372881357,5.150000000000001,5.139836065573771,5.138064516129032,5.144285714285714,5.1440625,5.15923076923077,5.192121212121213,5.210597014925374,5.207941176470589,5.202463768115941,5.172857142857143,5.117323943661972,5.024444444444445,4.934109589041096,4.8462162162162175,4.747333333333334,4.6431578947368415,4.54948051948052,4.454358974358974,4.367974683544304,4.28125,4.191728395061729,4.110487804878049,4.017951807228917,3.943095238095238,3.893529411764706,3.876511627906976,3.894367816091954,3.936818181818182,3.9839325842696627,4.03888888888889,4.101428571428572,4.149565217391304,4.193440860215054,4.238510638297872,4.281578947368421,4.2924999999999995,4.28979381443299,4.288163265306123,4.2976767676767675,4.298,4.292376237623762,4.283921568627451,4.267864077669903,4.2463461538461535,4.225238095238096,4.22056603773585,4.210373831775701,4.202222222222222,4.194220183486238,4.191818181818181,4.201171171171171,4.222857142857143,4.253893805309734,4.30280701754386,4.358695652173914,4.415344827586207,4.472735042735042,4.529999999999999,4.579579831932773,4.613333333333333,4.6283471074380165,4.629180327868853,4.616178861788618,4.594516129032258,4.582799999999999,4.572063492063491,4.572519685039371,4.57375,54.083333333333336,649.0,0.0,0.0,0.0,0.0,0.0,0.0,0.0,0.0,0.0,0.0,0.0,0.0,0.0,0.0,0.0,37.0,97.0,175.0,259.0,335.0,391.0,418.0,418.0,418.0,418.0,418.0,418.0,418.0,418.0,418.0,418.0,418.0,418.0,418.0,418.0,418.0,418.0,418.0,418.0,458.0,524.0,611.0,707.0,800.0,875.0,920.0,933.0,933.0,933.0,933.0,933.0,933.0,933.0,933.0,933.0,933.0,933.0,933.0,933.0,933.0,933.0,933.0,933.0,967.0,994.0,1018.0,1036.0,1041.0,1041.0,1041.0,1041.0,1041.0,1041.0,1041.0,1041.0,1041.0,1041.0,1041.0,1041.0,1041.0,1041.0,1041.0,1041.0,1041.0,1041.0,1041.0,1041.0,1079.0,1165.0,1287.0,1431.0,1579.0,1713.0,1815.0,1877.0,1900.0,1900.0,1900.0,1900.0,1900.0,1900.0,1900.0,1900.0,1900.0,1900.0,1900.0,1900.0,1900.0,1900.0,1900.0,1900.0,1936.0,1994.0,2073.0,2160.0,2241.0,2302.0,2333.0,2335.0,2335.0,2335.0,2335.0,2335.0,2335.0,2335.0,2335.0,2335.0,2335.0,30,January 30,Carpentras
0.004900084225507261,1.4398206841622998,1.4764250902913856,2.001024857556492,2.001024857556492,0.5250144709470416,0.6355829797940875,5.002338821931756,5.002338821931756,0.6263578359812614,0.7032303088442959,4.053166090466658,4.053166090466658,0.5815466328775839,0.6684101887275883,2.7181146160289167,2.7181146160289167,0.3492173737053996,0.8532701493817544,11.561666666666667,0.2173573756855874,0.2173573756855874,812.0585267406659,2.23,2.4299999999999997,2.563333333333333,2.355,1.95,1.5466666666666666,1.33,1.08,0.8744444444444444,0.6900000000000001,0.6027272727272728,0.6383333333333333,0.8530769230769231,1.1014285714285716,1.4633333333333334,1.8862500000000002,2.4123529411764704,2.9466666666666663,3.451052631578947,3.9050000000000002,4.272857142857142,4.620909090909091,4.877826086956522,5.08,5.254,5.349230769230768,5.4151851851851855,5.40142857142857,5.323103448275862,5.25,5.168709677419355,5.120625,5.13,5.174117647058823,5.2214285714285715,5.285555555555556,5.389459459459459,5.477368421052632,5.555641025641025,5.6725,5.8324390243902435,5.989523809523809,6.125348837209302,6.1890909090909085,6.234444444444445,6.271304347826086,6.244893617021275,6.207083333333333,6.178979591836734,6.146,6.114313725490196,6.055000000000001,5.994150943396227,5.90037037037037,5.817272727272726,5.7246428571428565,5.649298245614035,5.605862068965517,5.587627118644068,5.571666666666667,5.569344262295083,5.581612903225806,5.614126984126983,5.670624999999999,5.765384615384616,5.880000000000001,5.998656716417911,6.109411764705882,6.17927536231884,6.234285714285714,6.235633802816901,6.186944444444445,6.1135616438356175,6.017837837837838,5.892666666666667,5.737894736842105,5.587142857142857,5.453076923076923,5.355316455696202,5.28125,5.218888888888889,5.183658536585366,5.15289156626506,5.13,5.122941176470588,5.12186046511628,5.126551724137931,5.126590909090909,5.137865168539326,5.162222222222223,5.176153846153847,5.174565217391305,5.1708602150537635,5.149148936170213,5.1078947368421055,5.038333333333333,4.970206185567011,4.903469387755102,4.827979797979798,4.748,4.6755445544554455,4.60156862745098,4.53388349514563,4.465576923076923,4.394761904761905,4.33,4.256168224299065,4.195740740740741,4.154770642201835,4.139090909090909,4.15072072072072,4.181785714285715,4.216725663716814,4.258070175438597,4.305652173913043,4.3420689655172415,4.375299145299145,4.409661016949153,4.442605042016807,4.45,4.446528925619835,4.443934426229509,4.450325203252033,4.449354838709677,4.443600000000001,4.435555555555556,4.4213385826771665,4.40265625,31.583333333333332,379.0,0.0,0.0,0.0,0.0,0.0,0.0,0.0,0.0,0.0,0.0,0.0,0.0,0.0,0.0,0.0,41.0,116.0,219.0,336.0,451.0,548.0,614.0,644.0,649.0,649.0,649.0,649.0,649.0,649.0,649.0,649.0,649.0,649.0,649.0,649.0,649.0,649.0,649.0,649.0,686.0,746.0,824.0,908.0,984.0,1040.0,1067.0,1067.0,1067.0,1067.0,1067.0,1067.0,1067.0,1067.0,1067.0,1067.0,1067.0,1067.0,1067.0,1067.0,1067.0,1067.0,1067.0,1067.0,1107.0,1173.0,1260.0,1356.0,1449.0,1524.0,1569.0,1582.0,1582.0,1582.0,1582.0,1582.0,1582.0,1582.0,1582.0,1582.0,1582.0,1582.0,1582.0,1582.0,1582.0,1582.0,1582.0,1582.0,1616.0,1643.0,1667.0,1685.0,1690.0,1690.0,1690.0,1690.0,1690.0,1690.0,1690.0,1690.0,1690.0,1690.0,1690.0,1690.0,1690.0,1690.0,1690.0,1690.0,1690.0,1690.0,1690.0,1690.0,1728.0,1814.0,1936.0,2080.0,2228.0,2362.0,2464.0,2526.0,2549.0,2549.0,2549.0,2549.0,2549.0,2549.0,2549.0,2549.0,2549.0,31,January 31,Carpentras
0.004900084225507261,1.4398206841622998,1.4764250902913856,2.001024857556492,2.001024857556492,0.5250144709470416,0.6355829797940875,5.002338821931756,5.002338821931756,0.6263578359812614,0.7032303088442959,4.053166090466658,4.053166090466658,0.5815466328775839,0.6684101887275883,2.7181146160289167,2.7181146160289167,0.3492173737053996,0.8532701493817544,8.153333333333334,0.29816835981812356,0.29816835981812356,865.9648405560097,4.93,5.08,4.696666666666666,4.605,4.2299999999999995,3.9966666666666666,3.8300000000000005,3.68,3.718888888888889,3.7600000000000002,3.911818181818181,4.163333333333333,4.568461538461538,5.037142857142858,5.463333333333335,5.84875,6.241764705882353,6.529999999999999,6.651052631578947,6.710000000000001,6.677619047619047,6.593636363636364,6.460434782608695,6.300833333333333,6.138,6.003076923076923,5.885555555555555,5.7371428571428575,5.550689655172413,5.35,5.178387096774196,4.995625,4.820909090909091,4.6505882352941175,4.51,4.413333333333333,4.386756756756757,4.385263157894737,4.440256410256412,4.534999999999999,4.6885365853658545,4.863333333333332,5.041627906976744,5.211818181818182,5.354444444444445,5.497391304347826,5.604468085106384,5.690416666666667,5.7667346938775506,5.806,5.831960784313726,5.816538461538461,5.765849056603774,5.717037037037038,5.662727272727272,5.626428571428571,5.622982456140352,5.640344827586207,5.660508474576272,5.691666666666667,5.748032786885247,5.796129032258064,5.8395238095238104,5.908125,6.0053846153846155,6.1027272727272734,6.188208955223882,6.228529411764706,6.257536231884059,6.281428571428572,6.263802816901409,6.238333333333333,6.219041095890411,6.196216216216217,6.174000000000001,6.132631578947368,6.08974025974026,6.023589743589744,5.964177215189873,5.897499999999999,5.842345679012345,5.809268292682927,5.793855421686747,5.78,5.775882352941176,5.782325581395349,5.803563218390805,5.842500000000001,5.9097752808988755,5.992222222222222,6.078351648351647,6.1593478260869565,6.210645161290323,6.251276595744681,6.252105263157895,6.215416666666667,6.159896907216495,6.087142857142858,5.991616161616161,5.872999999999999,5.756732673267326,5.652549019607843,5.575631067961166,5.516538461538461,5.466190476190476,5.436603773584905,5.4103738317757,5.390185185185185,5.382293577981651,5.37909090909091,5.380450450450451,5.378214285714286,5.384867256637167,5.401929824561403,5.41086956521739,5.407586206896552,5.4026495726495725,5.383389830508475,5.348487394957983,5.290833333333334,5.234132231404959,5.178360655737704,5.1153658536585365,5.048548387096774,4.9876,4.925238095238095,4.867795275590552,4.8096875,52.916666666666664,635.0,0.0,0.0,0.0,0.0,0.0,0.0,0.0,0.0,0.0,0.0,0.0,0.0,0.0,0.0,0.0,38.0,93.0,163.0,240.0,312.0,362.0,379.0,379.0,379.0,379.0,379.0,379.0,379.0,379.0,379.0,379.0,379.0,379.0,379.0,379.0,379.0,379.0,379.0,379.0,420.0,495.0,598.0,715.0,830.0,927.0,993.0,1023.0,1028.0,1028.0,1028.0,1028.0,1028.0,1028.0,1028.0,1028.0,1028.0,1028.0,1028.0,1028.0,1028.0,1028.0,1028.0,1028.0,1065.0,1125.0,1203.0,1287.0,1363.0,1419.0,1446.0,1446.0,1446.0,1446.0,1446.0,1446.0,1446.0,1446.0,1446.0,1446.0,1446.0,1446.0,1446.0,1446.0,1446.0,1446.0,1446.0,1446.0,1486.0,1552.0,1639.0,1735.0,1828.0,1903.0,1948.0,1961.0,1961.0,1961.0,1961.0,1961.0,1961.0,1961.0,1961.0,1961.0,1961.0,1961.0,1961.0,1961.0,1961.0,1961.0,1961.0,1961.0,1995.0,2022.0,2046.0,2064.0,2069.0,2069.0,2069.0,2069.0,2069.0,2069.0,2069.0,2069.0,2069.0,2069.0,2069.0,2069.0,2069.0,32,February 1,Carpentras
0.004900084225507261,1.4398206841622998,1.4764250902913856,2.001024857556492,2.001024857556492,0.5250144709470416,0.6355829797940875,5.002338821931756,5.002338821931756,0.6263578359812614,0.7032303088442959,4.053166090466658,4.053166090466658,0.5815466328775839,0.6684101887275883,2.7181146160289167,2.7181146160289167,0.3492173737053996,0.8532701493817544,9.603333333333332,0.046339395252123286,0.046339395252123286,697.9781325928498,5.93,4.98,4.3966666666666665,4.33,4.6899999999999995,5.046666666666667,5.401428571428572,5.6425,5.93,6.220000000000001,6.457272727272727,6.805,7.183846153846153,7.637142857142856,8.09,8.4925,8.871176470588235,9.14111111111111,9.387894736842105,9.569999999999999,9.629999999999999,9.58,9.460434782608695,9.325833333333334,9.15,8.999230769230769,8.811481481481481,8.651428571428571,8.447241379310343,8.26,8.084838709677419,7.914375000000001,7.796666666666667,7.688823529411765,7.6242857142857146,7.605,7.654324324324324,7.7457894736842094,7.840256410256409,7.9350000000000005,8.047073170731707,8.127619047619046,8.143953488372093,8.136818181818184,8.09,8.019130434782609,7.923617021276595,7.8133333333333335,7.69938775510204,7.598,7.504509803921568,7.393461538461538,7.2601886792452826,7.1170370370370355,6.9881818181818165,6.8514285714285705,6.717719298245615,6.585172413793104,6.468983050847457,6.378333333333333,6.329999999999999,6.297741935483869,6.30142857142857,6.3315625,6.400769230769231,6.486060606060605,6.576268656716418,6.663823529411765,6.7357971014492755,6.809999999999999,6.862394366197182,6.902222222222223,6.936849315068492,6.947567567567566,6.949999999999998,6.924736842105263,6.875454545454545,6.827435897435897,6.775569620253163,6.736250000000001,6.720123456790122,6.719024390243901,6.720361445783132,6.7299999999999995,6.758235294117647,6.781162790697674,6.801264367816091,6.840227272727272,6.900786516853932,6.9622222222222225,7.015714285714285,7.036521739130434,7.049354838709677,7.058723404255319,7.037368421052631,7.010208333333334,6.987731958762885,6.962653061224489,6.938080808080808,6.898999999999998,6.8587128712871275,6.800588235294117,6.74747572815534,6.688653846153846,6.638571428571428,6.605471698113207,6.586074766355139,6.567962962962962,6.557522935779816,6.555454545454545,6.565135135135134,6.588928571428572,6.635309734513274,6.694035087719298,6.756086956521739,6.81448275862069,6.84965811965812,6.876610169491526,6.872016806722689,6.8375,6.787851239669422,6.724262295081967,6.64219512195122,6.541290322580644,6.442,6.352222222222222,6.284330708661417,6.23078125,49.0,588.0,0.0,0.0,0.0,0.0,0.0,0.0,0.0,0.0,0.0,0.0,0.0,0.0,0.0,0.0,0.0,44.0,119.0,220.0,334.0,447.0,542.0,605.0,633.0,635.0,635.0,635.0,635.0,635.0,635.0,635.0,635.0,635.0,635.0,635.0,635.0,635.0,635.0,635.0,635.0,673.0,728.0,798.0,875.0,947.0,997.0,1014.0,1014.0,1014.0,1014.0,1014.0,1014.0,1014.0,1014.0,1014.0,1014.0,1014.0,1014.0,1014.0,1014.0,1014.0,1014.0,1014.0,1014.0,1055.0,1130.0,1233.0,1350.0,1465.0,1562.0,1628.0,1658.0,1663.0,1663.0,1663.0,1663.0,1663.0,1663.0,1663.0,1663.0,1663.0,1663.0,1663.0,1663.0,1663.0,1663.0,1663.0,1663.0,1700.0,1760.0,1838.0,1922.0,1998.0,2054.0,2081.0,2081.0,2081.0,2081.0,2081.0,2081.0,2081.0,2081.0,2081.0,2081.0,2081.0,2081.0,2081.0,2081.0,2081.0,2081.0,2081.0,2081.0,2121.0,2187.0,2274.0,2370.0,2463.0,2538.0,2583.0,2596.0,2596.0,2596.0,2596.0,2596.0,2596.0,2596.0,2596.0,2596.0,2596.0,33,February 2,Carpentras
0.004900084225507261,1.4398206841622998,1.4764250902913856,2.001024857556492,2.001024857556492,0.5250144709470416,0.6355829797940875,5.002338821931756,5.002338821931756,0.6263578359812614,0.7032303088442959,4.053166090466658,4.053166090466658,0.5815466328775839,0.6684101887275883,2.7181146160289167,2.7181146160289167,0.3492173737053996,0.8532701493817544,8.670000000000002,0.19491453916577367,0.19491453916577367,797.0876585928488,5.53,5.78,6.13,6.505000000000001,6.510000000000001,6.446666666666666,6.358571428571429,6.317500000000001,6.33,6.18,6.057272727272727,6.055,6.206923076923077,6.465714285714285,6.763333333333333,7.08,7.418235294117648,7.735555555555556,7.919473684210526,8.105,8.215714285714288,8.284545454545455,8.308260869565217,8.225833333333334,8.134,7.9761538461538475,7.800370370370371,7.6692857142857145,7.6162068965517244,7.590000000000001,7.588064516129033,7.58,7.59969696969697,7.635882352941176,7.669999999999998,7.75222222222222,7.859729729729727,8.00894736842105,8.17358974358974,8.3325,8.49341463414634,8.618095238095236,8.739302325581393,8.836818181818181,8.881111111111109,8.873478260869563,8.829999999999997,8.775833333333333,8.69734693877551,8.628,8.535882352941176,8.455,8.34698113207547,8.244814814814813,8.146363636363633,8.047857142857143,7.977368421052632,7.91103448275862,7.868983050847456,7.853333333333333,7.879180327868851,7.931612903225806,7.987142857142855,8.044062499999999,8.113076923076921,8.163333333333332,8.173283582089553,8.168235294117649,8.137246376811595,8.09,8.025774647887323,7.950833333333334,7.872465753424657,7.801621621621621,7.735333333333333,7.656315789473683,7.56116883116883,7.458205128205127,7.364177215189873,7.263749999999999,7.164567901234567,7.065365853658536,6.976987951807229,6.906190476190475,6.865294117647058,6.835813953488372,6.8322988505747135,6.8481818181818195,6.892921348314607,6.95,7.011318681318681,7.071304347826087,7.12032258064516,7.171489361702128,7.206842105263157,7.2331249999999985,7.255773195876288,7.260612244897959,7.259292929292929,7.236999999999999,7.196336633663366,7.156470588235293,7.1134951456310676,7.079999999999999,7.064285714285714,7.0601886792452815,7.058037383177569,7.062407407407408,7.0813761467889895,7.096363636363636,7.109279279279278,7.137142857142857,7.18221238938053,7.228245614035086,7.268260869565217,7.282586206896552,7.290683760683761,7.2961016949152535,7.277058823529411,7.253333333333333,7.233305785123966,7.211147540983606,7.189349593495935,7.155806451612903,7.121199999999999,7.072063492063491,7.026850393700786,6.976875,37.75,453.0,0.0,0.0,0.0,0.0,0.0,0.0,0.0,0.0,0.0,0.0,0.0,0.0,0.0,0.0,0.0,43.0,116.0,213.0,321.0,425.0,511.0,567.0,588.0,588.0,588.0,588.0,588.0,588.0,588.0,588.0,588.0,588.0,588.0,588.0,588.0,588.0,588.0,588.0,588.0,632.0,707.0,808.0,922.0,1035.0,1130.0,1193.0,1221.0,1223.0,1223.0,1223.0,1223.0,1223.0,1223.0,1223.0,1223.0,1223.0,1223.0,1223.0,1223.0,1223.0,1223.0,1223.0,1223.0,1261.0,1316.0,1386.0,1463.0,1535.0,1585.0,1602.0,1602.0,1602.0,1602.0,1602.0,1602.0,1602.0,1602.0,1602.0,1602.0,1602.0,1602.0,1602.0,1602.0,1602.0,1602.0,1602.0,1602.0,1643.0,1718.0,1821.0,1938.0,2053.0,2150.0,2216.0,2246.0,2251.0,2251.0,2251.0,2251.0,2251.0,2251.0,2251.0,2251.0,2251.0,2251.0,2251.0,2251.0,2251.0,2251.0,2251.0,2251.0,2288.0,2348.0,2426.0,2510.0,2586.0,2642.0,2669.0,2669.0,2669.0,2669.0,2669.0,2669.0,2669.0,2669.0,2669.0,2669.0,2669.0,34,February 3,Carpentras
0.004900084225507261,1.4398206841622998,1.4764250902913856,2.001024857556492,2.001024857556492,0.5250144709470416,0.6355829797940875,5.002338821931756,5.002338821931756,0.6263578359812614,0.7032303088442959,4.053166090466658,4.053166090466658,0.5815466328775839,0.6684101887275883,2.7181146160289167,2.7181146160289167,0.3492173737053996,0.8532701493817544,10.245,0.017508089582560716,0.017508089582560716,678.7457296242069,7.63,7.83,7.663333333333334,7.805000000000001,7.87,7.530000000000001,7.158571428571429,6.98,6.785555555555556,6.68,6.748181818181817,7.071666666666666,7.491538461538462,8.015714285714285,8.51,8.842500000000001,9.147647058823528,9.402222222222221,9.572105263157894,9.575000000000001,9.506190476190476,9.420909090909092,9.34304347826087,9.200833333333334,9.054,8.937692307692307,8.85962962962963,8.815714285714286,8.736896551724138,8.65,8.559032258064518,8.48,8.417878787878788,8.31235294117647,8.212857142857144,8.152222222222223,8.148918918918918,8.193157894736842,8.263333333333334,8.352500000000001,8.46170731707317,8.572857142857142,8.634651162790696,8.702727272727271,8.741111111111111,8.762608695652172,8.764042553191489,8.713333333333333,8.656530612244898,8.564,8.459411764705882,8.376153846153848,8.33377358490566,8.305925925925926,8.291818181818181,8.274642857142856,8.273859649122807,8.283448275862069,8.29271186440678,8.331666666666669,8.387377049180328,8.470322580645162,8.564920634920636,8.658125,8.754615384615386,8.83,8.904626865671641,8.96529411764706,8.99231884057971,8.985714285714286,8.955352112676056,8.9175,8.862876712328767,8.813783783783784,8.748666666666669,8.690526315789475,8.613116883116884,8.53897435897436,8.466708860759494,8.39375,8.339876543209877,8.288536585365854,8.25409638554217,8.238333333333333,8.252352941176472,8.285813953488372,8.321954022988505,8.359545454545454,8.406404494382022,8.44,8.444285714285716,8.437608695652173,8.411720430107527,8.373617021276596,8.322631578947368,8.263333333333334,8.201134020618557,8.144285714285715,8.090606060606062,8.027000000000001,7.95079207920792,7.868235294117646,7.792135922330098,7.71076923076923,7.63,7.5488679245283015,7.4757943925233645,7.416111111111111,7.37954128440367,7.3518181818181825,7.3444144144144135,7.352321428571429,7.383097345132743,7.423859649122806,7.468260869565216,7.511896551724138,7.547094017094017,7.5842372881355935,7.6089915966386545,7.626666666666667,7.641570247933884,7.642295081967213,7.6381300813008135,7.6170967741935485,7.5812,7.545873015873016,7.507952755905511,7.47765625,39.083333333333336,469.0,0.0,0.0,0.0,0.0,0.0,0.0,0.0,0.0,0.0,0.0,0.0,0.0,0.0,0.0,0.0,40.0,103.0,186.0,276.0,359.0,422.0,453.0,453.0,453.0,453.0,453.0,453.0,453.0,453.0,453.0,453.0,453.0,453.0,453.0,453.0,453.0,453.0,453.0,453.0,496.0,569.0,666.0,774.0,878.0,964.0,1020.0,1041.0,1041.0,1041.0,1041.0,1041.0,1041.0,1041.0,1041.0,1041.0,1041.0,1041.0,1041.0,1041.0,1041.0,1041.0,1041.0,1041.0,1085.0,1160.0,1261.0,1375.0,1488.0,1583.0,1646.0,1674.0,1676.0,1676.0,1676.0,1676.0,1676.0,1676.0,1676.0,1676.0,1676.0,1676.0,1676.0,1676.0,1676.0,1676.0,1676.0,1676.0,1714.0,1769.0,1839.0,1916.0,1988.0,2038.0,2055.0,2055.0,2055.0,2055.0,2055.0,2055.0,2055.0,2055.0,2055.0,2055.0,2055.0,2055.0,2055.0,2055.0,2055.0,2055.0,2055.0,2055.0,2096.0,2171.0,2274.0,2391.0,2506.0,2603.0,2669.0,2699.0,2704.0,2704.0,2704.0,2704.0,2704.0,2704.0,2704.0,2704.0,2704.0,35,February 4,Carpentras
0.004900084225507261,1.4398206841622998,1.4764250902913856,2.001024857556492,2.001024857556492,0.5250144709470416,0.6355829797940875,5.002338821931756,5.002338821931756,0.6263578359812614,0.7032303088442959,4.053166090466658,4.053166090466658,0.5815466328775839,0.6684101887275883,2.7181146160289167,2.7181146160289167,0.3492173737053996,0.8532701493817544,12.428333333333333,0.03150862600315634,0.03150862600315634,688.0850207858389,4.63,3.73,3.3633333333333333,3.2299999999999995,2.7700000000000005,2.3466666666666662,2.087142857142857,2.3675,2.7744444444444443,3.08,3.4572727272727275,3.8633333333333333,4.322307692307692,4.7871428571428565,5.216666666666667,5.63625,6.0711764705882345,6.407777777777778,6.66157894736842,6.755,6.777619047619048,6.784545454545454,6.812608695652174,6.809166666666666,6.8420000000000005,6.8876923076923084,6.904074074074074,6.951428571428572,6.992068965517243,6.953333333333334,6.888064516129033,6.851875,6.802727272727273,6.771176470588236,6.79,6.8966666666666665,7.048918918918919,7.253684210526315,7.463333333333332,7.6225,7.778780487804877,7.920476190476189,8.03,8.066363636363635,8.067777777777776,8.058260869565217,8.049148936170212,8.004999999999999,7.954489795918367,7.9159999999999995,7.894705882352941,7.889615384615383,7.863962264150943,7.8318518518518525,7.795454545454544,7.763928571428572,7.740526315789475,7.690344827586207,7.6418644067796615,7.614999999999999,7.621803278688525,7.6574193548387095,7.709365079365079,7.773750000000001,7.851538461538462,7.931515151515152,7.980746268656717,8.034411764705885,8.06913043478261,8.092857142857145,8.103239436619718,8.078611111111112,8.049178082191782,7.994864864864867,7.931333333333334,7.8813157894736845,7.8585714285714285,7.845384615384616,7.841392405063291,7.834999999999999,7.839876543209877,7.851951219512196,7.863734939759037,7.896666666666667,7.9417647058823535,8.006744186046513,8.08057471264368,8.153863636363637,8.23,8.291111111111112,8.351978021978024,8.402826086956523,8.428924731182796,8.430000000000001,8.413157894736843,8.390416666666667,8.354742268041237,8.322857142857144,8.27848484848485,8.239,8.184455445544554,8.131960784313726,8.080485436893204,8.028076923076924,7.990000000000001,7.953584905660379,7.930000000000001,7.920740740740741,7.934587155963303,7.963636363636365,7.994864864864865,8.027321428571428,8.067168141592921,8.096666666666666,8.10304347826087,8.100689655172415,8.082991452991454,8.05542372881356,8.017394957983194,7.9725,7.9250413223140495,7.881639344262296,7.840569105691057,7.791290322580645,7.731599999999999,7.666507936507936,7.6063779527559054,7.541718749999999,56.75,681.0,0.0,0.0,0.0,0.0,0.0,0.0,0.0,0.0,0.0,0.0,0.0,0.0,0.0,0.0,0.0,41.0,105.0,189.0,282.0,369.0,435.0,468.0,469.0,469.0,469.0,469.0,469.0,469.0,469.0,469.0,469.0,469.0,469.0,469.0,469.0,469.0,469.0,469.0,469.0,509.0,572.0,655.0,745.0,828.0,891.0,922.0,922.0,922.0,922.0,922.0,922.0,922.0,922.0,922.0,922.0,922.0,922.0,922.0,922.0,922.0,922.0,922.0,922.0,965.0,1038.0,1135.0,1243.0,1347.0,1433.0,1489.0,1510.0,1510.0,1510.0,1510.0,1510.0,1510.0,1510.0,1510.0,1510.0,1510.0,1510.0,1510.0,1510.0,1510.0,1510.0,1510.0,1510.0,1554.0,1629.0,1730.0,1844.0,1957.0,2052.0,2115.0,2143.0,2145.0,2145.0,2145.0,2145.0,2145.0,2145.0,2145.0,2145.0,2145.0,2145.0,2145.0,2145.0,2145.0,2145.0,2145.0,2145.0,2183.0,2238.0,2308.0,2385.0,2457.0,2507.0,2524.0,2524.0,2524.0,2524.0,2524.0,2524.0,2524.0,2524.0,2524.0,2524.0,2524.0,36,February 5,Carpentras
0.004900084225507261,1.4398206841622998,1.4764250902913856,2.001024857556492,2.001024857556492,0.5250144709470416,0.6355829797940875,5.002338821931756,5.002338821931756,0.6263578359812614,0.7032303088442959,4.053166090466658,4.053166090466658,0.5815466328775839,0.6684101887275883,2.7181146160289167,2.7181146160289167,0.3492173737053996,0.8532701493817544,12.495,0.14653096897363765,0.14653096897363765,764.812591703348,3.73,2.23,1.93,1.655,1.49,1.2466666666666668,1.2300000000000002,1.3050000000000002,1.4411111111111112,1.65,1.848181818181818,2.188333333333333,2.5915384615384616,3.1014285714285705,3.5499999999999994,3.9987500000000002,4.353529411764706,4.607777777777779,4.835263157894737,4.980000000000001,5.010952380952381,4.989090909090909,4.960434782608695,4.88,4.870000000000001,4.791538461538462,4.711481481481481,4.644285714285715,4.516206896551724,4.373333333333333,4.249354838709677,4.251875,4.305757575757576,4.3505882352941185,4.432857142857143,4.541111111111111,4.684054054054055,4.845789473684212,5.00948717948718,5.1825,5.37390243902439,5.534761904761904,5.66720930232558,5.732272727272727,5.765555555555556,5.79086956521739,5.825744680851063,5.844583333333333,5.881020408163265,5.924000000000001,5.951568627450981,5.995384615384615,6.035660377358491,6.031851851851851,6.011818181818182,6.006785714285714,5.993157894736842,5.988620689655173,6.013050847457627,6.09,6.195573770491803,6.334838709677419,6.479206349206348,6.5940625,6.708461538461538,6.814848484848485,6.901641791044777,6.9417647058823535,6.958985507246377,6.968571428571429,6.977887323943662,6.963333333333334,6.9436986301369865,6.931351351351353,6.9300000000000015,6.939210526315791,6.933896103896107,6.923589743589746,6.909746835443039,6.89875,6.892962962962963,6.867804878048782,6.843253012048194,6.83357142857143,6.84764705882353,6.882325581395351,6.928850574712646,6.984545454545454,7.050224719101124,7.117777777777779,7.162967032967034,7.211521739130435,7.246129032258067,7.272553191489364,7.288947368421054,7.278958333333333,7.265051546391753,7.23204081632653,7.191616161616163,7.161000000000001,7.150792079207922,7.147647058823531,7.151359223300973,7.153076923076924,7.163333333333334,7.179056603773586,7.1944859813084125,7.226296296296298,7.2676146788990845,7.324545454545456,7.388558558558561,7.452321428571429,7.51849557522124,7.572982456140351,7.627391304347827,7.673965517241381,7.700940170940174,7.707966101694917,7.70058823529412,7.688333333333334,7.665537190082646,7.645573770491804,7.615365853658538,7.588870967741937,7.550000000000002,7.512539682539684,7.475669291338584,7.437812500000001,11.583333333333334,139.0,0.0,0.0,0.0,0.0,0.0,0.0,0.0,0.0,0.0,0.0,0.0,0.0,0.0,0.0,0.0,46.0,126.0,234.0,356.0,475.0,575.0,643.0,675.0,681.0,681.0,681.0,681.0,681.0,681.0,681.0,681.0,681.0,681.0,681.0,681.0,681.0,681.0,681.0,681.0,722.0,786.0,870.0,963.0,1050.0,1116.0,1149.0,1150.0,1150.0,1150.0,1150.0,1150.0,1150.0,1150.0,1150.0,1150.0,1150.0,1150.0,1150.0,1150.0,1150.0,1150.0,1150.0,1150.0,1190.0,1253.0,1336.0,1426.0,1509.0,1572.0,1603.0,1603.0,1603.0,1603.0,1603.0,1603.0,1603.0,1603.0,1603.0,1603.0,1603.0,1603.0,1603.0,1603.0,1603.0,1603.0,1603.0,1603.0,1646.0,1719.0,1816.0,1924.0,2028.0,2114.0,2170.0,2191.0,2191.0,2191.0,2191.0,2191.0,2191.0,2191.0,2191.0,2191.0,2191.0,2191.0,2191.0,2191.0,2191.0,2191.0,2191.0,2191.0,2235.0,2310.0,2411.0,2525.0,2638.0,2733.0,2796.0,2824.0,2826.0,2826.0,2826.0,2826.0,2826.0,2826.0,2826.0,2826.0,2826.0,37,February 6,Carpentras
0.004900084225507261,1.4398206841622998,1.4764250902913856,2.001024857556492,2.001024857556492,0.5250144709470416,0.6355829797940875,5.002338821931756,5.002338821931756,0.6263578359812614,0.7032303088442959,4.053166090466658,4.053166090466658,0.5815466328775839,0.6684101887275883,2.7181146160289167,2.7181146160289167,0.3492173737053996,0.8532701493817544,6.944999999999999,0.5485309246417593,0.5485309246417593,1032.9733621310297,3.83,2.38,1.3633333333333333,0.33000000000000007,-0.19000000000000003,-0.6200000000000001,-0.6557142857142857,-0.6575,-0.5477777777777777,-0.3000000000000001,0.03909090909090918,0.355,0.7223076923076923,1.1657142857142857,1.6166666666666667,2.1487499999999997,2.6358823529411763,3.03,3.3668421052631574,3.645000000000001,3.7538095238095246,3.8618181818181827,3.9213043478260876,3.9299999999999997,3.9219999999999997,3.79923076923077,3.707777777777778,3.6050000000000004,3.5093103448275866,3.393333333333334,3.3203225806451617,3.27375,3.2512121212121214,3.2594117647058827,3.275714285714286,3.349444444444445,3.4597297297297303,3.6247368421052633,3.7838461538461536,3.9575000000000005,4.105609756097561,4.220476190476191,4.330000000000001,4.407272727272727,4.434444444444445,4.436521739130435,4.434255319148936,4.405,4.409591836734695,4.378000000000001,4.343725490196079,4.314615384615386,4.250754716981133,4.176296296296297,4.11,4.113928571428572,4.147543859649122,4.176551724137932,4.228305084745764,4.296666666666667,4.387377049180328,4.491290322580646,4.598253968253969,4.7128125,4.84076923076923,4.951212121212121,5.044925373134327,5.096176470588235,5.127101449275363,5.152857142857143,5.184929577464789,5.206388888888889,5.23958904109589,5.277297297297297,5.304666666666666,5.343157894736842,5.379350649350649,5.385128205128205,5.379367088607595,5.38375,5.381851851851851,5.386097560975609,5.410722891566265,5.472857142857142,5.555882352941176,5.663720930232558,5.775977011494253,5.867500000000001,5.959213483146067,6.045555555555556,6.117912087912088,6.156086956521739,6.1773118279569905,6.1927659574468095,6.207894736842105,6.205000000000001,6.1980412371134035,6.196326530612245,6.202727272727273,6.217000000000001,6.220099009900991,6.219215686274511,6.215436893203884,6.213653846153846,6.215714285714286,6.202641509433962,6.18981308411215,6.1883333333333335,6.205229357798166,6.23818181818182,6.280450450450451,6.33,6.387522123893806,6.446666666666667,6.4882608695652175,6.532586206896553,6.565897435897437,6.592711864406781,6.6115126050420185,6.609166666666668,6.603553719008265,6.582459016393443,6.555203252032521,6.535645161290324,6.532400000000001,6.534761904761907,6.542598425196851,6.54875,84.41666666666667,1013.0,1.0,1.0,1.0,1.0,1.0,1.0,1.0,1.0,1.0,1.0,1.0,1.0,1.0,1.0,1.0,29.0,60.0,96.0,126.0,140.0,140.0,140.0,140.0,140.0,140.0,140.0,140.0,140.0,140.0,140.0,140.0,140.0,140.0,140.0,140.0,140.0,140.0,140.0,140.0,186.0,266.0,374.0,496.0,615.0,715.0,783.0,815.0,821.0,821.0,821.0,821.0,821.0,821.0,821.0,821.0,821.0,821.0,821.0,821.0,821.0,821.0,821.0,821.0,862.0,926.0,1010.0,1103.0,1190.0,1256.0,1289.0,1290.0,1290.0,1290.0,1290.0,1290.0,1290.0,1290.0,1290.0,1290.0,1290.0,1290.0,1290.0,1290.0,1290.0,1290.0,1290.0,1290.0,1330.0,1393.0,1476.0,1566.0,1649.0,1712.0,1743.0,1743.0,1743.0,1743.0,1743.0,1743.0,1743.0,1743.0,1743.0,1743.0,1743.0,1743.0,1743.0,1743.0,1743.0,1743.0,1743.0,1743.0,1786.0,1859.0,1956.0,2064.0,2168.0,2254.0,2310.0,2331.0,2331.0,2331.0,2331.0,2331.0,2331.0,2331.0,2331.0,2331.0,2331.0,38,February 7,Carpentras
0.004900084225507261,1.4398206841622998,1.4764250902913856,2.001024857556492,2.001024857556492,0.5250144709470416,0.6355829797940875,5.002338821931756,5.002338821931756,0.6263578359812614,0.7032303088442959,4.053166090466658,4.053166090466658,0.5815466328775839,0.6684101887275883,2.7181146160289167,2.7181146160289167,0.3492173737053996,0.8532701493817544,5.195,0.5739353308130616,0.5739353308130616,1049.9197946743664,6.03,5.18,4.696666666666666,4.23,3.8300000000000005,3.68,3.801428571428571,4.005000000000001,4.318888888888889,4.75,5.220909090909091,5.571666666666665,6.068461538461539,6.587142857142858,7.156666666666668,7.717500000000001,8.306470588235294,8.73,9.061578947368423,9.340000000000002,9.482380952380954,9.511818181818184,9.48217391304348,9.313333333333334,9.094,8.780000000000001,8.43,8.030000000000001,7.674827586206896,7.326666666666668,7.062258064516129,6.820625,6.623939393939394,6.485882352941177,6.3985714285714295,6.327222222222223,6.294864864864865,6.311578947368421,6.353076923076924,6.4475,6.544634146341463,6.62047619047619,6.685813953488371,6.7368181818181805,6.7188888888888885,6.706086956521739,6.674680851063828,6.621666666666667,6.562653061224489,6.445999999999999,6.345686274509803,6.239615384615385,6.137547169811321,6.024444444444445,5.9354545454545455,5.862142857142857,5.803684210526315,5.764482758620688,5.731694915254238,5.734999999999999,5.762786885245901,5.8267741935483865,5.89031746031746,5.9659375,6.028461538461538,6.072424242424241,6.115074626865671,6.138823529411764,6.131449275362319,6.108571428571428,6.083521126760563,6.041111111111111,6.021780821917807,5.978648648648648,5.933999999999998,5.893157894736842,5.828701298701298,5.756923076923077,5.690759493670885,5.67375,5.678148148148147,5.679999999999999,5.69867469879518,5.7299999999999995,5.778235294117647,5.836976744186046,5.89896551724138,5.9675,6.046853932584268,6.114444444444444,6.17065934065934,6.1963043478260875,6.207419354838709,6.215106382978724,6.227894736842105,6.233125,6.247525773195876,6.265714285714287,6.276464646464646,6.296,6.314158415841584,6.3094117647058825,6.296019417475728,6.290576923076923,6.2804761904761905,6.275283018867925,6.28607476635514,6.326296296296296,6.383211009174313,6.46,6.540810810810811,6.605892857142857,6.671592920353982,6.7335087719298246,6.784782608695653,6.809310344827587,6.820598290598292,6.827457627118644,6.834201680672269,6.826666666666667,6.815950413223141,6.809508196721312,6.809674796747967,6.816290322580645,6.814000000000001,6.808571428571429,6.800866141732284,6.79484375,76.66666666666667,920.0,1.0,1.0,1.0,1.0,1.0,1.0,1.0,1.0,1.0,1.0,1.0,1.0,1.0,1.0,1.0,57.0,160.0,301.0,464.0,631.0,783.0,902.0,978.0,1013.0,1014.0,1014.0,1014.0,1014.0,1014.0,1014.0,1014.0,1014.0,1014.0,1014.0,1014.0,1014.0,1014.0,1014.0,1014.0,1042.0,1073.0,1109.0,1139.0,1153.0,1153.0,1153.0,1153.0,1153.0,1153.0,1153.0,1153.0,1153.0,1153.0,1153.0,1153.0,1153.0,1153.0,1153.0,1153.0,1153.0,1153.0,1153.0,1153.0,1199.0,1279.0,1387.0,1509.0,1628.0,1728.0,1796.0,1828.0,1834.0,1834.0,1834.0,1834.0,1834.0,1834.0,1834.0,1834.0,1834.0,1834.0,1834.0,1834.0,1834.0,1834.0,1834.0,1834.0,1875.0,1939.0,2023.0,2116.0,2203.0,2269.0,2302.0,2303.0,2303.0,2303.0,2303.0,2303.0,2303.0,2303.0,2303.0,2303.0,2303.0,2303.0,2303.0,2303.0,2303.0,2303.0,2303.0,2303.0,2343.0,2406.0,2489.0,2579.0,2662.0,2725.0,2756.0,2756.0,2756.0,2756.0,2756.0,2756.0,2756.0,2756.0,2756.0,2756.0,2756.0,39,February 8,Carpentras
0.004900084225507261,1.4398206841622998,1.4764250902913856,2.001024857556492,2.001024857556492,0.5250144709470416,0.6355829797940875,5.002338821931756,5.002338821931756,0.6263578359812614,0.7032303088442959,4.053166090466658,4.053166090466658,0.5815466328775839,0.6684101887275883,2.7181146160289167,2.7181146160289167,0.3492173737053996,0.8532701493817544,3.82,0.2484982832290152,0.2484982832290152,832.8315881326351,11.43,10.08,9.13,8.28,7.9300000000000015,7.496666666666666,7.258571428571428,7.342499999999999,7.7522222222222235,8.4,9.22090909090909,9.988333333333335,10.737692307692308,11.429999999999998,12.01,12.486249999999998,12.81235294117647,12.946666666666665,13.051052631578946,12.999999999999996,12.996666666666666,12.843636363636364,12.638695652173915,12.396666666666667,12.142000000000001,11.841538461538464,11.541111111111114,11.230000000000002,10.919655172413794,10.653333333333334,10.455806451612904,10.298750000000002,10.193636363636365,10.14764705882353,10.141428571428573,10.121666666666668,10.173243243243244,10.256315789473684,10.381282051282051,10.525,10.700731707317074,10.825238095238095,10.923023255813956,11.00727272727273,11.036666666666667,11.01695652173913,10.970425531914893,10.855000000000002,10.711632653061224,10.515999999999998,10.296666666666667,10.045384615384616,9.813018867924528,9.58,9.389999999999999,9.210357142857143,9.054561403508773,8.931724137931035,8.838474576271187,8.754999999999999,8.695573770491803,8.667096774193547,8.655396825396824,8.678437500000001,8.705384615384615,8.72090909090909,8.731492537313432,8.734411764705882,8.69376811594203,8.657142857142857,8.60887323943662,8.546666666666667,8.480684931506849,8.375945945945947,8.282,8.183947368421054,8.08844155844156,7.9851282051282055,7.898354430379749,7.8225,7.757160493827161,7.705609756097561,7.658915662650601,7.638333333333334,7.635882352941177,7.660232558139534,7.6851724137931035,7.719772727272726,7.745730337078652,7.758888888888889,7.771758241758242,7.771304347826088,7.748279569892474,7.714042553191491,7.678421052631581,7.63,7.599072164948454,7.550408163265305,7.50070707070707,7.454,7.3894059405940595,7.319215686274511,7.253300970873787,7.225192307692309,7.213809523809523,7.200754716981133,7.201028037383177,7.211481481481481,7.235504587155963,7.2681818181818185,7.303873873873875,7.345178571428571,7.395486725663717,7.437017543859649,7.47,7.479137931034483,7.4770085470085474,7.472372881355932,7.4720168067226895,7.465833333333334,7.467190082644627,7.471803278688525,7.470650406504065,7.476774193548387,7.481999999999999,7.4688888888888885,7.448897637795277,7.43546875,73.58333333333333,883.0,1.0,1.0,1.0,1.0,1.0,1.0,1.0,1.0,1.0,1.0,1.0,1.0,1.0,1.0,1.0,56.0,153.0,285.0,436.0,589.0,726.0,830.0,893.0,920.0,921.0,921.0,921.0,921.0,921.0,921.0,921.0,921.0,921.0,921.0,921.0,921.0,921.0,921.0,921.0,977.0,1080.0,1221.0,1384.0,1551.0,1703.0,1822.0,1898.0,1933.0,1934.0,1934.0,1934.0,1934.0,1934.0,1934.0,1934.0,1934.0,1934.0,1934.0,1934.0,1934.0,1934.0,1934.0,1934.0,1962.0,1993.0,2029.0,2059.0,2073.0,2073.0,2073.0,2073.0,2073.0,2073.0,2073.0,2073.0,2073.0,2073.0,2073.0,2073.0,2073.0,2073.0,2073.0,2073.0,2073.0,2073.0,2073.0,2073.0,2119.0,2199.0,2307.0,2429.0,2548.0,2648.0,2716.0,2748.0,2754.0,2754.0,2754.0,2754.0,2754.0,2754.0,2754.0,2754.0,2754.0,2754.0,2754.0,2754.0,2754.0,2754.0,2754.0,2754.0,2795.0,2859.0,2943.0,3036.0,3123.0,3189.0,3222.0,3223.0,3223.0,3223.0,3223.0,3223.0,3223.0,3223.0,3223.0,3223.0,3223.0,40,February 9,Carpentras
0.004900084225507261,1.4398206841622998,1.4764250902913856,2.001024857556492,2.001024857556492,0.5250144709470416,0.6355829797940875,5.002338821931756,5.002338821931756,0.6263578359812614,0.7032303088442959,4.053166090466658,4.053166090466658,0.5815466328775839,0.6684101887275883,2.7181146160289167,2.7181146160289167,0.3492173737053996,0.8532701493817544,9.253333333333332,-0.1547308646512379,0.1547308646512379,563.8508645533143,9.13,8.63,8.23,7.755000000000001,7.390000000000001,6.796666666666667,6.472857142857143,6.4675,6.852222222222222,7.24,7.6118181818181805,8.055,8.483846153846153,8.915714285714285,9.396666666666667,9.8675,10.259411764705883,10.68,11.07736842105263,11.385000000000002,11.701428571428574,11.94818181818182,12.086521739130434,12.1175,12.09,11.960769230769232,11.785555555555554,11.569285714285714,11.395517241379311,11.193333333333332,11.02032258064516,10.92375,10.926969696969698,11.024117647058823,11.207142857142856,11.407777777777776,11.632702702702703,11.864210526315789,12.076153846153844,12.265,12.405609756097562,12.472857142857142,12.529999999999996,12.518636363636363,12.527777777777775,12.46478260869565,12.37255319148936,12.257083333333332,12.13,11.973999999999998,11.812352941176469,11.639615384615384,11.46207547169811,11.304074074074073,11.18090909090909,11.078214285714285,11.003684210526314,10.962758620689653,10.945254237288133,10.92,10.938196721311474,10.976774193548387,11.042698412698412,11.1221875,11.223846153846155,11.295151515151515,11.350895522388061,11.399117647058825,11.412608695652173,11.394285714285715,11.358169014084508,11.275833333333335,11.173835616438357,11.035405405405406,10.879333333333333,10.699736842105262,10.5312987012987,10.36076923076923,10.218607594936708,10.0825,9.962098765432097,9.864146341463416,9.786626506024096,9.715714285714286,9.661764705882353,9.629999999999999,9.610459770114943,9.616363636363637,9.625505617977527,9.626666666666667,9.624505494505494,9.61695652173913,9.577311827956988,9.54063829787234,9.495263157894737,9.439375,9.380515463917526,9.292244897959183,9.211818181818183,9.128,9.045841584158415,8.957450980392156,8.881456310679612,8.813653846153846,8.753809523809524,8.704528301886793,8.658971962616823,8.633703703703704,8.622660550458715,8.632727272727271,8.643513513513515,8.662142857142857,8.67424778761062,8.676491228070175,8.678695652173914,8.67051724137931,8.644529914529913,8.609661016949152,8.573697478991596,8.5275,8.495289256198348,8.448852459016393,8.401544715447155,8.356612903225809,8.2972,8.233174603174604,8.172519685039372,8.1425,85.75,1029.0,4.0,4.0,4.0,4.0,4.0,4.0,4.0,4.0,4.0,4.0,4.0,4.0,4.0,4.0,4.0,58.0,154.0,283.0,430.0,577.0,707.0,805.0,863.0,886.0,887.0,887.0,887.0,887.0,887.0,887.0,887.0,887.0,887.0,887.0,887.0,887.0,887.0,887.0,887.0,942.0,1039.0,1171.0,1322.0,1475.0,1612.0,1716.0,1779.0,1806.0,1807.0,1807.0,1807.0,1807.0,1807.0,1807.0,1807.0,1807.0,1807.0,1807.0,1807.0,1807.0,1807.0,1807.0,1807.0,1863.0,1966.0,2107.0,2270.0,2437.0,2589.0,2708.0,2784.0,2819.0,2820.0,2820.0,2820.0,2820.0,2820.0,2820.0,2820.0,2820.0,2820.0,2820.0,2820.0,2820.0,2820.0,2820.0,2820.0,2848.0,2879.0,2915.0,2945.0,2959.0,2959.0,2959.0,2959.0,2959.0,2959.0,2959.0,2959.0,2959.0,2959.0,2959.0,2959.0,2959.0,2959.0,2959.0,2959.0,2959.0,2959.0,2959.0,2959.0,3005.0,3085.0,3193.0,3315.0,3434.0,3534.0,3602.0,3634.0,3640.0,3640.0,3640.0,3640.0,3640.0,3640.0,3640.0,3640.0,3640.0,41,February 10,Carpentras
0.004900084225507261,1.4398206841622998,1.4764250902913856,2.001024857556492,2.001024857556492,0.5250144709470416,0.6355829797940875,5.002338821931756,5.002338821931756,0.6263578359812614,0.7032303088442959,4.053166090466658,4.053166090466658,0.5815466328775839,0.6684101887275883,2.7181146160289167,2.7181146160289167,0.3492173737053996,0.8532701493817544,7.295,-0.19926385498378832,0.19926385498378832,534.144391135481,11.33,10.83,10.963333333333333,10.979999999999999,10.79,10.613333333333332,10.558571428571428,10.58,10.652222222222223,10.68,10.584545454545454,10.455,10.391538461538461,10.480000000000002,10.610000000000003,10.68,10.641764705882352,10.585555555555556,10.49842105263158,10.470000000000002,10.472857142857144,10.561818181818182,10.608260869565218,10.600833333333334,10.542,10.44923076923077,10.337407407407408,10.194285714285714,10.047241379310345,9.84,9.668709677419354,9.567499999999999,9.578484848484848,9.612352941176468,9.661428571428571,9.75222222222222,9.857027027027025,9.979999999999999,10.137692307692308,10.307500000000001,10.459268292682927,10.634761904761904,10.81139534883721,10.957272727272727,11.114444444444445,11.245217391304347,11.327872340425534,11.359166666666667,11.360612244897961,11.308000000000002,11.228039215686277,11.122307692307695,11.035660377358493,10.93,10.837272727272728,10.785357142857142,10.789649122807019,10.848965517241382,10.960508474576272,11.085000000000003,11.226721311475412,11.375161290322582,11.514126984126985,11.6409375,11.73923076923077,11.792121212121213,11.838955223880598,11.841764705882353,11.857536231884058,11.825714285714287,11.773661971830986,11.705,11.627260273972604,11.52864864864865,11.424666666666669,11.311578947368423,11.193636363636365,11.08769230769231,11.004683544303798,10.935,10.884320987654322,10.856829268292685,10.84566265060241,10.828809523809525,10.842941176470589,10.87186046511628,10.920804597701151,10.98,11.055842696629213,11.110000000000001,11.153076923076924,11.190869565217394,11.20311827956989,11.191702127659575,11.166842105263157,11.107083333333335,11.032061855670102,10.928979591836734,10.81181818181818,10.675999999999998,10.547821782178215,10.417254901960783,10.30766990291262,10.202115384615384,10.108095238095236,10.030943396226412,9.969252336448594,9.912407407407406,9.868532110091742,9.841818181818178,9.824594594594592,9.827321428571429,9.832654867256634,9.83175438596491,9.828260869565213,9.820517241379308,9.787264957264954,9.756271186440676,9.718235294117646,9.671666666666669,9.622561983471074,9.54967213114754,9.482845528455284,9.413064516129031,9.344399999999998,9.27047619047619,9.206377952755904,9.14875,93.25,1119.0,6.0,6.0,6.0,6.0,6.0,6.0,6.0,6.0,6.0,6.0,6.0,6.0,6.0,6.0,6.0,64.0,170.0,314.0,479.0,647.0,799.0,918.0,995.0,1031.0,1035.0,1035.0,1035.0,1035.0,1035.0,1035.0,1035.0,1035.0,1035.0,1035.0,1035.0,1035.0,1035.0,1035.0,1035.0,1089.0,1185.0,1314.0,1461.0,1608.0,1738.0,1836.0,1894.0,1917.0,1918.0,1918.0,1918.0,1918.0,1918.0,1918.0,1918.0,1918.0,1918.0,1918.0,1918.0,1918.0,1918.0,1918.0,1918.0,1973.0,2070.0,2202.0,2353.0,2506.0,2643.0,2747.0,2810.0,2837.0,2838.0,2838.0,2838.0,2838.0,2838.0,2838.0,2838.0,2838.0,2838.0,2838.0,2838.0,2838.0,2838.0,2838.0,2838.0,2894.0,2997.0,3138.0,3301.0,3468.0,3620.0,3739.0,3815.0,3850.0,3851.0,3851.0,3851.0,3851.0,3851.0,3851.0,3851.0,3851.0,3851.0,3851.0,3851.0,3851.0,3851.0,3851.0,3851.0,3879.0,3910.0,3946.0,3976.0,3990.0,3990.0,3990.0,3990.0,3990.0,3990.0,3990.0,3990.0,3990.0,3990.0,3990.0,3990.0,3990.0,42,February 11,Carpentras
0.004900084225507261,1.4398206841622998,1.4764250902913856,2.001024857556492,2.001024857556492,0.5250144709470416,0.6355829797940875,5.002338821931756,5.002338821931756,0.6263578359812614,0.7032303088442959,4.053166090466658,4.053166090466658,0.5815466328775839,0.6684101887275883,2.7181146160289167,2.7181146160289167,0.3492173737053996,0.8532701493817544,5.995000000000003,-0.1606579005057354,0.1606579005057354,559.8971365026408,12.03,11.18,10.729999999999999,10.305,10.11,9.78,9.515714285714285,9.4925,9.485555555555557,9.54,9.584545454545454,9.713333333333333,9.899230769230769,10.087142857142856,10.276666666666667,10.41125,10.500588235294117,10.541111111111112,10.57736842105263,10.700000000000001,10.896666666666667,11.048181818181819,11.14304347826087,11.209166666666667,11.213999999999999,11.18,11.181851851851851,11.17642857142857,11.136896551724137,11.089999999999998,11.062258064516127,11.051874999999999,11.057272727272727,11.053529411764703,11.012857142857142,10.957777777777775,10.921891891891889,10.940526315789471,10.978717948717946,10.997499999999999,10.973902439024389,10.941904761904762,10.895116279069766,10.873181818181818,10.865555555555552,10.899565217391302,10.915106382978724,10.905000000000001,10.868775510204081,10.814,10.747647058823532,10.662692307692309,10.573396226415094,10.44851851851852,10.340909090909093,10.271071428571428,10.265087719298245,10.273103448275863,10.291016949152544,10.335,10.389016393442626,10.455806451612904,10.545873015873015,10.645624999999999,10.736153846153849,10.843636363636364,10.953880597014926,11.046176470588236,11.14739130434783,11.232857142857146,11.28774647887324,11.309166666666666,11.31082191780822,11.275945945945947,11.222000000000001,11.149736842105265,11.089740259740262,11.015897435897436,10.950253164556962,10.9125,10.91395061728395,10.95439024390244,11.032409638554217,11.120476190476191,11.221764705882354,11.328837209302328,11.430000000000001,11.523181818181818,11.596292134831463,11.636666666666667,11.67285714285714,11.67673913043478,11.690215053763437,11.668297872340423,11.631052631578948,11.58104166666667,11.523814432989692,11.450408163265307,11.372424242424241,11.286999999999999,11.197326732673266,11.11627450980392,11.052330097087378,10.998269230769232,10.95857142857143,10.936603773584906,10.92719626168224,10.913333333333332,10.923577981651373,10.945454545454545,10.983153153153152,11.029107142857145,11.088407079646018,11.130877192982457,11.164782608695653,11.194655172413793,11.204358974358973,11.195254237288136,11.175378151260503,11.127500000000001,11.067190082644627,10.984098360655736,10.889349593495934,10.779193548387095,10.6748,10.568095238095236,10.478031496062991,10.3909375,87.75,1053.0,5.0,5.0,5.0,5.0,5.0,5.0,5.0,5.0,5.0,5.0,5.0,5.0,5.0,5.0,5.0,67.0,179.0,331.0,507.0,688.0,854.0,986.0,1074.0,1118.0,1124.0,1124.0,1124.0,1124.0,1124.0,1124.0,1124.0,1124.0,1124.0,1124.0,1124.0,1124.0,1124.0,1124.0,1124.0,1182.0,1288.0,1432.0,1597.0,1765.0,1917.0,2036.0,2113.0,2149.0,2153.0,2153.0,2153.0,2153.0,2153.0,2153.0,2153.0,2153.0,2153.0,2153.0,2153.0,2153.0,2153.0,2153.0,2153.0,2207.0,2303.0,2432.0,2579.0,2726.0,2856.0,2954.0,3012.0,3035.0,3036.0,3036.0,3036.0,3036.0,3036.0,3036.0,3036.0,3036.0,3036.0,3036.0,3036.0,3036.0,3036.0,3036.0,3036.0,3091.0,3188.0,3320.0,3471.0,3624.0,3761.0,3865.0,3928.0,3955.0,3956.0,3956.0,3956.0,3956.0,3956.0,3956.0,3956.0,3956.0,3956.0,3956.0,3956.0,3956.0,3956.0,3956.0,3956.0,4012.0,4115.0,4256.0,4419.0,4586.0,4738.0,4857.0,4933.0,4968.0,4969.0,4969.0,4969.0,4969.0,4969.0,4969.0,4969.0,4969.0,43,February 12,Carpentras
0.004900084225507261,1.4398206841622998,1.4764250902913856,2.001024857556492,2.001024857556492,0.5250144709470416,0.6355829797940875,5.002338821931756,5.002338821931756,0.6263578359812614,0.7032303088442959,4.053166090466658,4.053166090466658,0.5815466328775839,0.6684101887275883,2.7181146160289167,2.7181146160289167,0.3492173737053996,0.8532701493817544,4.969999999999999,-0.031340752892328884,0.031340752892328884,646.1602951039572,12.63,11.68,10.896666666666668,10.38,10.129999999999999,9.73,9.23,8.83,8.518888888888888,8.239999999999998,7.975454545454546,7.905,7.891538461538461,7.987142857142857,8.15,8.48625,8.806470588235292,9.168888888888889,9.524736842105263,9.925,10.353809523809522,10.643636363636363,10.847391304347825,10.954999999999998,10.998,10.972307692307691,10.929999999999998,10.862142857142857,10.809310344827585,10.72,10.629999999999999,10.589375,10.554242424242423,10.538823529411767,10.524285714285714,10.541111111111112,10.584054054054054,10.635263157894736,10.694102564102565,10.7375,10.766585365853658,10.777619047619046,10.788139534883719,10.839090909090908,10.927777777777777,10.999565217391305,11.047021276595746,11.082083333333335,11.08714285714286,11.072000000000001,11.075098039215689,11.074230769230772,11.054528301886794,11.030000000000003,11.015454545454547,11.010357142857142,11.014210526315791,11.012758620689656,10.989322033898308,10.956666666666669,10.934918032786886,10.946129032258066,10.969682539682543,10.981562499999999,10.966923076923077,10.946666666666667,10.916567164179106,10.902058823529414,10.896666666666668,10.91857142857143,10.928591549295778,10.921666666666667,10.897123287671235,10.85972972972973,10.814000000000002,10.755,10.692337662337664,10.604358974358975,10.52746835443038,10.47625,10.469506172839505,10.47268292682927,10.483012048192773,10.512142857142859,10.548823529411766,10.595116279069769,10.65873563218391,10.73,10.795168539325843,10.873333333333333,10.954175824175826,11.022391304347826,11.097741935483873,11.161914893617023,11.203684210526317,11.220625,11.22278350515464,11.197346938775512,11.157272727272726,11.103000000000002,11.057722772277227,11.001568627450984,10.95135922330097,10.922307692307694,10.923333333333336,10.954528301886794,11.015046728971964,11.083703703703703,11.163027522935781,11.24727272727273,11.3272972972973,11.401428571428571,11.460088495575222,11.493157894736845,11.52304347826087,11.527413793103449,11.53940170940171,11.523220338983053,11.494705882352944,11.455833333333334,11.41099173553719,11.352950819672134,11.290975609756098,11.222741935483873,11.1508,11.085555555555556,11.033937007874018,10.990156250000002,96.0,1152.0,8.0,8.0,8.0,8.0,8.0,8.0,8.0,8.0,8.0,8.0,8.0,8.0,8.0,8.0,8.0,69.0,177.0,323.0,491.0,662.0,817.0,939.0,1018.0,1056.0,1061.0,1061.0,1061.0,1061.0,1061.0,1061.0,1061.0,1061.0,1061.0,1061.0,1061.0,1061.0,1061.0,1061.0,1061.0,1123.0,1235.0,1387.0,1563.0,1744.0,1910.0,2042.0,2130.0,2174.0,2180.0,2180.0,2180.0,2180.0,2180.0,2180.0,2180.0,2180.0,2180.0,2180.0,2180.0,2180.0,2180.0,2180.0,2180.0,2238.0,2344.0,2488.0,2653.0,2821.0,2973.0,3092.0,3169.0,3205.0,3209.0,3209.0,3209.0,3209.0,3209.0,3209.0,3209.0,3209.0,3209.0,3209.0,3209.0,3209.0,3209.0,3209.0,3209.0,3263.0,3359.0,3488.0,3635.0,3782.0,3912.0,4010.0,4068.0,4091.0,4092.0,4092.0,4092.0,4092.0,4092.0,4092.0,4092.0,4092.0,4092.0,4092.0,4092.0,4092.0,4092.0,4092.0,4092.0,4147.0,4244.0,4376.0,4527.0,4680.0,4817.0,4921.0,4984.0,5011.0,5012.0,5012.0,5012.0,5012.0,5012.0,5012.0,5012.0,5012.0,44,February 13,Carpentras
0.004900084225507261,1.4398206841622998,1.4764250902913856,2.001024857556492,2.001024857556492,0.5250144709470416,0.6355829797940875,5.002338821931756,5.002338821931756,0.6263578359812614,0.7032303088442959,4.053166090466658,4.053166090466658,0.5815466328775839,0.6684101887275883,2.7181146160289167,2.7181146160289167,0.3492173737053996,0.8532701493817544,8.445,-0.17701835973608263,0.17701835973608263,548.9836194987172,9.93,9.98,9.563333333333333,9.355,9.45,9.313333333333334,9.03,8.7675,8.607777777777777,8.470000000000002,8.375454545454545,8.305,8.36846153846154,8.551428571428572,8.770000000000001,9.09875,9.524117647058825,9.974444444444444,10.361578947368422,10.72,11.03952380952381,11.32090909090909,11.512608695652172,11.667499999999999,11.706000000000001,11.668461538461536,11.581851851851852,11.483571428571429,11.402413793103447,11.28,11.117096774193547,10.958124999999999,10.808787878787879,10.659411764705883,10.507142857142858,10.413333333333334,10.340810810810812,10.311578947368421,10.314615384615385,10.395,10.481219512195123,10.596666666666668,10.720697674418604,10.875454545454547,11.054444444444446,11.17782608695652,11.266170212765957,11.311250000000001,11.32591836734694,11.306,11.277058823529412,11.233846153846153,11.197924528301886,11.141111111111112,11.082727272727272,11.051428571428572,11.02298245614035,11.005862068965515,10.989322033898306,10.991666666666665,11.010327868852459,11.03483870967742,11.064920634920634,11.08625,11.099230769230768,11.10121212121212,11.103134328358209,11.131470588235294,11.185072463768115,11.228571428571428,11.256760563380283,11.277222222222223,11.277945205479451,11.265135135135136,11.264666666666665,11.26157894736842,11.245584415584416,11.226153846153846,11.21354430379747,11.2075,11.207777777777777,11.204390243902438,11.185421686746988,11.159761904761904,11.141764705882352,11.147441860465115,11.162183908045977,11.168636363636365,11.155842696629213,11.138888888888888,11.114615384615384,11.101739130434783,11.095591397849464,11.109787234042555,11.115263157894738,11.108125000000001,11.087731958762886,11.057551020408164,11.020909090909093,10.974,10.924059405940593,10.854509803921571,10.793106796116506,10.751153846153844,10.743333333333332,10.743207547169812,10.748691588785048,10.768888888888888,10.7951376146789,10.82909090909091,10.876846846846846,10.930892857142856,10.980442477876108,11.040526315789473,11.103043478260869,11.155862068965519,11.214615384615385,11.264745762711867,11.297226890756301,11.31,11.310991735537192,11.289836065573772,11.256829268292684,11.21225806451613,11.1748,11.1284126984127,11.086692913385827,11.06203125,98.16666666666667,1178.0,10.0,10.0,10.0,10.0,10.0,10.0,10.0,10.0,10.0,10.0,10.0,10.0,10.0,10.0,10.0,74.0,190.0,347.0,527.0,711.0,880.0,1016.0,1108.0,1154.0,1162.0,1162.0,1162.0,1162.0,1162.0,1162.0,1162.0,1162.0,1162.0,1162.0,1162.0,1162.0,1162.0,1162.0,1162.0,1223.0,1331.0,1477.0,1645.0,1816.0,1971.0,2093.0,2172.0,2210.0,2215.0,2215.0,2215.0,2215.0,2215.0,2215.0,2215.0,2215.0,2215.0,2215.0,2215.0,2215.0,2215.0,2215.0,2215.0,2277.0,2389.0,2541.0,2717.0,2898.0,3064.0,3196.0,3284.0,3328.0,3334.0,3334.0,3334.0,3334.0,3334.0,3334.0,3334.0,3334.0,3334.0,3334.0,3334.0,3334.0,3334.0,3334.0,3334.0,3392.0,3498.0,3642.0,3807.0,3975.0,4127.0,4246.0,4323.0,4359.0,4363.0,4363.0,4363.0,4363.0,4363.0,4363.0,4363.0,4363.0,4363.0,4363.0,4363.0,4363.0,4363.0,4363.0,4363.0,4417.0,4513.0,4642.0,4789.0,4936.0,5066.0,5164.0,5222.0,5245.0,5246.0,5246.0,5246.0,5246.0,5246.0,5246.0,5246.0,5246.0,45,February 14,Carpentras
0.004900084225507261,1.4398206841622998,1.4764250902913856,2.001024857556492,2.001024857556492,0.5250144709470416,0.6355829797940875,5.002338821931756,5.002338821931756,0.6263578359812614,0.7032303088442959,4.053166090466658,4.053166090466658,0.5815466328775839,0.6684101887275883,2.7181146160289167,2.7181146160289167,0.3492173737053996,0.8532701493817544,7.286666666666667,0.03469482811685336,0.03469482811685336,690.210430009149,8.33,7.779999999999999,6.963333333333334,6.555,6.13,5.963333333333332,6.029999999999999,6.154999999999999,6.452222222222222,6.58,6.72090909090909,6.871666666666666,7.13,7.38,7.61,7.88,8.177058823529412,8.518888888888888,8.745789473684212,8.925,9.08714285714286,9.166363636363638,9.182173913043481,9.213333333333333,9.241999999999999,9.272307692307692,9.252222222222223,9.233571428571429,9.254137931034483,9.233333333333333,9.171935483870968,9.101875,9.048181818181817,8.99470588235294,8.95,8.910555555555554,8.916486486486486,8.969473684210524,9.042820512820514,9.167499999999999,9.34219512195122,9.539523809523809,9.720697674418604,9.898181818181817,10.065555555555553,10.221304347826086,10.33851063829787,10.440416666666666,10.485102040816326,10.49,10.467254901960787,10.435769230769232,10.4111320754717,10.361481481481484,10.286363636363637,10.210357142857143,10.13701754385965,10.061034482758622,9.980847457627121,9.933333333333335,9.8972131147541,9.886451612903228,9.895079365079367,9.951875000000001,10.013076923076923,10.093636363636364,10.18074626865672,10.288823529411768,10.414057971014495,10.504285714285714,10.572253521126763,10.611944444444443,10.631369863013699,10.627297297297298,10.616666666666669,10.595789473684214,10.579350649350651,10.547948717948719,10.51481012658228,10.5,10.486790123456789,10.481219512195123,10.47578313253012,10.48357142857143,10.50294117647059,10.526511627906977,10.554137931034484,10.575454545454546,10.590674157303372,10.597777777777779,10.604725274725276,10.63108695652174,10.676236559139786,10.71404255319149,10.740526315789474,10.761249999999999,10.767113402061854,10.76265306122449,10.767373737373735,10.769999999999998,10.762673267326733,10.752549019607843,10.74747572815534,10.747307692307693,10.751904761904763,10.753584905660377,10.743084112149532,10.727222222222222,10.717155963302753,10.725454545454545,10.74081081081081,10.749642857142858,10.743274336283186,10.733508771929824,10.71782608695652,10.71103448275862,10.70948717948718,10.72406779661017,10.73168067226891,10.729166666666668,10.715950413223142,10.694754098360658,10.668211382113821,10.633225806451613,10.595600000000001,10.541904761904762,10.49456692913386,10.462812500000002,92.16666666666667,1106.0,9.0,9.0,9.0,9.0,9.0,9.0,9.0,9.0,9.0,9.0,9.0,9.0,9.0,9.0,9.0,75.0,193.0,352.0,535.0,723.0,895.0,1034.0,1128.0,1177.0,1187.0,1187.0,1187.0,1187.0,1187.0,1187.0,1187.0,1187.0,1187.0,1187.0,1187.0,1187.0,1187.0,1187.0,1187.0,1251.0,1367.0,1524.0,1704.0,1888.0,2057.0,2193.0,2285.0,2331.0,2339.0,2339.0,2339.0,2339.0,2339.0,2339.0,2339.0,2339.0,2339.0,2339.0,2339.0,2339.0,2339.0,2339.0,2339.0,2400.0,2508.0,2654.0,2822.0,2993.0,3148.0,3270.0,3349.0,3387.0,3392.0,3392.0,3392.0,3392.0,3392.0,3392.0,3392.0,3392.0,3392.0,3392.0,3392.0,3392.0,3392.0,3392.0,3392.0,3454.0,3566.0,3718.0,3894.0,4075.0,4241.0,4373.0,4461.0,4505.0,4511.0,4511.0,4511.0,4511.0,4511.0,4511.0,4511.0,4511.0,4511.0,4511.0,4511.0,4511.0,4511.0,4511.0,4511.0,4569.0,4675.0,4819.0,4984.0,5152.0,5304.0,5423.0,5500.0,5536.0,5540.0,5540.0,5540.0,5540.0,5540.0,5540.0,5540.0,5540.0,46,February 15,Carpentras
0.004900084225507261,1.4398206841622998,1.4764250902913856,2.001024857556492,2.001024857556492,0.5250144709470416,0.6355829797940875,5.002338821931756,5.002338821931756,0.6263578359812614,0.7032303088442959,4.053166090466658,4.053166090466658,0.5815466328775839,0.6684101887275883,2.7181146160289167,2.7181146160289167,0.3492173737053996,0.8532701493817544,4.136666666666665,0.31799445715326685,0.31799445715326685,879.1901692183726,9.33,8.93,8.23,7.98,8.05,8.246666666666666,8.33,8.555,8.93,9.3,9.657272727272728,9.888333333333334,10.129999999999999,10.330000000000002,10.57666666666667,10.692499999999999,10.83,11.013333333333334,11.156315789473686,11.275,11.37761904761905,11.420909090909092,11.373478260869566,11.300833333333335,11.182,11.029999999999998,10.818888888888887,10.622857142857143,10.409310344827585,10.23333333333333,10.110645161290323,10.014375000000001,9.978484848484849,9.912352941176472,9.861428571428572,9.824444444444445,9.835405405405403,9.856315789473685,9.88128205128205,9.9325,10.00560975609756,10.108571428571429,10.171860465116277,10.22090909090909,10.267777777777775,10.28,10.26404255319149,10.257083333333334,10.250408163265305,10.246000000000002,10.216274509803924,10.18769230769231,10.180943396226416,10.152222222222225,10.100909090909092,10.044285714285715,9.996666666666668,9.94896551724138,9.906271186440678,9.866666666666667,9.854590163934429,9.871935483870969,9.903015873015875,9.9675,10.065384615384614,10.18,10.286716417910448,10.393235294117646,10.495217391304347,10.591428571428574,10.66380281690141,10.72722222222222,10.753287671232878,10.752972972972973,10.734000000000002,10.708947368421054,10.68844155844156,10.650512820512821,10.594556962025319,10.5375,10.481851851851852,10.423902439024392,10.362530120481928,10.324047619047619,10.293529411764707,10.281162790697676,10.282873563218391,10.319772727272728,10.360337078651687,10.415555555555557,10.476153846153847,10.552826086956523,10.642903225806453,10.707659574468087,10.756315789473685,10.78416666666667,10.79701030927835,10.792244897959183,10.78252525252525,10.764999999999997,10.75079207920792,10.725098039215684,10.69796116504854,10.684807692307695,10.672857142857143,10.666792452830189,10.660841121495325,10.665185185185184,10.678623853211008,10.695454545454544,10.715585585585583,10.730892857142859,10.74150442477876,10.74578947368421,10.749999999999998,10.769655172413794,10.804358974358971,10.833389830508473,10.853529411764704,10.869166666666668,10.87297520661157,10.868524590163934,10.871463414634144,10.872741935483871,10.865999999999998,10.856984126984125,10.852047244094488,10.85109375,73.33333333333333,880.0,4.0,4.0,4.0,4.0,4.0,4.0,4.0,4.0,4.0,4.0,4.0,4.0,4.0,4.0,6.0,71.0,184.0,335.0,509.0,687.0,848.0,975.0,1059.0,1101.0,1110.0,1110.0,1110.0,1110.0,1110.0,1110.0,1110.0,1110.0,1110.0,1110.0,1110.0,1110.0,1110.0,1110.0,1110.0,1176.0,1294.0,1453.0,1636.0,1824.0,1996.0,2135.0,2229.0,2278.0,2288.0,2288.0,2288.0,2288.0,2288.0,2288.0,2288.0,2288.0,2288.0,2288.0,2288.0,2288.0,2288.0,2288.0,2288.0,2352.0,2468.0,2625.0,2805.0,2989.0,3158.0,3294.0,3386.0,3432.0,3440.0,3440.0,3440.0,3440.0,3440.0,3440.0,3440.0,3440.0,3440.0,3440.0,3440.0,3440.0,3440.0,3440.0,3440.0,3501.0,3609.0,3755.0,3923.0,4094.0,4249.0,4371.0,4450.0,4488.0,4493.0,4493.0,4493.0,4493.0,4493.0,4493.0,4493.0,4493.0,4493.0,4493.0,4493.0,4493.0,4493.0,4493.0,4493.0,4555.0,4667.0,4819.0,4995.0,5176.0,5342.0,5474.0,5562.0,5606.0,5612.0,5612.0,5612.0,5612.0,5612.0,5612.0,5612.0,5612.0,47,February 16,Carpentras
0.004900084225507261,1.4398206841622998,1.4764250902913856,2.001024857556492,2.001024857556492,0.5250144709470416,0.6355829797940875,5.002338821931756,5.002338821931756,0.6263578359812614,0.7032303088442959,4.053166090466658,4.053166090466658,0.5815466328775839,0.6684101887275883,2.7181146160289167,2.7181146160289167,0.3492173737053996,0.8532701493817544,8.128333333333336,0.07442198613577355,0.07442198613577355,716.7110928849701,5.03,4.93,4.896666666666667,5.08,5.03,4.98,4.887142857142857,4.955,5.085555555555555,5.15,5.248181818181819,5.6049999999999995,6.214615384615384,6.90142857142857,7.669999999999999,8.37375,8.988823529411762,9.485555555555557,9.919473684210528,10.250000000000002,10.44904761904762,10.58909090909091,10.686521739130436,10.734166666666667,10.677999999999999,10.595384615384614,10.455925925925923,10.340714285714284,10.271379310344825,10.236666666666663,10.191290322580642,10.189375,10.24212121212121,10.31235294117647,10.395714285714282,10.452222222222222,10.521891891891888,10.585263157894735,10.67358974358974,10.717500000000001,10.77390243902439,10.853809523809522,10.920697674418603,10.979999999999997,11.034444444444443,11.062608695652173,11.047021276595743,11.017499999999998,10.962653061224486,10.888,10.779019607843138,10.674230769230771,10.556415094339624,10.455925925925929,10.382727272727276,10.322857142857144,10.296666666666667,10.252413793103448,10.216440677966101,10.188333333333334,10.189016393442625,10.196129032258066,10.206190476190478,10.233125000000001,10.274615384615384,10.336060606060608,10.373283582089554,10.402058823529412,10.430000000000001,10.435714285714289,10.422957746478875,10.416111111111112,10.40945205479452,10.404324324324325,10.382000000000001,10.360263157894737,10.353376623376624,10.331282051282054,10.293291139240509,10.251249999999999,10.215185185185184,10.178780487804877,10.14566265060241,10.11452380952381,10.102941176470589,10.112558139534885,10.132298850574713,10.176590909090908,10.245730337078651,10.327777777777776,10.404725274725275,10.482173913043479,10.556881720430107,10.627872340425531,10.681578947368422,10.728958333333333,10.748556701030926,10.748367346938775,10.734040404040403,10.714999999999998,10.699306930693067,10.670196078431372,10.627087378640775,10.582884615384614,10.539523809523809,10.494150943396225,10.445887850467289,10.415185185185184,10.390550458715596,10.379999999999997,10.380450450450448,10.408571428571431,10.439734513274336,10.48263157894737,10.529999999999998,10.590344827586208,10.661623931623932,10.713050847457628,10.751848739495799,10.774166666666668,10.784545454545455,10.780819672131148,10.773089430894307,10.759032258064517,10.7476,10.726825396825395,10.704803149606299,10.694062500000001,90.66666666666667,1088.0,9.0,9.0,9.0,9.0,9.0,9.0,9.0,9.0,9.0,9.0,9.0,9.0,9.0,9.0,12.0,70.0,167.0,296.0,442.0,588.0,716.0,810.0,864.0,885.0,889.0,889.0,889.0,889.0,889.0,889.0,889.0,889.0,889.0,889.0,889.0,889.0,889.0,889.0,891.0,956.0,1069.0,1220.0,1394.0,1572.0,1733.0,1860.0,1944.0,1986.0,1995.0,1995.0,1995.0,1995.0,1995.0,1995.0,1995.0,1995.0,1995.0,1995.0,1995.0,1995.0,1995.0,1995.0,1995.0,2061.0,2179.0,2338.0,2521.0,2709.0,2881.0,3020.0,3114.0,3163.0,3173.0,3173.0,3173.0,3173.0,3173.0,3173.0,3173.0,3173.0,3173.0,3173.0,3173.0,3173.0,3173.0,3173.0,3173.0,3237.0,3353.0,3510.0,3690.0,3874.0,4043.0,4179.0,4271.0,4317.0,4325.0,4325.0,4325.0,4325.0,4325.0,4325.0,4325.0,4325.0,4325.0,4325.0,4325.0,4325.0,4325.0,4325.0,4325.0,4386.0,4494.0,4640.0,4808.0,4979.0,5134.0,5256.0,5335.0,5373.0,5378.0,5378.0,5378.0,5378.0,5378.0,5378.0,5378.0,5378.0,48,February 17,Carpentras
0.004900084225507261,1.4398206841622998,1.4764250902913856,2.001024857556492,2.001024857556492,0.5250144709470416,0.6355829797940875,5.002338821931756,5.002338821931756,0.6263578359812614,0.7032303088442959,4.053166090466658,4.053166090466658,0.5815466328775839,0.6684101887275883,2.7181146160289167,2.7181146160289167,0.3492173737053996,0.8532701493817544,6.128333333333333,0.4072872566914032,0.4072872566914032,938.7544193636121,9.33,8.68,7.596666666666667,6.779999999999999,6.35,6.013333333333333,5.601428571428571,5.4174999999999995,5.463333333333334,5.619999999999999,5.948181818181819,6.421666666666666,7.045384615384615,7.601428571428571,8.176666666666666,8.7175,9.171176470588236,9.457777777777778,9.56684210526316,9.580000000000002,9.568095238095239,9.493636363636366,9.334347826086958,9.146666666666667,8.982000000000001,8.822307692307692,8.674444444444445,8.565714285714288,8.43689655172414,8.313333333333336,8.18483870967742,8.098749999999999,8.039090909090909,7.971176470588235,7.92142857142857,7.9661111111111085,8.116486486486487,8.319473684210525,8.578717948717948,8.8375,9.081219512195121,9.29190476190476,9.488139534883722,9.648181818181817,9.754444444444443,9.836521739130434,9.900212765957447,9.940416666666666,9.927959183673469,9.899999999999999,9.839803921568627,9.789615384615384,9.762075471698113,9.752222222222223,9.735454545454544,9.742499999999998,9.780877192982455,9.83,9.887627118644065,9.930000000000001,9.980819672131146,10.028387096774194,10.091904761904763,10.1284375,10.173076923076925,10.233030303030302,10.285223880597014,10.332941176470587,10.37782608695652,10.405714285714286,10.404647887323945,10.393888888888888,10.365616438356163,10.323243243243242,10.256666666666666,10.191842105263158,10.117012987012988,10.053076923076922,10.007215189873417,9.97,9.955925925925925,9.928780487804877,9.907108433734939,9.890714285714287,9.894705882352941,9.903255813953487,9.913908045977012,9.936818181818182,9.970449438202246,10.018888888888888,10.049780219780219,10.074565217391305,10.098817204301074,10.10659574468085,10.100526315789475,10.09875,10.097010309278351,10.096326530612245,10.082525252525251,10.068999999999999,10.066633663366337,10.052549019607842,10.02611650485437,9.996346153846153,9.97095238095238,9.945094339622642,9.92158878504673,9.899444444444443,9.892385321100917,9.901818181818182,9.919189189189188,9.955892857142857,10.012300884955751,10.079122807017542,10.142173913043477,10.205862068965514,10.267606837606838,10.326610169491525,10.372016806722689,10.4125,10.430826446280992,10.43327868852459,10.42430894308943,10.411451612903226,10.401200000000001,10.379999999999999,10.34732283464567,10.31359375,25.25,303.0,1.0,1.0,1.0,1.0,1.0,1.0,1.0,1.0,1.0,1.0,1.0,1.0,1.0,1.0,6.0,71.0,184.0,334.0,505.0,678.0,835.0,959.0,1040.0,1080.0,1089.0,1089.0,1089.0,1089.0,1089.0,1089.0,1089.0,1089.0,1089.0,1089.0,1089.0,1089.0,1089.0,1089.0,1092.0,1150.0,1247.0,1376.0,1522.0,1668.0,1796.0,1890.0,1944.0,1965.0,1969.0,1969.0,1969.0,1969.0,1969.0,1969.0,1969.0,1969.0,1969.0,1969.0,1969.0,1969.0,1969.0,1969.0,1971.0,2036.0,2149.0,2300.0,2474.0,2652.0,2813.0,2940.0,3024.0,3066.0,3075.0,3075.0,3075.0,3075.0,3075.0,3075.0,3075.0,3075.0,3075.0,3075.0,3075.0,3075.0,3075.0,3075.0,3075.0,3141.0,3259.0,3418.0,3601.0,3789.0,3961.0,4100.0,4194.0,4243.0,4253.0,4253.0,4253.0,4253.0,4253.0,4253.0,4253.0,4253.0,4253.0,4253.0,4253.0,4253.0,4253.0,4253.0,4253.0,4317.0,4433.0,4590.0,4770.0,4954.0,5123.0,5259.0,5351.0,5397.0,5405.0,5405.0,5405.0,5405.0,5405.0,5405.0,5405.0,5405.0,49,February 18,Carpentras
0.004900084225507261,1.4398206841622998,1.4764250902913856,2.001024857556492,2.001024857556492,0.5250144709470416,0.6355829797940875,5.002338821931756,5.002338821931756,0.6263578359812614,0.7032303088442959,4.053166090466658,4.053166090466658,0.5815466328775839,0.6684101887275883,2.7181146160289167,2.7181146160289167,0.3492173737053996,0.8532701493817544,7.953333333333332,-0.1434519003602031,0.1434519003602031,571.3746856663872,7.03,7.129999999999999,7.096666666666667,7.205,7.43,7.463333333333334,7.401428571428572,7.4925,7.529999999999999,7.7,8.075454545454546,8.38,8.645384615384616,8.95142857142857,9.41,9.93625,10.388823529411766,10.71888888888889,10.977368421052631,11.135,11.263333333333334,11.275454545454545,11.19086956521739,11.125833333333333,11.053999999999998,10.937692307692307,10.733703703703702,10.504999999999997,10.302413793103446,10.10333333333333,9.87838709677419,9.69875,9.581515151515152,9.506470588235295,9.498571428571429,9.557777777777776,9.69216216216216,9.827368421052629,9.99153846153846,10.1625,10.315365853658536,10.41095238095238,10.436976744186046,10.423181818181817,10.398888888888886,10.345217391304347,10.24914893617021,10.136249999999999,10.032040816326528,9.927999999999999,9.828039215686273,9.74730769230769,9.65452830188679,9.563333333333333,9.468181818181813,9.39607142857143,9.33877192982456,9.27655172413793,9.224915254237288,9.229999999999999,9.300491803278689,9.405806451612902,9.549047619047618,9.695625,9.836153846153845,9.958787878787879,10.074776119402985,10.169705882352941,10.231449275362317,10.278571428571428,10.31450704225352,10.335555555555555,10.321780821917807,10.297567567567567,10.251333333333331,10.21157894736842,10.187142857142856,10.174871794871795,10.157848101265822,10.157499999999999,10.179382716049382,10.209268292682927,10.245662650602409,10.271666666666665,10.304117647058822,10.334651162790697,10.377126436781609,10.400454545454545,10.43,10.47111111111111,10.506923076923076,10.539782608695651,10.570860215053763,10.589574468085106,10.586842105263157,10.576875,10.553711340206185,10.519795918367347,10.467373737373737,10.415999999999999,10.356732673267327,10.305490196078432,10.267864077669902,10.236730769230768,10.223333333333334,10.199811320754717,10.180467289719626,10.165185185185184,10.16577981651376,10.17,10.175945945945944,10.191607142857142,10.2158407079646,10.251929824561405,10.274347826086956,10.29206896551724,10.309487179487178,10.313898305084745,10.307310924369748,10.304166666666667,10.30107438016529,10.298852459016393,10.28609756097561,10.273548387096772,10.269999999999998,10.256984126984127,10.233937007874015,10.208124999999999,110.5,1326.0,17.0,17.0,17.0,17.0,17.0,17.0,17.0,17.0,17.0,17.0,17.0,17.0,17.0,17.0,24.0,55.0,104.0,168.0,235.0,290.0,319.0,319.0,319.0,319.0,320.0,320.0,320.0,320.0,320.0,320.0,320.0,320.0,320.0,320.0,320.0,320.0,320.0,320.0,325.0,390.0,503.0,653.0,824.0,997.0,1154.0,1278.0,1359.0,1399.0,1408.0,1408.0,1408.0,1408.0,1408.0,1408.0,1408.0,1408.0,1408.0,1408.0,1408.0,1408.0,1408.0,1408.0,1411.0,1469.0,1566.0,1695.0,1841.0,1987.0,2115.0,2209.0,2263.0,2284.0,2288.0,2288.0,2288.0,2288.0,2288.0,2288.0,2288.0,2288.0,2288.0,2288.0,2288.0,2288.0,2288.0,2288.0,2290.0,2355.0,2468.0,2619.0,2793.0,2971.0,3132.0,3259.0,3343.0,3385.0,3394.0,3394.0,3394.0,3394.0,3394.0,3394.0,3394.0,3394.0,3394.0,3394.0,3394.0,3394.0,3394.0,3394.0,3394.0,3460.0,3578.0,3737.0,3920.0,4108.0,4280.0,4419.0,4513.0,4562.0,4572.0,4572.0,4572.0,4572.0,4572.0,4572.0,4572.0,4572.0,50,February 19,Carpentras
0.004900084225507261,1.4398206841622998,1.4764250902913856,2.001024857556492,2.001024857556492,0.5250144709470416,0.6355829797940875,5.002338821931756,5.002338821931756,0.6263578359812614,0.7032303088442959,4.053166090466658,4.053166090466658,0.5815466328775839,0.6684101887275883,2.7181146160289167,2.7181146160289167,0.3492173737053996,0.8532701493817544,5.461666666666666,0.14454519232311705,0.14454519232311705,763.4879462923407,7.729999999999999,7.629999999999999,7.163333333333334,7.48,7.8100000000000005,8.18,8.487142857142858,8.7175,8.841111111111111,8.870000000000001,8.766363636363637,8.688333333333334,8.645384615384616,8.751428571428573,8.97,9.2925,9.577058823529411,9.841111111111111,10.056315789473683,10.209999999999999,10.377619047619046,10.457272727272727,10.447391304347827,10.367500000000001,10.234,10.118461538461538,10.004074074074074,9.915714285714287,9.861034482758622,9.786666666666667,9.697741935483872,9.64875,9.593636363636364,9.58294117647059,9.647142857142857,9.705000000000002,9.762432432432432,9.84578947368421,9.999230769230769,10.195,10.376341463414636,10.518095238095238,10.636976744186047,10.716363636363637,10.785555555555558,10.801739130434784,10.770425531914894,10.746666666666668,10.717755102040817,10.664000000000001,10.56137254901961,10.44153846153846,10.331886792452831,10.22074074074074,10.091818181818182,9.985357142857143,9.912456140350876,9.862758620689654,9.852033898305084,9.881666666666666,9.957868852459015,10.036451612903226,10.134761904761904,10.239375,10.334615384615384,10.395151515151516,10.412089552238806,10.403529411764705,10.387971014492754,10.352857142857141,10.289154929577462,10.213333333333331,10.142328767123287,10.070540540540541,10.000666666666666,9.943157894736842,9.876753246753246,9.81076923076923,9.74139240506329,9.6875,9.64358024691358,9.595853658536583,9.555301204819278,9.555,9.601764705882353,9.674186046511625,9.774827586206897,9.878863636363635,9.979438202247191,10.067777777777778,10.151978021978021,10.221304347826086,10.266559139784945,10.30127659574468,10.327894736842104,10.343541666666667,10.333092783505155,10.31469387755102,10.27949494949495,10.248999999999999,10.23,10.220196078431371,10.206699029126213,10.205961538461539,10.222380952380954,10.245094339622645,10.272990654205607,10.292962962962964,10.318073394495416,10.341818181818184,10.375045045045047,10.393392857142857,10.416725663716813,10.449298245614035,10.477826086956522,10.504137931034483,10.5291452991453,10.544406779661017,10.542605042016806,10.534999999999998,10.516776859504132,10.48983606557377,10.447886178861788,10.406612903225808,10.358799999999999,10.31730158730159,10.286692913385828,10.261249999999999,67.83333333333333,814.0,4.0,4.0,4.0,4.0,4.0,4.0,4.0,4.0,4.0,4.0,4.0,4.0,4.0,4.0,12.0,87.0,216.0,389.0,589.0,795.0,985.0,1141.0,1251.0,1313.0,1330.0,1330.0,1330.0,1330.0,1330.0,1330.0,1330.0,1330.0,1330.0,1330.0,1330.0,1330.0,1330.0,1330.0,1337.0,1368.0,1417.0,1481.0,1548.0,1603.0,1632.0,1632.0,1632.0,1632.0,1633.0,1633.0,1633.0,1633.0,1633.0,1633.0,1633.0,1633.0,1633.0,1633.0,1633.0,1633.0,1633.0,1633.0,1638.0,1703.0,1816.0,1966.0,2137.0,2310.0,2467.0,2591.0,2672.0,2712.0,2721.0,2721.0,2721.0,2721.0,2721.0,2721.0,2721.0,2721.0,2721.0,2721.0,2721.0,2721.0,2721.0,2721.0,2724.0,2782.0,2879.0,3008.0,3154.0,3300.0,3428.0,3522.0,3576.0,3597.0,3601.0,3601.0,3601.0,3601.0,3601.0,3601.0,3601.0,3601.0,3601.0,3601.0,3601.0,3601.0,3601.0,3601.0,3603.0,3668.0,3781.0,3932.0,4106.0,4284.0,4445.0,4572.0,4656.0,4698.0,4707.0,4707.0,4707.0,4707.0,4707.0,4707.0,4707.0,4707.0,51,February 20,Carpentras
0.004900084225507261,1.4398206841622998,1.4764250902913856,2.001024857556492,2.001024857556492,0.5250144709470416,0.6355829797940875,5.002338821931756,5.002338821931756,0.6263578359812614,0.7032303088442959,4.053166090466658,4.053166090466658,0.5815466328775839,0.6684101887275883,2.7181146160289167,2.7181146160289167,0.3492173737053996,0.8532701493817544,3.5283333333333324,0.044732159287328,0.044732159287328,696.905999055267,8.23,8.08,8.063333333333334,8.530000000000001,8.670000000000002,8.696666666666667,8.872857142857143,9.055,9.13,9.360000000000001,9.557272727272728,9.655000000000003,9.706923076923077,9.844285714285714,9.976666666666667,10.3675,10.759411764705883,11.13,11.44578947368421,11.795,12.10142857142857,12.243636363636364,12.221304347826091,12.096666666666666,11.922000000000002,11.753076923076922,11.548518518518518,11.43714285714286,11.357586206896555,11.313333333333334,11.28161290322581,11.251874999999998,11.208787878787879,11.14764705882353,11.049999999999999,10.960555555555555,10.884054054054056,10.864210526315789,10.894102564102566,10.975,11.051951219512196,11.13,11.195116279069769,11.23909090909091,11.294444444444446,11.312608695652173,11.289574468085107,11.232083333333334,11.146326530612246,11.068,10.988823529411764,10.92230769230769,10.873396226415094,10.813333333333333,10.74454545454545,10.697857142857144,10.647543859649124,10.623103448275861,10.643559322033896,10.661666666666665,10.680819672131147,10.717096774193546,10.798253968253968,10.908125000000002,11.011538461538462,11.092121212121214,11.159850746268656,11.203529411764706,11.241594202898549,11.245714285714286,11.218732394366198,11.196666666666667,11.17109589041096,11.12864864864865,11.052666666666667,10.964210526315789,10.881948051948052,10.797948717948717,10.700886075949366,10.61875,10.559629629629631,10.51658536585366,10.501084337349399,10.51452380952381,10.561764705882354,10.61139534883721,10.675977011494252,10.745909090909093,10.809775280898878,10.848888888888888,10.856373626373626,10.845217391304347,10.828924731182795,10.798085106382977,10.74578947368421,10.684166666666668,10.625876288659795,10.566734693877551,10.50878787878788,10.46,10.404257425742577,10.348627450980393,10.290194174757282,10.24346153846154,10.204285714285716,10.162075471698113,10.125327102803737,10.119814814814818,10.151100917431194,10.202727272727273,10.276846846846848,10.354107142857142,10.429115044247787,10.494912280701755,10.557826086956522,10.609310344827588,10.641965811965813,10.666440677966103,10.684621848739496,10.694166666666664,10.68289256198347,10.665245901639345,10.634065040650405,10.606612903225807,10.5884,10.577619047619047,10.563858267716537,10.56046875,129.5,1554.0,26.0,26.0,26.0,26.0,26.0,26.0,26.0,26.0,26.0,26.0,26.0,26.0,26.0,26.0,36.0,92.0,184.0,306.0,444.0,581.0,698.0,781.0,823.0,836.0,840.0,840.0,840.0,840.0,840.0,840.0,840.0,840.0,840.0,840.0,840.0,840.0,840.0,840.0,848.0,923.0,1052.0,1225.0,1425.0,1631.0,1821.0,1977.0,2087.0,2149.0,2166.0,2166.0,2166.0,2166.0,2166.0,2166.0,2166.0,2166.0,2166.0,2166.0,2166.0,2166.0,2166.0,2166.0,2173.0,2204.0,2253.0,2317.0,2384.0,2439.0,2468.0,2468.0,2468.0,2468.0,2469.0,2469.0,2469.0,2469.0,2469.0,2469.0,2469.0,2469.0,2469.0,2469.0,2469.0,2469.0,2469.0,2469.0,2474.0,2539.0,2652.0,2802.0,2973.0,3146.0,3303.0,3427.0,3508.0,3548.0,3557.0,3557.0,3557.0,3557.0,3557.0,3557.0,3557.0,3557.0,3557.0,3557.0,3557.0,3557.0,3557.0,3557.0,3560.0,3618.0,3715.0,3844.0,3990.0,4136.0,4264.0,4358.0,4412.0,4433.0,4437.0,4437.0,4437.0,4437.0,4437.0,4437.0,4437.0,4437.0,52,February 21,Carpentras
0.004900084225507261,1.4398206841622998,1.4764250902913856,2.001024857556492,2.001024857556492,0.5250144709470416,0.6355829797940875,5.002338821931756,5.002338821931756,0.6263578359812614,0.7032303088442959,4.053166090466658,4.053166090466658,0.5815466328775839,0.6684101887275883,2.7181146160289167,2.7181146160289167,0.3492173737053996,0.8532701493817544,5.086666666666666,0.16583064578029078,0.16583064578029078,777.686762778506,7.229999999999999,6.43,6.463333333333334,6.205,6.05,5.963333333333334,5.944285714285714,6.105,6.3966666666666665,6.83,7.393636363636364,7.963333333333332,8.514615384615386,9.022857142857143,9.483333333333333,10.104999999999999,10.700588235294118,11.18,11.614210526315787,12.014999999999997,12.353809523809524,12.452727272727275,12.364782608695652,12.217500000000001,12.058000000000002,11.899230769230769,11.755925925925924,11.690714285714284,11.605862068965518,11.513333333333332,11.462258064516126,11.426874999999999,11.375454545454545,11.377058823529413,11.381428571428572,11.363333333333333,11.335405405405405,11.34315789473684,11.355641025641024,11.477500000000001,11.612926829268293,11.751428571428573,11.876511627906975,12.025454545454545,12.16333333333333,12.229999999999995,12.219361702127658,12.157083333333333,12.066734693877551,11.975999999999999,11.863333333333333,11.79730769230769,11.746981132075469,11.715185185185181,11.69,11.665714285714285,11.633508771929824,11.590344827586208,11.524915254237289,11.463333333333333,11.408688524590163,11.38806451612903,11.398253968253966,11.4409375,11.48230769230769,11.525454545454545,11.56134328358209,11.58441176470588,11.61550724637681,11.62285714285714,11.603239436619717,11.560555555555554,11.498493150684931,11.440810810810811,11.382,11.331315789473683,11.29233766233766,11.245384615384612,11.192025316455695,11.15375,11.112716049382716,11.089756097560976,11.09867469879518,11.106190476190477,11.11470588235294,11.13581395348837,11.18977011494253,11.265227272727273,11.336741573033708,11.392222222222221,11.43879120879121,11.46804347826087,11.493440860215058,11.493829787234045,11.471052631578948,11.451875000000001,11.43,11.395306122448982,11.335050505050509,11.265000000000002,11.199306930693073,11.131960784313728,11.054271844660196,10.987692307692308,10.93857142857143,10.901698113207551,10.886074766355142,10.892962962962963,10.92633027522936,10.961818181818183,11.009279279279282,11.061250000000001,11.108761061946902,11.13701754385965,11.140434782608697,11.129137931034483,11.113760683760685,11.086779661016951,11.042605042016808,10.990833333333335,10.941570247933884,10.891475409836067,10.84219512195122,10.800161290322583,10.752400000000002,10.704603174603177,10.654409448818898,10.61359375,97.83333333333333,1174.0,15.0,15.0,15.0,15.0,15.0,15.0,15.0,15.0,15.0,15.0,15.0,15.0,15.0,15.0,27.0,108.0,249.0,436.0,653.0,882.0,1103.0,1298.0,1449.0,1543.0,1569.0,1569.0,1569.0,1569.0,1569.0,1569.0,1569.0,1569.0,1569.0,1569.0,1569.0,1569.0,1569.0,1569.0,1579.0,1635.0,1727.0,1849.0,1987.0,2124.0,2241.0,2324.0,2366.0,2379.0,2383.0,2383.0,2383.0,2383.0,2383.0,2383.0,2383.0,2383.0,2383.0,2383.0,2383.0,2383.0,2383.0,2383.0,2391.0,2466.0,2595.0,2768.0,2968.0,3174.0,3364.0,3520.0,3630.0,3692.0,3709.0,3709.0,3709.0,3709.0,3709.0,3709.0,3709.0,3709.0,3709.0,3709.0,3709.0,3709.0,3709.0,3709.0,3716.0,3747.0,3796.0,3860.0,3927.0,3982.0,4011.0,4011.0,4011.0,4011.0,4012.0,4012.0,4012.0,4012.0,4012.0,4012.0,4012.0,4012.0,4012.0,4012.0,4012.0,4012.0,4012.0,4012.0,4017.0,4082.0,4195.0,4345.0,4516.0,4689.0,4846.0,4970.0,5051.0,5091.0,5100.0,5100.0,5100.0,5100.0,5100.0,5100.0,5100.0,5100.0,53,February 22,Carpentras
0.004900084225507261,1.4398206841622998,1.4764250902913856,2.001024857556492,2.001024857556492,0.5250144709470416,0.6355829797940875,5.002338821931756,5.002338821931756,0.6263578359812614,0.7032303088442959,4.053166090466658,4.053166090466658,0.5815466328775839,0.6684101887275883,2.7181146160289167,2.7181146160289167,0.3492173737053996,0.8532701493817544,7.428333333333335,-0.2756421534111171,0.2756421534111171,483.1949741978909,10.13,9.780000000000001,9.563333333333334,9.105,8.91,8.946666666666667,8.972857142857142,8.83,8.818888888888889,8.930000000000001,9.102727272727272,9.28,9.56076923076923,10.022857142857143,10.596666666666664,11.192499999999999,11.67705882352941,12.046666666666669,12.31421052631579,12.48,12.54904761904762,12.484545454545453,12.338695652173914,12.096666666666666,11.902000000000001,11.660769230769231,11.47074074074074,11.255,11.054137931034482,10.87,10.70741935483871,10.59875,10.542121212121211,10.54764705882353,10.61857142857143,10.718888888888891,10.838108108108107,10.96421052631579,11.09153846153846,11.3,11.51780487804878,11.703809523809522,11.883488372093023,12.059545454545452,12.216666666666667,12.26695652173913,12.227872340425531,12.157083333333333,12.076938775510204,11.993999999999998,11.91627450980392,11.878076923076922,11.828113207547169,11.772592592592591,11.739090909090908,11.713928571428571,11.679122807017542,11.674827586206895,11.672372881355932,11.656666666666666,11.634918032786885,11.63483870967742,11.637936507936507,11.709687500000001,11.79153846153846,11.876969696969695,11.955373134328356,12.050588235294116,12.14014492753623,12.184285714285714,12.17788732394366,12.136944444444444,12.076575342465754,12.015135135135134,11.937999999999999,11.891842105263157,11.855974025974024,11.832564102564103,11.813544303797467,11.794999999999998,11.77074074074074,11.738536585365853,11.69024096385542,11.644285714285715,11.602941176470589,11.585813953488373,11.590919540229885,11.619772727272727,11.64797752808989,11.67777777777778,11.702527472527477,11.71804347826087,11.739677419354843,11.743829787234045,11.727894736842112,11.694583333333332,11.646494845360825,11.601428571428574,11.555252525252527,11.515000000000002,11.483465346534658,11.445686274509809,11.402815533980586,11.371346153846153,11.33761904761905,11.317735849056604,11.322523364485985,11.3262962962963,11.330917431192663,11.345454545454551,11.385855855855862,11.443392857142856,11.498141592920353,11.540526315789474,11.576086956521742,11.598103448275864,11.617179487179492,11.616440677966105,11.597226890756309,11.580833333333334,11.562231404958679,11.533278688524591,11.48365853658537,11.425967741935487,11.371600000000004,11.31571428571429,11.251259842519689,11.195625,131.08333333333334,1573.0,28.0,28.0,28.0,28.0,28.0,28.0,28.0,28.0,28.0,28.0,28.0,28.0,28.0,28.0,41.0,112.0,232.0,390.0,570.0,753.0,919.0,1051.0,1140.0,1187.0,1202.0,1202.0,1202.0,1202.0,1202.0,1202.0,1202.0,1202.0,1202.0,1202.0,1202.0,1202.0,1202.0,1202.0,1214.0,1295.0,1436.0,1623.0,1840.0,2069.0,2290.0,2485.0,2636.0,2730.0,2756.0,2756.0,2756.0,2756.0,2756.0,2756.0,2756.0,2756.0,2756.0,2756.0,2756.0,2756.0,2756.0,2756.0,2766.0,2822.0,2914.0,3036.0,3174.0,3311.0,3428.0,3511.0,3553.0,3566.0,3570.0,3570.0,3570.0,3570.0,3570.0,3570.0,3570.0,3570.0,3570.0,3570.0,3570.0,3570.0,3570.0,3570.0,3578.0,3653.0,3782.0,3955.0,4155.0,4361.0,4551.0,4707.0,4817.0,4879.0,4896.0,4896.0,4896.0,4896.0,4896.0,4896.0,4896.0,4896.0,4896.0,4896.0,4896.0,4896.0,4896.0,4896.0,4903.0,4934.0,4983.0,5047.0,5114.0,5169.0,5198.0,5198.0,5198.0,5198.0,5199.0,5199.0,5199.0,5199.0,5199.0,5199.0,5199.0,5199.0,54,February 23,Carpentras
0.004900084225507261,1.4398206841622998,1.4764250902913856,2.001024857556492,2.001024857556492,0.5250144709470416,0.6355829797940875,5.002338821931756,5.002338821931756,0.6263578359812614,0.7032303088442959,4.053166090466658,4.053166090466658,0.5815466328775839,0.6684101887275883,2.7181146160289167,2.7181146160289167,0.3492173737053996,0.8532701493817544,11.578333333333333,-0.14754976005328138,0.14754976005328138,568.6411400604578,5.03,4.83,4.93,5.005,5.21,5.363333333333333,5.572857142857144,6.1175,6.61888888888889,7.1,7.5663636363636355,7.93,8.253076923076923,8.601428571428572,8.896666666666667,9.204999999999998,9.488823529411766,9.64111111111111,9.74578947368421,9.86,9.996666666666666,10.102727272727272,10.203913043478261,10.250833333333334,10.245999999999999,10.214615384615383,10.174444444444443,10.087142857142856,10.01965517241379,9.989999999999998,9.962258064516128,9.895625,9.86030303030303,9.86235294117647,9.889999999999999,9.927222222222222,10.008378378378376,10.166842105263157,10.383846153846154,10.627500000000001,10.842195121951221,11.020476190476192,11.162558139534884,11.264090909090909,11.323333333333332,11.319130434782608,11.27255319148936,11.17375,11.093265306122447,10.983999999999998,10.896666666666667,10.791538461538462,10.690377358490565,10.594814814814812,10.50818181818182,10.449642857142857,10.419473684210526,10.424827586206897,10.46898305084746,10.531666666666665,10.607049180327868,10.688064516129032,10.771269841269842,10.9065625,11.05,11.175454545454542,11.298656716417911,11.421176470588234,11.532898550724637,11.575714285714284,11.559577464788733,11.521666666666667,11.476575342465752,11.428648648648647,11.383333333333333,11.364210526315789,11.336493506493506,11.304358974358973,11.286962025316457,11.275,11.255925925925926,11.258048780487805,11.261325301204819,11.254999999999999,11.244117647058824,11.248604651162792,11.255287356321839,11.31181818181818,11.376067415730336,11.443333333333335,11.505824175824175,11.581086956521743,11.65258064516129,11.690638297872344,11.691052631578948,11.665416666666667,11.624845360824741,11.583061224489796,11.5289898989899,11.498000000000005,11.474554455445547,11.46039215686275,11.449417475728158,11.438653846153844,11.423333333333334,11.401698113207546,11.367383177570096,11.33462962962963,11.305229357798165,11.294545454545455,11.301171171171173,11.32642857142857,11.351238938053095,11.377368421052633,11.399565217391304,11.414482758620691,11.434273504273506,11.440169491525426,11.430000000000001,11.405833333333332,11.369669421487604,11.335737704918033,11.300731707317073,11.270322580645162,11.2468,11.21809523809524,11.185118110236223,11.16125,67.25,807.0,5.0,5.0,5.0,5.0,5.0,5.0,5.0,5.0,5.0,5.0,5.0,5.0,5.0,5.0,20.0,104.0,248.0,439.0,660.0,893.0,1118.0,1314.0,1461.0,1550.0,1578.0,1578.0,1578.0,1578.0,1578.0,1578.0,1578.0,1578.0,1578.0,1578.0,1578.0,1578.0,1578.0,1578.0,1591.0,1662.0,1782.0,1940.0,2120.0,2303.0,2469.0,2601.0,2690.0,2737.0,2752.0,2752.0,2752.0,2752.0,2752.0,2752.0,2752.0,2752.0,2752.0,2752.0,2752.0,2752.0,2752.0,2752.0,2764.0,2845.0,2986.0,3173.0,3390.0,3619.0,3840.0,4035.0,4186.0,4280.0,4306.0,4306.0,4306.0,4306.0,4306.0,4306.0,4306.0,4306.0,4306.0,4306.0,4306.0,4306.0,4306.0,4306.0,4316.0,4372.0,4464.0,4586.0,4724.0,4861.0,4978.0,5061.0,5103.0,5116.0,5120.0,5120.0,5120.0,5120.0,5120.0,5120.0,5120.0,5120.0,5120.0,5120.0,5120.0,5120.0,5120.0,5120.0,5128.0,5203.0,5332.0,5505.0,5705.0,5911.0,6101.0,6257.0,6367.0,6429.0,6446.0,6446.0,6446.0,6446.0,6446.0,6446.0,6446.0,6446.0,55,February 24,Carpentras
0.004900084225507261,1.4398206841622998,1.4764250902913856,2.001024857556492,2.001024857556492,0.5250144709470416,0.6355829797940875,5.002338821931756,5.002338821931756,0.6263578359812614,0.7032303088442959,4.053166090466658,4.053166090466658,0.5815466328775839,0.6684101887275883,2.7181146160289167,2.7181146160289167,0.3492173737053996,0.8532701493817544,10.52,0.2613867040992132,0.2613867040992132,841.4290240811152,0.23,-0.06999999999999999,-0.20333333333333337,-0.44500000000000006,-0.49000000000000005,-0.5033333333333334,-0.5842857142857142,-0.5700000000000001,-0.46999999999999986,-0.27999999999999997,0.057272727272727364,0.4300000000000001,0.7992307692307694,1.2228571428571426,1.663333333333333,2.03,2.359411764705882,2.7244444444444444,3.156315789473684,3.4900000000000007,3.8157142857142854,4.120909090909091,4.308260869565218,4.425833333333333,4.45,4.4569230769230765,4.481851851851852,4.508571428571428,4.561034482758621,4.613333333333334,4.68483870967742,4.84875,5.0239393939393935,5.21235294117647,5.412857142857143,5.5938888888888885,5.770540540540541,5.96421052631579,6.145384615384616,6.3375,6.5251219512195116,6.660952380952381,6.776511627906976,6.89590909090909,7.025555555555555,7.140869565217391,7.253404255319149,7.338333333333334,7.39530612244898,7.436,7.4692156862745085,7.474230769230768,7.486603773584905,7.517037037037036,7.546363636363636,7.551428571428572,7.572105263157895,7.612758620689656,7.66728813559322,7.726666666666666,7.8119672131147535,7.944516129032258,8.114126984126981,8.301874999999999,8.473076923076922,8.622424242424243,8.749402985074628,8.850588235294119,8.924202898550726,8.955714285714285,8.958169014084508,8.924444444444445,8.90123287671233,8.857027027027026,8.826,8.781315789473686,8.737792207792209,8.696666666666667,8.660379746835442,8.6425,8.643580246913581,8.669024390243903,8.721566265060241,8.787142857142857,8.861764705882354,8.940465116279071,9.020804597701149,9.139090909090909,9.26370786516854,9.375555555555556,9.486043956043956,9.596304347826088,9.698817204301076,9.750212765957446,9.75736842105263,9.747708333333334,9.732061855670104,9.713673469387755,9.696666666666665,9.699,9.694356435643565,9.685882352941176,9.688252427184466,9.694423076923076,9.694761904761906,9.7111320754717,9.728130841121496,9.737407407407408,9.742844036697248,9.76,9.77864864864865,9.836250000000001,9.899911504424779,9.965964912280704,10.02826086956522,10.100689655172415,10.17017094017094,10.213050847457627,10.225798319327732,10.2175,10.19694214876033,10.175081967213115,10.1430081300813,10.129193548387098,10.121199999999998,10.12047619047619,10.12212598425197,10.123750000000001,46.416666666666664,557.0,1.0,1.0,1.0,1.0,1.0,1.0,1.0,1.0,1.0,1.0,1.0,1.0,1.0,1.0,18.0,73.0,164.0,286.0,424.0,559.0,674.0,753.0,792.0,803.0,808.0,808.0,808.0,808.0,808.0,808.0,808.0,808.0,808.0,808.0,808.0,808.0,808.0,808.0,823.0,907.0,1051.0,1242.0,1463.0,1696.0,1921.0,2117.0,2264.0,2353.0,2381.0,2381.0,2381.0,2381.0,2381.0,2381.0,2381.0,2381.0,2381.0,2381.0,2381.0,2381.0,2381.0,2381.0,2394.0,2465.0,2585.0,2743.0,2923.0,3106.0,3272.0,3404.0,3493.0,3540.0,3555.0,3555.0,3555.0,3555.0,3555.0,3555.0,3555.0,3555.0,3555.0,3555.0,3555.0,3555.0,3555.0,3555.0,3567.0,3648.0,3789.0,3976.0,4193.0,4422.0,4643.0,4838.0,4989.0,5083.0,5109.0,5109.0,5109.0,5109.0,5109.0,5109.0,5109.0,5109.0,5109.0,5109.0,5109.0,5109.0,5109.0,5109.0,5119.0,5175.0,5267.0,5389.0,5527.0,5664.0,5781.0,5864.0,5906.0,5919.0,5923.0,5923.0,5923.0,5923.0,5923.0,5923.0,5923.0,5923.0,56,February 25,Carpentras
0.004900084225507261,1.4398206841622998,1.4764250902913856,2.001024857556492,2.001024857556492,0.5250144709470416,0.6355829797940875,5.002338821931756,5.002338821931756,0.6263578359812614,0.7032303088442959,4.053166090466658,4.053166090466658,0.5815466328775839,0.6684101887275883,2.7181146160289167,2.7181146160289167,0.3492173737053996,0.8532701493817544,9.078333333333333,0.05499854117270757,0.05499854117270757,703.7543601982742,8.43,8.18,7.696666666666666,7.255,7.029999999999999,6.98,6.7871428571428565,6.654999999999999,6.585555555555556,6.409999999999999,6.348181818181818,6.305,6.2915384615384635,6.551428571428572,6.79,7.02375,7.324117647058823,7.702222222222223,8.045789473684211,8.275000000000002,8.315714285714288,8.284545454545453,8.13,7.892500000000001,7.586,7.28,6.992962962962963,6.701428571428572,6.447241379310345,6.213333333333333,5.978387096774193,5.776875,5.611818181818181,5.488823529411765,5.43,5.405,5.400270270270271,5.435263157894737,5.496666666666667,5.547500000000001,5.59829268292683,5.677619047619048,5.799767441860466,5.891363636363637,5.99,6.0886956521739135,6.138510638297873,6.159166666666667,6.1361224489795925,6.106000000000002,6.086862745098039,6.070384615384616,6.069622641509434,6.070740740740742,6.084545454545455,6.153214285714286,6.231754385964913,6.3213793103448275,6.421525423728814,6.5133333333333345,6.605409836065574,6.710645161290324,6.810952380952382,6.920625,7.03,7.108787878787879,7.1762686567164184,7.247647058823531,7.327101449275363,7.398571428571429,7.469436619718309,7.5230555555555565,7.558767123287672,7.584054054054055,7.604666666666667,7.606315789473683,7.613116883116883,7.632564102564102,7.651518987341771,7.65375,7.667037037037037,7.694634146341462,7.732409638554216,7.774047619047617,7.834705882352939,7.929999999999999,8.052988505747125,8.190227272727272,8.316516853932583,8.427777777777775,8.523406593406593,8.600652173913042,8.65795698924731,8.684255319148935,8.688947368421053,8.666458333333333,8.651649484536081,8.620816326530612,8.599696969696968,8.567999999999998,8.536930693069305,8.507450980392157,8.48145631067961,8.469423076923077,8.471904761904762,8.493207547169812,8.535607476635514,8.588333333333331,8.64834862385321,8.711818181818181,8.776846846846846,8.871964285714284,8.972477876106193,9.063333333333334,9.153478260869566,9.243793103448276,9.3282905982906,9.372372881355934,9.381260504201686,9.376666666666665,9.367190082644628,9.355409836065574,9.344634146341464,9.349354838709681,9.348400000000003,9.344285714285716,9.34889763779528,9.3565625,73.25,879.0,6.0,6.0,6.0,6.0,6.0,6.0,6.0,6.0,6.0,6.0,6.0,6.0,6.0,6.0,24.0,68.0,140.0,235.0,340.0,440.0,518.0,559.0,562.0,562.0,563.0,563.0,563.0,563.0,563.0,563.0,563.0,563.0,563.0,563.0,563.0,563.0,563.0,563.0,580.0,635.0,726.0,848.0,986.0,1121.0,1236.0,1315.0,1354.0,1365.0,1370.0,1370.0,1370.0,1370.0,1370.0,1370.0,1370.0,1370.0,1370.0,1370.0,1370.0,1370.0,1370.0,1370.0,1385.0,1469.0,1613.0,1804.0,2025.0,2258.0,2483.0,2679.0,2826.0,2915.0,2943.0,2943.0,2943.0,2943.0,2943.0,2943.0,2943.0,2943.0,2943.0,2943.0,2943.0,2943.0,2943.0,2943.0,2956.0,3027.0,3147.0,3305.0,3485.0,3668.0,3834.0,3966.0,4055.0,4102.0,4117.0,4117.0,4117.0,4117.0,4117.0,4117.0,4117.0,4117.0,4117.0,4117.0,4117.0,4117.0,4117.0,4117.0,4129.0,4210.0,4351.0,4538.0,4755.0,4984.0,5205.0,5400.0,5551.0,5645.0,5671.0,5671.0,5671.0,5671.0,5671.0,5671.0,5671.0,5671.0,57,February 26,Carpentras
0.004900084225507261,1.4398206841622998,1.4764250902913856,2.001024857556492,2.001024857556492,0.5250144709470416,0.6355829797940875,5.002338821931756,5.002338821931756,0.6263578359812614,0.7032303088442959,4.053166090466658,4.053166090466658,0.5815466328775839,0.6684101887275883,2.7181146160289167,2.7181146160289167,0.3492173737053996,0.8532701493817544,10.57,-0.04892684067894182,0.04892684067894182,634.4292021444339,8.13,8.330000000000002,8.396666666666668,8.055000000000001,7.970000000000001,7.896666666666667,7.701428571428572,7.605,7.485555555555556,7.51,7.748181818181817,8.038333333333332,8.453076923076923,8.808571428571428,8.963333333333333,9.04875,9.159411764705883,9.296666666666667,9.393157894736841,9.39,9.42047619047619,9.466363636363637,9.477826086956522,9.48,9.438,9.38,9.281851851851853,9.162142857142857,9.057586206896552,8.979999999999999,8.871935483870967,8.77375,8.69060606060606,8.577058823529413,8.495714285714284,8.421666666666665,8.359729729729729,8.401052631578944,8.445384615384613,8.4975,8.58609756097561,8.718095238095238,8.84627906976744,8.932272727272727,8.936666666666666,8.908260869565215,8.819361702127656,8.68625,8.513673469387756,8.335999999999999,8.163333333333332,7.983846153846153,7.820566037735847,7.665185185185182,7.506363636363635,7.363928571428572,7.240526315789475,7.1403448275862065,7.077457627118643,7.034999999999998,7.0054098360655725,7.000967741935483,7.014126984126982,7.0221875,7.031538461538461,7.0603030303030305,7.118059701492537,7.157941176470587,7.20391304347826,7.25142857142857,7.268028169014083,7.266111111111112,7.235479452054795,7.200270270270271,7.172666666666665,7.147105263157894,7.132597402597401,7.119743589743589,7.116075949367088,7.15125,7.194197530864198,7.245853658536585,7.305903614457831,7.360952380952379,7.417058823529411,7.4834883720930225,7.547241379310344,7.618636363636363,7.690674157303371,7.7411111111111115,7.783846153846154,7.829999999999999,7.88268817204301,7.93,7.97736842105263,8.012291666666668,8.034123711340207,8.048367346938777,8.05929292929293,8.056000000000001,8.056732673267327,8.067254901960784,8.077572815533978,8.075192307692307,8.081428571428573,8.098867924528301,8.124392523364486,8.153148148148146,8.19697247706422,8.268181818181818,8.361531531531531,8.466607142857143,8.56362831858407,8.649298245614034,8.72304347826087,8.78258620689655,8.826581196581197,8.846101694915255,8.848487394957983,8.829166666666667,8.81595041322314,8.78983606557377,8.771463414634145,8.744516129032258,8.718000000000002,8.692698412698412,8.67015748031496,8.658906250000001,32.666666666666664,392.0,1.0,1.0,1.0,1.0,1.0,1.0,1.0,1.0,1.0,1.0,1.0,1.0,1.0,1.0,21.0,81.0,178.0,306.0,451.0,596.0,720.0,808.0,856.0,874.0,880.0,880.0,880.0,880.0,880.0,880.0,880.0,880.0,880.0,880.0,880.0,880.0,880.0,880.0,898.0,942.0,1014.0,1109.0,1214.0,1314.0,1392.0,1433.0,1436.0,1436.0,1437.0,1437.0,1437.0,1437.0,1437.0,1437.0,1437.0,1437.0,1437.0,1437.0,1437.0,1437.0,1437.0,1437.0,1454.0,1509.0,1600.0,1722.0,1860.0,1995.0,2110.0,2189.0,2228.0,2239.0,2244.0,2244.0,2244.0,2244.0,2244.0,2244.0,2244.0,2244.0,2244.0,2244.0,2244.0,2244.0,2244.0,2244.0,2259.0,2343.0,2487.0,2678.0,2899.0,3132.0,3357.0,3553.0,3700.0,3789.0,3817.0,3817.0,3817.0,3817.0,3817.0,3817.0,3817.0,3817.0,3817.0,3817.0,3817.0,3817.0,3817.0,3817.0,3830.0,3901.0,4021.0,4179.0,4359.0,4542.0,4708.0,4840.0,4929.0,4976.0,4991.0,4991.0,4991.0,4991.0,4991.0,4991.0,4991.0,4991.0,58,February 27,Carpentras
0.004900084225507261,1.4398206841622998,1.4764250902913856,2.001024857556492,2.001024857556492,0.5250144709470416,0.6355829797940875,5.002338821931756,5.002338821931756,0.6263578359812614,0.7032303088442959,4.053166090466658,4.053166090466658,0.5815466328775839,0.6684101887275883,2.7181146160289167,2.7181146160289167,0.3492173737053996,0.8532701493817544,8.869999999999997,0.14849354198078696,0.14849354198078696,766.121758737317,8.13,7.53,7.296666666666667,6.83,6.470000000000001,6.0633333333333335,5.53,5.1175,4.685555555555556,4.51,4.439090909090909,4.396666666666667,4.553076923076923,4.8585714285714285,5.156666666666666,5.38625,5.512352941176471,5.763333333333334,6.072105263157895,6.339999999999999,6.5442857142857145,6.68909090909091,6.84304347826087,6.913333333333334,6.962000000000001,7.0223076923076935,7.078148148148149,7.076428571428572,7.095517241379311,7.110000000000001,7.0912903225806465,7.086250000000001,7.06939393939394,7.088823529411765,7.175714285714287,7.288333333333335,7.454324324324326,7.61157894736842,7.7017948717948705,7.767500000000001,7.8446341463414635,7.934761904761906,8.00906976744186,8.039090909090909,8.083333333333332,8.134347826086954,8.168297872340423,8.196666666666667,8.201428571428572,8.196,8.167254901960783,8.124230769230769,8.086603773584905,8.061481481481481,8.017272727272726,7.9764285714285705,7.9422807017543855,7.8886206896551725,7.852033898305084,7.8183333333333325,7.790655737704918,7.82516129032258,7.86174603174603,7.9034375,7.968461538461539,8.06181818181818,8.153880597014924,8.21970588235294,8.232898550724636,8.224285714285713,8.17507042253521,8.095277777777776,7.9875342465753425,7.874594594594593,7.763333333333334,7.64578947368421,7.537792207792206,7.433846153846153,7.32620253164557,7.228750000000001,7.14358024691358,7.07390243902439,7.03,7.000238095238095,6.979411764705882,6.976511627906976,6.98632183908046,6.9925000000000015,6.999662921348315,7.021111111111112,7.064065934065934,7.094130434782608,7.128924731182796,7.165106382978723,7.178421052631578,7.177916666666667,7.1557731958762885,7.13,7.10979797979798,7.091,7.08049504950495,7.071176470588235,7.068834951456311,7.096346153846156,7.130000000000001,7.170566037735848,7.21785046728972,7.261481481481481,7.306146788990825,7.359090909090909,7.41018018018018,7.467500000000001,7.525575221238938,7.566842105263158,7.60217391304348,7.640344827586207,7.6838461538461535,7.72322033898305,7.762773109243697,7.792500000000001,7.8118181818181816,7.825081967213116,7.835691056910569,7.8348387096774195,7.8372,7.8474603174603175,7.85755905511811,7.857343750000001,40.0,480.0,1.0,1.0,1.0,1.0,1.0,1.0,1.0,1.0,1.0,1.0,1.0,1.0,1.0,1.0,23.0,57.0,111.0,185.0,266.0,337.0,382.0,392.0,392.0,392.0,393.0,393.0,393.0,393.0,393.0,393.0,393.0,393.0,393.0,393.0,393.0,393.0,393.0,393.0,413.0,473.0,570.0,698.0,843.0,988.0,1112.0,1200.0,1248.0,1266.0,1272.0,1272.0,1272.0,1272.0,1272.0,1272.0,1272.0,1272.0,1272.0,1272.0,1272.0,1272.0,1272.0,1272.0,1290.0,1334.0,1406.0,1501.0,1606.0,1706.0,1784.0,1825.0,1828.0,1828.0,1829.0,1829.0,1829.0,1829.0,1829.0,1829.0,1829.0,1829.0,1829.0,1829.0,1829.0,1829.0,1829.0,1829.0,1846.0,1901.0,1992.0,2114.0,2252.0,2387.0,2502.0,2581.0,2620.0,2631.0,2636.0,2636.0,2636.0,2636.0,2636.0,2636.0,2636.0,2636.0,2636.0,2636.0,2636.0,2636.0,2636.0,2636.0,2651.0,2735.0,2879.0,3070.0,3291.0,3524.0,3749.0,3945.0,4092.0,4181.0,4209.0,4209.0,4209.0,4209.0,4209.0,4209.0,4209.0,4209.0,59,February 28,Carpentras
0.004900084225507261,1.4398206841622998,1.4764250902913856,2.001024857556492,2.001024857556492,0.5250144709470416,0.6355829797940875,5.002338821931756,5.002338821931756,0.6263578359812614,0.7032303088442959,4.053166090466658,4.053166090466658,0.5815466328775839,0.6684101887275883,2.7181146160289167,2.7181146160289167,0.3492173737053996,0.8532701493817544,9.345,-0.10186311968837966,0.10186311968837966,599.1171749598716,12.03,10.879999999999999,9.863333333333335,9.13,8.53,8.163333333333334,8.03,7.892499999999999,7.785555555555555,7.68,7.566363636363636,7.3883333333333345,7.337692307692308,7.408571428571428,7.576666666666667,7.754999999999999,7.941764705882353,8.19111111111111,8.503684210526316,8.745000000000001,8.93,9.093636363636364,9.186521739130434,9.259166666666665,9.214,9.126153846153844,9.04111111111111,8.912142857142857,8.778275862068966,8.620000000000001,8.41709677419355,8.223749999999999,8.011818181818182,7.862352941176469,7.744285714285713,7.638333333333332,7.605675675675675,7.637894736842104,7.681282051282049,7.709999999999999,7.70560975609756,7.76095238095238,7.850930232558139,7.932272727272727,7.992222222222222,8.03,8.076808510638298,8.08625,8.087142857142856,8.096,8.104509803921568,8.083846153846155,8.075283018867925,8.065185185185184,8.037272727272727,8.0175,7.9914035087719295,7.986896551724138,8.02322033898305,8.076666666666666,8.164426229508196,8.249354838709676,8.295079365079365,8.326875000000001,8.366923076923076,8.416363636363636,8.456865671641792,8.469705882352942,8.492318840579708,8.520000000000001,8.537042253521129,8.550833333333333,8.54917808219178,8.540810810810811,8.516666666666667,8.482631578947368,8.45207792207792,8.430000000000001,8.394556962025318,8.361250000000002,8.33246913580247,8.289756097560975,8.258915662650603,8.229999999999999,8.205294117647059,8.225348837209303,8.247241379310344,8.273181818181818,8.316516853932583,8.381111111111112,8.445384615384617,8.490869565217393,8.497741935483871,8.488510638297873,8.448947368421054,8.38625,8.302164948453608,8.213673469387755,8.125959595959596,8.033,7.946831683168317,7.863333333333332,7.776601941747573,7.697307692307692,7.627142857142857,7.568679245283018,7.530000000000001,7.502222222222223,7.481376146788991,7.474545454545455,7.477747747747748,7.478214285714287,7.479557522123894,7.492280701754387,7.522173913043479,7.542068965517243,7.565897435897437,7.591016949152543,7.598067226890757,7.594166666666668,7.572975206611572,7.548852459016394,7.52918699186992,7.510645161290324,7.4988,7.487936507936508,7.482755905511812,7.501875,87.58333333333333,1051.0,14.0,14.0,14.0,14.0,14.0,14.0,14.0,14.0,14.0,14.0,14.0,14.0,14.0,14.0,37.0,75.0,139.0,226.0,320.0,405.0,467.0,493.0,493.0,493.0,494.0,494.0,494.0,494.0,494.0,494.0,494.0,494.0,494.0,494.0,494.0,494.0,494.0,494.0,516.0,550.0,604.0,678.0,759.0,830.0,875.0,885.0,885.0,885.0,886.0,886.0,886.0,886.0,886.0,886.0,886.0,886.0,886.0,886.0,886.0,886.0,886.0,886.0,906.0,966.0,1063.0,1191.0,1336.0,1481.0,1605.0,1693.0,1741.0,1759.0,1765.0,1765.0,1765.0,1765.0,1765.0,1765.0,1765.0,1765.0,1765.0,1765.0,1765.0,1765.0,1765.0,1765.0,1783.0,1827.0,1899.0,1994.0,2099.0,2199.0,2277.0,2318.0,2321.0,2321.0,2322.0,2322.0,2322.0,2322.0,2322.0,2322.0,2322.0,2322.0,2322.0,2322.0,2322.0,2322.0,2322.0,2322.0,2339.0,2394.0,2485.0,2607.0,2745.0,2880.0,2995.0,3074.0,3113.0,3124.0,3129.0,3129.0,3129.0,3129.0,3129.0,3129.0,3129.0,3129.0,60,March 1,Carpentras
0.004900084225507261,1.4398206841622998,1.4764250902913856,2.001024857556492,2.001024857556492,0.5250144709470416,0.6355829797940875,5.002338821931756,5.002338821931756,0.6263578359812614,0.7032303088442959,4.053166090466658,4.053166090466658,0.5815466328775839,0.6684101887275883,2.7181146160289167,2.7181146160289167,0.3492173737053996,0.8532701493817544,-2.2383333333333333,-1.1395849013302368,1.1395849013302368,-93.11243484735668,20.53,19.880000000000003,18.93,18.28,17.21,16.080000000000002,15.15857142857143,14.6175,13.652222222222223,12.910000000000002,12.466363636363637,12.188333333333333,11.991538461538463,11.780000000000001,11.643333333333333,11.58,11.512352941176472,11.44111111111111,11.351052631578947,11.315,11.296666666666667,11.293636363636365,11.347391304347827,11.421666666666667,11.446,11.379999999999999,11.24851851851852,11.094285714285714,10.923103448275862,10.770000000000001,10.655806451612905,10.539375,10.430000000000001,10.321176470588238,10.21,10.077222222222222,9.986756756756757,9.943157894736842,9.942820512820512,9.955,9.978780487804878,10.03714285714286,10.13232558139535,10.205,10.258888888888889,10.308260869565219,10.327872340425534,10.340416666666668,10.29530612244898,10.228,10.161372549019609,10.070384615384617,9.975283018867925,9.865185185185183,9.728181818181817,9.594285714285716,9.447543859649123,9.335172413793105,9.240169491525423,9.151666666666666,9.107049180327868,9.102580645161291,9.106190476190477,9.101875,9.077692307692306,9.092121212121212,9.13,9.163823529411765,9.185072463768115,9.192857142857141,9.207464788732395,9.198055555555555,9.183424657534246,9.174594594594595,9.165999999999999,9.137894736842105,9.118311688311687,9.097948717948718,9.065443037974681,9.038749999999999,9.007777777777777,8.992195121951218,9.005903614457832,9.03238095238095,9.084117647058823,9.134651162790696,9.157586206896552,9.170909090909092,9.190674157303372,9.217777777777776,9.238791208791207,9.239782608695652,9.248279569892473,9.260851063829787,9.265789473684208,9.268541666666668,9.259896907216495,9.246326530612246,9.22090909090909,9.188,9.157722772277227,9.13392156862745,9.099902912621358,9.067499999999999,9.03857142857143,8.998867924528303,8.968317757009345,8.93925925925926,8.91348623853211,8.922727272727272,8.933603603603602,8.947857142857144,8.976017699115044,9.02122807017544,9.066521739130435,9.097241379310345,9.097521367521368,9.085084745762712,9.048487394957982,8.993333333333334,8.920909090909092,8.844754098360657,8.769024390243903,8.688870967741936,8.614,8.541111111111112,8.46543307086614,8.395625,76.41666666666667,917.0,15.0,15.0,15.0,15.0,15.0,15.0,15.0,15.0,15.0,15.0,15.0,15.0,15.0,15.0,40.0,107.0,217.0,363.0,528.0,694.0,840.0,950.0,1018.0,1052.0,1066.0,1066.0,1066.0,1066.0,1066.0,1066.0,1066.0,1066.0,1066.0,1066.0,1066.0,1066.0,1066.0,1066.0,1089.0,1127.0,1191.0,1278.0,1372.0,1457.0,1519.0,1545.0,1545.0,1545.0,1546.0,1546.0,1546.0,1546.0,1546.0,1546.0,1546.0,1546.0,1546.0,1546.0,1546.0,1546.0,1546.0,1546.0,1568.0,1602.0,1656.0,1730.0,1811.0,1882.0,1927.0,1937.0,1937.0,1937.0,1938.0,1938.0,1938.0,1938.0,1938.0,1938.0,1938.0,1938.0,1938.0,1938.0,1938.0,1938.0,1938.0,1938.0,1958.0,2018.0,2115.0,2243.0,2388.0,2533.0,2657.0,2745.0,2793.0,2811.0,2817.0,2817.0,2817.0,2817.0,2817.0,2817.0,2817.0,2817.0,2817.0,2817.0,2817.0,2817.0,2817.0,2817.0,2835.0,2879.0,2951.0,3046.0,3151.0,3251.0,3329.0,3370.0,3373.0,3373.0,3374.0,3374.0,3374.0,3374.0,3374.0,3374.0,3374.0,3374.0,61,November 2,Carpentras
0.004900084225507261,1.4398206841622998,1.4764250902913856,2.001024857556492,2.001024857556492,0.5250144709470416,0.6355829797940875,5.002338821931756,5.002338821931756,0.6263578359812614,0.7032303088442959,4.053166090466658,4.053166090466658,0.5815466328775839,0.6684101887275883,2.7181146160289167,2.7181146160289167,0.3492173737053996,0.8532701493817544,-1.138333333333332,-1.0,1.0,-0.0,17.93,17.88,17.996666666666666,18.130000000000003,18.15,18.263333333333335,18.40142857142857,18.53,18.674444444444443,18.78,18.884545454545457,19.08,19.35307692307692,19.729999999999997,20.036666666666665,20.32375,20.565294117647056,20.685555555555556,20.687894736842104,20.72,20.710952380952378,20.675454545454546,20.686521739130438,20.659166666666664,20.654,20.599230769230765,20.467037037037038,20.319285714285712,20.06448275862069,19.743333333333332,19.417096774193546,19.14875,18.748181818181816,18.38,18.084285714285716,17.835555555555555,17.613783783783784,17.387894736842107,17.191538461538464,17.0275,16.866585365853656,16.708571428571428,16.546279069767444,16.41181818181818,16.29,16.180000000000003,16.102340425531917,16.04041666666667,15.95857142857143,15.834000000000001,15.67705882352941,15.508846153846154,15.331886792452833,15.165185185185187,15.020909090909093,14.876428571428573,14.737017543859649,14.59896551724138,14.460508474576272,14.310000000000002,14.185737704918033,14.091290322580646,14.025238095238098,13.9690625,13.922307692307692,13.899696969696972,13.90313432835821,13.89470588235294,13.876376811594204,13.85714285714286,13.820140845070425,13.780000000000001,13.702602739726029,13.611081081081082,13.520666666666667,13.41421052631579,13.305324675324675,13.186410256410259,13.048987341772154,12.913749999999999,12.769506172839508,12.64951219512195,12.542048192771084,12.439523809523811,12.368823529411767,12.327674418604651,12.293218390804597,12.253863636363638,12.200786516853935,12.176666666666666,12.17065934065934,12.162608695652175,12.146129032258067,12.120425531914893,12.100526315789473,12.063333333333333,12.02278350515464,11.987142857142857,11.952222222222222,11.902999999999999,11.86069306930693,11.818235294117647,11.766893203883493,11.720384615384614,11.67095238095238,11.633773584905661,11.619719626168223,11.616111111111111,11.63275229357798,11.64909090909091,11.644414414414415,11.632678571428572,11.626460176991152,11.626491228070176,11.622173913043477,11.60241379310345,11.588974358974358,11.579152542372881,11.56361344537815,11.546666666666665,11.520909090909091,11.491475409836063,11.452764227642275,11.408225806451613,11.366,11.32920634920635,11.284330708661418,11.240937500000001,106.91666666666667,1283.0,37.0,37.0,37.0,37.0,37.0,37.0,37.0,37.0,37.0,37.0,37.0,37.0,37.0,37.0,37.0,60.0,133.0,247.0,388.0,539.0,683.0,805.0,892.0,939.0,954.0,954.0,954.0,954.0,954.0,954.0,954.0,954.0,954.0,954.0,954.0,954.0,954.0,954.0,979.0,1046.0,1156.0,1302.0,1467.0,1633.0,1779.0,1889.0,1957.0,1991.0,2005.0,2005.0,2005.0,2005.0,2005.0,2005.0,2005.0,2005.0,2005.0,2005.0,2005.0,2005.0,2005.0,2005.0,2028.0,2066.0,2130.0,2217.0,2311.0,2396.0,2458.0,2484.0,2484.0,2484.0,2485.0,2485.0,2485.0,2485.0,2485.0,2485.0,2485.0,2485.0,2485.0,2485.0,2485.0,2485.0,2485.0,2485.0,2507.0,2541.0,2595.0,2669.0,2750.0,2821.0,2866.0,2876.0,2876.0,2876.0,2877.0,2877.0,2877.0,2877.0,2877.0,2877.0,2877.0,2877.0,2877.0,2877.0,2877.0,2877.0,2877.0,2877.0,2897.0,2957.0,3054.0,3182.0,3327.0,3472.0,3596.0,3684.0,3732.0,3750.0,3756.0,3756.0,3756.0,3756.0,3756.0,3756.0,3756.0,3756.0,62,November 3,Carpentras
0.004900084225507261,1.4398206841622998,1.4764250902913856,2.001024857556492,2.001024857556492,0.5250144709470416,0.6355829797940875,5.002338821931756,5.002338821931756,0.6263578359812614,0.7032303088442959,4.053166090466658,4.053166090466658,0.5815466328775839,0.6684101887275883,2.7181146160289167,2.7181146160289167,0.3492173737053996,0.8532701493817544,-1.2300000000000004,-1.0,1.0,-0.0,21.43,20.88,20.63,20.505,20.189999999999998,19.83,19.601428571428574,19.417499999999997,19.263333333333335,19.24,19.202727272727273,19.23,19.35307692307692,19.601428571428574,19.85,20.04875,20.17705882352941,20.20777777777778,20.24578947368421,20.275,20.29190476190476,20.293636363636363,20.290869565217392,20.184166666666666,20.094,20.006923076923076,19.94111111111111,19.890714285714285,19.83344827586207,19.8,19.781612903225803,19.770625,19.77242424242424,19.771176470588234,19.775714285714287,19.81611111111111,19.89216216216216,20.016842105263155,20.127435897435895,20.24,20.342195121951217,20.399047619047618,20.406744186046513,20.42772727272727,20.43,20.419130434782605,20.43,20.421666666666667,20.423877551020407,20.4,20.33392156862745,20.256923076923076,20.11867924528302,19.93925925925926,19.751818181818184,19.5925,19.352807017543856,19.126551724137933,18.93847457627119,18.775000000000002,18.625081967213116,18.470322580645167,18.331587301587305,18.21125,18.091538461538462,17.972424242424243,17.84940298507463,17.74323529411765,17.644492753623194,17.55285714285715,17.482112676056342,17.421666666666667,17.347808219178084,17.244864864864866,17.119333333333334,16.985263157894742,16.844285714285718,16.709487179487184,16.589493670886082,16.46875,16.35098765432099,16.233658536585367,16.115542168674697,15.988333333333335,15.879411764705885,15.791627906976746,15.724252873563222,15.664090909090909,15.610898876404496,15.575555555555555,15.55967032967033,15.535434782608695,15.5041935483871,15.472553191489364,15.42789473684211,15.381041666666667,15.306288659793815,15.220816326530612,15.136060606060607,15.039000000000003,14.939900990099012,14.832941176470591,14.711553398058255,14.59153846153846,14.464285714285714,14.355471698113208,14.256168224299067,14.160555555555558,14.089633027522938,14.041818181818183,13.99936936936937,13.953214285714283,13.896371681415928,13.862456140350877,13.84304347826087,13.822241379310345,13.794957264957267,13.760508474576271,13.730840336134454,13.6875,13.641570247933883,13.59967213114754,13.558455284552846,13.505806451612905,13.458800000000002,13.411746031746034,13.357559055118111,13.30734375,69.66666666666667,836.0,12.0,12.0,12.0,12.0,12.0,12.0,12.0,12.0,12.0,12.0,12.0,12.0,12.0,12.0,12.0,34.0,120.0,258.0,434.0,631.0,830.0,1012.0,1160.0,1258.0,1295.0,1295.0,1295.0,1295.0,1295.0,1295.0,1295.0,1295.0,1295.0,1295.0,1295.0,1295.0,1295.0,1295.0,1295.0,1318.0,1391.0,1505.0,1646.0,1797.0,1941.0,2063.0,2150.0,2197.0,2212.0,2212.0,2212.0,2212.0,2212.0,2212.0,2212.0,2212.0,2212.0,2212.0,2212.0,2212.0,2212.0,2212.0,2237.0,2304.0,2414.0,2560.0,2725.0,2891.0,3037.0,3147.0,3215.0,3249.0,3263.0,3263.0,3263.0,3263.0,3263.0,3263.0,3263.0,3263.0,3263.0,3263.0,3263.0,3263.0,3263.0,3263.0,3286.0,3324.0,3388.0,3475.0,3569.0,3654.0,3716.0,3742.0,3742.0,3742.0,3743.0,3743.0,3743.0,3743.0,3743.0,3743.0,3743.0,3743.0,3743.0,3743.0,3743.0,3743.0,3743.0,3743.0,3765.0,3799.0,3853.0,3927.0,4008.0,4079.0,4124.0,4134.0,4134.0,4134.0,4135.0,4135.0,4135.0,4135.0,4135.0,4135.0,4135.0,4135.0,63,November 4,Carpentras
0.004900084225507261,1.4398206841622998,1.4764250902913856,2.001024857556492,2.001024857556492,0.5250144709470416,0.6355829797940875,5.002338821931756,5.002338821931756,0.6263578359812614,0.7032303088442959,4.053166090466658,4.053166090466658,0.5815466328775839,0.6684101887275883,2.7181146160289167,2.7181146160289167,0.3492173737053996,0.8532701493817544,1.7866666666666653,-0.8112140178579418,0.8112140178579418,125.93283582089563,14.73,14.530000000000001,14.863333333333335,15.129999999999999,15.23,15.263333333333335,15.23,15.267500000000002,15.43,15.780000000000001,16.075454545454548,16.39666666666667,16.706923076923076,16.98714285714286,17.29666666666667,17.5925,17.806470588235296,17.90777777777778,17.987894736842104,18.169999999999998,18.339523809523808,18.53909090909091,18.699565217391303,18.813333333333333,18.918000000000003,18.972307692307695,19.015185185185185,19.055,19.050689655172416,19.016666666666666,18.991290322580642,18.964375,18.936060606060607,18.938823529411764,18.935714285714287,18.952222222222222,19.002972972972973,19.10368421052631,19.212051282051277,19.307499999999997,19.378780487804878,19.410952380952384,19.446279069767442,19.47772727272727,19.503333333333334,19.521304347826085,19.5363829787234,19.49875,19.46673469387755,19.434,19.410392156862745,19.393461538461537,19.37150943396226,19.361481481481476,19.359090909090906,19.360357142857143,19.36859649122807,19.374827586206898,19.38423728813559,19.415000000000003,19.46770491803279,19.550967741935484,19.6268253968254,19.705000000000002,19.77769230769231,19.82242424242424,19.835970149253733,19.85794117647059,19.867681159420293,19.868571428571432,19.883521126760563,19.885555555555555,19.894383561643835,19.885405405405404,19.84733333333333,19.801052631578944,19.71181818181818,19.592820512820513,19.466708860759496,19.35875,19.192962962962966,19.034878048780488,18.90228915662651,18.78595238095238,18.67823529411765,18.566046511627906,18.464482758620694,18.375454545454545,18.286179775280903,18.196666666666665,18.103626373626373,18.022391304347824,17.946129032258067,17.87468085106383,17.818421052631578,17.769583333333333,17.71041237113402,17.628979591836732,17.53,17.424,17.312178217821785,17.20450980392157,17.107669902912622,17.009807692307692,16.913809523809523,16.817735849056604,16.720654205607477,16.61611111111111,16.525412844036698,16.450909090909093,16.392162162162162,16.33892857142857,16.291061946902655,16.25719298245614,16.238695652173913,16.213620689655173,16.182991452991452,16.152033898305085,16.110672268907564,16.0675,16.00190082644628,15.927540983606557,15.853577235772356,15.769516129032256,15.6836,15.591111111111111,15.486692913385827,15.383125,74.33333333333333,892.0,13.0,13.0,13.0,13.0,13.0,13.0,13.0,13.0,13.0,13.0,13.0,13.0,13.0,13.0,13.0,34.0,101.0,206.0,338.0,480.0,614.0,723.0,798.0,837.0,849.0,849.0,849.0,849.0,849.0,849.0,849.0,849.0,849.0,849.0,849.0,849.0,849.0,849.0,849.0,871.0,957.0,1095.0,1271.0,1468.0,1667.0,1849.0,1997.0,2095.0,2132.0,2132.0,2132.0,2132.0,2132.0,2132.0,2132.0,2132.0,2132.0,2132.0,2132.0,2132.0,2132.0,2132.0,2132.0,2155.0,2228.0,2342.0,2483.0,2634.0,2778.0,2900.0,2987.0,3034.0,3049.0,3049.0,3049.0,3049.0,3049.0,3049.0,3049.0,3049.0,3049.0,3049.0,3049.0,3049.0,3049.0,3049.0,3074.0,3141.0,3251.0,3397.0,3562.0,3728.0,3874.0,3984.0,4052.0,4086.0,4100.0,4100.0,4100.0,4100.0,4100.0,4100.0,4100.0,4100.0,4100.0,4100.0,4100.0,4100.0,4100.0,4100.0,4123.0,4161.0,4225.0,4312.0,4406.0,4491.0,4553.0,4579.0,4579.0,4579.0,4580.0,4580.0,4580.0,4580.0,4580.0,4580.0,4580.0,4580.0,64,November 5,Carpentras
0.004900084225507261,1.4398206841622998,1.4764250902913856,2.001024857556492,2.001024857556492,0.5250144709470416,0.6355829797940875,5.002338821931756,5.002338821931756,0.6263578359812614,0.7032303088442959,4.053166090466658,4.053166090466658,0.5815466328775839,0.6684101887275883,2.7181146160289167,2.7181146160289167,0.3492173737053996,0.8532701493817544,5.1866666666666665,-0.16106730563204505,0.16106730563204505,559.6240359897172,7.729999999999999,7.2299999999999995,7.796666666666667,8.38,8.85,9.38,9.872857142857145,10.5175,11.052222222222223,11.670000000000002,12.257272727272728,12.738333333333332,13.099230769230767,13.508571428571425,13.856666666666666,14.19875,14.41235294117647,14.541111111111112,14.672105263157897,14.84,15.025238095238096,15.270909090909093,15.416956521739133,15.475833333333332,15.446000000000002,15.403076923076924,15.40777777777778,15.426428571428573,15.433448275862071,15.433333333333335,15.420322580645163,15.423750000000002,15.463333333333335,15.56529411764706,15.664285714285711,15.78277777777778,15.908378378378377,16.032631578947367,16.176153846153845,16.322499999999998,16.44219512195122,16.51809523809524,16.58581395348837,16.700454545454544,16.81222222222222,16.94086956521739,17.05340425531915,17.144583333333333,17.23204081632653,17.294,17.349607843137253,17.403076923076924,17.43188679245283,17.442962962962962,17.457272727272727,17.469285714285714,17.479122807017543,17.505862068965516,17.52830508474576,17.561666666666667,17.615245901639348,17.69935483870968,17.78873015873016,17.870625,17.93769230769231,17.98,18.02402985074627,18.065294117647063,18.102463768115946,18.134285714285717,18.16380281690141,18.157777777777778,18.154657534246574,18.15027027027027,18.151333333333334,18.156315789473684,18.15727272727273,18.16589743589744,18.179367088607595,18.195,18.215185185185184,18.233658536585363,18.25409638554217,18.28952380952381,18.34058823529412,18.413720930232557,18.481724137931035,18.55159090909091,18.617640449438202,18.663333333333334,18.686043956043957,18.714782608695653,18.73430107526882,18.74702127659575,18.77,18.783125,18.80113402061856,18.80551020408163,18.78757575757576,18.763,18.705247524752476,18.624117647058828,18.536796116504853,18.462692307692308,18.343333333333334,18.229056603773586,18.13373831775701,18.050370370370374,17.973119266055047,17.891818181818184,17.818288288288286,17.754107142857144,17.689292035398232,17.623859649122807,17.55521739130435,17.49551724137931,17.43940170940171,17.386779661016952,17.345966386554622,17.31083333333333,17.267190082644625,17.20540983606557,17.12918699186992,17.046935483870964,16.9596,16.875238095238092,16.799291338582677,16.722187499999997,74.25,891.0,12.0,12.0,12.0,12.0,12.0,12.0,12.0,12.0,12.0,12.0,12.0,12.0,12.0,12.0,12.0,31.0,100.0,210.0,349.0,499.0,642.0,762.0,846.0,891.0,904.0,904.0,904.0,904.0,904.0,904.0,904.0,904.0,904.0,904.0,904.0,904.0,904.0,904.0,904.0,925.0,992.0,1097.0,1229.0,1371.0,1505.0,1614.0,1689.0,1728.0,1740.0,1740.0,1740.0,1740.0,1740.0,1740.0,1740.0,1740.0,1740.0,1740.0,1740.0,1740.0,1740.0,1740.0,1740.0,1762.0,1848.0,1986.0,2162.0,2359.0,2558.0,2740.0,2888.0,2986.0,3023.0,3023.0,3023.0,3023.0,3023.0,3023.0,3023.0,3023.0,3023.0,3023.0,3023.0,3023.0,3023.0,3023.0,3023.0,3046.0,3119.0,3233.0,3374.0,3525.0,3669.0,3791.0,3878.0,3925.0,3940.0,3940.0,3940.0,3940.0,3940.0,3940.0,3940.0,3940.0,3940.0,3940.0,3940.0,3940.0,3940.0,3940.0,3965.0,4032.0,4142.0,4288.0,4453.0,4619.0,4765.0,4875.0,4943.0,4977.0,4991.0,4991.0,4991.0,4991.0,4991.0,4991.0,4991.0,4991.0,65,November 6,Carpentras
0.004900084225507261,1.4398206841622998,1.4764250902913856,2.001024857556492,2.001024857556492,0.5250144709470416,0.6355829797940875,5.002338821931756,5.002338821931756,0.6263578359812614,0.7032303088442959,4.053166090466658,4.053166090466658,0.5815466328775839,0.6684101887275883,2.7181146160289167,2.7181146160289167,0.3492173737053996,0.8532701493817544,6.236666666666666,-0.13635463831268324,0.13635463831268324,576.1090326028861,9.43,9.280000000000001,9.296666666666667,9.705,10.21,10.646666666666667,10.972857142857142,11.3675,11.707777777777778,11.969999999999999,12.202727272727271,12.480000000000002,12.606923076923078,12.787142857142857,13.023333333333335,13.186250000000001,13.377058823529413,13.530000000000001,13.672105263157894,13.844999999999999,13.929999999999998,13.916363636363638,13.795217391304348,13.646666666666667,13.41,13.153076923076922,12.996666666666666,12.894285714285715,12.819655172413794,12.793333333333331,12.794516129032258,12.864375,12.93909090909091,13.06529411764706,13.21,13.343888888888891,13.454324324324324,13.59578947368421,13.727435897435898,13.867500000000001,13.964146341463413,14.03,14.099767441860466,14.189090909090908,14.29,14.423478260869564,14.512978723404252,14.56125,14.56469387755102,14.56,14.579019607843136,14.604999999999999,14.624339622641507,14.639259259259259,14.646363636363635,14.662142857142856,14.698421052631575,14.771379310344829,14.843559322033897,14.928333333333333,15.018524590163933,15.109032258064516,15.212539682539681,15.319062500000001,15.41,15.473939393939393,15.532985074626867,15.622647058823532,15.711159420289857,15.811428571428573,15.901830985915495,15.978611111111112,16.053287671232876,16.111081081081085,16.16466666666667,16.21684210526316,16.252077922077927,16.274871794871796,16.299620253164562,16.3225,16.343580246913582,16.376341463414636,16.40590361445783,16.44309523809524,16.49470588235294,16.568372093023257,16.646091954022992,16.718636363636364,16.78056179775281,16.824444444444445,16.869560439560445,16.912608695652175,16.95258064516129,16.988510638297875,17.022631578947372,17.03,17.039278350515463,17.04734693877551,17.05929292929293,17.074,17.085445544554457,17.102549019607842,17.123203883495147,17.145384615384614,17.170952380952382,17.195094339622642,17.220654205607477,17.25777777777778,17.307064220183488,17.37363636363636,17.436306306306307,17.500535714285714,17.561858407079647,17.60719298245614,17.634347826086955,17.66620689655172,17.69068376068376,17.70966101694915,17.73672268907563,17.75583333333333,17.778760330578514,17.790655737704917,17.784471544715444,17.772741935483868,17.733999999999995,17.676031746031743,17.612677165354327,17.559687499999995,46.083333333333336,553.0,1.0,1.0,1.0,1.0,1.0,1.0,1.0,1.0,1.0,1.0,1.0,1.0,1.0,1.0,1.0,19.0,89.0,199.0,336.0,484.0,627.0,749.0,835.0,880.0,892.0,892.0,892.0,892.0,892.0,892.0,892.0,892.0,892.0,892.0,892.0,892.0,892.0,892.0,892.0,911.0,980.0,1090.0,1229.0,1379.0,1522.0,1642.0,1726.0,1771.0,1784.0,1784.0,1784.0,1784.0,1784.0,1784.0,1784.0,1784.0,1784.0,1784.0,1784.0,1784.0,1784.0,1784.0,1784.0,1805.0,1872.0,1977.0,2109.0,2251.0,2385.0,2494.0,2569.0,2608.0,2620.0,2620.0,2620.0,2620.0,2620.0,2620.0,2620.0,2620.0,2620.0,2620.0,2620.0,2620.0,2620.0,2620.0,2620.0,2642.0,2728.0,2866.0,3042.0,3239.0,3438.0,3620.0,3768.0,3866.0,3903.0,3903.0,3903.0,3903.0,3903.0,3903.0,3903.0,3903.0,3903.0,3903.0,3903.0,3903.0,3903.0,3903.0,3903.0,3926.0,3999.0,4113.0,4254.0,4405.0,4549.0,4671.0,4758.0,4805.0,4820.0,4820.0,4820.0,4820.0,4820.0,4820.0,4820.0,4820.0,66,November 7,Carpentras
0.004900084225507261,1.4398206841622998,1.4764250902913856,2.001024857556492,2.001024857556492,0.5250144709470416,0.6355829797940875,5.002338821931756,5.002338821931756,0.6263578359812614,0.7032303088442959,4.053166090466658,4.053166090466658,0.5815466328775839,0.6684101887275883,2.7181146160289167,2.7181146160289167,0.3492173737053996,0.8532701493817544,4.961666666666666,0.19887758309072326,0.19887758309072326,799.7312730937185,9.13,8.68,8.196666666666667,8.03,7.83,7.5133333333333345,7.2871428571428565,7.342499999999999,7.54111111111111,7.93,8.384545454545455,8.788333333333334,9.037692307692309,9.172857142857143,9.156666666666668,9.21125,9.41235294117647,9.785555555555554,10.26157894736842,10.68,11.001428571428571,11.239090909090908,11.31695652173913,11.275833333333333,11.202,11.122307692307693,11.055925925925928,11.051428571428572,11.09206896551724,11.149999999999999,11.207419354838708,11.29875,11.393636363636364,11.48,11.567142857142859,11.677222222222222,11.743513513513513,11.832631578947368,11.94794871794872,12.040000000000001,12.147073170731707,12.241904761904763,12.334651162790697,12.443636363636363,12.514444444444443,12.538695652173912,12.508723404255315,12.461250000000001,12.364693877551021,12.252,12.186862745098042,12.147307692307692,12.120566037735848,12.118888888888888,12.13181818181818,12.183571428571428,12.238771929824562,12.324827586206897,12.423220338983052,12.51666666666667,12.597213114754098,12.69774193548387,12.793492063492062,12.895625,12.971538461538461,13.02848484848485,13.088208955223882,13.160882352941176,13.24159420289855,13.344285714285713,13.418732394366195,13.466111111111111,13.483424657534247,13.494864864864866,13.522,13.553684210526319,13.58064935064935,13.604358974358975,13.62240506329114,13.646249999999998,13.684320987654322,13.74829268292683,13.811927710843374,13.884761904761904,13.961764705882352,14.039302325581396,14.126551724137933,14.216363636363637,14.295168539325843,14.354444444444445,14.410219780219782,14.488695652173917,14.566559139784946,14.653404255319153,14.733157894736845,14.802916666666667,14.871237113402064,14.926938775510205,14.979494949494953,15.031,15.06960396039604,15.098627450980393,15.129029126213593,15.157884615384615,15.185238095238098,15.221509433962266,15.255233644859814,15.294814814814814,15.34559633027523,15.413636363636366,15.484954954954958,15.552321428571428,15.611415929203542,15.656315789473686,15.702173913043477,15.746379310344828,15.788119658119658,15.826610169491527,15.863613445378151,15.879166666666666,15.896115702479339,15.911967213114753,15.930813008130082,15.951774193548387,15.97,15.992698412698413,16.018188976377953,16.04484375,68.16666666666667,818.0,10.0,10.0,10.0,10.0,10.0,10.0,10.0,10.0,10.0,10.0,10.0,10.0,10.0,10.0,10.0,26.0,80.0,161.0,258.0,358.0,448.0,516.0,553.0,562.0,563.0,563.0,563.0,563.0,563.0,563.0,563.0,563.0,563.0,563.0,563.0,563.0,563.0,563.0,563.0,581.0,651.0,761.0,898.0,1046.0,1189.0,1311.0,1397.0,1442.0,1454.0,1454.0,1454.0,1454.0,1454.0,1454.0,1454.0,1454.0,1454.0,1454.0,1454.0,1454.0,1454.0,1454.0,1454.0,1473.0,1542.0,1652.0,1791.0,1941.0,2084.0,2204.0,2288.0,2333.0,2346.0,2346.0,2346.0,2346.0,2346.0,2346.0,2346.0,2346.0,2346.0,2346.0,2346.0,2346.0,2346.0,2346.0,2346.0,2367.0,2434.0,2539.0,2671.0,2813.0,2947.0,3056.0,3131.0,3170.0,3182.0,3182.0,3182.0,3182.0,3182.0,3182.0,3182.0,3182.0,3182.0,3182.0,3182.0,3182.0,3182.0,3182.0,3182.0,3204.0,3290.0,3428.0,3604.0,3801.0,4000.0,4182.0,4330.0,4428.0,4465.0,4465.0,4465.0,4465.0,4465.0,4465.0,4465.0,4465.0,67,November 8,Carpentras
0.004900084225507261,1.4398206841622998,1.4764250902913856,2.001024857556492,2.001024857556492,0.5250144709470416,0.6355829797940875,5.002338821931756,5.002338821931756,0.6263578359812614,0.7032303088442959,4.053166090466658,4.053166090466658,0.5815466328775839,0.6684101887275883,2.7181146160289167,2.7181146160289167,0.3492173737053996,0.8532701493817544,4.928333333333335,0.4297221464213114,0.4297221464213114,953.7199864727762,9.63,8.23,7.830000000000001,7.605,7.590000000000001,7.48,7.444285714285714,7.4425,7.607777777777778,7.87,8.211818181818181,8.563333333333334,8.945384615384615,9.33714285714286,9.63,9.9925,10.371176470588235,10.774444444444445,11.11421052631579,11.46,11.725238095238094,11.870909090909093,11.882173913043477,11.800833333333335,11.694,11.56076923076923,11.400370370370368,11.262142857142857,11.11620689655172,10.943333333333332,10.781612903225804,10.686250000000001,10.639090909090909,10.66235294117647,10.727142857142857,10.796666666666665,10.829999999999998,10.832631578947366,10.783846153846154,10.765,10.810487804878049,10.937142857142856,11.120697674418604,11.291363636363636,11.427777777777775,11.53217391304348,11.56404255319149,11.538333333333332,11.49530612244898,11.448000000000002,11.406470588235294,11.39730769230769,11.413018867924526,11.439259259259256,11.466363636363633,11.513928571428574,11.565087719298246,11.61275862068966,11.662203389830507,11.726666666666667,11.76606557377049,11.82032258064516,11.89190476190476,11.9503125,12.019230769230772,12.081515151515154,12.143432835820896,12.216764705882353,12.266231884057971,12.285714285714286,12.269436619718308,12.241111111111113,12.179315068493151,12.105675675675677,12.063333333333333,12.037894736842105,12.020909090909091,12.02102564102564,12.031265822784809,12.068750000000001,12.109012345679012,12.171463414634148,12.243253012048193,12.31214285714286,12.372352941176471,12.44744186046512,12.519655172413795,12.597045454545453,12.655842696629218,12.701111111111112,12.748681318681319,12.80608695652174,12.86978494623656,12.950212765957449,13.010000000000003,13.04979166666667,13.067113402061858,13.080000000000002,13.104747474747477,13.133000000000003,13.157722772277229,13.180000000000001,13.197961165048545,13.220384615384615,13.253809523809524,13.307358490566036,13.360841121495326,13.421666666666667,13.485963302752294,13.55090909090909,13.623693693693694,13.69875,13.765398230088495,13.816842105263158,13.865652173913043,13.932586206896552,13.99923076923077,14.073220338983052,14.141764705882354,14.202500000000002,14.262231404958678,14.311967213114755,14.359268292682925,14.405806451612905,14.442,14.470476190476193,14.500078740157482,14.528437499999999,15.25,183.0,1.0,1.0,1.0,1.0,1.0,1.0,1.0,1.0,1.0,1.0,1.0,1.0,1.0,1.0,1.0,16.0,80.0,183.0,313.0,453.0,584.0,693.0,769.0,809.0,819.0,819.0,819.0,819.0,819.0,819.0,819.0,819.0,819.0,819.0,819.0,819.0,819.0,819.0,819.0,835.0,889.0,970.0,1067.0,1167.0,1257.0,1325.0,1362.0,1371.0,1372.0,1372.0,1372.0,1372.0,1372.0,1372.0,1372.0,1372.0,1372.0,1372.0,1372.0,1372.0,1372.0,1372.0,1372.0,1390.0,1460.0,1570.0,1707.0,1855.0,1998.0,2120.0,2206.0,2251.0,2263.0,2263.0,2263.0,2263.0,2263.0,2263.0,2263.0,2263.0,2263.0,2263.0,2263.0,2263.0,2263.0,2263.0,2263.0,2282.0,2351.0,2461.0,2600.0,2750.0,2893.0,3013.0,3097.0,3142.0,3155.0,3155.0,3155.0,3155.0,3155.0,3155.0,3155.0,3155.0,3155.0,3155.0,3155.0,3155.0,3155.0,3155.0,3155.0,3176.0,3243.0,3348.0,3480.0,3622.0,3756.0,3865.0,3940.0,3979.0,3991.0,3991.0,3991.0,3991.0,3991.0,3991.0,3991.0,3991.0,68,November 9,Carpentras
0.004900084225507261,1.4398206841622998,1.4764250902913856,2.001024857556492,2.001024857556492,0.5250144709470416,0.6355829797940875,5.002338821931756,5.002338821931756,0.6263578359812614,0.7032303088442959,4.053166090466658,4.053166090466658,0.5815466328775839,0.6684101887275883,2.7181146160289167,2.7181146160289167,0.3492173737053996,0.8532701493817544,1.2033333333333367,3.4252534351964874,3.4252534351964874,2951.939058171737,12.03,10.379999999999999,9.096666666666666,7.805,7.029999999999999,6.363333333333333,6.03,5.8925,6.207777777777778,6.530000000000001,6.948181818181819,7.388333333333333,7.830000000000002,8.272857142857145,8.596666666666668,8.998750000000001,9.406470588235294,9.813333333333333,10.16157894736842,10.49,10.787142857142857,11.016363636363637,11.164782608695653,11.229999999999999,11.165999999999999,10.99923076923077,10.852222222222222,10.712142857142856,10.60241379310345,10.479999999999999,10.375161290322579,10.283125,10.242121212121212,10.241764705882352,10.281428571428572,10.341111111111111,10.427297297297297,10.532631578947367,10.614615384615384,10.735,10.873902439024391,11.034761904761906,11.178837209302326,11.334545454545454,11.46111111111111,11.536521739130434,11.549148936170212,11.515416666666667,11.466734693877552,11.402000000000001,11.32019607843137,11.24730769230769,11.167735849056601,11.070740740740737,10.977272727272723,10.919285714285715,10.887894736842107,10.897241379310344,10.931694915254237,10.969999999999999,10.987377049180326,10.986451612903224,10.95380952380952,10.939375,10.965384615384615,11.043636363636365,11.159850746268658,11.26970588235294,11.358985507246375,11.428571428571427,11.451126760563376,11.435555555555556,11.40808219178082,11.377297297297297,11.35,11.344473684210525,11.355974025974024,11.374871794871792,11.394556962025314,11.428749999999999,11.465802469135802,11.500731707317073,11.53722891566265,11.584761904761903,11.61470588235294,11.655581395348836,11.709310344827584,11.753863636363638,11.806404494382022,11.854444444444445,11.902527472527474,11.959347826086958,11.998817204301076,12.01617021276596,12.006842105263159,11.988333333333335,11.944432989690721,11.891224489795917,11.861313131313132,11.844,11.832970297029703,11.834901960784315,11.844563106796116,11.875192307692307,11.908095238095239,11.958301886792455,12.015981308411215,12.071666666666669,12.120825688073397,12.181818181818183,12.24081081081081,12.304107142857145,12.353008849557524,12.391403508771932,12.431739130434783,12.48,12.533418803418805,12.600338983050849,12.651008403361343,12.685833333333333,12.702727272727273,12.716065573770491,12.738943089430894,12.764677419354838,12.787600000000001,12.808571428571428,12.826062992125983,12.8471875,39.333333333333336,472.0,1.0,1.0,1.0,1.0,1.0,1.0,1.0,1.0,1.0,1.0,1.0,1.0,1.0,1.0,1.0,15.0,41.0,80.0,126.0,164.0,183.0,183.0,183.0,183.0,184.0,184.0,184.0,184.0,184.0,184.0,184.0,184.0,184.0,184.0,184.0,184.0,184.0,184.0,184.0,199.0,263.0,366.0,496.0,636.0,767.0,876.0,952.0,992.0,1002.0,1002.0,1002.0,1002.0,1002.0,1002.0,1002.0,1002.0,1002.0,1002.0,1002.0,1002.0,1002.0,1002.0,1002.0,1018.0,1072.0,1153.0,1250.0,1350.0,1440.0,1508.0,1545.0,1554.0,1555.0,1555.0,1555.0,1555.0,1555.0,1555.0,1555.0,1555.0,1555.0,1555.0,1555.0,1555.0,1555.0,1555.0,1555.0,1573.0,1643.0,1753.0,1890.0,2038.0,2181.0,2303.0,2389.0,2434.0,2446.0,2446.0,2446.0,2446.0,2446.0,2446.0,2446.0,2446.0,2446.0,2446.0,2446.0,2446.0,2446.0,2446.0,2446.0,2465.0,2534.0,2644.0,2783.0,2933.0,3076.0,3196.0,3280.0,3325.0,3338.0,3338.0,3338.0,3338.0,3338.0,3338.0,3338.0,3338.0,69,November 10,Carpentras
0.004900084225507261,1.4398206841622998,1.4764250902913856,2.001024857556492,2.001024857556492,0.5250144709470416,0.6355829797940875,5.002338821931756,5.002338821931756,0.6263578359812614,0.7032303088442959,4.053166090466658,4.053166090466658,0.5815466328775839,0.6684101887275883,2.7181146160289167,2.7181146160289167,0.3492173737053996,0.8532701493817544,5.461666666666666,0.23610606294142336,0.23610606294142336,824.5651510527922,9.63,9.23,8.863333333333335,8.105,7.710000000000001,7.0633333333333335,6.458571428571429,6.180000000000001,6.252222222222223,6.58,7.011818181818183,7.663333333333333,8.383846153846152,9.165714285714285,9.876666666666667,10.579999999999998,11.188823529411764,11.741111111111111,12.193157894736842,12.594999999999999,12.86809523809524,13.098181818181816,13.190869565217389,13.229999999999999,13.181999999999999,13.01076923076923,12.770740740740742,12.454999999999998,12.16103448275862,11.856666666666664,11.604193548387094,11.395624999999999,11.314848484848484,11.259411764705883,11.255714285714284,11.282777777777776,11.3327027027027,11.403684210526313,11.447948717948716,11.5375,11.644634146341462,11.765714285714285,11.874186046511626,11.984545454545453,12.090000000000002,12.171304347826089,12.219361702127664,12.229999999999999,12.176938775510203,12.07,11.971176470588235,11.87423076923077,11.7922641509434,11.702222222222224,11.620909090909093,11.546071428571427,11.500175438596491,11.478275862068966,11.48084745762712,11.496666666666668,11.530000000000001,11.57677419354839,11.610952380952384,11.670625000000001,11.743846153846155,11.833030303030304,11.91358208955224,12.003529411764708,12.076376811594205,12.117142857142857,12.117323943661974,12.086944444444445,12.046438356164384,11.994864864864866,11.931333333333333,11.87342105263158,11.810519480519481,11.735128205128207,11.661645569620255,11.6125,11.581851851851852,11.58,11.596265060240965,11.615714285714287,11.620588235294118,11.612558139534885,11.581724137931037,11.56409090909091,11.576067415730337,11.626666666666667,11.705824175824178,11.78108695652174,11.841827956989253,11.888510638297872,11.900526315789476,11.884166666666667,11.858865979381443,11.831020408163266,11.805757575757578,11.797000000000002,11.801287128712874,11.81137254901961,11.822233009708738,11.844423076923078,11.86904761904762,11.892264150943397,11.916915887850468,11.950370370370372,11.970366972477066,11.99909090909091,12.038108108108108,12.07017857142857,12.108761061946902,12.144035087719299,12.179565217391305,12.222241379310345,12.251367521367523,12.263050847457627,12.253529411764706,12.236666666666668,12.199421487603306,12.154590163934428,12.128373983739838,12.11225806451613,12.1012,12.100634920634922,12.106377952755908,12.129218750000001,38.416666666666664,461.0,1.0,1.0,1.0,1.0,1.0,1.0,1.0,1.0,1.0,1.0,1.0,1.0,1.0,1.0,1.0,14.0,61.0,133.0,220.0,310.0,390.0,447.0,472.0,472.0,473.0,473.0,473.0,473.0,473.0,473.0,473.0,473.0,473.0,473.0,473.0,473.0,473.0,473.0,473.0,487.0,513.0,552.0,598.0,636.0,655.0,655.0,655.0,655.0,656.0,656.0,656.0,656.0,656.0,656.0,656.0,656.0,656.0,656.0,656.0,656.0,656.0,656.0,656.0,671.0,735.0,838.0,968.0,1108.0,1239.0,1348.0,1424.0,1464.0,1474.0,1474.0,1474.0,1474.0,1474.0,1474.0,1474.0,1474.0,1474.0,1474.0,1474.0,1474.0,1474.0,1474.0,1474.0,1490.0,1544.0,1625.0,1722.0,1822.0,1912.0,1980.0,2017.0,2026.0,2027.0,2027.0,2027.0,2027.0,2027.0,2027.0,2027.0,2027.0,2027.0,2027.0,2027.0,2027.0,2027.0,2027.0,2027.0,2045.0,2115.0,2225.0,2362.0,2510.0,2653.0,2775.0,2861.0,2906.0,2918.0,2918.0,2918.0,2918.0,2918.0,2918.0,2918.0,2918.0,70,November 11,Carpentras
0.004900084225507261,1.4398206841622998,1.4764250902913856,2.001024857556492,2.001024857556492,0.5250144709470416,0.6355829797940875,5.002338821931756,5.002338821931756,0.6263578359812614,0.7032303088442959,4.053166090466658,4.053166090466658,0.5815466328775839,0.6684101887275883,2.7181146160289167,2.7181146160289167,0.3492173737053996,0.8532701493817544,1.8116666666666676,2.1833475811477223,2.1833475811477223,2123.5050597976074,12.63,11.780000000000001,10.563333333333334,9.08,7.970000000000001,7.196666666666666,6.644285714285715,6.317500000000001,6.307777777777778,6.43,6.53,6.73,7.030000000000001,7.4157142857142855,7.783333333333333,8.14875,8.653529411764707,9.18,9.587894736842106,9.95,10.244285714285715,10.530000000000001,10.651739130434784,10.634166666666667,10.594000000000001,10.526153846153846,10.437407407407408,10.272857142857145,10.129999999999999,9.919999999999998,9.691290322580643,9.520624999999999,9.43909090909091,9.441764705882354,9.495714285714286,9.643888888888888,9.843513513513512,10.09315789473684,10.342820512820511,10.6125,10.864146341463416,11.108571428571429,11.323023255813952,11.525454545454544,11.676666666666666,11.812608695652173,11.885319148936171,11.932083333333333,11.934081632653061,11.87,11.765294117647056,11.614615384615384,11.469622641509432,11.313333333333333,11.18090909090909,11.069285714285714,11.028245614035088,11.000689655172414,11.002881355932203,11.023333333333332,11.057868852459016,11.105806451612903,11.137936507936507,11.19875,11.27153846153846,11.354242424242422,11.43,11.507941176470588,11.583623188405795,11.644285714285713,11.683521126760564,11.698055555555555,11.66972602739726,11.604324324324324,11.543333333333331,11.482631578947368,11.4312987012987,11.373589743589744,11.32113924050633,11.272499999999999,11.24358024691358,11.231219512195121,11.236024096385542,11.250238095238094,11.277058823529412,11.313720930232558,11.341494252873563,11.387954545454544,11.444606741573034,11.513333333333332,11.576153846153849,11.64630434782609,11.7041935483871,11.738510638297875,11.742631578947371,11.72375,11.697010309278351,11.661632653061226,11.61686868686869,11.576000000000006,11.530990099009903,11.476078431372553,11.42223300970874,11.386730769230772,11.365238095238096,11.365849056603775,11.380467289719629,11.397592592592595,11.403394495412849,11.39909090909091,11.37684684684685,11.36482142857143,11.376017699115046,11.417719298245615,11.482173913043482,11.543793103448278,11.594102564102569,11.633389830508477,11.64512605042017,11.634166666666665,11.615950413223143,11.595573770491804,11.57715447154472,11.57193548387097,11.577200000000005,11.587142857142862,11.597716535433074,11.617500000000001,32.583333333333336,391.0,1.0,1.0,1.0,1.0,1.0,1.0,1.0,1.0,1.0,1.0,1.0,1.0,1.0,1.0,1.0,12.0,59.0,130.0,215.0,303.0,381.0,436.0,461.0,461.0,462.0,462.0,462.0,462.0,462.0,462.0,462.0,462.0,462.0,462.0,462.0,462.0,462.0,462.0,462.0,475.0,522.0,594.0,681.0,771.0,851.0,908.0,933.0,933.0,934.0,934.0,934.0,934.0,934.0,934.0,934.0,934.0,934.0,934.0,934.0,934.0,934.0,934.0,934.0,948.0,974.0,1013.0,1059.0,1097.0,1116.0,1116.0,1116.0,1116.0,1117.0,1117.0,1117.0,1117.0,1117.0,1117.0,1117.0,1117.0,1117.0,1117.0,1117.0,1117.0,1117.0,1117.0,1117.0,1132.0,1196.0,1299.0,1429.0,1569.0,1700.0,1809.0,1885.0,1925.0,1935.0,1935.0,1935.0,1935.0,1935.0,1935.0,1935.0,1935.0,1935.0,1935.0,1935.0,1935.0,1935.0,1935.0,1935.0,1951.0,2005.0,2086.0,2183.0,2283.0,2373.0,2441.0,2478.0,2487.0,2488.0,2488.0,2488.0,2488.0,2488.0,2488.0,2488.0,2488.0,71,November 12,Carpentras
0.004900084225507261,1.4398206841622998,1.4764250902913856,2.001024857556492,2.001024857556492,0.5250144709470416,0.6355829797940875,5.002338821931756,5.002338821931756,0.6263578359812614,0.7032303088442959,4.053166090466658,4.053166090466658,0.5815466328775839,0.6684101887275883,2.7181146160289167,2.7181146160289167,0.3492173737053996,0.8532701493817544,4.653333333333333,0.07452541369161281,0.07452541369161281,716.7800859598852,11.23,10.879999999999999,10.496666666666666,9.93,9.790000000000001,9.83,9.915714285714287,10.192499999999999,10.463333333333333,10.690000000000001,10.902727272727274,11.205,11.583846153846151,12.001428571428571,12.536666666666664,13.073749999999999,13.582941176470587,13.974444444444444,14.240526315789474,14.45,14.596666666666671,14.73,14.743043478260871,14.696666666666667,14.614,14.472307692307691,14.237407407407408,13.894285714285715,13.536896551724139,13.196666666666665,12.878387096774196,12.601875,12.40878787878788,12.26529411764706,12.13,12.041111111111114,12.002972972972975,12.014210526315791,12.037692307692309,12.0775,12.190975609756098,12.33238095238095,12.439302325581394,12.539090909090909,12.61888888888889,12.703913043478261,12.71723404255319,12.665416666666667,12.603469387755103,12.527999999999999,12.441764705882353,12.314615384615385,12.197924528301886,12.042962962962962,11.875454545454545,11.738928571428573,11.65280701754386,11.616206896551724,11.611355932203391,11.665000000000001,11.752950819672133,11.87516129032258,12.001428571428573,12.1440625,12.279230769230768,12.413333333333332,12.531492537313433,12.64470588235294,12.727101449275363,12.801428571428572,12.835633802816902,12.853611111111112,12.842328767123288,12.786756756756757,12.703333333333333,12.587894736842106,12.475454545454546,12.354358974358973,12.248987341772152,12.157499999999999,12.115185185185185,12.082439024390244,12.070963855421686,12.072857142857142,12.08529411764706,12.107906976744186,12.119655172413792,12.152727272727274,12.195168539325842,12.245555555555555,12.291538461538462,12.339782608695652,12.386989247311828,12.423617021276595,12.444736842105266,12.447708333333333,12.418659793814435,12.361632653061223,12.307777777777776,12.253999999999998,12.207227722772277,12.15549019607843,12.10766990291262,12.062692307692306,12.032857142857143,12.015849056603773,12.012242990654205,12.016111111111112,12.03,12.051818181818183,12.066936936936937,12.096964285714288,12.135309734513275,12.183508771929823,12.227391304347824,12.277413793103449,12.318034188034188,12.340169491525423,12.33840336134454,12.318333333333332,12.29198347107438,12.258688524590163,12.21780487804878,12.18,12.138800000000002,12.08952380952381,12.041023622047245,12.00734375,63.166666666666664,758.0,6.0,6.0,6.0,6.0,6.0,6.0,6.0,6.0,6.0,6.0,6.0,6.0,6.0,6.0,6.0,16.0,58.0,122.0,200.0,277.0,341.0,382.0,396.0,396.0,397.0,397.0,397.0,397.0,397.0,397.0,397.0,397.0,397.0,397.0,397.0,397.0,397.0,397.0,397.0,408.0,455.0,526.0,611.0,699.0,777.0,832.0,857.0,857.0,858.0,858.0,858.0,858.0,858.0,858.0,858.0,858.0,858.0,858.0,858.0,858.0,858.0,858.0,858.0,871.0,918.0,990.0,1077.0,1167.0,1247.0,1304.0,1329.0,1329.0,1330.0,1330.0,1330.0,1330.0,1330.0,1330.0,1330.0,1330.0,1330.0,1330.0,1330.0,1330.0,1330.0,1330.0,1330.0,1344.0,1370.0,1409.0,1455.0,1493.0,1512.0,1512.0,1512.0,1512.0,1513.0,1513.0,1513.0,1513.0,1513.0,1513.0,1513.0,1513.0,1513.0,1513.0,1513.0,1513.0,1513.0,1513.0,1513.0,1528.0,1592.0,1695.0,1825.0,1965.0,2096.0,2205.0,2281.0,2321.0,2331.0,2331.0,2331.0,2331.0,2331.0,2331.0,2331.0,2331.0,72,November 13,Carpentras
0.004900084225507261,1.4398206841622998,1.4764250902913856,2.001024857556492,2.001024857556492,0.5250144709470416,0.6355829797940875,5.002338821931756,5.002338821931756,0.6263578359812614,0.7032303088442959,4.053166090466658,4.053166090466658,0.5815466328775839,0.6684101887275883,2.7181146160289167,2.7181146160289167,0.3492173737053996,0.8532701493817544,3.9616666666666696,0.34029805087078063,0.34029805087078063,894.0681531342021,13.93,12.93,11.863333333333335,10.98,10.389999999999999,9.996666666666668,9.787142857142857,9.642500000000002,9.552222222222222,9.670000000000002,9.902727272727274,10.22166666666667,10.653076923076924,11.094285714285716,11.57,12.01125,12.371176470588235,12.61888888888889,12.81421052631579,12.895,12.91095238095238,12.893636363636364,12.860434782608696,12.78416666666667,12.722000000000001,12.637692307692308,12.530000000000003,12.376428571428573,12.26793103448276,12.193333333333333,12.136451612903224,12.13625,12.151212121212122,12.168235294117649,12.192857142857143,12.257777777777779,12.362432432432433,12.49578947368421,12.688974358974358,12.9,13.115365853658535,13.294285714285712,13.427674418604647,13.541363636363634,13.629999999999997,13.71478260869565,13.742765957446805,13.740416666666667,13.717755102040815,13.661999999999999,13.553529411764703,13.381923076923076,13.196037735849057,13.013333333333332,12.837272727272724,12.679999999999998,12.56684210526316,12.479999999999999,12.396101694915252,12.338333333333335,12.310327868852458,12.312258064516127,12.32206349206349,12.342500000000001,12.41,12.496666666666664,12.562835820895522,12.625588235294117,12.676376811594203,12.731428571428571,12.739859154929576,12.705,12.662876712328767,12.61108108108108,12.551333333333332,12.462894736842104,12.38064935064935,12.271025641025641,12.15151898734177,12.0525,11.988024691358023,11.958048780487804,11.950481927710841,11.984761904761905,12.044117647058822,12.128837209302327,12.217356321839082,12.318636363636363,12.415393258426969,12.51222222222222,12.59813186813187,12.68108695652174,12.741827956989248,12.797021276595746,12.82263157894737,12.83625,12.827938144329899,12.786122448979592,12.722929292929294,12.635,12.548811881188119,12.45549019607843,12.37368932038835,12.302115384615385,12.268095238095237,12.24132075471698,12.230934579439253,12.230925925925927,12.239174311926606,12.255454545454544,12.263333333333332,12.288035714285712,12.320265486725662,12.358947368421052,12.394347826086957,12.431724137931035,12.468461538461538,12.496949152542372,12.513193277310924,12.514999999999999,12.491157024793388,12.444754098360656,12.400731707317075,12.356612903225805,12.318,12.275238095238095,12.235511811023622,12.19796875,29.583333333333332,355.0,1.0,1.0,1.0,1.0,1.0,1.0,1.0,1.0,1.0,1.0,1.0,1.0,1.0,1.0,1.0,10.0,69.0,166.0,289.0,421.0,546.0,649.0,719.0,753.0,759.0,759.0,759.0,759.0,759.0,759.0,759.0,759.0,759.0,759.0,759.0,759.0,759.0,759.0,759.0,769.0,811.0,875.0,953.0,1030.0,1094.0,1135.0,1149.0,1149.0,1150.0,1150.0,1150.0,1150.0,1150.0,1150.0,1150.0,1150.0,1150.0,1150.0,1150.0,1150.0,1150.0,1150.0,1150.0,1161.0,1208.0,1279.0,1364.0,1452.0,1530.0,1585.0,1610.0,1610.0,1611.0,1611.0,1611.0,1611.0,1611.0,1611.0,1611.0,1611.0,1611.0,1611.0,1611.0,1611.0,1611.0,1611.0,1611.0,1624.0,1671.0,1743.0,1830.0,1920.0,2000.0,2057.0,2082.0,2082.0,2083.0,2083.0,2083.0,2083.0,2083.0,2083.0,2083.0,2083.0,2083.0,2083.0,2083.0,2083.0,2083.0,2083.0,2083.0,2097.0,2123.0,2162.0,2208.0,2246.0,2265.0,2265.0,2265.0,2265.0,2266.0,2266.0,2266.0,2266.0,2266.0,2266.0,2266.0,2266.0,73,November 14,Carpentras
0.004900084225507261,1.4398206841622998,1.4764250902913856,2.001024857556492,2.001024857556492,0.5250144709470416,0.6355829797940875,5.002338821931756,5.002338821931756,0.6263578359812614,0.7032303088442959,4.053166090466658,4.053166090466658,0.5815466328775839,0.6684101887275883,2.7181146160289167,2.7181146160289167,0.3492173737053996,0.8532701493817544,3.686666666666667,-0.03930833181826906,0.03930833181826906,640.8453887884267,12.73,11.530000000000001,10.763333333333335,10.605,10.690000000000001,11.096666666666666,11.530000000000001,11.9925,12.207777777777778,12.34,12.411818181818182,12.346666666666666,12.406923076923077,12.558571428571428,12.809999999999999,13.123750000000001,13.371176470588233,13.58,13.782631578947369,13.940000000000001,14.05857142857143,14.139090909090909,14.156086956521738,14.1925,14.182,14.095384615384619,13.933703703703703,13.733571428571429,13.536896551724137,13.353333333333333,13.197741935483869,13.055,12.926969696969698,12.86235294117647,12.844285714285714,12.86888888888889,12.948918918918917,13.051052631578948,13.183846153846153,13.319999999999999,13.437317073170734,13.51809523809524,13.583488372093024,13.602727272727272,13.594444444444445,13.571304347826086,13.540638297872341,13.488333333333335,13.442244897959185,13.384,13.312352941176472,13.214615384615387,13.139433962264151,13.081851851851852,13.033636363636363,13.0175,13.010701754385964,13.005862068965518,13.006271186440678,13.031666666666668,13.082459016393441,13.15258064516129,13.261746031746032,13.3846875,13.513076923076921,13.620909090909091,13.701641791044779,13.771176470588236,13.825652173913044,13.878571428571428,13.894788732394366,13.89111111111111,13.873835616438356,13.834054054054056,13.758,13.637894736842105,13.506623376623377,13.376153846153844,13.248987341772153,13.133749999999997,13.048518518518517,12.981219512195123,12.9155421686747,12.86809523809524,12.841764705882353,12.83697674418605,12.838045977011499,12.847045454545453,12.890674157303371,12.94888888888889,12.992637362637362,13.034347826086956,13.06763440860215,13.104468085106385,13.106842105263162,13.076875000000001,13.041340206185566,12.998367346938775,12.94919191919192,12.878000000000002,12.811188118811883,12.723137254901962,12.62708737864078,12.546346153846155,12.491904761904763,12.463962264150943,12.453364485981309,12.475370370370372,12.517155963302754,12.579090909090912,12.644414414414419,12.720178571428573,12.79283185840708,12.865964912280702,12.93086956521739,12.993793103448278,13.039401709401709,13.08084745762712,13.098907563025211,13.107499999999998,13.098595041322312,13.0627868852459,13.009674796747968,12.936451612903225,12.8644,12.786349206349207,12.717401574803151,12.6565625,80.58333333333333,967.0,11.0,11.0,11.0,11.0,11.0,11.0,11.0,11.0,11.0,11.0,11.0,11.0,11.0,11.0,11.0,19.0,59.0,119.0,190.0,261.0,320.0,357.0,365.0,365.0,366.0,366.0,366.0,366.0,366.0,366.0,366.0,366.0,366.0,366.0,366.0,366.0,366.0,366.0,366.0,375.0,434.0,531.0,654.0,786.0,911.0,1014.0,1084.0,1118.0,1124.0,1124.0,1124.0,1124.0,1124.0,1124.0,1124.0,1124.0,1124.0,1124.0,1124.0,1124.0,1124.0,1124.0,1124.0,1134.0,1176.0,1240.0,1318.0,1395.0,1459.0,1500.0,1514.0,1514.0,1515.0,1515.0,1515.0,1515.0,1515.0,1515.0,1515.0,1515.0,1515.0,1515.0,1515.0,1515.0,1515.0,1515.0,1515.0,1526.0,1573.0,1644.0,1729.0,1817.0,1895.0,1950.0,1975.0,1975.0,1976.0,1976.0,1976.0,1976.0,1976.0,1976.0,1976.0,1976.0,1976.0,1976.0,1976.0,1976.0,1976.0,1976.0,1976.0,1989.0,2036.0,2108.0,2195.0,2285.0,2365.0,2422.0,2447.0,2447.0,2448.0,2448.0,2448.0,2448.0,2448.0,2448.0,2448.0,2448.0,74,November 15,Carpentras
0.004900084225507261,1.4398206841622998,1.4764250902913856,2.001024857556492,2.001024857556492,0.5250144709470416,0.6355829797940875,5.002338821931756,5.002338821931756,0.6263578359812614,0.7032303088442959,4.053166090466658,4.053166090466658,0.5815466328775839,0.6684101887275883,2.7181146160289167,2.7181146160289167,0.3492173737053996,0.8532701493817544,7.203333333333332,-0.06243782652204175,0.06243782652204175,625.4164738546967,10.13,9.98,9.83,9.83,9.99,10.063333333333334,10.244285714285713,10.504999999999999,10.752222222222223,10.82,10.93909090909091,10.946666666666665,11.183846153846153,11.594285714285716,12.056666666666668,12.4925,12.77705882352941,13.002222222222223,13.198421052631579,13.389999999999997,13.515714285714285,13.629999999999997,13.643043478260866,13.63,13.594000000000001,13.468461538461538,13.311481481481477,13.197857142857142,13.12310344827586,13.123333333333331,13.1558064516129,13.220625000000002,13.242121212121212,13.250588235294117,13.247142857142856,13.202222222222222,13.200270270270268,13.235263157894735,13.314615384615385,13.427499999999998,13.522682926829267,13.608571428571427,13.697441860465117,13.770909090909093,13.830000000000004,13.873478260869565,13.887446808510639,13.91125,13.911632653061224,13.872,13.790784313725489,13.685769230769232,13.579056603773585,13.476296296296297,13.386363636363637,13.301428571428573,13.222982456140352,13.180000000000001,13.163898305084746,13.173333333333336,13.21688524590164,13.27516129032258,13.353809523809526,13.436250000000001,13.508461538461539,13.558787878787879,13.600149253731344,13.61235294117647,13.6068115942029,13.59142857142857,13.570845070422536,13.535555555555554,13.503972602739726,13.463783783783784,13.414,13.345789473684212,13.292337662337662,13.250512820512823,13.214810126582279,13.201250000000002,13.194197530864201,13.188536585365854,13.186626506024096,13.202619047619047,13.237058823529413,13.285813953488372,13.363333333333335,13.451590909090909,13.544606741573036,13.623333333333333,13.682747252747253,13.734347826086957,13.775161290322579,13.815106382978723,13.827894736842106,13.82583333333333,13.813505154639175,13.784081632653061,13.726969696969697,13.635999999999997,13.535940594059404,13.435882352941176,13.337766990291263,13.24826923076923,13.181428571428572,13.12811320754717,13.075794392523363,13.037407407407407,13.015321100917431,13.010000000000002,13.009279279279282,13.014821428571429,13.047699115044251,13.092280701754389,13.125652173913045,13.157586206896552,13.182991452991454,13.211355932203391,13.212352941176471,13.1875,13.15809917355372,13.122622950819672,13.082032520325203,13.023548387096772,12.9684,12.895873015873017,12.816614173228347,12.74953125,25.0,300.0,0.0,0.0,0.0,0.0,0.0,0.0,0.0,0.0,0.0,0.0,0.0,0.0,0.0,0.0,0.0,7.0,75.0,190.0,338.0,501.0,660.0,798.0,899.0,956.0,967.0,967.0,967.0,967.0,967.0,967.0,967.0,967.0,967.0,967.0,967.0,967.0,967.0,967.0,967.0,975.0,1015.0,1075.0,1146.0,1217.0,1276.0,1313.0,1321.0,1321.0,1322.0,1322.0,1322.0,1322.0,1322.0,1322.0,1322.0,1322.0,1322.0,1322.0,1322.0,1322.0,1322.0,1322.0,1322.0,1331.0,1390.0,1487.0,1610.0,1742.0,1867.0,1970.0,2040.0,2074.0,2080.0,2080.0,2080.0,2080.0,2080.0,2080.0,2080.0,2080.0,2080.0,2080.0,2080.0,2080.0,2080.0,2080.0,2080.0,2090.0,2132.0,2196.0,2274.0,2351.0,2415.0,2456.0,2470.0,2470.0,2471.0,2471.0,2471.0,2471.0,2471.0,2471.0,2471.0,2471.0,2471.0,2471.0,2471.0,2471.0,2471.0,2471.0,2471.0,2482.0,2529.0,2600.0,2685.0,2773.0,2851.0,2906.0,2931.0,2931.0,2932.0,2932.0,2932.0,2932.0,2932.0,2932.0,2932.0,2932.0,75,November 16,Carpentras
0.004900084225507261,1.4398206841622998,1.4764250902913856,2.001024857556492,2.001024857556492,0.5250144709470416,0.6355829797940875,5.002338821931756,5.002338821931756,0.6263578359812614,0.7032303088442959,4.053166090466658,4.053166090466658,0.5815466328775839,0.6684101887275883,2.7181146160289167,2.7181146160289167,0.3492173737053996,0.8532701493817544,3.6366666666666663,0.19141393257537676,0.19141393257537676,794.7525206232814,11.63,10.98,10.563333333333334,10.48,10.57,10.63,10.515714285714285,10.405000000000001,10.274444444444445,10.02,9.839090909090908,9.721666666666668,9.576153846153845,9.608571428571432,9.763333333333334,9.98625,10.224117647058824,10.524444444444446,10.829999999999998,11.04,11.182380952380951,11.28,11.290869565217392,11.259166666666667,11.213999999999999,11.160769230769231,11.100370370370369,11.055000000000001,11.040344827586207,11.020000000000003,11.03,11.070625,11.120909090909091,11.13,11.15857142857143,11.155,11.232702702702703,11.382631578947368,11.565897435897435,11.752500000000001,11.888536585365854,12.006190476190474,12.116046511627907,12.227727272727275,12.312222222222223,12.39304347826087,12.425744680851064,12.444583333333334,12.450408163265307,12.408000000000001,12.345686274509806,12.303076923076922,12.279056603773586,12.294814814814814,12.32818181818182,12.379999999999999,12.40719298245614,12.426551724137932,12.438474576271187,12.425,12.43655737704918,12.470322580645163,12.531587301587301,12.614374999999999,12.686923076923076,12.754242424242424,12.82402985074627,12.884411764705884,12.935797101449277,12.977142857142855,12.999014084507044,13.027222222222223,13.03958904109589,13.024594594594594,12.980666666666666,12.919473684210528,12.855974025974026,12.794102564102564,12.740126582278481,12.688749999999999,12.641111111111112,12.617804878048782,12.613132530120483,12.626428571428571,12.664117647058827,12.712558139534886,12.775977011494255,12.8425,12.90191011235955,12.945555555555554,12.982747252747254,12.998478260869566,13.000967741935485,12.995957446808514,12.986842105263158,12.966458333333334,12.94855670103093,12.923877551020407,12.891616161616161,12.845,12.809207920792081,12.781960784313728,12.759126213592234,12.753076923076925,12.751904761904765,12.751698113207548,12.754299065420561,12.770740740740743,12.801559633027525,12.843636363636366,12.90837837837838,12.981785714285715,13.059203539823011,13.12561403508772,13.176956521739132,13.222241379310347,13.259059829059831,13.295254237288137,13.309831932773113,13.3125,13.306859504132232,13.287377049180328,13.245447154471545,13.175967741935485,13.0988,13.021269841269843,12.944960629921262,12.8753125,72.75,873.0,7.0,7.0,7.0,7.0,7.0,7.0,7.0,7.0,7.0,7.0,7.0,7.0,7.0,7.0,7.0,13.0,48.0,102.0,167.0,230.0,279.0,306.0,307.0,307.0,307.0,307.0,307.0,307.0,307.0,307.0,307.0,307.0,307.0,307.0,307.0,307.0,307.0,307.0,307.0,314.0,382.0,497.0,645.0,808.0,967.0,1105.0,1206.0,1263.0,1274.0,1274.0,1274.0,1274.0,1274.0,1274.0,1274.0,1274.0,1274.0,1274.0,1274.0,1274.0,1274.0,1274.0,1274.0,1282.0,1322.0,1382.0,1453.0,1524.0,1583.0,1620.0,1628.0,1628.0,1629.0,1629.0,1629.0,1629.0,1629.0,1629.0,1629.0,1629.0,1629.0,1629.0,1629.0,1629.0,1629.0,1629.0,1629.0,1638.0,1697.0,1794.0,1917.0,2049.0,2174.0,2277.0,2347.0,2381.0,2387.0,2387.0,2387.0,2387.0,2387.0,2387.0,2387.0,2387.0,2387.0,2387.0,2387.0,2387.0,2387.0,2387.0,2387.0,2397.0,2439.0,2503.0,2581.0,2658.0,2722.0,2763.0,2777.0,2777.0,2778.0,2778.0,2778.0,2778.0,2778.0,2778.0,2778.0,2778.0,76,November 17,Carpentras
0.004900084225507261,1.4398206841622998,1.4764250902913856,2.001024857556492,2.001024857556492,0.5250144709470416,0.6355829797940875,5.002338821931756,5.002338821931756,0.6263578359812614,0.7032303088442959,4.053166090466658,4.053166090466658,0.5815466328775839,0.6684101887275883,2.7181146160289167,2.7181146160289167,0.3492173737053996,0.8532701493817544,4.386666666666665,0.2059728448645102,0.2059728448645102,804.464285714286,12.23,11.879999999999999,11.663333333333332,11.355,11.13,10.780000000000001,10.315714285714288,10.055,9.830000000000002,9.64,9.530000000000001,9.455,9.491538461538463,9.780000000000001,10.196666666666665,10.67375,11.13,11.591111111111111,12.051052631578946,12.405,12.687142857142854,12.861818181818181,12.899565217391304,12.909166666666666,12.858000000000002,12.76076923076923,12.648518518518518,12.562142857142858,12.505862068965518,12.453333333333331,12.368709677419355,12.283125,12.190606060606063,12.059411764705882,11.944285714285716,11.846666666666668,11.73810810810811,11.693157894736842,11.699230769230768,11.74,11.795853658536585,11.887142857142857,11.99046511627907,12.059545454545455,12.103333333333333,12.129999999999997,12.11723404255319,12.084166666666667,12.044285714285715,12.0,11.95156862745098,11.91076923076923,11.886603773584904,11.859629629629628,11.849999999999998,11.858571428571429,11.873859649122808,11.866206896551724,11.870677966101697,11.856666666666666,11.892295081967212,11.973548387096775,12.077619047619047,12.18625,12.265384615384615,12.334545454545454,12.400149253731344,12.468235294117646,12.519855072463768,12.57,12.589154929577465,12.599444444444446,12.60123287671233,12.570540540540541,12.526,12.494473684210528,12.475454545454545,12.483846153846153,12.504683544303795,12.538749999999999,12.555925925925926,12.56780487804878,12.574578313253014,12.563333333333333,12.57,12.592790697674419,12.635747126436781,12.694772727272726,12.74685393258427,12.795555555555554,12.846483516483516,12.890869565217391,12.928924731182796,12.959787234042553,12.976315789473684,12.997708333333334,13.007319587628867,12.996326530612246,12.963333333333335,12.917,12.86861386138614,12.821176470588235,12.779514563106796,12.739615384615385,12.702380952380953,12.68377358490566,12.679532710280377,12.68925925925926,12.718073394495413,12.755454545454546,12.804774774774776,12.856785714285715,12.903451327433629,12.937894736842104,12.967391304347824,12.979999999999999,12.982136752136753,12.978305084745765,12.971176470588235,12.955,12.940743801652893,12.920983606557378,12.895040650406504,12.857419354838711,12.828400000000002,12.806190476190478,12.787480314960632,12.78234375,52.75,633.0,1.0,1.0,1.0,1.0,1.0,1.0,1.0,1.0,1.0,1.0,1.0,1.0,1.0,1.0,1.0,6.0,69.0,175.0,312.0,462.0,608.0,732.0,821.0,867.0,874.0,874.0,874.0,874.0,874.0,874.0,874.0,874.0,874.0,874.0,874.0,874.0,874.0,874.0,874.0,880.0,915.0,969.0,1034.0,1097.0,1146.0,1173.0,1174.0,1174.0,1174.0,1174.0,1174.0,1174.0,1174.0,1174.0,1174.0,1174.0,1174.0,1174.0,1174.0,1174.0,1174.0,1174.0,1174.0,1181.0,1249.0,1364.0,1512.0,1675.0,1834.0,1972.0,2073.0,2130.0,2141.0,2141.0,2141.0,2141.0,2141.0,2141.0,2141.0,2141.0,2141.0,2141.0,2141.0,2141.0,2141.0,2141.0,2141.0,2149.0,2189.0,2249.0,2320.0,2391.0,2450.0,2487.0,2495.0,2495.0,2496.0,2496.0,2496.0,2496.0,2496.0,2496.0,2496.0,2496.0,2496.0,2496.0,2496.0,2496.0,2496.0,2496.0,2496.0,2505.0,2564.0,2661.0,2784.0,2916.0,3041.0,3144.0,3214.0,3248.0,3254.0,3254.0,3254.0,3254.0,3254.0,3254.0,3254.0,3254.0,77,November 18,Carpentras
0.004900084225507261,1.4398206841622998,1.4764250902913856,2.001024857556492,2.001024857556492,0.5250144709470416,0.6355829797940875,5.002338821931756,5.002338821931756,0.6263578359812614,0.7032303088442959,4.053166090466658,4.053166090466658,0.5815466328775839,0.6684101887275883,2.7181146160289167,2.7181146160289167,0.3492173737053996,0.8532701493817544,1.0199999999999996,0.618514185606284,0.618514185606284,1079.6568627450986,18.33,17.53,16.796666666666667,15.655000000000001,14.51,13.43,12.401428571428571,11.842500000000001,11.518888888888888,11.430000000000001,11.484545454545454,11.730000000000002,12.022307692307693,12.379999999999999,12.683333333333334,12.936250000000001,13.124117647058824,13.274444444444445,13.466842105263158,13.625,13.653809523809525,13.666363636363634,13.643043478260868,13.671666666666667,13.613999999999999,13.533846153846154,13.448518518518519,13.340714285714284,13.23344827586207,13.093333333333334,12.913870967741936,12.7675,12.623939393939393,12.485882352941177,12.370000000000001,12.266111111111112,12.202972972972974,12.237894736842106,12.335128205128209,12.4725,12.617804878048782,12.78,12.95558139534884,13.09590909090909,13.212222222222223,13.284347826086957,13.293829787234044,13.290416666666665,13.2565306122449,13.198,13.130000000000003,13.074230769230772,13.033773584905662,12.994814814814818,12.93727272727273,12.878214285714288,12.81421052631579,12.726551724137932,12.646949152542375,12.57666666666667,12.498852459016396,12.459032258064516,12.450634920634922,12.464375,12.48846153846154,12.536060606060607,12.59268656716418,12.628529411764708,12.648840579710146,12.65857142857143,12.64267605633803,12.613333333333333,12.579315068493152,12.542162162162162,12.502,12.466842105263158,12.442987012987015,12.417179487179489,12.403417721518988,12.4025,12.406543209876544,12.394634146341463,12.39144578313253,12.375238095238094,12.394705882352941,12.447441860465114,12.517356321839081,12.591363636363637,12.644606741573032,12.691111111111109,12.735494505494504,12.78217391304348,12.817096774193548,12.85127659574468,12.862631578947369,12.867500000000001,12.866082474226804,12.840204081632653,12.803737373737373,12.777000000000001,12.759702970297027,12.763333333333332,12.77660194174757,12.800192307692308,12.81095238095238,12.817735849056602,12.820654205607475,12.80962962962963,12.81256880733945,12.828181818181818,12.859729729729729,12.904107142857143,12.943274336283185,12.98,13.018695652173912,13.052413793103447,13.08128205128205,13.10457627118644,13.116554621848739,13.1325,13.139090909090909,13.129180327868854,13.101544715447153,13.063064516129032,13.022800000000002,12.983174603174604,12.948110236220472,12.914375,85.0,1020.0,10.0,10.0,10.0,10.0,10.0,10.0,10.0,10.0,10.0,10.0,10.0,10.0,10.0,10.0,10.0,14.0,66.0,151.0,258.0,373.0,481.0,567.0,621.0,642.0,643.0,643.0,643.0,643.0,643.0,643.0,643.0,643.0,643.0,643.0,643.0,643.0,643.0,643.0,643.0,648.0,711.0,817.0,954.0,1104.0,1250.0,1374.0,1463.0,1509.0,1516.0,1516.0,1516.0,1516.0,1516.0,1516.0,1516.0,1516.0,1516.0,1516.0,1516.0,1516.0,1516.0,1516.0,1516.0,1522.0,1557.0,1611.0,1676.0,1739.0,1788.0,1815.0,1816.0,1816.0,1816.0,1816.0,1816.0,1816.0,1816.0,1816.0,1816.0,1816.0,1816.0,1816.0,1816.0,1816.0,1816.0,1816.0,1816.0,1823.0,1891.0,2006.0,2154.0,2317.0,2476.0,2614.0,2715.0,2772.0,2783.0,2783.0,2783.0,2783.0,2783.0,2783.0,2783.0,2783.0,2783.0,2783.0,2783.0,2783.0,2783.0,2783.0,2783.0,2791.0,2831.0,2891.0,2962.0,3033.0,3092.0,3129.0,3137.0,3137.0,3138.0,3138.0,3138.0,3138.0,3138.0,3138.0,3138.0,3138.0,78,November 19,Carpentras
0.004900084225507261,1.4398206841622998,1.4764250902913856,2.001024857556492,2.001024857556492,0.5250144709470416,0.6355829797940875,5.002338821931756,5.002338821931756,0.6263578359812614,0.7032303088442959,4.053166090466658,4.053166090466658,0.5815466328775839,0.6684101887275883,2.7181146160289167,2.7181146160289167,0.3492173737053996,0.8532701493817544,1.1700000000000017,0.330398342191264,0.330398342191264,887.4643874643859,14.63,14.33,14.363333333333335,13.755,13.190000000000001,12.663333333333334,12.158571428571426,12.08,12.263333333333334,12.53,12.957272727272727,13.538333333333334,13.991538461538463,14.301428571428572,14.663333333333334,14.96125,15.188823529411767,15.379999999999999,15.551052631578946,15.709999999999997,15.863333333333333,15.979999999999997,16.095217391304345,16.25916666666667,16.342,16.356923076923074,16.31888888888889,16.172857142857143,15.95758620689655,15.693333333333333,15.38806451612903,15.155,14.966363636363637,14.838823529411764,14.758571428571427,14.749444444444444,14.77054054054054,14.829999999999997,14.883846153846148,14.929999999999998,14.959268292682928,14.979999999999999,15.0253488372093,15.061818181818177,15.04333333333333,15.019130434782603,14.97893617021276,14.965416666666668,14.909591836734695,14.842,14.771176470588234,14.687692307692306,14.603584905660373,14.500370370370366,14.373636363636361,14.26392857142857,14.154561403508772,14.047241379310345,13.952033898305084,13.863333333333332,13.79885245901639,13.794516129032255,13.829999999999998,13.8925,13.962307692307693,14.045151515151513,14.138955223880597,14.212352941176468,14.272028985507244,14.30428571428571,14.29619718309859,14.279999999999998,14.243698630136988,14.190810810810813,14.131333333333336,14.080000000000002,14.039090909090913,13.999230769230772,13.946455696202538,13.892500000000002,13.83493827160494,13.760487804878053,13.691445783132535,13.628809523809528,13.560588235294121,13.519534883720937,13.501264367816097,13.499318181818182,13.505280898876405,13.52888888888889,13.559670329670332,13.575652173913046,13.580537634408605,13.577872340425536,13.556315789473688,13.524791666666667,13.489793814432993,13.452448979591836,13.412828282828285,13.377000000000002,13.349801980198023,13.321176470588238,13.301844660194178,13.2925,13.287142857142857,13.269622641509436,13.258971962616823,13.238333333333335,13.245596330275234,13.279090909090911,13.3263963963964,13.37732142857143,13.412300884955753,13.442280701754386,13.470869565217392,13.501551724137933,13.523162393162396,13.54440677966102,13.547647058823532,13.545833333333333,13.539090909090909,13.512786885245903,13.4779674796748,13.450967741935486,13.431600000000001,13.42920634920635,13.434724409448823,13.44875,86.91666666666667,1043.0,11.0,11.0,11.0,11.0,11.0,11.0,11.0,11.0,11.0,11.0,11.0,11.0,11.0,11.0,11.0,15.0,81.0,198.0,352.0,525.0,696.0,846.0,958.0,1021.0,1031.0,1031.0,1031.0,1031.0,1031.0,1031.0,1031.0,1031.0,1031.0,1031.0,1031.0,1031.0,1031.0,1031.0,1031.0,1035.0,1087.0,1172.0,1279.0,1394.0,1502.0,1588.0,1642.0,1663.0,1664.0,1664.0,1664.0,1664.0,1664.0,1664.0,1664.0,1664.0,1664.0,1664.0,1664.0,1664.0,1664.0,1664.0,1664.0,1669.0,1732.0,1838.0,1975.0,2125.0,2271.0,2395.0,2484.0,2530.0,2537.0,2537.0,2537.0,2537.0,2537.0,2537.0,2537.0,2537.0,2537.0,2537.0,2537.0,2537.0,2537.0,2537.0,2537.0,2543.0,2578.0,2632.0,2697.0,2760.0,2809.0,2836.0,2837.0,2837.0,2837.0,2837.0,2837.0,2837.0,2837.0,2837.0,2837.0,2837.0,2837.0,2837.0,2837.0,2837.0,2837.0,2837.0,2837.0,2844.0,2912.0,3027.0,3175.0,3338.0,3497.0,3635.0,3736.0,3793.0,3804.0,3804.0,3804.0,3804.0,3804.0,3804.0,3804.0,3804.0,79,November 20,Carpentras
0.004900084225507261,1.4398206841622998,1.4764250902913856,2.001024857556492,2.001024857556492,0.5250144709470416,0.6355829797940875,5.002338821931756,5.002338821931756,0.6263578359812614,0.7032303088442959,4.053166090466658,4.053166090466658,0.5815466328775839,0.6684101887275883,2.7181146160289167,2.7181146160289167,0.3492173737053996,0.8532701493817544,4.828333333333333,0.03547640142183237,0.03547640142183237,690.731791508457,12.13,11.38,11.230000000000002,10.780000000000001,10.07,9.58,9.15857142857143,9.08,9.185555555555554,9.429999999999998,9.83,10.346666666666666,10.822307692307692,11.415714285714285,12.023333333333333,12.555,13.100588235294117,13.596666666666668,13.977368421052631,14.2,14.363333333333333,14.49818181818182,14.547391304347828,14.588333333333333,14.59,14.568461538461538,14.563333333333333,14.469285714285714,14.347241379310347,14.203333333333335,14.03967741935484,13.961250000000001,13.954242424242425,13.98294117647059,14.075714285714287,14.238333333333335,14.378648648648648,14.482631578947366,14.617179487179483,14.7375,14.837317073170732,14.927619047619048,15.013720930232559,15.098181818181816,15.183333333333334,15.25391304347826,15.325744680851063,15.423749999999998,15.483061224489795,15.508,15.504509803921566,15.441538461538459,15.337547169811318,15.202222222222222,15.039090909090907,14.912142857142856,14.80719298245614,14.735172413793103,14.689322033898305,14.684999999999999,14.698852459016392,14.736451612903226,14.77126984126984,14.801874999999999,14.82230769230769,14.837575757575758,14.868805970149253,14.89470588235294,14.885072463768115,14.871428571428572,14.846901408450705,14.839722222222223,14.803972602739726,14.759729729729733,14.71266666666667,14.65631578947369,14.598831168831174,14.527435897435902,14.438860759493677,14.361250000000002,14.283086419753086,14.205609756097562,14.136024096385544,14.070476190476196,14.021764705882358,14.016046511627913,14.039195402298857,14.082272727272727,14.131123595505619,14.190000000000005,14.257472527472528,14.3104347826087,14.353655913978498,14.376808510638304,14.370000000000006,14.357083333333335,14.328969072164949,14.288163265306125,14.242121212121218,14.202000000000005,14.169603960396042,14.137843137254906,14.096019417475736,14.053076923076922,14.00714285714286,13.94792452830189,13.89261682242991,13.842037037037041,13.786880733944958,13.75272727272728,13.73630630630631,13.732678571428574,13.735309734513276,13.751929824561408,13.77434782608696,13.78517241379311,13.787264957264961,13.783389830508481,13.76445378151261,13.7375,13.707685950413223,13.675901639344264,13.642195121951223,13.611451612903227,13.587600000000002,13.562539682539686,13.544960629921263,13.53546875,51.416666666666664,617.0,1.0,1.0,1.0,1.0,1.0,1.0,1.0,1.0,1.0,1.0,1.0,1.0,1.0,1.0,1.0,4.0,69.0,185.0,338.0,510.0,683.0,839.0,961.0,1033.0,1044.0,1044.0,1044.0,1044.0,1044.0,1044.0,1044.0,1044.0,1044.0,1044.0,1044.0,1044.0,1044.0,1044.0,1044.0,1048.0,1114.0,1231.0,1385.0,1558.0,1729.0,1879.0,1991.0,2054.0,2064.0,2064.0,2064.0,2064.0,2064.0,2064.0,2064.0,2064.0,2064.0,2064.0,2064.0,2064.0,2064.0,2064.0,2064.0,2068.0,2120.0,2205.0,2312.0,2427.0,2535.0,2621.0,2675.0,2696.0,2697.0,2697.0,2697.0,2697.0,2697.0,2697.0,2697.0,2697.0,2697.0,2697.0,2697.0,2697.0,2697.0,2697.0,2697.0,2702.0,2765.0,2871.0,3008.0,3158.0,3304.0,3428.0,3517.0,3563.0,3570.0,3570.0,3570.0,3570.0,3570.0,3570.0,3570.0,3570.0,3570.0,3570.0,3570.0,3570.0,3570.0,3570.0,3570.0,3576.0,3611.0,3665.0,3730.0,3793.0,3842.0,3869.0,3870.0,3870.0,3870.0,3870.0,3870.0,3870.0,3870.0,3870.0,3870.0,3870.0,80,November 21,Carpentras
0.004900084225507261,1.4398206841622998,1.4764250902913856,2.001024857556492,2.001024857556492,0.5250144709470416,0.6355829797940875,5.002338821931756,5.002338821931756,0.6263578359812614,0.7032303088442959,4.053166090466658,4.053166090466658,0.5815466328775839,0.6684101887275883,2.7181146160289167,2.7181146160289167,0.3492173737053996,0.8532701493817544,2.520000000000003,0.43703460463404303,0.43703460463404303,958.5978835978824,11.03,10.83,10.396666666666667,9.855,9.690000000000001,9.613333333333333,9.858571428571429,10.317499999999999,10.874444444444444,11.279999999999998,11.557272727272727,11.813333333333334,11.976153846153846,12.144285714285713,12.37,12.6425,12.906470588235294,13.102222222222222,13.31421052631579,13.404999999999998,13.515714285714282,13.54363636363636,13.53869565217391,13.4925,13.437999999999999,13.33,13.241111111111108,13.104999999999999,12.902413793103447,12.709999999999999,12.513870967741934,12.389375000000001,12.317878787878788,12.297647058823529,12.341428571428569,12.443888888888887,12.554324324324323,12.72736842105263,12.927435897435897,13.117500000000001,13.33,13.537142857142856,13.706744186046512,13.81409090909091,13.898888888888887,13.973478260869562,14.008723404255319,14.040416666666667,14.052448979591835,14.052,14.05941176470588,14.018461538461537,13.960188679245283,13.887407407407407,13.80090909090909,13.760357142857144,13.759824561403509,13.78,13.838474576271185,13.94,14.03,14.099354838709678,14.188730158730158,14.270624999999999,14.340769230769233,14.405757575757576,14.468805970149253,14.531470588235294,14.595217391304347,14.65,14.706056338028171,14.779999999999998,14.828630136986302,14.854324324324324,14.860666666666669,14.826052631578946,14.762467532467532,14.676153846153847,14.569240506329114,14.486250000000002,14.417654320987653,14.371463414634146,14.343253012048196,14.344285714285714,14.358235294117648,14.389302325581399,14.418505747126437,14.444772727272726,14.463707865168542,14.478888888888891,14.505824175824179,14.528913043478264,14.525698924731184,14.519361702127659,14.504736842105263,14.502916666666666,14.479484536082474,14.449387755102043,14.416868686868687,14.377000000000002,14.335940594059407,14.283921568627454,14.218349514563107,14.160769230769231,14.102380952380953,14.044150943396227,13.991682242990656,13.94203703703704,13.905229357798166,13.901818181818182,13.92099099099099,13.955892857142857,13.995486725663717,14.043157894736844,14.097826086956522,14.141206896551726,14.17700854700855,14.196949152542373,14.193025210084034,14.184166666666666,14.16305785123967,14.131639344262297,14.095853658536585,14.064677419354839,14.0396,14.014920634920637,13.98196850393701,13.947968750000001,66.66666666666667,800.0,4.0,4.0,4.0,4.0,4.0,4.0,4.0,4.0,4.0,4.0,4.0,4.0,4.0,4.0,4.0,6.0,56.0,139.0,245.0,358.0,464.0,548.0,600.0,620.0,621.0,621.0,621.0,621.0,621.0,621.0,621.0,621.0,621.0,621.0,621.0,621.0,621.0,621.0,621.0,624.0,689.0,805.0,958.0,1130.0,1303.0,1459.0,1581.0,1653.0,1664.0,1664.0,1664.0,1664.0,1664.0,1664.0,1664.0,1664.0,1664.0,1664.0,1664.0,1664.0,1664.0,1664.0,1664.0,1668.0,1734.0,1851.0,2005.0,2178.0,2349.0,2499.0,2611.0,2674.0,2684.0,2684.0,2684.0,2684.0,2684.0,2684.0,2684.0,2684.0,2684.0,2684.0,2684.0,2684.0,2684.0,2684.0,2684.0,2688.0,2740.0,2825.0,2932.0,3047.0,3155.0,3241.0,3295.0,3316.0,3317.0,3317.0,3317.0,3317.0,3317.0,3317.0,3317.0,3317.0,3317.0,3317.0,3317.0,3317.0,3317.0,3317.0,3317.0,3322.0,3385.0,3491.0,3628.0,3778.0,3924.0,4048.0,4137.0,4183.0,4190.0,4190.0,4190.0,4190.0,4190.0,4190.0,4190.0,4190.0,81,November 22,Carpentras
0.004900084225507261,1.4398206841622998,1.4764250902913856,2.001024857556492,2.001024857556492,0.5250144709470416,0.6355829797940875,5.002338821931756,5.002338821931756,0.6263578359812614,0.7032303088442959,4.053166090466658,4.053166090466658,0.5815466328775839,0.6684101887275883,2.7181146160289167,2.7181146160289167,0.3492173737053996,0.8532701493817544,7.136666666666665,-0.21337482424137275,0.21337482424137275,524.7314339093883,10.83,10.48,10.63,10.68,10.91,11.13,11.558571428571428,11.93,12.296666666666667,12.57,12.784545454545453,13.138333333333334,13.522307692307695,13.930000000000003,14.256666666666668,14.567499999999999,14.800588235294118,15.018888888888888,15.219473684210527,15.339999999999998,15.37285714285714,15.416363636363634,15.390869565217391,15.309166666666664,15.138,14.964615384615383,14.763333333333334,14.53,14.340344827586206,14.169999999999998,14.078387096774193,14.061250000000001,14.09969696969697,14.124117647058823,14.129999999999999,14.143888888888888,14.138108108108108,14.143157894736843,14.17871794871795,14.242499999999998,14.312926829268294,14.363333333333333,14.427674418604651,14.443636363636363,14.472222222222225,14.464782608695655,14.44276595744681,14.400833333333333,14.354489795918367,14.280000000000003,14.214313725490195,14.122307692307693,13.992264150943397,13.865185185185188,13.733636363636366,13.640714285714285,13.57736842105263,13.543793103448277,13.54864406779661,13.590000000000002,13.638196721311475,13.726774193548389,13.834761904761905,13.939375,14.060769230769232,14.181515151515152,14.280746268656717,14.341764705882353,14.389420289855073,14.431428571428574,14.448309859154929,14.463333333333335,14.465616438356165,14.45972972972973,14.459333333333333,14.42605263157895,14.38064935064935,14.324871794871793,14.259113924050633,14.225,14.21888888888889,14.227560975609757,14.263734939759038,14.331190476190475,14.391176470588235,14.436976744186046,14.497816091954025,14.553863636363637,14.60191011235955,14.646666666666667,14.690439560439563,14.734347826086957,14.779462365591398,14.818297872340423,14.858421052631579,14.912291666666667,14.947525773195874,14.965714285714286,14.969393939393939,14.942,14.892376237623761,14.825098039215687,14.741650485436894,14.676153846153849,14.621428571428572,14.58377358490566,14.559906542056076,14.558703703703703,14.567614678899082,14.589999999999998,14.61108108108108,14.629999999999999,14.643274336283184,14.653684210526315,14.673478260869565,14.690344827586209,14.686410256410253,14.68,14.666974789915967,14.664166666666667,14.644049586776859,14.618524590163934,14.590975609756098,14.55741935483871,14.5228,14.479206349206349,14.424488188976378,14.37609375,49.333333333333336,592.0,0.0,0.0,0.0,0.0,0.0,0.0,0.0,0.0,0.0,0.0,0.0,0.0,0.0,0.0,0.0,1.0,59.0,158.0,286.0,427.0,563.0,678.0,757.0,796.0,800.0,800.0,800.0,800.0,800.0,800.0,800.0,800.0,800.0,800.0,800.0,800.0,800.0,800.0,800.0,802.0,852.0,935.0,1041.0,1154.0,1260.0,1344.0,1396.0,1416.0,1417.0,1417.0,1417.0,1417.0,1417.0,1417.0,1417.0,1417.0,1417.0,1417.0,1417.0,1417.0,1417.0,1417.0,1417.0,1420.0,1485.0,1601.0,1754.0,1926.0,2099.0,2255.0,2377.0,2449.0,2460.0,2460.0,2460.0,2460.0,2460.0,2460.0,2460.0,2460.0,2460.0,2460.0,2460.0,2460.0,2460.0,2460.0,2460.0,2464.0,2530.0,2647.0,2801.0,2974.0,3145.0,3295.0,3407.0,3470.0,3480.0,3480.0,3480.0,3480.0,3480.0,3480.0,3480.0,3480.0,3480.0,3480.0,3480.0,3480.0,3480.0,3480.0,3480.0,3484.0,3536.0,3621.0,3728.0,3843.0,3951.0,4037.0,4091.0,4112.0,4113.0,4113.0,4113.0,4113.0,4113.0,4113.0,4113.0,4113.0,82,November 23,Carpentras
0.004900084225507261,1.4398206841622998,1.4764250902913856,2.001024857556492,2.001024857556492,0.5250144709470416,0.6355829797940875,5.002338821931756,5.002338821931756,0.6263578359812614,0.7032303088442959,4.053166090466658,4.053166090466658,0.5815466328775839,0.6684101887275883,2.7181146160289167,2.7181146160289167,0.3492173737053996,0.8532701493817544,5.878333333333337,-0.006436795705395551,0.006436795705395551,662.7728948114542,13.13,12.43,12.263333333333334,12.08,11.750000000000002,11.28,11.129999999999999,11.330000000000002,11.463333333333333,11.47,11.475454545454546,11.455,11.53,11.651428571428571,11.729999999999999,11.817499999999999,11.853529411764706,11.935555555555556,12.07736842105263,12.175,12.215714285714288,12.216363636363639,12.208260869565219,12.159166666666666,12.106000000000002,12.03,11.989259259259264,11.947857142857144,11.943793103448275,11.953333333333331,12.023548387096776,12.101875000000001,12.196666666666667,12.280000000000001,12.355714285714287,12.485555555555557,12.638108108108108,12.811578947368423,12.965897435897437,13.122499999999999,13.254390243902439,13.384761904761904,13.511395348837206,13.604999999999997,13.658888888888885,13.716956521739126,13.740638297872337,13.734166666666667,13.678979591836734,13.618000000000002,13.537843137254903,13.43576923076923,13.352641509433962,13.276296296296293,13.240909090909087,13.246071428571428,13.282631578947369,13.31103448275862,13.328305084745761,13.349999999999998,13.35950819672131,13.375161290322577,13.409365079365076,13.46125,13.517692307692307,13.561818181818182,13.615074626865672,13.63735294117647,13.667681159420287,13.67428571428571,13.670845070422533,13.653611111111111,13.632739726027397,13.592162162162163,13.556666666666667,13.502368421052632,13.420909090909092,13.34025641025641,13.255316455696201,13.196250000000001,13.157160493827162,13.138536585365856,13.146867469879522,13.18119047619048,13.22058823529412,13.289302325581396,13.372528735632187,13.453863636363637,13.547977528089888,13.642222222222225,13.721208791208795,13.772391304347831,13.813870967741938,13.851276595744682,13.870000000000003,13.887291666666668,13.894948453608247,13.896326530612246,13.901717171717173,13.882000000000003,13.852772277227723,13.815294117647062,13.76980582524272,13.748269230769232,13.748095238095237,13.759245283018869,13.791682242990657,13.848518518518521,13.899724770642203,13.940000000000003,13.992162162162165,14.040714285714285,14.083097345132744,14.122982456140353,14.162173913043482,14.201551724137932,14.241965811965814,14.277457627118647,14.314033613445382,14.361666666666666,14.394462809917355,14.413606557377049,14.421056910569106,14.403387096774193,14.367600000000003,14.31730158730159,14.253622047244097,14.20421875,32.416666666666664,389.0,0.0,0.0,0.0,0.0,0.0,0.0,0.0,0.0,0.0,0.0,0.0,0.0,0.0,0.0,0.0,1.0,49.0,130.0,233.0,343.0,445.0,525.0,574.0,592.0,592.0,592.0,592.0,592.0,592.0,592.0,592.0,592.0,592.0,592.0,592.0,592.0,592.0,592.0,592.0,593.0,651.0,750.0,878.0,1019.0,1155.0,1270.0,1349.0,1388.0,1392.0,1392.0,1392.0,1392.0,1392.0,1392.0,1392.0,1392.0,1392.0,1392.0,1392.0,1392.0,1392.0,1392.0,1392.0,1394.0,1444.0,1527.0,1633.0,1746.0,1852.0,1936.0,1988.0,2008.0,2009.0,2009.0,2009.0,2009.0,2009.0,2009.0,2009.0,2009.0,2009.0,2009.0,2009.0,2009.0,2009.0,2009.0,2009.0,2012.0,2077.0,2193.0,2346.0,2518.0,2691.0,2847.0,2969.0,3041.0,3052.0,3052.0,3052.0,3052.0,3052.0,3052.0,3052.0,3052.0,3052.0,3052.0,3052.0,3052.0,3052.0,3052.0,3052.0,3056.0,3122.0,3239.0,3393.0,3566.0,3737.0,3887.0,3999.0,4062.0,4072.0,4072.0,4072.0,4072.0,4072.0,4072.0,4072.0,4072.0,83,November 24,Carpentras
0.004900084225507261,1.4398206841622998,1.4764250902913856,2.001024857556492,2.001024857556492,0.5250144709470416,0.6355829797940875,5.002338821931756,5.002338821931756,0.6263578359812614,0.7032303088442959,4.053166090466658,4.053166090466658,0.5815466328775839,0.6684101887275883,2.7181146160289167,2.7181146160289167,0.3492173737053996,0.8532701493817544,5.303333333333333,0.2683935835858639,0.2683935835858639,846.1030798240104,10.13,10.23,10.563333333333334,10.63,10.41,10.163333333333332,9.801428571428572,9.7425,9.674444444444443,9.760000000000002,9.775454545454545,9.863333333333333,9.93,10.015714285714287,10.13,10.3675,10.67705882352941,11.007777777777779,11.287894736842105,11.53,11.74904761904762,11.866363636363637,11.94304347826087,11.9925,12.038,12.026153846153846,12.022592592592593,12.004999999999999,11.950689655172411,11.849999999999998,11.79774193548387,11.826875000000001,11.848181818181818,11.838823529411764,11.83,11.813333333333333,11.829999999999998,11.866842105263158,11.891538461538461,11.922500000000001,11.934878048780488,11.96809523809524,12.030000000000001,12.075454545454546,12.09666666666667,12.099565217391307,12.098085106382978,12.075833333333335,12.050408163265304,12.012000000000002,11.990784313725491,11.968461538461542,11.965849056603775,11.970740740740743,12.010000000000002,12.054999999999998,12.110701754385964,12.161034482758621,12.207966101694915,12.288333333333334,12.384098360655736,12.494516129032258,12.595079365079364,12.69875,12.788461538461538,12.878484848484849,12.967313432835821,13.035882352941178,13.07927536231884,13.125714285714285,13.149718309859155,13.153611111111111,13.124520547945206,13.090810810810812,13.043333333333333,12.980000000000002,12.9287012987013,12.881282051282051,12.861645569620254,12.87,12.900370370370371,12.925121951219515,12.942048192771084,12.962142857142856,12.973529411764703,12.989302325581395,13.018505747126436,13.06068181818182,13.106404494382023,13.143333333333334,13.187142857142858,13.208260869565216,13.23537634408602,13.244893617021276,13.246842105263159,13.238333333333335,13.226907216494848,13.200408163265307,13.177474747474749,13.14,13.08148514851485,13.023137254901963,12.961067961165051,12.918461538461539,12.890952380952383,12.879056603773588,12.887943925233646,12.917037037037037,12.950183486238531,13.006363636363636,13.074144144144144,13.140714285714285,13.217610619469028,13.294912280701753,13.360434782608698,13.404137931034484,13.44025641025641,13.473220338983053,13.491344537815127,13.508333333333333,13.517603305785125,13.521803278688525,13.529186991869919,13.516290322580645,13.495599999999998,13.468095238095238,13.433937007874016,13.4190625,30.75,369.0,0.0,0.0,0.0,0.0,0.0,0.0,0.0,0.0,0.0,0.0,0.0,0.0,0.0,0.0,0.0,0.0,38.0,100.0,177.0,256.0,324.0,370.0,389.0,389.0,389.0,389.0,389.0,389.0,389.0,389.0,389.0,389.0,389.0,389.0,389.0,389.0,389.0,389.0,389.0,390.0,438.0,519.0,622.0,732.0,834.0,914.0,963.0,981.0,981.0,981.0,981.0,981.0,981.0,981.0,981.0,981.0,981.0,981.0,981.0,981.0,981.0,981.0,981.0,982.0,1040.0,1139.0,1267.0,1408.0,1544.0,1659.0,1738.0,1777.0,1781.0,1781.0,1781.0,1781.0,1781.0,1781.0,1781.0,1781.0,1781.0,1781.0,1781.0,1781.0,1781.0,1781.0,1781.0,1783.0,1833.0,1916.0,2022.0,2135.0,2241.0,2325.0,2377.0,2397.0,2398.0,2398.0,2398.0,2398.0,2398.0,2398.0,2398.0,2398.0,2398.0,2398.0,2398.0,2398.0,2398.0,2398.0,2398.0,2401.0,2466.0,2582.0,2735.0,2907.0,3080.0,3236.0,3358.0,3430.0,3441.0,3441.0,3441.0,3441.0,3441.0,3441.0,3441.0,3441.0,84,November 25,Carpentras
0.004900084225507261,1.4398206841622998,1.4764250902913856,2.001024857556492,2.001024857556492,0.5250144709470416,0.6355829797940875,5.002338821931756,5.002338821931756,0.6263578359812614,0.7032303088442959,4.053166090466658,4.053166090466658,0.5815466328775839,0.6684101887275883,2.7181146160289167,2.7181146160289167,0.3492173737053996,0.8532701493817544,8.611666666666665,0.0035878995149842712,0.0035878995149842712,669.4600348364622,8.530000000000001,8.129999999999999,7.7299999999999995,7.18,6.890000000000001,6.88,7.001428571428571,7.255,7.396666666666667,7.55,7.83909090909091,8.205000000000002,8.637692307692308,9.065714285714286,9.51,10.055000000000001,10.56529411764706,11.041111111111112,11.33,11.47,11.553809523809523,11.557272727272728,11.534347826086956,11.450833333333335,11.397999999999998,11.356923076923076,11.352222222222222,11.33357142857143,11.271379310344829,11.193333333333332,11.078387096774195,11.02375,10.966363636363637,10.953529411764707,10.924285714285714,10.921666666666669,10.91648648648649,10.922105263157894,10.942820512820512,11.017500000000002,11.129999999999999,11.260952380952382,11.378837209302327,11.486818181818183,11.59,11.649565217391304,11.691702127659575,11.72166666666667,11.750408163265305,11.75,11.753529411764704,11.749230769230767,11.724339622641509,11.672592592592594,11.646363636363635,11.665714285714285,11.680877192982456,11.678275862068967,11.675762711864406,11.668333333333331,11.680819672131147,11.705806451612903,11.723650793650794,11.745625,11.756153846153847,11.780000000000001,11.822537313432836,11.854999999999999,11.872028985507246,11.877142857142857,11.879295774647888,11.8675,11.853287671232875,11.830000000000002,11.818,11.805,11.805324675324673,11.81076923076923,11.840126582278481,11.873750000000001,11.915185185185184,11.953170731707317,11.989036144578312,12.049047619047618,12.120588235294118,12.203255813953488,12.279425287356322,12.35840909090909,12.427752808988764,12.497777777777777,12.567362637362638,12.622391304347826,12.659032258064515,12.69808510638298,12.720526315789474,12.727916666666665,12.71041237113402,12.689183673469385,12.657272727272726,12.613,12.577524752475247,12.544705882352938,12.532912621359221,12.5425,12.569047619047616,12.591320754716982,12.60757009345794,12.626296296296298,12.638256880733945,12.653636363636362,12.67954954954955,12.715714285714284,12.754778761061946,12.78701754385965,12.824782608695651,12.844655172413793,12.86931623931624,12.879999999999999,12.884621848739494,12.880833333333333,12.874628099173554,12.856229508196721,12.840569105691058,12.813064516129034,12.7684,12.723650793650794,12.675669291338583,12.643281250000001,44.75,537.0,0.0,0.0,0.0,0.0,0.0,0.0,0.0,0.0,0.0,0.0,0.0,0.0,0.0,0.0,0.0,0.0,38.0,97.0,170.0,245.0,310.0,354.0,369.0,369.0,369.0,369.0,369.0,369.0,369.0,369.0,369.0,369.0,369.0,369.0,369.0,369.0,369.0,369.0,369.0,369.0,407.0,469.0,546.0,625.0,693.0,739.0,758.0,758.0,758.0,758.0,758.0,758.0,758.0,758.0,758.0,758.0,758.0,758.0,758.0,758.0,758.0,758.0,758.0,759.0,807.0,888.0,991.0,1101.0,1203.0,1283.0,1332.0,1350.0,1350.0,1350.0,1350.0,1350.0,1350.0,1350.0,1350.0,1350.0,1350.0,1350.0,1350.0,1350.0,1350.0,1350.0,1350.0,1351.0,1409.0,1508.0,1636.0,1777.0,1913.0,2028.0,2107.0,2146.0,2150.0,2150.0,2150.0,2150.0,2150.0,2150.0,2150.0,2150.0,2150.0,2150.0,2150.0,2150.0,2150.0,2150.0,2150.0,2152.0,2202.0,2285.0,2391.0,2504.0,2610.0,2694.0,2746.0,2766.0,2767.0,2767.0,2767.0,2767.0,2767.0,2767.0,2767.0,2767.0,85,November 26,Carpentras
0.004900084225507261,1.4398206841622998,1.4764250902913856,2.001024857556492,2.001024857556492,0.5250144709470416,0.6355829797940875,5.002338821931756,5.002338821931756,0.6263578359812614,0.7032303088442959,4.053166090466658,4.053166090466658,0.5815466328775839,0.6684101887275883,2.7181146160289167,2.7181146160289167,0.3492173737053996,0.8532701493817544,14.27,-0.06919898516391203,0.06919898516391203,620.9063302966598,5.33,5.28,5.363333333333334,5.105,4.790000000000001,4.913333333333334,5.358571428571429,5.855,6.296666666666667,6.65,7.002727272727273,7.355,7.722307692307693,7.972857142857142,8.236666666666666,8.53,8.741764705882353,8.952222222222222,9.082631578947368,9.170000000000002,9.253809523809524,9.316363636363636,9.369130434782608,9.371666666666666,9.338000000000001,9.276153846153846,9.18925925925926,9.05857142857143,8.943793103448275,8.873333333333333,8.836451612903224,8.8425,8.833030303030304,8.835882352941177,8.889999999999999,8.982777777777777,9.113783783783783,9.258947368421051,9.424871794871793,9.645000000000001,9.866585365853659,10.087142857142858,10.236976744186046,10.325454545454546,10.389999999999999,10.41695652173913,10.429999999999998,10.41125,10.405510204081633,10.404000000000002,10.420196078431374,10.428076923076922,10.411132075471697,10.383703703703704,10.333636363636364,10.315714285714288,10.294912280701755,10.29896551724138,10.29271186440678,10.30166666666667,10.308688524590165,10.321935483870968,10.344285714285713,10.4003125,10.48076923076923,10.573939393939396,10.659850746268658,10.74029411764706,10.81840579710145,10.86857142857143,10.907464788732396,10.938333333333334,10.968356164383565,10.97864864864865,10.991333333333335,10.99842105263158,10.991038961038962,10.964615384615385,10.955316455696202,10.977500000000001,10.996666666666668,11.003170731707318,11.009518072289158,11.012142857142859,11.028823529411765,11.054418604651163,11.074827586206897,11.09818181818182,11.11314606741573,11.137777777777778,11.176153846153847,11.207173913043478,11.226774193548387,11.237446808510638,11.24578947368421,11.243541666666667,11.239278350515464,11.227959183673468,11.224949494949495,11.220999999999998,11.227029702970295,11.236862745098035,11.26495145631068,11.296346153846155,11.333809523809524,11.368679245283019,11.40196261682243,11.454074074074073,11.51532110091743,11.585454545454544,11.65072072072072,11.718392857142858,11.778672566371682,11.839649122807018,11.900434782608695,11.949827586206897,11.984700854700854,12.02152542372881,12.045126050420167,12.056666666666667,12.048181818181817,12.036557377049181,12.016178861788617,11.985645161290321,11.961999999999998,11.940317460317459,11.93551181102362,11.947968750000001,4.833333333333333,58.0,0.0,0.0,0.0,0.0,0.0,0.0,0.0,0.0,0.0,0.0,0.0,0.0,0.0,0.0,0.0,0.0,46.0,121.0,216.0,317.0,411.0,483.0,525.0,537.0,537.0,537.0,537.0,537.0,537.0,537.0,537.0,537.0,537.0,537.0,537.0,537.0,537.0,537.0,537.0,537.0,575.0,634.0,707.0,782.0,847.0,891.0,906.0,906.0,906.0,906.0,906.0,906.0,906.0,906.0,906.0,906.0,906.0,906.0,906.0,906.0,906.0,906.0,906.0,906.0,944.0,1006.0,1083.0,1162.0,1230.0,1276.0,1295.0,1295.0,1295.0,1295.0,1295.0,1295.0,1295.0,1295.0,1295.0,1295.0,1295.0,1295.0,1295.0,1295.0,1295.0,1295.0,1295.0,1296.0,1344.0,1425.0,1528.0,1638.0,1740.0,1820.0,1869.0,1887.0,1887.0,1887.0,1887.0,1887.0,1887.0,1887.0,1887.0,1887.0,1887.0,1887.0,1887.0,1887.0,1887.0,1887.0,1887.0,1888.0,1946.0,2045.0,2173.0,2314.0,2450.0,2565.0,2644.0,2683.0,2687.0,2687.0,2687.0,2687.0,2687.0,2687.0,2687.0,2687.0,86,November 27,Carpentras
0.004900084225507261,1.4398206841622998,1.4764250902913856,2.001024857556492,2.001024857556492,0.5250144709470416,0.6355829797940875,5.002338821931756,5.002338821931756,0.6263578359812614,0.7032303088442959,4.053166090466658,4.053166090466658,0.5815466328775839,0.6684101887275883,2.7181146160289167,2.7181146160289167,0.3492173737053996,0.8532701493817544,10.386666666666663,0.18654336922878376,0.18654336922878376,791.5035301668808,5.53,4.18,3.796666666666667,2.98,2.55,2.48,2.744285714285714,3.1424999999999996,3.3855555555555554,3.75,3.9572727272727275,4.08,4.214615384615384,4.308571428571429,4.423333333333333,4.61125,4.735882352941177,4.79111111111111,4.83,4.805000000000001,4.82047619047619,4.834545454545454,4.860434782608696,4.905,4.922,4.9338461538461535,4.955925925925926,4.933571428571429,4.885172413793104,4.906666666666667,5.00741935483871,5.1425,5.284545454545454,5.418235294117647,5.564285714285715,5.721666666666668,5.894864864864865,6.035263157894737,6.186410256410257,6.355,6.495853658536584,6.6395238095238085,6.7509302325581375,6.843636363636361,6.934444444444442,7.01478260869565,7.089574468085104,7.138333333333333,7.16673469387755,7.177999999999998,7.17313725490196,7.14153846153846,7.114905660377357,7.109629629629627,7.120909090909088,7.154999999999999,7.179122807017544,7.209310344827585,7.268983050847456,7.351666666666665,7.457868852459015,7.573548387096772,7.703015873015872,7.8675000000000015,8.034615384615385,8.202727272727273,8.327014925373135,8.41235294117647,8.482173913043479,8.527142857142858,8.562394366197184,8.575833333333334,8.597123287671232,8.62054054054054,8.655333333333333,8.683947368421054,8.694935064935065,8.697948717948718,8.684430379746836,8.692499999999999,8.697901234567901,8.720243902439023,8.734819277108434,8.759761904761904,8.782941176470588,8.810232558139534,8.843793103448277,8.901590909090908,8.977191011235954,9.062222222222223,9.142087912087911,9.21804347826087,9.29236559139785,9.345957446808512,9.391052631578948,9.43,9.468144329896909,9.49122448979592,9.515858585858586,9.536,9.544851485148515,9.538823529411765,9.545533980582524,9.576153846153847,9.604285714285714,9.62245283018868,9.640280373831775,9.655,9.680458715596329,9.712727272727271,9.740810810810808,9.77107142857143,9.794601769911505,9.825614035087721,9.867391304347827,9.903275862068964,9.929999999999998,9.949491525423728,9.966974789915966,9.975833333333334,9.982892561983471,9.984098360655738,9.99178861788618,9.998548387096774,10.0132,10.03079365079365,10.063070866141732,10.097968750000001,26.833333333333332,322.0,0.0,0.0,0.0,0.0,0.0,0.0,0.0,0.0,0.0,0.0,0.0,0.0,0.0,0.0,0.0,0.0,18.0,37.0,54.0,58.0,58.0,58.0,58.0,58.0,58.0,58.0,58.0,58.0,58.0,58.0,58.0,58.0,58.0,58.0,58.0,58.0,58.0,58.0,58.0,58.0,104.0,179.0,274.0,375.0,469.0,541.0,583.0,595.0,595.0,595.0,595.0,595.0,595.0,595.0,595.0,595.0,595.0,595.0,595.0,595.0,595.0,595.0,595.0,595.0,633.0,692.0,765.0,840.0,905.0,949.0,964.0,964.0,964.0,964.0,964.0,964.0,964.0,964.0,964.0,964.0,964.0,964.0,964.0,964.0,964.0,964.0,964.0,964.0,1002.0,1064.0,1141.0,1220.0,1288.0,1334.0,1353.0,1353.0,1353.0,1353.0,1353.0,1353.0,1353.0,1353.0,1353.0,1353.0,1353.0,1353.0,1353.0,1353.0,1353.0,1353.0,1353.0,1354.0,1402.0,1483.0,1586.0,1696.0,1798.0,1878.0,1927.0,1945.0,1945.0,1945.0,1945.0,1945.0,1945.0,1945.0,1945.0,1945.0,87,November 28,Carpentras
0.004900084225507261,1.4398206841622998,1.4764250902913856,2.001024857556492,2.001024857556492,0.5250144709470416,0.6355829797940875,5.002338821931756,5.002338821931756,0.6263578359812614,0.7032303088442959,4.053166090466658,4.053166090466658,0.5815466328775839,0.6684101887275883,2.7181146160289167,2.7181146160289167,0.3492173737053996,0.8532701493817544,13.553333333333333,0.025700369252133027,0.025700369252133027,684.2105263157896,4.83,4.33,4.23,4.055,3.63,3.3800000000000003,3.5014285714285713,3.5925,3.585555555555556,3.62,3.6481818181818184,3.8799999999999994,4.083846153846154,4.372857142857143,4.743333333333334,5.130000000000001,5.500588235294118,5.835555555555555,6.151052631578947,6.39,6.582380952380953,6.711818181818183,6.747391304347827,6.746666666666666,6.698,6.54923076923077,6.41888888888889,6.20857142857143,6.0231034482758625,5.8933333333333335,5.842903225806452,5.845625,5.83,5.86529411764706,5.87,5.857777777777779,5.857027027027028,5.84842105263158,5.853076923076923,5.8925,5.912926829268293,5.908571428571428,5.899767441860465,5.864090909090908,5.847777777777777,5.832173913043476,5.8236170212765925,5.825833333333333,5.815714285714285,5.8039999999999985,5.798627450980391,5.770384615384614,5.728113207547168,5.724444444444442,5.766363636363635,5.83,5.9001754385964915,5.967931034482757,6.045254237288135,6.131666666666665,6.229999999999999,6.310645161290322,6.399841269841269,6.501875,6.588461538461537,6.678484848484848,6.749402985074625,6.809411764705881,6.869130434782608,6.922857142857142,6.973661971830985,7.007777777777778,7.028630136986302,7.0381081081081085,7.036666666666667,7.016842105263159,7.0001298701298715,6.9979487179487165,7.007215189873417,7.032499999999999,7.050987654320989,7.073902439024392,7.117951807228916,7.178809523809524,7.2570588235294125,7.342790697674419,7.439195402298851,7.561818181818182,7.687303370786518,7.8144444444444465,7.910219780219782,7.977826086956522,8.034301075268816,8.07255319148936,8.103684210526316,8.118541666666667,8.139278350515465,8.161632653061226,8.192626262626263,8.219000000000001,8.231980198019802,8.238823529411766,8.232912621359223,8.24346153846154,8.251904761904763,8.273396226415096,8.288878504672898,8.312407407407408,8.334587155963304,8.36,8.390360360360361,8.43982142857143,8.503451327433629,8.574736842105265,8.642173913043479,8.706724137931035,8.770170940170939,8.817288135593218,8.857731092436977,8.893333333333334,8.928347107438016,8.951311475409836,8.975528455284554,8.996129032258064,9.0076,9.006984126984127,9.016614173228348,9.045625000000001,16.083333333333332,193.0,0.0,0.0,0.0,0.0,0.0,0.0,0.0,0.0,0.0,0.0,0.0,0.0,0.0,0.0,0.0,0.0,34.0,89.0,157.0,225.0,281.0,315.0,322.0,322.0,322.0,322.0,322.0,322.0,322.0,322.0,322.0,322.0,322.0,322.0,322.0,322.0,322.0,322.0,322.0,322.0,340.0,359.0,376.0,380.0,380.0,380.0,380.0,380.0,380.0,380.0,380.0,380.0,380.0,380.0,380.0,380.0,380.0,380.0,380.0,380.0,380.0,380.0,380.0,380.0,426.0,501.0,596.0,697.0,791.0,863.0,905.0,917.0,917.0,917.0,917.0,917.0,917.0,917.0,917.0,917.0,917.0,917.0,917.0,917.0,917.0,917.0,917.0,917.0,955.0,1014.0,1087.0,1162.0,1227.0,1271.0,1286.0,1286.0,1286.0,1286.0,1286.0,1286.0,1286.0,1286.0,1286.0,1286.0,1286.0,1286.0,1286.0,1286.0,1286.0,1286.0,1286.0,1286.0,1324.0,1386.0,1463.0,1542.0,1610.0,1656.0,1675.0,1675.0,1675.0,1675.0,1675.0,1675.0,1675.0,1675.0,1675.0,1675.0,88,November 29,Carpentras
0.004900084225507261,1.4398206841622998,1.4764250902913856,2.001024857556492,2.001024857556492,0.5250144709470416,0.6355829797940875,5.002338821931756,5.002338821931756,0.6263578359812614,0.7032303088442959,4.053166090466658,4.053166090466658,0.5815466328775839,0.6684101887275883,2.7181146160289167,2.7181146160289167,0.3492173737053996,0.8532701493817544,10.153333333333332,-0.029829475919176014,0.029829475919176014,647.1684175968484,8.930000000000003,8.430000000000001,7.896666666666668,7.73,7.49,7.346666666666667,7.172857142857142,6.8675,6.496666666666666,6.209999999999999,6.03,5.971666666666667,5.930000000000001,5.930000000000001,5.943333333333333,5.96125,5.9947058823529416,6.08,6.145789473684211,6.225,6.263333333333334,6.284545454545454,6.24304347826087,6.209166666666666,6.154000000000001,6.064615384615385,5.98925925925926,5.901428571428572,5.76448275862069,5.6433333333333335,5.597741935483871,5.555,5.493636363636364,5.44764705882353,5.404285714285715,5.432777777777778,5.462432432432433,5.532631578947369,5.645384615384616,5.7775,5.915365853658537,6.049047619047619,6.183488372093023,6.291363636363636,6.383333333333334,6.449565217391305,6.472553191489362,6.477916666666666,6.458571428571429,6.386,6.320196078431373,6.208846153846154,6.107358490566038,6.033703703703703,6.002727272727272,6.001428571428572,5.989649122807018,6.007586206896553,6.007966101694914,5.998333333333334,5.995573770491803,5.9880645161290325,5.988730158730159,6.01125,6.022307692307692,6.017878787878788,6.010597014925373,5.985882352941177,5.973478260869565,5.961428571428571,5.95394366197183,5.953611111111112,5.945068493150685,5.9354054054054055,5.930000000000001,5.908947368421053,5.878051948051948,5.8735897435897435,5.9008860759493675,5.94375,5.991728395061729,6.038536585365854,6.0926506024096385,6.153809523809524,6.224117647058823,6.282325581395347,6.347241379310344,6.422045454545455,6.486179775280899,6.553333333333333,6.606923076923076,6.652826086956522,6.698817204301074,6.740638297872339,6.780526315789472,6.808125,6.825876288659793,6.835102040816325,6.836060606060605,6.8229999999999995,6.8121782178217805,6.81235294117647,6.821262135922329,6.842500000000001,6.8585714285714285,6.878113207547169,6.91411214953271,6.963333333333334,7.026330275229358,7.095454545454546,7.173243243243244,7.271964285714286,7.373362831858406,7.4764912280701745,7.555217391304348,7.611896551724138,7.659914529914529,7.693559322033898,7.721596638655463,7.736666666666666,7.756446280991735,7.777540983606556,7.805609756097561,7.83,7.8435999999999995,7.852222222222222,7.850472440944881,7.862031249999999,59.416666666666664,713.0,0.0,0.0,0.0,0.0,0.0,0.0,0.0,0.0,0.0,0.0,0.0,0.0,0.0,0.0,0.0,0.0,28.0,66.0,111.0,154.0,185.0,193.0,193.0,193.0,193.0,193.0,193.0,193.0,193.0,193.0,193.0,193.0,193.0,193.0,193.0,193.0,193.0,193.0,193.0,193.0,227.0,282.0,350.0,418.0,474.0,508.0,515.0,515.0,515.0,515.0,515.0,515.0,515.0,515.0,515.0,515.0,515.0,515.0,515.0,515.0,515.0,515.0,515.0,515.0,533.0,552.0,569.0,573.0,573.0,573.0,573.0,573.0,573.0,573.0,573.0,573.0,573.0,573.0,573.0,573.0,573.0,573.0,573.0,573.0,573.0,573.0,573.0,573.0,619.0,694.0,789.0,890.0,984.0,1056.0,1098.0,1110.0,1110.0,1110.0,1110.0,1110.0,1110.0,1110.0,1110.0,1110.0,1110.0,1110.0,1110.0,1110.0,1110.0,1110.0,1110.0,1110.0,1148.0,1207.0,1280.0,1355.0,1420.0,1464.0,1479.0,1479.0,1479.0,1479.0,1479.0,1479.0,1479.0,1479.0,1479.0,1479.0,89,November 30,Carpentras
0.004900084225507261,1.4398206841622998,1.4764250902913856,2.001024857556492,2.001024857556492,0.5250144709470416,0.6355829797940875,5.002338821931756,5.002338821931756,0.6263578359812614,0.7032303088442959,4.053166090466658,4.053166090466658,0.5815466328775839,0.6684101887275883,2.7181146160289167,2.7181146160289167,0.3492173737053996,0.8532701493817544,3.7116666666666696,0.5741228814574735,0.5741228814574735,1050.0449034575654,13.33,13.379999999999999,13.263333333333334,12.405,11.870000000000001,11.363333333333335,10.758571428571429,10.1175,9.541111111111112,9.07,8.793636363636365,8.688333333333334,8.653076923076922,8.615714285714285,8.57666666666667,8.567499999999999,8.582941176470587,8.596666666666668,8.61421052631579,8.705000000000002,8.853809523809526,9.061818181818184,9.221304347826088,9.2675,9.254,9.203076923076924,9.115185185185185,9.047857142857145,8.96103448275862,8.883333333333333,8.794516129032258,8.6675,8.511818181818182,8.368235294117646,8.25,8.16888888888889,8.094864864864864,8.037894736842103,7.9889743589743585,7.945,7.9104878048780485,7.901428571428572,7.888139534883719,7.884545454545452,7.865555555555554,7.84086956521739,7.787446808510637,7.738333333333334,7.678979591836734,7.602,7.531960784313724,7.454999999999999,7.350754716981132,7.254074074074073,7.199090909090907,7.146071428571429,7.082631578947368,7.028275862068965,6.975762711864406,6.966666666666666,6.95950819672131,6.978387096774193,7.025238095238094,7.08625,7.153076923076923,7.21939393939394,7.28820895522388,7.341764705882352,7.386521739130434,7.415714285714285,7.417323943661971,7.407777777777778,7.382054794520548,7.320540540540541,7.263333333333334,7.174736842105263,7.092337662337663,7.028717948717949,6.994556962025316,6.98125,6.9608641975308645,6.961707317073171,6.950481927710843,6.932380952380953,6.919411764705882,6.903255813953489,6.893218390804599,6.899318181818183,6.897415730337078,6.884444444444443,6.869560439560439,6.84195652173913,6.823548387096775,6.805531914893617,6.791052631578948,6.782083333333333,6.767113402061855,6.751428571428571,6.73909090909091,6.715,6.683465346534654,6.672156862745099,6.685339805825243,6.710769230769231,6.7404761904761905,6.769622641509433,6.804766355140186,6.845740740740741,6.894220183486238,6.9336363636363645,6.978648648648648,7.031785714285713,7.076902654867257,7.124736842105263,7.162173913043478,7.193793103448277,7.225726495726495,7.254576271186441,7.282100840336135,7.3,7.310165289256199,7.3136065573770495,7.310487804878049,7.296129032258063,7.283600000000001,7.28,7.283543307086615,7.2971875,41.583333333333336,499.0,0.0,0.0,0.0,0.0,0.0,0.0,0.0,0.0,0.0,0.0,0.0,0.0,0.0,0.0,0.0,0.0,53.0,144.0,261.0,390.0,514.0,616.0,684.0,713.0,713.0,713.0,713.0,713.0,713.0,713.0,713.0,713.0,713.0,713.0,713.0,713.0,713.0,713.0,713.0,713.0,741.0,779.0,824.0,867.0,898.0,906.0,906.0,906.0,906.0,906.0,906.0,906.0,906.0,906.0,906.0,906.0,906.0,906.0,906.0,906.0,906.0,906.0,906.0,906.0,940.0,995.0,1063.0,1131.0,1187.0,1221.0,1228.0,1228.0,1228.0,1228.0,1228.0,1228.0,1228.0,1228.0,1228.0,1228.0,1228.0,1228.0,1228.0,1228.0,1228.0,1228.0,1228.0,1228.0,1246.0,1265.0,1282.0,1286.0,1286.0,1286.0,1286.0,1286.0,1286.0,1286.0,1286.0,1286.0,1286.0,1286.0,1286.0,1286.0,1286.0,1286.0,1286.0,1286.0,1286.0,1286.0,1286.0,1286.0,1332.0,1407.0,1502.0,1603.0,1697.0,1769.0,1811.0,1823.0,1823.0,1823.0,1823.0,1823.0,1823.0,1823.0,1823.0,1823.0,90,December 1,Carpentras
0.004900084225507261,1.4398206841622998,1.4764250902913856,2.001024857556492,2.001024857556492,0.5250144709470416,0.6355829797940875,5.002338821931756,5.002338821931756,0.6263578359812614,0.7032303088442959,4.053166090466658,4.053166090466658,0.5815466328775839,0.6684101887275883,2.7181146160289167,2.7181146160289167,0.3492173737053996,0.8532701493817544,6.219999999999998,0.1413971552759665,0.1413971552759665,761.3879957127548,12.43,11.68,10.93,9.805,8.65,7.946666666666666,7.272857142857143,6.8425,6.685555555555556,6.529999999999999,6.584545454545455,6.921666666666667,7.3607692307692325,7.95857142857143,8.616666666666669,9.317499999999999,9.894705882352941,10.38,10.724736842105264,11.010000000000002,11.28714285714286,11.457272727272729,11.560434782608695,11.604999999999999,11.674,11.741538461538461,11.789259259259259,11.719285714285716,11.650689655172414,11.556666666666667,11.413870967741936,11.233125000000001,11.042121212121213,10.859411764705882,10.721428571428572,10.632777777777779,10.567837837837837,10.503684210526316,10.44025641025641,10.39,10.351951219512195,10.315714285714286,10.283488372093023,10.286818181818182,10.321111111111112,10.388695652173913,10.438510638297874,10.43625,10.405510204081633,10.356,10.28686274509804,10.228076923076921,10.15830188679245,10.092962962962961,10.020909090909088,9.926428571428572,9.814210526315788,9.70758620689655,9.614745762711863,9.543333333333331,9.475901639344258,9.41870967741935,9.366507936507933,9.317499999999999,9.274615384615384,9.248181818181816,9.219552238805967,9.197647058823527,9.166231884057968,9.131428571428566,9.077887323943656,9.027222222222223,8.96972602739726,8.90027027027027,8.835333333333331,8.765526315789472,8.676753246753243,8.59282051282051,8.537594936708857,8.48375,8.422592592592592,8.367804878048778,8.314337349397588,8.291904761904759,8.271176470588232,8.269534883720928,8.28862068965517,8.318636363636363,8.353595505617978,8.38888888888889,8.426703296703295,8.453913043478257,8.475161290322578,8.485319148936167,8.475263157894734,8.457083333333333,8.426907216494845,8.369795918367346,8.315858585858585,8.237999999999998,8.164653465346532,8.105490196078428,8.068834951456308,8.04826923076923,8.022380952380951,8.013018867924528,7.99448598130841,7.970740740740739,7.95110091743119,7.929090909090906,7.911981981981979,7.907678571428571,7.89725663716814,7.8782456140350865,7.8578260869565195,7.827413793103447,7.804358974358972,7.781694915254234,7.761932773109241,7.746666666666667,7.726694214876033,7.70622950819672,7.688536585365854,7.661451612903224,7.628399999999997,7.611746031746029,7.615039370078739,7.6284375,48.0,576.0,0.0,0.0,0.0,0.0,0.0,0.0,0.0,0.0,0.0,0.0,0.0,0.0,0.0,0.0,0.0,0.0,44.0,116.0,206.0,301.0,387.0,453.0,490.0,499.0,499.0,499.0,499.0,499.0,499.0,499.0,499.0,499.0,499.0,499.0,499.0,499.0,499.0,499.0,499.0,499.0,552.0,643.0,760.0,889.0,1013.0,1115.0,1183.0,1212.0,1212.0,1212.0,1212.0,1212.0,1212.0,1212.0,1212.0,1212.0,1212.0,1212.0,1212.0,1212.0,1212.0,1212.0,1212.0,1212.0,1240.0,1278.0,1323.0,1366.0,1397.0,1405.0,1405.0,1405.0,1405.0,1405.0,1405.0,1405.0,1405.0,1405.0,1405.0,1405.0,1405.0,1405.0,1405.0,1405.0,1405.0,1405.0,1405.0,1405.0,1439.0,1494.0,1562.0,1630.0,1686.0,1720.0,1727.0,1727.0,1727.0,1727.0,1727.0,1727.0,1727.0,1727.0,1727.0,1727.0,1727.0,1727.0,1727.0,1727.0,1727.0,1727.0,1727.0,1727.0,1745.0,1764.0,1781.0,1785.0,1785.0,1785.0,1785.0,1785.0,1785.0,1785.0,1785.0,1785.0,1785.0,1785.0,1785.0,1785.0,91,December 2,Carpentras
0.004900084225507261,1.4398206841622998,1.4764250902913856,2.001024857556492,2.001024857556492,0.5250144709470416,0.6355829797940875,5.002338821931756,5.002338821931756,0.6263578359812614,0.7032303088442959,4.053166090466658,4.053166090466658,0.5815466328775839,0.6684101887275883,2.7181146160289167,2.7181146160289167,0.3492173737053996,0.8532701493817544,5.445,0.31452349894012144,0.31452349894012144,876.8748086929904,11.13,10.33,9.596666666666666,8.605,7.69,6.896666666666667,6.372857142857144,5.9675,5.774444444444445,5.700000000000001,5.775454545454546,6.055000000000001,6.345384615384616,6.844285714285713,7.35,7.82375,8.306470588235294,8.73,9.061578947368421,9.309999999999999,9.549047619047618,9.702727272727271,9.834347826086956,9.917499999999999,10.017999999999999,10.053076923076922,10.03,9.90142857142857,9.698965517241378,9.523333333333333,9.32032258064516,9.14875,9.036060606060605,8.921176470588236,8.869999999999997,8.918888888888889,9.019189189189188,9.19578947368421,9.417179487179485,9.6775,9.908048780487805,10.115714285714287,10.274186046511627,10.414090909090909,10.556666666666665,10.65391304347826,10.721489361702128,10.761249999999999,10.813673469387755,10.866,10.908431372549018,10.887692307692307,10.865849056603773,10.828148148148147,10.76090909090909,10.669285714285715,10.56859649122807,10.469655172413793,10.394406779661017,10.346666666666668,10.311967213114752,10.276774193548384,10.241111111111108,10.2128125,10.19153846153846,10.17090909090909,10.152388059701494,10.156470588235294,10.180724637681157,10.227142857142855,10.262394366197181,10.263333333333334,10.245068493150685,10.213783783783784,10.168666666666667,10.13,10.083246753246753,10.03897435897436,9.989493670886073,9.923750000000002,9.844814814814816,9.769024390243903,9.702289156626506,9.650238095238095,9.600588235294119,9.557906976744185,9.518505747126436,9.481136363636365,9.447977528089888,9.426666666666666,9.403626373626373,9.385434782608696,9.36010752688172,9.332127659574468,9.29,9.249791666666667,9.204226804123712,9.14938775510204,9.097676767676766,9.042,8.971584158415842,8.904509803921568,8.859126213592234,8.814615384615385,8.764285714285714,8.718679245283019,8.67392523364486,8.653148148148148,8.633669724770643,8.629090909090909,8.64081081081081,8.661249999999999,8.68575221238938,8.710701754385966,8.737826086956522,8.756724137931036,8.771025641025641,8.776610169491526,8.766134453781513,8.749166666666667,8.722561983471076,8.674262295081967,8.62837398373984,8.563064516129035,8.501200000000003,8.450634920634922,8.418188976377955,8.39875,35.416666666666664,425.0,0.0,0.0,0.0,0.0,0.0,0.0,0.0,0.0,0.0,0.0,0.0,0.0,0.0,0.0,0.0,0.0,46.0,126.0,227.0,335.0,435.0,513.0,560.0,576.0,576.0,576.0,576.0,576.0,576.0,576.0,576.0,576.0,576.0,576.0,576.0,576.0,576.0,576.0,576.0,576.0,620.0,692.0,782.0,877.0,963.0,1029.0,1066.0,1075.0,1075.0,1075.0,1075.0,1075.0,1075.0,1075.0,1075.0,1075.0,1075.0,1075.0,1075.0,1075.0,1075.0,1075.0,1075.0,1075.0,1128.0,1219.0,1336.0,1465.0,1589.0,1691.0,1759.0,1788.0,1788.0,1788.0,1788.0,1788.0,1788.0,1788.0,1788.0,1788.0,1788.0,1788.0,1788.0,1788.0,1788.0,1788.0,1788.0,1788.0,1816.0,1854.0,1899.0,1942.0,1973.0,1981.0,1981.0,1981.0,1981.0,1981.0,1981.0,1981.0,1981.0,1981.0,1981.0,1981.0,1981.0,1981.0,1981.0,1981.0,1981.0,1981.0,1981.0,1981.0,2015.0,2070.0,2138.0,2206.0,2262.0,2296.0,2303.0,2303.0,2303.0,2303.0,2303.0,2303.0,2303.0,2303.0,2303.0,2303.0,92,December 3,Carpentras
0.004900084225507261,1.4398206841622998,1.4764250902913856,2.001024857556492,2.001024857556492,0.5250144709470416,0.6355829797940875,5.002338821931756,5.002338821931756,0.6263578359812614,0.7032303088442959,4.053166090466658,4.053166090466658,0.5815466328775839,0.6684101887275883,2.7181146160289167,2.7181146160289167,0.3492173737053996,0.8532701493817544,11.111666666666665,0.1374681116034142,0.1374681116034142,758.7670616469176,5.73,4.28,3.563333333333334,2.93,2.7700000000000005,2.7133333333333334,2.5157142857142856,2.4800000000000004,2.5966666666666667,2.76,2.966363636363636,3.155,3.422307692307693,3.894285714285715,4.45,5.0675,5.677058823529412,6.324444444444444,6.898421052631579,7.409999999999999,7.906190476190475,8.334545454545454,8.695217391304348,8.854999999999999,8.946,8.968461538461538,8.937407407407408,8.819285714285714,8.654137931034482,8.463333333333333,8.29451612903226,8.133125,8.014848484848486,7.9270588235294115,7.887142857142858,7.921666666666667,7.973243243243242,8.114210526315789,8.276153846153845,8.4425,8.627560975609757,8.801428571428572,8.946279069767442,9.06181818181818,9.178888888888888,9.260434782608694,9.334255319148935,9.38625,9.448367346938776,9.478000000000002,9.477058823529411,9.418461538461539,9.316792452830189,9.226296296296296,9.117272727272727,9.022857142857145,8.95982456140351,8.893793103448276,8.863898305084746,8.893333333333334,8.954590163934427,9.063870967741936,9.203015873015874,9.3690625,9.51923076923077,9.657272727272728,9.76582089552239,9.863823529411764,9.964782608695653,10.037142857142857,10.09056338028169,10.125833333333333,10.16972602739726,10.213783783783784,10.251333333333335,10.24578947368421,10.239090909090908,10.22102564102564,10.181898734177215,10.125,10.060864197530865,9.997073170731708,9.949277108433735,9.92047619047619,9.90058823529412,9.88,9.858735632183906,9.8425,9.831123595505618,9.82,9.81021978021978,9.816956521739131,9.838602150537634,9.876808510638298,9.906842105263157,9.91125,9.901134020618558,9.881020408163266,9.85020202020202,9.824,9.791386138613863,9.760392156862745,9.725145631067962,9.677115384615385,9.618571428571428,9.562075471698115,9.512242990654208,9.47351851851852,9.436422018348622,9.404545454545454,9.375045045045047,9.346964285714288,9.322035398230087,9.306315789473683,9.289130434782608,9.275689655172412,9.256495726495727,9.235084745762714,9.202268907563026,9.170833333333333,9.134958677685951,9.091475409836065,9.050325203252033,9.005806451612903,8.949200000000003,8.895079365079367,8.858346456692916,8.8221875,10.666666666666666,128.0,0.0,0.0,0.0,0.0,0.0,0.0,0.0,0.0,0.0,0.0,0.0,0.0,0.0,0.0,0.0,0.0,39.0,103.0,185.0,271.0,347.0,400.0,424.0,425.0,425.0,425.0,425.0,425.0,425.0,425.0,425.0,425.0,425.0,425.0,425.0,425.0,425.0,425.0,425.0,425.0,471.0,551.0,652.0,760.0,860.0,938.0,985.0,1001.0,1001.0,1001.0,1001.0,1001.0,1001.0,1001.0,1001.0,1001.0,1001.0,1001.0,1001.0,1001.0,1001.0,1001.0,1001.0,1001.0,1045.0,1117.0,1207.0,1302.0,1388.0,1454.0,1491.0,1500.0,1500.0,1500.0,1500.0,1500.0,1500.0,1500.0,1500.0,1500.0,1500.0,1500.0,1500.0,1500.0,1500.0,1500.0,1500.0,1500.0,1553.0,1644.0,1761.0,1890.0,2014.0,2116.0,2184.0,2213.0,2213.0,2213.0,2213.0,2213.0,2213.0,2213.0,2213.0,2213.0,2213.0,2213.0,2213.0,2213.0,2213.0,2213.0,2213.0,2213.0,2241.0,2279.0,2324.0,2367.0,2398.0,2406.0,2406.0,2406.0,2406.0,2406.0,2406.0,2406.0,2406.0,2406.0,2406.0,2406.0,93,December 4,Carpentras
0.004900084225507261,1.4398206841622998,1.4764250902913856,2.001024857556492,2.001024857556492,0.5250144709470416,0.6355829797940875,5.002338821931756,5.002338821931756,0.6263578359812614,0.7032303088442959,4.053166090466658,4.053166090466658,0.5815466328775839,0.6684101887275883,2.7181146160289167,2.7181146160289167,0.3492173737053996,0.8532701493817544,5.0616666666666665,0.4785169069779732,0.4785169069779732,986.2693447481067,8.33,6.93,6.296666666666667,5.955,5.55,5.213333333333334,5.001428571428571,4.905,5.0633333333333335,5.130000000000001,5.13909090909091,5.205,5.353076923076923,5.551428571428572,5.83,6.08,6.259411764705883,6.463333333333334,6.666842105263158,6.815,6.9490476190476205,7.039090909090911,7.060434782608698,7.046666666666667,6.994000000000001,6.833846153846154,6.659629629629631,6.45857142857143,6.309310344827588,6.1800000000000015,6.023548387096776,5.905,5.833030303030304,5.785882352941178,5.764285714285715,5.749444444444446,5.773243243243244,5.885263157894738,6.047948717948719,6.255,6.478780487804878,6.737142857142855,6.981162790697673,7.21181818181818,7.447777777777776,7.662608695652172,7.853404255319148,7.950833333333333,8.015714285714285,8.046,8.047647058823527,8.001153846153844,7.926226415094339,7.833703703703702,7.749999999999999,7.6674999999999995,7.60719298245614,7.562758620689655,7.545254237288135,7.571666666666666,7.608688524590163,7.700967741935483,7.807777777777777,7.9190625,8.043846153846154,8.163333333333334,8.265820895522388,8.350588235294117,8.437246376811594,8.501428571428571,8.560985915492955,8.60638888888889,8.65876712328767,8.68945945945946,8.699333333333332,8.669473684210526,8.609220779220779,8.555641025641023,8.488227848101266,8.430000000000001,8.392962962962963,8.353170731707317,8.338433734939759,8.365714285714285,8.415882352941175,8.500930232558137,8.608160919540229,8.735681818181819,8.85247191011236,8.961111111111112,9.04868131868132,9.12891304347826,9.211720430107526,9.273617021276594,9.321578947368419,9.356041666666668,9.397010309278352,9.438163265306121,9.474444444444444,9.478,9.480495049504949,9.474117647058822,9.45135922330097,9.414615384615386,9.371904761904762,9.329056603773585,9.29822429906542,9.281851851851851,9.272201834862384,9.26181818181818,9.250720720720718,9.243392857142856,9.239734513274335,9.236140350877191,9.233478260869564,9.243793103448276,9.265897435897436,9.301186440677968,9.33,9.338333333333335,9.33495867768595,9.323442622950818,9.303170731707317,9.286451612903226,9.2644,9.243492063492063,9.218976377952757,9.18390625,61.916666666666664,743.0,0.0,0.0,0.0,0.0,0.0,0.0,0.0,0.0,0.0,0.0,0.0,0.0,0.0,0.0,0.0,0.0,23.0,52.0,85.0,114.0,128.0,128.0,128.0,128.0,128.0,128.0,128.0,128.0,128.0,128.0,128.0,128.0,128.0,128.0,128.0,128.0,128.0,128.0,128.0,128.0,167.0,231.0,313.0,399.0,475.0,528.0,552.0,553.0,553.0,553.0,553.0,553.0,553.0,553.0,553.0,553.0,553.0,553.0,553.0,553.0,553.0,553.0,553.0,553.0,599.0,679.0,780.0,888.0,988.0,1066.0,1113.0,1129.0,1129.0,1129.0,1129.0,1129.0,1129.0,1129.0,1129.0,1129.0,1129.0,1129.0,1129.0,1129.0,1129.0,1129.0,1129.0,1129.0,1173.0,1245.0,1335.0,1430.0,1516.0,1582.0,1619.0,1628.0,1628.0,1628.0,1628.0,1628.0,1628.0,1628.0,1628.0,1628.0,1628.0,1628.0,1628.0,1628.0,1628.0,1628.0,1628.0,1628.0,1681.0,1772.0,1889.0,2018.0,2142.0,2244.0,2312.0,2341.0,2341.0,2341.0,2341.0,2341.0,2341.0,2341.0,2341.0,2341.0,94,December 5,Carpentras
0.004900084225507261,1.4398206841622998,1.4764250902913856,2.001024857556492,2.001024857556492,0.5250144709470416,0.6355829797940875,5.002338821931756,5.002338821931756,0.6263578359812614,0.7032303088442959,4.053166090466658,4.053166090466658,0.5815466328775839,0.6684101887275883,2.7181146160289167,2.7181146160289167,0.3492173737053996,0.8532701493817544,7.528333333333333,0.3305388473800817,0.3305388473800817,887.5581137923399,8.13,6.680000000000001,5.963333333333334,5.305,4.790000000000001,4.396666666666667,4.0442857142857145,3.9925,4.163333333333334,4.300000000000001,4.53,4.880000000000001,5.345384615384614,5.872857142857143,6.443333333333334,6.9925,7.51235294117647,8.057777777777778,8.551052631578946,8.995000000000001,9.39190476190476,9.652727272727272,9.847391304347827,9.909166666666666,9.845999999999998,9.68,9.507777777777777,9.344285714285716,9.157586206896552,8.97,8.800967741935485,8.658125,8.587575757575758,8.503529411764706,8.409999999999998,8.341111111111111,8.308378378378379,8.303684210526315,8.34025641025641,8.377500000000001,8.395853658536586,8.432380952380953,8.476511627906977,8.502727272727272,8.527777777777779,8.536521739130436,8.515106382978724,8.477916666666667,8.421836734693878,8.31,8.188823529411765,8.051153846153847,7.939433962264151,7.837407407407408,7.719090909090911,7.621071428571429,7.549298245614035,7.492068965517243,7.450338983050847,7.413333333333333,7.400491803278689,7.442903225806452,7.518888888888889,7.6253125,7.745384615384615,7.890606060606061,8.03,8.163823529411767,8.30391304347826,8.432857142857143,8.548309859154928,8.603611111111112,8.638219178082192,8.650270270270271,8.643333333333333,8.603684210526318,8.544285714285715,8.472307692307693,8.405949367088606,8.34,8.289259259259259,8.249512195121952,8.228795180722893,8.239523809523812,8.258235294117648,8.317209302325582,8.387471264367814,8.461818181818181,8.54685393258427,8.62888888888889,8.69923076923077,8.757173913043479,8.817096774193548,8.860851063829786,8.90157894736842,8.932083333333333,8.968144329896907,8.988163265306122,8.992626262626263,8.967,8.91811881188119,8.874117647058823,8.819320388349515,8.771346153846155,8.73952380952381,8.70547169811321,8.690747663551402,8.708703703703705,8.744678899082569,8.808181818181819,8.88945945945946,8.987142857142857,9.076902654867258,9.160701754385967,9.228260869565219,9.290344827586207,9.354786324786325,9.402881355932204,9.440084033613447,9.466666666666667,9.498595041322316,9.53081967213115,9.559268292682928,9.561451612903227,9.562800000000001,9.55698412698413,9.537874015748033,9.50734375,1.8333333333333333,22.0,0.0,0.0,0.0,0.0,0.0,0.0,0.0,0.0,0.0,0.0,0.0,0.0,0.0,0.0,0.0,0.0,53.0,147.0,270.0,404.0,533.0,640.0,712.0,743.0,743.0,743.0,743.0,743.0,743.0,743.0,743.0,743.0,743.0,743.0,743.0,743.0,743.0,743.0,743.0,743.0,766.0,795.0,828.0,857.0,871.0,871.0,871.0,871.0,871.0,871.0,871.0,871.0,871.0,871.0,871.0,871.0,871.0,871.0,871.0,871.0,871.0,871.0,871.0,871.0,910.0,974.0,1056.0,1142.0,1218.0,1271.0,1295.0,1296.0,1296.0,1296.0,1296.0,1296.0,1296.0,1296.0,1296.0,1296.0,1296.0,1296.0,1296.0,1296.0,1296.0,1296.0,1296.0,1296.0,1342.0,1422.0,1523.0,1631.0,1731.0,1809.0,1856.0,1872.0,1872.0,1872.0,1872.0,1872.0,1872.0,1872.0,1872.0,1872.0,1872.0,1872.0,1872.0,1872.0,1872.0,1872.0,1872.0,1872.0,1916.0,1988.0,2078.0,2173.0,2259.0,2325.0,2362.0,2371.0,2371.0,2371.0,2371.0,2371.0,2371.0,2371.0,2371.0,2371.0,95,December 6,Carpentras
0.004900084225507261,1.4398206841622998,1.4764250902913856,2.001024857556492,2.001024857556492,0.5250144709470416,0.6355829797940875,5.002338821931756,5.002338821931756,0.6263578359812614,0.7032303088442959,4.053166090466658,4.053166090466658,0.5815466328775839,0.6684101887275883,2.7181146160289167,2.7181146160289167,0.3492173737053996,0.8532701493817544,8.12833333333333,0.2360125446159414,0.2360125446159414,824.5027680951407,2.73,2.33,2.6300000000000003,2.93,3.25,3.346666666666667,3.301428571428571,3.3049999999999997,3.43,3.6999999999999993,3.939090909090908,4.213333333333332,4.676153846153846,5.158571428571429,5.583333333333334,5.92375,6.324117647058824,6.707777777777778,7.087894736842105,7.464999999999999,7.801428571428571,8.052727272727273,8.264782608695654,8.3425,8.334,8.214615384615383,8.078148148148147,7.9085714285714275,7.7299999999999995,7.553333333333333,7.371935483870968,7.254999999999999,7.202727272727272,7.153529411764705,7.144285714285713,7.188333333333333,7.289459459459459,7.432631578947368,7.612051282051281,7.8025,7.998292682926831,8.220476190476191,8.434651162790699,8.639090909090909,8.832222222222223,8.969130434782608,9.078936170212765,9.125833333333333,9.109591836734694,9.038,8.959411764705882,8.881923076923076,8.788490566037735,8.69111111111111,8.60090909090909,8.522857142857143,8.484385964912281,8.436896551724137,8.382542372881357,8.341666666666667,8.321803278688524,8.318709677419353,8.341111111111111,8.364374999999999,8.376153846153846,8.39969696969697,8.428507462686568,8.446176470588236,8.463333333333333,8.47,8.456760563380282,8.43277777777778,8.395753424657535,8.320540540540541,8.238,8.143157894736841,8.065064935064935,7.992820512820513,7.908481012658229,7.8375,7.784320987654322,7.740975609756096,7.708313253012049,7.678809523809524,7.6664705882352955,7.693953488372093,7.7460919540229884,7.820909090909091,7.9064044943820235,8.011111111111111,8.112417582417581,8.210434782608697,8.313870967741936,8.409787234042554,8.496315789473684,8.538333333333334,8.565051546391754,8.574897959183673,8.57040404040404,8.541000000000002,8.496336633663367,8.441764705882354,8.39116504854369,8.340576923076924,8.301428571428572,8.270566037735849,8.25429906542056,8.262407407407407,8.276788990825688,8.322727272727274,8.377747747747748,8.43625,8.503451327433629,8.568596491228071,8.624782608695652,8.671379310344829,8.71974358974359,8.755423728813561,8.788823529411763,8.814166666666667,8.84404958677686,8.861147540983607,8.865772357723577,8.846129032258066,8.8076,8.772857142857143,8.729212598425196,8.6909375,60.0,720.0,0.0,0.0,0.0,0.0,0.0,0.0,0.0,0.0,0.0,0.0,0.0,0.0,0.0,0.0,0.0,0.0,15.0,22.0,22.0,22.0,22.0,22.0,22.0,22.0,22.0,22.0,22.0,22.0,22.0,22.0,22.0,22.0,22.0,22.0,22.0,22.0,22.0,22.0,22.0,22.0,75.0,169.0,292.0,426.0,555.0,662.0,734.0,765.0,765.0,765.0,765.0,765.0,765.0,765.0,765.0,765.0,765.0,765.0,765.0,765.0,765.0,765.0,765.0,765.0,788.0,817.0,850.0,879.0,893.0,893.0,893.0,893.0,893.0,893.0,893.0,893.0,893.0,893.0,893.0,893.0,893.0,893.0,893.0,893.0,893.0,893.0,893.0,893.0,932.0,996.0,1078.0,1164.0,1240.0,1293.0,1317.0,1318.0,1318.0,1318.0,1318.0,1318.0,1318.0,1318.0,1318.0,1318.0,1318.0,1318.0,1318.0,1318.0,1318.0,1318.0,1318.0,1318.0,1364.0,1444.0,1545.0,1653.0,1753.0,1831.0,1878.0,1894.0,1894.0,1894.0,1894.0,1894.0,1894.0,1894.0,1894.0,1894.0,96,December 7,Carpentras
0.004900084225507261,1.4398206841622998,1.4764250902913856,2.001024857556492,2.001024857556492,0.5250144709470416,0.6355829797940875,5.002338821931756,5.002338821931756,0.6263578359812614,0.7032303088442959,4.053166090466658,4.053166090466658,0.5815466328775839,0.6684101887275883,2.7181146160289167,2.7181146160289167,0.3492173737053996,0.8532701493817544,8.703333333333333,0.2720393424611642,0.2720393424611642,848.5350440444273,5.13,4.18,3.9299999999999997,3.705,3.3899999999999997,2.9966666666666666,2.7157142857142853,2.5675,2.6077777777777778,2.7800000000000002,3.2118181818181815,3.7883333333333336,4.406923076923078,5.122857142857143,5.73,6.26125,6.788823529411765,7.246666666666666,7.6089473684210525,7.825,7.94904761904762,8.002727272727272,7.969130434782608,7.830000000000001,7.626,7.406923076923078,7.252222222222223,7.130000000000001,7.040344827586208,6.933333333333334,6.80741935483871,6.69875,6.630000000000001,6.615294117647059,6.607142857142857,6.624444444444445,6.721891891891891,6.845789473684212,6.965897435897436,7.067500000000001,7.205609756097562,7.34904761904762,7.502093023255816,7.66409090909091,7.816666666666666,7.936521739130434,8.042765957446807,8.086250000000001,8.087142857142856,8.03,7.961372549019608,7.872307692307692,7.775283018867924,7.676296296296295,7.5718181818181804,7.501428571428571,7.466842105263158,7.4334482758620695,7.42322033898305,7.444999999999999,7.502131147540983,7.586451612903225,7.695079365079364,7.8128125,7.936153846153847,8.07848484848485,8.218059701492537,8.353529411764706,8.483623188405797,8.578571428571427,8.65676056338028,8.693888888888889,8.688904109589041,8.646216216216217,8.597999999999999,8.549736842105263,8.489740259740259,8.426153846153845,8.366708860759493,8.315000000000001,8.290493827160494,8.259268292682927,8.22277108433735,8.195476190476189,8.182941176470587,8.182325581395348,8.200114942528735,8.218636363636364,8.228876404494383,8.24777777777778,8.270659340659343,8.285434782608695,8.299892473118279,8.30659574468085,8.298421052631578,8.282083333333334,8.255773195876289,8.200408163265307,8.139090909090909,8.068,8.009207920792079,7.954509803921569,7.890194174757281,7.835769230769231,7.794761904761905,7.761132075471699,7.735607476635514,7.712407407407407,7.702477064220183,7.723636363636363,7.764234234234233,7.822857142857143,7.890176991150443,7.97298245614035,8.053478260869564,8.131724137931034,8.214615384615385,8.291864406779661,8.361932773109244,8.396666666666668,8.419256198347108,8.428360655737707,8.425934959349595,8.403387096774198,8.368400000000001,8.325238095238097,8.285118110236223,8.244843750000001,33.25,399.0,0.0,0.0,0.0,0.0,0.0,0.0,0.0,0.0,0.0,0.0,0.0,0.0,0.0,0.0,0.0,0.0,53.0,145.0,265.0,396.0,521.0,624.0,692.0,720.0,720.0,720.0,720.0,720.0,720.0,720.0,720.0,720.0,720.0,720.0,720.0,720.0,720.0,720.0,720.0,720.0,735.0,742.0,742.0,742.0,742.0,742.0,742.0,742.0,742.0,742.0,742.0,742.0,742.0,742.0,742.0,742.0,742.0,742.0,742.0,742.0,742.0,742.0,742.0,742.0,795.0,889.0,1012.0,1146.0,1275.0,1382.0,1454.0,1485.0,1485.0,1485.0,1485.0,1485.0,1485.0,1485.0,1485.0,1485.0,1485.0,1485.0,1485.0,1485.0,1485.0,1485.0,1485.0,1485.0,1508.0,1537.0,1570.0,1599.0,1613.0,1613.0,1613.0,1613.0,1613.0,1613.0,1613.0,1613.0,1613.0,1613.0,1613.0,1613.0,1613.0,1613.0,1613.0,1613.0,1613.0,1613.0,1613.0,1613.0,1652.0,1716.0,1798.0,1884.0,1960.0,2013.0,2037.0,2038.0,2038.0,2038.0,2038.0,2038.0,2038.0,2038.0,2038.0,2038.0,97,December 8,Carpentras
0.004900084225507261,1.4398206841622998,1.4764250902913856,2.001024857556492,2.001024857556492,0.5250144709470416,0.6355829797940875,5.002338821931756,5.002338821931756,0.6263578359812614,0.7032303088442959,4.053166090466658,4.053166090466658,0.5815466328775839,0.6684101887275883,2.7181146160289167,2.7181146160289167,0.3492173737053996,0.8532701493817544,11.986666666666665,0.0294226689792576,0.0294226689792576,686.6935483870968,5.63,5.08,4.13,3.4299999999999997,2.8299999999999996,2.5466666666666664,2.5157142857142856,2.5675,2.8633333333333333,3.4300000000000006,4.03,4.6466666666666665,5.199230769230768,5.7442857142857155,6.236666666666666,6.71125,7.141764705882353,7.535555555555555,7.793157894736842,7.970000000000001,8.03952380952381,8.057272727272727,8.025652173913043,7.971666666666667,7.858,7.679999999999999,7.522592592592591,7.3621428571428575,7.181724137931035,6.976666666666666,6.7848387096774205,6.620625,6.508787878787879,6.444705882352941,6.475714285714285,6.577222222222222,6.719189189189189,6.922105263157894,7.109487179487178,7.2875,7.481219512195122,7.660952380952381,7.811395348837209,7.905,7.961111111111111,7.986521739130435,7.970425531914893,7.900833333333334,7.79530612244898,7.678,7.59078431372549,7.518461538461538,7.462075471698113,7.394814814814814,7.3154545454545445,7.244285714285715,7.194912280701755,7.176551724137931,7.162203389830508,7.163333333333333,7.213606557377049,7.281612903225807,7.349047619047618,7.406562500000001,7.4884615384615385,7.575454545454546,7.670298507462686,7.772647058823529,7.870579710144926,7.948571428571428,8.018732394366198,8.048055555555557,8.049178082191782,8.01108108108108,7.964666666666667,7.9036842105263165,7.836493506493506,7.767179487179486,7.693291139240506,7.6425,7.6164197530864195,7.5909756097560965,7.581807228915664,7.59547619047619,7.63470588235294,7.6939534883720935,7.771379310344828,7.856136363636364,7.945730337078651,8.05,8.153076923076924,8.253913043478262,8.351505376344086,8.423617021276595,8.483684210526317,8.513333333333334,8.511443298969072,8.481020408163266,8.446161616161618,8.411000000000001,8.366633663366336,8.319215686274509,8.274660194174759,8.23576923076923,8.217619047619047,8.194150943396227,8.16644859813084,8.145740740740742,8.136422018348624,8.136363636363637,8.15072072072072,8.165714285714285,8.17424778761062,8.189649122807017,8.208260869565217,8.220517241379312,8.232564102564103,8.238474576271187,8.232521008403362,8.22,8.199421487603306,8.155409836065575,8.106422764227643,8.049354838709679,8.002,7.957777777777778,7.9055905511811035,7.861250000000001,30.0,360.0,0.0,0.0,0.0,0.0,0.0,0.0,0.0,0.0,0.0,0.0,0.0,0.0,0.0,0.0,0.0,0.0,38.0,101.0,179.0,260.0,330.0,378.0,399.0,399.0,399.0,399.0,399.0,399.0,399.0,399.0,399.0,399.0,399.0,399.0,399.0,399.0,399.0,399.0,399.0,399.0,452.0,544.0,664.0,795.0,920.0,1023.0,1091.0,1119.0,1119.0,1119.0,1119.0,1119.0,1119.0,1119.0,1119.0,1119.0,1119.0,1119.0,1119.0,1119.0,1119.0,1119.0,1119.0,1119.0,1134.0,1141.0,1141.0,1141.0,1141.0,1141.0,1141.0,1141.0,1141.0,1141.0,1141.0,1141.0,1141.0,1141.0,1141.0,1141.0,1141.0,1141.0,1141.0,1141.0,1141.0,1141.0,1141.0,1141.0,1194.0,1288.0,1411.0,1545.0,1674.0,1781.0,1853.0,1884.0,1884.0,1884.0,1884.0,1884.0,1884.0,1884.0,1884.0,1884.0,1884.0,1884.0,1884.0,1884.0,1884.0,1884.0,1884.0,1884.0,1907.0,1936.0,1969.0,1998.0,2012.0,2012.0,2012.0,2012.0,2012.0,2012.0,2012.0,2012.0,2012.0,2012.0,2012.0,2012.0,98,December 9,Carpentras
0.004900084225507261,1.4398206841622998,1.4764250902913856,2.001024857556492,2.001024857556492,0.5250144709470416,0.6355829797940875,5.002338821931756,5.002338821931756,0.6263578359812614,0.7032303088442959,4.053166090466658,4.053166090466658,0.5815466328775839,0.6684101887275883,2.7181146160289167,2.7181146160289167,0.3492173737053996,0.8532701493817544,8.311666666666667,0.3543758645554595,0.3543758645554595,903.4589933827953,7.03,5.83,4.963333333333334,4.33,4.05,3.846666666666667,3.7157142857142857,3.6425,3.6966666666666663,3.8199999999999994,3.984545454545455,4.246666666666667,4.353076923076923,4.508571428571428,4.67,4.82375,5.071176470588235,5.318888888888889,5.545789473684211,5.73,5.906190476190477,6.093636363636364,6.138695652173913,6.13,6.1099999999999985,6.049230769230769,5.907777777777778,5.744285714285714,5.56103448275862,5.413333333333333,5.313870967741936,5.239375,5.239090909090909,5.3358823529411765,5.47,5.635555555555555,5.802972972972973,5.987894736842105,6.1710256410256425,6.3625,6.549512195121951,6.732380952380951,6.864883720930233,6.966363636363636,7.021111111111111,7.051739130434782,7.057659574468084,7.050833333333334,7.011632653061224,6.935999999999999,6.867254901960784,6.793461538461538,6.705471698113208,6.600370370370371,6.499090909090909,6.410357142857143,6.349298245614034,6.314482758620689,6.335084745762711,6.398333333333334,6.487377049180328,6.615483870967743,6.736349206349207,6.8534375,6.9823076923076925,7.1042424242424245,7.20910447761194,7.278529411764706,7.324202898550724,7.35,7.34830985915493,7.310555555555556,7.247808219178081,7.175945945945946,7.123333333333335,7.079999999999999,7.046883116883116,7.005641025641025,6.9553164556962015,6.909999999999999,6.879382716049381,6.870243902439024,6.863734939759035,6.868095238095236,6.907647058823528,6.960232558139534,7.012758620689652,7.058409090909092,7.1221348314606745,7.19,7.2640659340659335,7.344130434782608,7.421397849462363,7.484255319148936,7.541578947368419,7.568541666666666,7.574329896907216,7.550408163265305,7.519898989898989,7.478,7.430990099009899,7.381960784313724,7.32902912621359,7.293461538461538,7.276666666666666,7.260188679245283,7.256168224299065,7.269814814814815,7.303394495412842,7.352727272727273,7.416486486486486,7.48625,7.560088495575221,7.645789473684211,7.730869565217392,7.81448275862069,7.895811965811965,7.957118644067796,8.008991596638655,8.036666666666667,8.039090909090909,8.018524590163935,7.994227642276424,7.969516129032258,7.937199999999999,7.902222222222221,7.869370078740157,7.8409375,5.583333333333333,67.0,0.0,0.0,0.0,0.0,0.0,0.0,0.0,0.0,0.0,0.0,0.0,0.0,0.0,0.0,0.0,0.0,36.0,95.0,168.0,242.0,305.0,346.0,360.0,360.0,360.0,360.0,360.0,360.0,360.0,360.0,360.0,360.0,360.0,360.0,360.0,360.0,360.0,360.0,360.0,360.0,398.0,461.0,539.0,620.0,690.0,738.0,759.0,759.0,759.0,759.0,759.0,759.0,759.0,759.0,759.0,759.0,759.0,759.0,759.0,759.0,759.0,759.0,759.0,759.0,812.0,904.0,1024.0,1155.0,1280.0,1383.0,1451.0,1479.0,1479.0,1479.0,1479.0,1479.0,1479.0,1479.0,1479.0,1479.0,1479.0,1479.0,1479.0,1479.0,1479.0,1479.0,1479.0,1479.0,1494.0,1501.0,1501.0,1501.0,1501.0,1501.0,1501.0,1501.0,1501.0,1501.0,1501.0,1501.0,1501.0,1501.0,1501.0,1501.0,1501.0,1501.0,1501.0,1501.0,1501.0,1501.0,1501.0,1501.0,1554.0,1648.0,1771.0,1905.0,2034.0,2141.0,2213.0,2244.0,2244.0,2244.0,2244.0,2244.0,2244.0,2244.0,2244.0,2244.0,99,December 10,Carpentras
0.004900084225507261,1.4398206841622998,1.4764250902913856,2.001024857556492,2.001024857556492,0.5250144709470416,0.6355829797940875,5.002338821931756,5.002338821931756,0.6263578359812614,0.7032303088442959,4.053166090466658,4.053166090466658,0.5815466328775839,0.6684101887275883,2.7181146160289167,2.7181146160289167,0.3492173737053996,0.8532701493817544,11.886666666666665,-0.05841688481022441,0.05841688481022441,628.0987100392597,9.53,9.129999999999999,8.263333333333334,7.305,6.55,5.946666666666666,5.43,5.105,5.052222222222222,5.090000000000001,5.293636363636364,5.538333333333333,5.806923076923076,6.022857142857143,6.3966666666666665,6.74875,7.094705882352941,7.507777777777777,7.808947368421053,8.035,8.24904761904762,8.475454545454546,8.612608695652176,8.613333333333333,8.55,8.399230769230769,8.207777777777777,8.001428571428571,7.826551724137932,7.66,7.50741935483871,7.370625,7.272424242424242,7.203529411764706,7.158571428571428,7.157777777777778,7.116486486486487,7.101052631578948,7.096666666666666,7.097499999999999,7.144634146341462,7.201428571428571,7.257906976744185,7.302727272727273,7.349999999999999,7.408260869565217,7.402340425531913,7.371666666666667,7.336122448979593,7.28,7.180980392156862,7.068461538461539,6.94320754716981,6.835555555555555,6.753636363636362,6.685357142857144,6.659824561403509,6.692068965517241,6.748644067796611,6.826666666666667,6.908688524590163,7.0041935483870965,7.1014285714285705,7.2065625,7.311538461538461,7.416363636363637,7.491194029850746,7.54764705882353,7.574927536231882,7.587142857142857,7.583521126760561,7.571666666666668,7.538219178082191,7.4799999999999995,7.425999999999999,7.368157894736841,7.300129870129869,7.219743589743588,7.141392405063289,7.071250000000001,7.020123456790124,6.987317073170733,6.993855421686747,7.031190476190475,7.087647058823529,7.173023255813952,7.254137931034482,7.33340909090909,7.422134831460673,7.506666666666667,7.5794505494505495,7.626739130434783,7.656881720430105,7.672553191489359,7.667894736842104,7.63625,7.585670103092783,7.527959183673469,7.484545454545454,7.448,7.419108910891088,7.38392156862745,7.341650485436893,7.303076923076923,7.275714285714285,7.264905660377358,7.256168224299064,7.255925925925925,7.283211009174311,7.3209090909090895,7.358828828828827,7.391607142857143,7.438849557522124,7.489649122807017,7.5456521739130435,7.6067241379310335,7.665897435897436,7.713898305084744,7.757731092436973,7.7775,7.7804132231404965,7.7595081967213115,7.7332520325203244,7.69774193548387,7.6579999999999995,7.616507936507936,7.571732283464566,7.5409375,43.25,519.0,0.0,0.0,0.0,0.0,0.0,0.0,0.0,0.0,0.0,0.0,0.0,0.0,0.0,0.0,0.0,0.0,19.0,38.0,56.0,67.0,67.0,67.0,67.0,67.0,67.0,67.0,67.0,67.0,67.0,67.0,67.0,67.0,67.0,67.0,67.0,67.0,67.0,67.0,67.0,67.0,103.0,162.0,235.0,309.0,372.0,413.0,427.0,427.0,427.0,427.0,427.0,427.0,427.0,427.0,427.0,427.0,427.0,427.0,427.0,427.0,427.0,427.0,427.0,427.0,465.0,528.0,606.0,687.0,757.0,805.0,826.0,826.0,826.0,826.0,826.0,826.0,826.0,826.0,826.0,826.0,826.0,826.0,826.0,826.0,826.0,826.0,826.0,826.0,879.0,971.0,1091.0,1222.0,1347.0,1450.0,1518.0,1546.0,1546.0,1546.0,1546.0,1546.0,1546.0,1546.0,1546.0,1546.0,1546.0,1546.0,1546.0,1546.0,1546.0,1546.0,1546.0,1546.0,1561.0,1568.0,1568.0,1568.0,1568.0,1568.0,1568.0,1568.0,1568.0,1568.0,1568.0,1568.0,1568.0,1568.0,1568.0,1568.0,100,December 11,Carpentras
