Laine de verre¤TTP_TMateriau_Cond,North¤TTP_TOuverture_Uw,North¤TTP_TOuverture_Sw,North¤TTP_TOuverture_Largeur,North¤TTP_TOuverture_Hauteur,South¤TTP_TOuverture_Uw,South¤TTP_TOuverture_Sw,South¤TTP_TOuverture_Largeur,South¤TTP_TOuverture_Hauteur,East¤TTP_TOuverture_Uw,East¤TTP_TOuverture_Sw,East¤TTP_TOuverture_Largeur,East¤TTP_TOuverture_Hauteur,West¤TTP_TOuverture_Uw,West¤TTP_TOuverture_Sw,West¤TTP_TOuverture_Largeur,West¤TTP_TOuverture_Hauteur,Zone 1¤TTP_TinfiltrationZone,¤TMeteo,Text-average,Bias,Bias_Absolute,HLC,Text-1,Text-2,Text-3,Text-4,Text-5,Text-6,Text-7,Text-8,Text-9,Text-10,Text-11,Text-12,Text-13,Text-14,Text-15,Text-16,Text-17,Text-18,Text-19,Text-20,Text-21,Text-22,Text-23,Text-24,Text-25,Text-26,Text-27,Text-28,Text-29,Text-30,Text-31,Text-32,Text-33,Text-34,Text-35,Text-36,Text-37,Text-38,Text-39,Text-40,Text-41,Text-42,Text-43,Text-44,Text-45,Text-46,Text-47,Text-48,Text-49,Text-50,Text-51,Text-52,Text-53,Text-54,Text-55,Text-56,Text-57,Text-58,Text-59,Text-60,Text-61,Text-62,Text-63,Text-64,Text-65,Text-66,Text-67,Text-68,Text-69,Text-70,Text-71,Text-72,Text-73,Text-74,Text-75,Text-76,Text-77,Text-78,Text-79,Text-80,Text-81,Text-82,Text-83,Text-84,Text-85,Text-86,Text-87,Text-88,Text-89,Text-90,Text-91,Text-92,Text-93,Text-94,Text-95,Text-96,Text-97,Text-98,Text-99,Text-100,Text-101,Text-102,Text-103,Text-104,Text-105,Text-106,Text-107,Text-108,Text-109,Text-110,Text-111,Text-112,Text-113,Text-114,Text-115,Text-116,Text-117,Text-118,Text-119,Text-120,Text-121,Text-122,Text-123,Text-124,Text-125,Text-126,Text-127,Text-128,GHR_mean,GHR_sum,GHR-sum-1,GHR-sum-2,GHR-sum-3,GHR-sum-4,GHR-sum-5,GHR-sum-6,GHR-sum-7,GHR-sum-8,GHR-sum-9,GHR-sum-10,GHR-sum-11,GHR-sum-12,GHR-sum-13,GHR-sum-14,GHR-sum-15,GHR-sum-16,GHR-sum-17,GHR-sum-18,GHR-sum-19,GHR-sum-20,GHR-sum-21,GHR-sum-22,GHR-sum-23,GHR-sum-24,GHR-sum-25,GHR-sum-26,GHR-sum-27,GHR-sum-28,GHR-sum-29,GHR-sum-30,GHR-sum-31,GHR-sum-32,GHR-sum-33,GHR-sum-34,GHR-sum-35,GHR-sum-36,GHR-sum-37,GHR-sum-38,GHR-sum-39,GHR-sum-40,GHR-sum-41,GHR-sum-42,GHR-sum-43,GHR-sum-44,GHR-sum-45,GHR-sum-46,GHR-sum-47,GHR-sum-48,GHR-sum-49,GHR-sum-50,GHR-sum-51,GHR-sum-52,GHR-sum-53,GHR-sum-54,GHR-sum-55,GHR-sum-56,GHR-sum-57,GHR-sum-58,GHR-sum-59,GHR-sum-60,GHR-sum-61,GHR-sum-62,GHR-sum-63,GHR-sum-64,GHR-sum-65,GHR-sum-66,GHR-sum-67,GHR-sum-68,GHR-sum-69,GHR-sum-70,GHR-sum-71,GHR-sum-72,GHR-sum-73,GHR-sum-74,GHR-sum-75,GHR-sum-76,GHR-sum-77,GHR-sum-78,GHR-sum-79,GHR-sum-80,GHR-sum-81,GHR-sum-82,GHR-sum-83,GHR-sum-84,GHR-sum-85,GHR-sum-86,GHR-sum-87,GHR-sum-88,GHR-sum-89,GHR-sum-90,GHR-sum-91,GHR-sum-92,GHR-sum-93,GHR-sum-94,GHR-sum-95,GHR-sum-96,GHR-sum-97,GHR-sum-98,GHR-sum-99,GHR-sum-100,GHR-sum-101,GHR-sum-102,GHR-sum-103,GHR-sum-104,GHR-sum-105,GHR-sum-106,GHR-sum-107,GHR-sum-108,GHR-sum-109,GHR-sum-110,GHR-sum-111,GHR-sum-112,GHR-sum-113,GHR-sum-114,GHR-sum-115,GHR-sum-116,GHR-sum-117,GHR-sum-118,GHR-sum-119,GHR-sum-120,GHR-sum-121,GHR-sum-122,GHR-sum-123,GHR-sum-124,GHR-sum-125,GHR-sum-126,GHR-sum-127,GHR-sum-128,day_index,Date,Climate_zone
0.0077808557362575,1.2997605078810688,0.7744471616606333,1.707773670148366,1.707773670148366,0.5115809514553334,1.1231798047702368,4.33160101760361,4.33160101760361,0.5871420300997376,1.410819404805532,3.751446991156117,3.751446991156117,0.6279351377897807,1.4192681396861275,3.343831102061228,3.343831102061228,0.640188275843492,0.567492152943972,5.616666666666667,0.016543584480489062,0.016543584480489062,216.32047477744808,10.6,10.0,9.600000000000001,9.65,9.620000000000001,9.799999999999999,9.957142857142857,10.100000000000001,8.977777777777778,8.08,7.345454545454547,6.733333333333333,6.2153846153846155,5.771428571428571,5.386666666666667,5.050000000000001,4.752941176470588,4.488888888888889,4.252631578947369,4.04,3.8476190476190473,3.6727272727272724,3.5130434782608693,3.366666666666667,3.2319999999999998,3.1076923076923078,2.992592592592593,2.8857142857142857,2.786206896551724,2.6933333333333334,2.606451612903226,2.5250000000000004,2.4484848484848483,2.376470588235294,2.3085714285714287,2.2444444444444445,2.1837837837837837,2.126315789473684,2.0717948717948715,2.0200000000000005,1.9707317073170731,1.9238095238095236,1.8790697674418608,1.8363636363636362,1.7955555555555556,1.7565217391304346,1.7191489361702128,1.6833333333333336,1.6489795918367347,1.6159999999999999,1.5843137254901962,1.5538461538461539,1.5245283018867923,1.4962962962962962,1.469090909090909,1.442857142857143,1.4175438596491228,1.393103448275862,1.369491525423729,1.3466666666666667,1.3245901639344262,1.303225806451613,1.2825396825396824,1.2625000000000002,1.243076923076923,1.2242424242424241,1.2059701492537316,1.188235294117647,1.1710144927536232,1.1542857142857141,1.1380281690140845,1.1222222222222225,1.106849315068493,1.0918918918918918,1.0773333333333335,1.063157894736842,1.0493506493506493,1.0358974358974358,1.0227848101265822,1.0100000000000002,0.9975308641975308,0.9853658536585366,0.9734939759036146,0.9619047619047618,0.9505882352941176,0.9395348837209302,0.928735632183908,0.9181818181818183,0.9078651685393259,0.8977777777777778,0.8879120879120881,0.8782608695652173,0.8688172043010752,0.8595744680851064,0.8505263157894737,0.8416666666666668,0.8329896907216494,0.8244897959183674,0.8161616161616163,0.8079999999999999,0.7999999999999999,0.792156862745098,0.7844660194174757,0.776923076923077,0.7695238095238095,0.7622641509433962,0.7551401869158879,0.7481481481481481,0.7412844036697247,0.7345454545454545,0.7279279279279279,0.7214285714285715,0.7150442477876106,0.7087719298245614,0.702608695652174,0.696551724137931,0.6905982905982906,0.6847457627118644,0.6789915966386555,0.6733333333333335,0.6677685950413222,0.6622950819672131,0.6569105691056911,0.6516129032258065,0.6464,0.6412698412698412,0.6362204724409448,0.6312500000000001,33.916666666666664,407.0,0.0,0.0,0.0,0.0,0.0,0.0,0.0,0.0,0.0,0.0,0.0,0.0,0.0,0.0,0.0,0.0,0.0,0.0,0.0,0.0,0.0,0.0,0.0,0.0,0.0,0.0,0.0,0.0,0.0,0.0,0.0,0.0,0.0,0.0,0.0,0.0,0.0,0.0,0.0,0.0,0.0,0.0,0.0,0.0,0.0,0.0,0.0,0.0,0.0,0.0,0.0,0.0,0.0,0.0,0.0,0.0,0.0,0.0,0.0,0.0,0.0,0.0,0.0,0.0,0.0,0.0,0.0,0.0,0.0,0.0,0.0,0.0,0.0,0.0,0.0,0.0,0.0,0.0,0.0,0.0,0.0,0.0,0.0,0.0,0.0,0.0,0.0,0.0,0.0,0.0,0.0,0.0,0.0,0.0,0.0,0.0,0.0,0.0,0.0,0.0,0.0,0.0,0.0,0.0,0.0,0.0,0.0,0.0,0.0,0.0,0.0,0.0,0.0,0.0,0.0,0.0,0.0,0.0,0.0,0.0,0.0,0.0,0.0,0.0,0.0,0.0,0.0,0.0,1,January 1,Macon
0.0077808557362575,1.2997605078810688,0.7744471616606333,1.707773670148366,1.707773670148366,0.5115809514553334,1.1231798047702368,4.33160101760361,4.33160101760361,0.5871420300997376,1.410819404805532,3.751446991156117,3.751446991156117,0.6279351377897807,1.4192681396861275,3.343831102061228,3.343831102061228,0.640188275843492,0.567492152943972,9.374999999999998,-0.2998329156223894,0.2998329156223894,148.99555555555554,9.6,8.8,8.5,8.25,8.26,8.3,8.528571428571428,9.0,9.488888888888887,9.86,10.218181818181819,10.641666666666666,11.030769230769229,11.435714285714287,11.753333333333334,11.98125,12.205882352941174,12.355555555555556,12.468421052631578,12.5,12.504761904761907,12.509090909090911,12.530434782608697,12.512500000000001,12.436000000000002,12.319230769230769,12.18888888888889,12.10357142857143,12.013793103448277,11.97,11.93548387096774,11.909375,11.548484848484849,11.208823529411765,10.88857142857143,10.586111111111112,10.299999999999999,10.028947368421052,9.77179487179487,9.5275,9.295121951219512,9.073809523809524,8.86279069767442,8.661363636363637,8.468888888888888,8.284782608695652,8.108510638297872,7.939583333333334,7.777551020408164,7.622000000000001,7.472549019607843,7.328846153846154,7.190566037735849,7.057407407407408,6.929090909090909,6.805357142857143,6.685964912280702,6.570689655172414,6.459322033898306,6.3516666666666675,6.247540983606557,6.146774193548388,6.049206349206349,5.9546875,5.863076923076924,5.774242424242424,5.688059701492538,5.604411764705882,5.523188405797101,5.444285714285715,5.367605633802817,5.293055555555556,5.22054794520548,5.15,5.081333333333333,5.014473684210526,4.949350649350649,4.885897435897436,4.824050632911392,4.76375,4.704938271604939,4.647560975609756,4.591566265060242,4.536904761904762,4.483529411764706,4.43139534883721,4.380459770114942,4.3306818181818185,4.282022471910112,4.234444444444445,4.187912087912088,4.142391304347826,4.097849462365591,4.054255319148936,4.011578947368421,3.969791666666667,3.9288659793814436,3.888775510204082,3.8494949494949497,3.8110000000000004,3.773267326732673,3.7362745098039216,3.6999999999999997,3.664423076923077,3.6295238095238096,3.595283018867925,3.5616822429906545,3.528703703703704,3.4963302752293575,3.464545454545455,3.433333333333333,3.4026785714285714,3.3725663716814163,3.342982456140351,3.313913043478261,3.285344827586207,3.257264957264957,3.229661016949153,3.202521008403361,3.1758333333333337,3.1495867768595045,3.123770491803279,3.0983739837398376,3.073387096774194,3.0487999999999995,3.024603174603175,3.000787401574803,2.97734375,50.166666666666664,602.0,0.0,0.0,0.0,0.0,0.0,0.0,0.0,0.0,0.0,0.0,0.0,0.0,0.0,0.0,0.0,0.0,39.0,100.0,174.0,252.0,322.0,374.0,401.0,407.0,407.0,407.0,407.0,407.0,407.0,407.0,407.0,407.0,407.0,407.0,407.0,407.0,407.0,407.0,407.0,407.0,407.0,407.0,407.0,407.0,407.0,407.0,407.0,407.0,407.0,407.0,407.0,407.0,407.0,407.0,407.0,407.0,407.0,407.0,407.0,407.0,407.0,407.0,407.0,407.0,407.0,407.0,407.0,407.0,407.0,407.0,407.0,407.0,407.0,407.0,407.0,407.0,407.0,407.0,407.0,407.0,407.0,407.0,407.0,407.0,407.0,407.0,407.0,407.0,407.0,407.0,407.0,407.0,407.0,407.0,407.0,407.0,407.0,407.0,407.0,407.0,407.0,407.0,407.0,407.0,407.0,407.0,407.0,407.0,407.0,407.0,407.0,407.0,407.0,407.0,407.0,407.0,407.0,407.0,407.0,407.0,407.0,407.0,407.0,407.0,407.0,407.0,407.0,407.0,2,January 2,Macon
0.0077808557362575,1.2997605078810688,0.7744471616606333,1.707773670148366,1.707773670148366,0.5115809514553334,1.1231798047702368,4.33160101760361,4.33160101760361,0.5871420300997376,1.410819404805532,3.751446991156117,3.751446991156117,0.6279351377897807,1.4192681396861275,3.343831102061228,3.343831102061228,0.640188275843492,0.567492152943972,11.091666666666667,-0.0759322234963817,0.0759322234963817,196.64162283996998,5.0,4.35,4.333333333333333,4.6,5.08,5.45,5.885714285714286,6.3125,6.666666666666667,6.970000000000001,7.281818181818182,7.55,7.846153846153846,8.1,8.38,8.54375,8.729411764705882,8.844444444444443,8.942105263157893,9.010000000000002,9.038095238095238,9.045454545454547,9.043478260869566,9.0875,9.108,9.065384615384614,9.022222222222224,8.967857142857143,8.944827586206896,8.93,8.961290322580643,9.065625,9.196969696969697,9.314705882352941,9.442857142857143,9.605555555555554,9.77027027027027,9.952631578947368,10.112820512820514,10.245000000000001,10.38048780487805,10.488095238095237,10.581395348837209,10.638636363636364,10.682222222222222,10.72391304347826,10.772340425531915,10.800000000000002,10.795918367346939,10.768000000000002,10.729411764705883,10.711538461538463,10.688679245283021,10.688888888888888,10.692727272727273,10.700000000000001,10.512280701754387,10.331034482758621,10.155932203389831,9.986666666666668,9.82295081967213,9.664516129032258,9.51111111111111,9.3625,9.21846153846154,9.07878787878788,8.943283582089553,8.811764705882354,8.684057971014491,8.559999999999999,8.43943661971831,8.322222222222223,8.208219178082192,8.097297297297297,7.989333333333334,7.8842105263157904,7.781818181818181,7.682051282051281,7.584810126582278,7.49,7.397530864197531,7.307317073170732,7.219277108433736,7.133333333333334,7.049411764705882,6.967441860465115,6.887356321839079,6.8090909090909095,6.7325842696629215,6.6577777777777785,6.584615384615385,6.51304347826087,6.4430107526881715,6.374468085106383,6.307368421052631,6.241666666666667,6.177319587628866,6.114285714285715,6.052525252525253,5.992000000000001,5.932673267326732,5.874509803921568,5.8174757281553395,5.761538461538462,5.706666666666667,5.652830188679245,5.6000000000000005,5.548148148148148,5.4972477064220175,5.447272727272726,5.398198198198197,5.3500000000000005,5.302654867256638,5.256140350877193,5.210434782608696,5.165517241379311,5.121367521367521,5.077966101694915,5.035294117647058,4.993333333333334,4.95206611570248,4.911475409836066,4.871544715447155,4.83225806451613,4.7936,4.755555555555555,4.718110236220472,4.68125,23.25,279.0,0.0,0.0,0.0,0.0,0.0,0.0,0.0,0.0,0.0,0.0,0.0,0.0,0.0,0.0,0.0,0.0,50.0,133.0,237.0,348.0,452.0,535.0,586.0,602.0,602.0,602.0,602.0,602.0,602.0,602.0,602.0,602.0,602.0,602.0,602.0,602.0,602.0,602.0,602.0,602.0,641.0,702.0,776.0,854.0,924.0,976.0,1003.0,1009.0,1009.0,1009.0,1009.0,1009.0,1009.0,1009.0,1009.0,1009.0,1009.0,1009.0,1009.0,1009.0,1009.0,1009.0,1009.0,1009.0,1009.0,1009.0,1009.0,1009.0,1009.0,1009.0,1009.0,1009.0,1009.0,1009.0,1009.0,1009.0,1009.0,1009.0,1009.0,1009.0,1009.0,1009.0,1009.0,1009.0,1009.0,1009.0,1009.0,1009.0,1009.0,1009.0,1009.0,1009.0,1009.0,1009.0,1009.0,1009.0,1009.0,1009.0,1009.0,1009.0,1009.0,1009.0,1009.0,1009.0,1009.0,1009.0,1009.0,1009.0,1009.0,1009.0,1009.0,1009.0,1009.0,1009.0,1009.0,1009.0,1009.0,1009.0,1009.0,1009.0,1009.0,1009.0,1009.0,1009.0,1009.0,1009.0,1009.0,1009.0,3,January 3,Macon
0.0077808557362575,1.2997605078810688,0.7744471616606333,1.707773670148366,1.707773670148366,0.5115809514553334,1.1231798047702368,4.33160101760361,4.33160101760361,0.5871420300997376,1.410819404805532,3.751446991156117,3.751446991156117,0.6279351377897807,1.4192681396861275,3.343831102061228,3.343831102061228,0.640188275843492,0.567492152943972,9.608333333333333,-0.031539168824054845,0.031539168824054845,206.08846487424114,9.4,8.75,8.233333333333334,7.85,7.62,7.55,7.571428571428571,7.7875,8.011111111111113,8.209999999999999,8.572727272727272,8.9,9.161538461538463,9.321428571428571,9.553333333333335,9.75,9.876470588235295,9.85,9.736842105263158,9.579999999999998,9.399999999999999,9.204545454545451,9.02173913043478,8.904166666666667,8.748,8.553846153846154,8.396296296296295,8.289285714285713,8.244827586206895,8.213333333333331,8.222580645161289,8.256250000000001,8.293939393939391,8.335294117647058,8.394285714285715,8.452777777777776,8.532432432432431,8.607894736842104,8.7025641025641,8.76,8.831707317073171,8.878571428571428,8.92093023255814,8.952272727272726,8.966666666666667,8.97173913043478,8.972340425531915,8.995833333333334,9.008163265306122,8.988,8.966666666666667,8.938461538461537,8.926415094339623,8.918518518518518,8.936363636363636,8.996428571428572,9.073684210526316,9.144827586206898,9.223728813559323,9.325000000000001,9.429508196721313,9.54677419354839,9.652380952380957,9.7421875,9.835384615384616,9.912121212121212,9.980597014925374,10.026470588235297,10.06376811594203,10.100000000000003,10.140845070422538,10.168055555555558,10.173972602739726,10.163513513513516,10.145333333333335,10.140789473684213,10.132467532467535,10.139743589743592,10.149367088607598,10.16125,10.035802469135803,9.913414634146342,9.79397590361446,9.677380952380954,9.563529411764708,9.452325581395352,9.343678160919543,9.2375,9.133707865168539,9.032222222222224,8.932967032967033,8.835869565217392,8.740860215053766,8.647872340425534,8.556842105263161,8.467708333333334,8.380412371134021,8.294897959183674,8.211111111111112,8.129000000000001,8.04851485148515,7.969607843137257,7.8922330097087405,7.816346153846155,7.741904761904761,7.6688679245283025,7.597196261682244,7.526851851851853,7.457798165137617,7.3900000000000015,7.323423423423426,7.2580357142857155,7.193805309734513,7.130701754385965,7.068695652173914,7.007758620689656,6.94786324786325,6.888983050847459,6.831092436974792,6.774166666666668,6.718181818181818,6.663114754098362,6.608943089430895,6.5556451612903235,6.503200000000001,6.4515873015873035,6.400787401574806,6.350781250000001,10.416666666666666,125.0,0.0,0.0,0.0,0.0,0.0,0.0,0.0,0.0,0.0,0.0,0.0,0.0,0.0,0.0,0.0,1.0,34.0,82.0,138.0,193.0,239.0,268.0,279.0,279.0,279.0,279.0,279.0,279.0,279.0,279.0,279.0,279.0,279.0,279.0,279.0,279.0,279.0,279.0,279.0,279.0,329.0,412.0,516.0,627.0,731.0,814.0,865.0,881.0,881.0,881.0,881.0,881.0,881.0,881.0,881.0,881.0,881.0,881.0,881.0,881.0,881.0,881.0,881.0,881.0,920.0,981.0,1055.0,1133.0,1203.0,1255.0,1282.0,1288.0,1288.0,1288.0,1288.0,1288.0,1288.0,1288.0,1288.0,1288.0,1288.0,1288.0,1288.0,1288.0,1288.0,1288.0,1288.0,1288.0,1288.0,1288.0,1288.0,1288.0,1288.0,1288.0,1288.0,1288.0,1288.0,1288.0,1288.0,1288.0,1288.0,1288.0,1288.0,1288.0,1288.0,1288.0,1288.0,1288.0,1288.0,1288.0,1288.0,1288.0,1288.0,1288.0,1288.0,1288.0,1288.0,1288.0,1288.0,1288.0,1288.0,1288.0,1288.0,1288.0,1288.0,1288.0,1288.0,1288.0,4,January 4,Macon
0.0077808557362575,1.2997605078810688,0.7744471616606333,1.707773670148366,1.707773670148366,0.5115809514553334,1.1231798047702368,4.33160101760361,4.33160101760361,0.5871420300997376,1.410819404805532,3.751446991156117,3.751446991156117,0.6279351377897807,1.4192681396861275,3.343831102061228,3.343831102061228,0.640188275843492,0.567492152943972,10.666666666666668,-0.17932037124060168,0.17932037124060168,174.64062499999997,6.5,6.949999999999999,7.233333333333333,7.324999999999999,7.26,7.183333333333333,6.957142857142856,6.6625,6.522222222222222,6.519999999999999,6.6090909090909085,6.691666666666667,6.753846153846153,6.792857142857143,6.9399999999999995,7.14375,7.364705882352941,7.533333333333333,7.710526315789475,7.885000000000001,8.095238095238095,8.304545454545455,8.43913043478261,8.541666666666666,8.576,8.557692307692308,8.507407407407408,8.442857142857145,8.382758620689655,8.343333333333335,8.32258064516129,8.353124999999999,8.396969696969697,8.444117647058823,8.551428571428572,8.661111111111111,8.759459459459459,8.828947368421053,8.930769230769233,9.025,9.095121951219511,9.102380952380951,9.069767441860465,9.013636363636364,8.942222222222224,8.858695652173912,8.776595744680852,8.722916666666666,8.646938775510206,8.548,8.464705882352941,8.40576923076923,8.379245283018868,8.35925925925926,8.361818181818183,8.378571428571428,8.398245614035087,8.420689655172412,8.454237288135593,8.488333333333333,8.536065573770493,8.582258064516129,8.64126984126984,8.678125000000001,8.724615384615385,8.756060606060606,8.785074626865672,8.807352941176468,8.818840579710145,8.824285714285711,8.826760563380281,8.844444444444445,8.854794520547944,8.843243243243244,8.830666666666666,8.813157894736841,8.806493506493505,8.802564102564101,8.81645569620253,8.860000000000001,8.91604938271605,8.96829268292683,9.026506024096385,9.101190476190476,9.178823529411765,9.26627906976744,9.345977011494254,9.414772727272727,9.486516853932583,9.546666666666665,9.6010989010989,9.639130434782608,9.670967741935483,9.702127659574469,9.736842105263158,9.761458333333334,9.770103092783506,9.766326530612245,9.756565656565657,9.757,9.754455445544554,9.763725490196078,9.774757281553397,9.787500000000001,9.694285714285716,9.602830188679246,9.513084112149533,9.425,9.338532110091744,9.253636363636364,9.17027027027027,9.088392857142859,9.007964601769912,8.928947368421053,8.851304347826087,8.775,8.700000000000001,8.626271186440677,8.553781512605042,8.4825,8.412396694214877,8.34344262295082,8.27560975609756,8.208870967741936,8.1432,8.07857142857143,8.01496062992126,7.952343750000001,40.0,480.0,0.0,0.0,0.0,0.0,0.0,0.0,0.0,0.0,0.0,0.0,0.0,0.0,0.0,0.0,0.0,2.0,24.0,53.0,84.0,110.0,124.0,125.0,125.0,125.0,125.0,125.0,125.0,125.0,125.0,125.0,125.0,125.0,125.0,125.0,125.0,125.0,125.0,125.0,125.0,126.0,159.0,207.0,263.0,318.0,364.0,393.0,404.0,404.0,404.0,404.0,404.0,404.0,404.0,404.0,404.0,404.0,404.0,404.0,404.0,404.0,404.0,404.0,404.0,404.0,454.0,537.0,641.0,752.0,856.0,939.0,990.0,1006.0,1006.0,1006.0,1006.0,1006.0,1006.0,1006.0,1006.0,1006.0,1006.0,1006.0,1006.0,1006.0,1006.0,1006.0,1006.0,1006.0,1045.0,1106.0,1180.0,1258.0,1328.0,1380.0,1407.0,1413.0,1413.0,1413.0,1413.0,1413.0,1413.0,1413.0,1413.0,1413.0,1413.0,1413.0,1413.0,1413.0,1413.0,1413.0,1413.0,1413.0,1413.0,1413.0,1413.0,1413.0,1413.0,1413.0,1413.0,1413.0,1413.0,1413.0,1413.0,1413.0,1413.0,1413.0,1413.0,1413.0,5,January 5,Macon
0.0077808557362575,1.2997605078810688,0.7744471616606333,1.707773670148366,1.707773670148366,0.5115809514553334,1.1231798047702368,4.33160101760361,4.33160101760361,0.5871420300997376,1.410819404805532,3.751446991156117,3.751446991156117,0.6279351377897807,1.4192681396861275,3.343831102061228,3.343831102061228,0.640188275843492,0.567492152943972,9.216666666666667,-0.2749731471535985,0.2749731471535985,154.28571428571425,10.9,10.850000000000001,10.733333333333334,10.55,10.5,10.333333333333332,10.171428571428573,9.9875,9.700000000000001,9.489999999999998,9.4,9.433333333333334,9.523076923076923,9.657142857142857,9.866666666666669,9.975,9.994117647058824,9.961111111111112,9.889473684210527,9.77,9.661904761904763,9.55909090909091,9.495652173913044,9.383333333333335,9.268,9.196153846153846,9.144444444444444,9.089285714285715,9.017241379310345,8.943333333333333,8.83548387096774,8.703125,8.603030303030302,8.541176470588237,8.511428571428572,8.48611111111111,8.45945945945946,8.428947368421053,8.443589743589744,8.4875,8.546341463414633,8.59047619047619,8.644186046511628,8.702272727272728,8.782222222222222,8.867391304347825,8.921276595744681,8.9625,8.971428571428572,8.954,8.919607843137255,8.876923076923076,8.835849056603776,8.805555555555555,8.785454545454545,8.794642857142858,8.812280701754386,8.832758620689656,8.889830508474576,8.949999999999998,9.004918032786884,9.043548387096774,9.103174603174601,9.159375,9.201538461538462,9.204545454545453,9.182089552238805,9.14411764705882,9.09565217391304,9.038571428571426,8.98169014084507,8.943055555555556,8.889041095890411,8.81891891891892,8.758666666666665,8.714473684210525,8.69220779220779,8.674358974358974,8.672151898734175,8.679999999999998,8.690123456790124,8.702439024390241,8.722891566265059,8.744047619047617,8.775294117647055,8.80581395348837,8.84597701149425,8.870454545454544,8.902247191011236,8.923333333333332,8.942857142857141,8.957608695652173,8.964516129032257,8.967021276595743,8.96736842105263,8.979166666666666,8.985567010309277,8.975510204081631,8.964646464646464,8.95,8.943564356435642,8.939215686274508,8.948543689320388,8.98076923076923,9.022857142857143,9.062264150943395,9.106542056074765,9.163888888888888,9.223853211009173,9.291818181818181,9.354054054054055,9.408035714285715,9.464601769911505,9.512280701754387,9.555652173913044,9.586206896551726,9.611965811965812,9.63728813559322,9.665546218487396,9.685833333333335,9.693388429752067,9.690983606557378,9.683739837398376,9.68467741935484,9.683200000000001,9.691269841269841,9.700787401574805,9.711718750000001,45.75,549.0,0.0,0.0,0.0,0.0,0.0,0.0,0.0,0.0,0.0,0.0,0.0,0.0,0.0,0.0,0.0,3.0,47.0,117.0,203.0,294.0,376.0,438.0,471.0,480.0,480.0,480.0,480.0,480.0,480.0,480.0,480.0,480.0,480.0,480.0,480.0,480.0,480.0,480.0,480.0,482.0,504.0,533.0,564.0,590.0,604.0,605.0,605.0,605.0,605.0,605.0,605.0,605.0,605.0,605.0,605.0,605.0,605.0,605.0,605.0,605.0,605.0,605.0,605.0,606.0,639.0,687.0,743.0,798.0,844.0,873.0,884.0,884.0,884.0,884.0,884.0,884.0,884.0,884.0,884.0,884.0,884.0,884.0,884.0,884.0,884.0,884.0,884.0,884.0,934.0,1017.0,1121.0,1232.0,1336.0,1419.0,1470.0,1486.0,1486.0,1486.0,1486.0,1486.0,1486.0,1486.0,1486.0,1486.0,1486.0,1486.0,1486.0,1486.0,1486.0,1486.0,1486.0,1486.0,1525.0,1586.0,1660.0,1738.0,1808.0,1860.0,1887.0,1893.0,1893.0,1893.0,1893.0,1893.0,1893.0,1893.0,1893.0,1893.0,6,January 6,Macon
0.0077808557362575,1.2997605078810688,0.7744471616606333,1.707773670148366,1.707773670148366,0.5115809514553334,1.1231798047702368,4.33160101760361,4.33160101760361,0.5871420300997376,1.410819404805532,3.751446991156117,3.751446991156117,0.6279351377897807,1.4192681396861275,3.343831102061228,3.343831102061228,0.640188275843492,0.567492152943972,10.141666666666667,-0.10996163374747484,0.10996163374747484,189.40016433853737,9.7,9.5,9.166666666666666,8.7,8.38,8.233333333333334,8.057142857142859,7.975,7.922222222222222,7.909999999999999,7.818181818181818,7.841666666666666,7.938461538461538,8.128571428571428,8.273333333333332,8.48125,8.66470588235294,8.816666666666666,8.921052631578947,8.995000000000001,9.080952380952382,9.186363636363636,9.265217391304347,9.3125,9.376,9.430769230769231,9.47037037037037,9.489285714285714,9.517241379310345,9.516666666666667,9.506451612903227,9.48125,9.418181818181818,9.36470588235294,9.34,9.352777777777778,9.386486486486486,9.439473684210526,9.525641025641027,9.5775,9.595121951219511,9.59047619047619,9.567441860465117,9.520454545454546,9.475555555555557,9.430434782608696,9.402127659574468,9.347916666666668,9.289795918367346,9.252,9.223529411764705,9.192307692307692,9.150943396226415,9.107407407407408,9.043636363636365,8.964285714285714,8.901754385964914,8.860344827586207,8.83728813559322,8.816666666666666,8.795081967213115,8.770967741935483,8.774603174603174,8.796875,8.82923076923077,8.853030303030302,8.88358208955224,8.91764705882353,8.966666666666665,9.02,9.053521126760565,9.079166666666667,9.083561643835615,9.070270270270269,9.045333333333334,9.014473684210525,8.984415584415585,8.961538461538462,8.945569620253163,8.95,8.960493827160494,8.973170731707318,9.012048192771084,9.053571428571429,9.091764705882353,9.11860465116279,9.160919540229886,9.201136363636364,9.231460674157304,9.233333333333333,9.216483516483517,9.18804347826087,9.151612903225805,9.108510638297872,9.065263157894735,9.035416666666666,8.993814432989693,8.939795918367347,8.892929292929292,8.857999999999999,8.839603960396039,8.824509803921568,8.82135922330097,8.825961538461538,8.832380952380952,8.840566037735849,8.855140186915888,8.870370370370368,8.893577981651376,8.916363636363636,8.946846846846846,8.96517857142857,8.989380530973452,9.005263157894737,9.02,9.03103448275862,9.035897435897436,9.037288135593219,9.036974789915964,9.045833333333333,9.050413223140497,9.041803278688525,9.032520325203253,9.020161290322578,9.0144,9.01031746031746,9.01732283464567,9.04296875,22.666666666666668,272.0,0.0,0.0,0.0,0.0,0.0,0.0,0.0,0.0,0.0,0.0,0.0,0.0,0.0,0.0,0.0,4.0,53.0,130.0,226.0,328.0,422.0,495.0,537.0,549.0,549.0,549.0,549.0,549.0,549.0,549.0,549.0,549.0,549.0,549.0,549.0,549.0,549.0,549.0,549.0,552.0,596.0,666.0,752.0,843.0,925.0,987.0,1020.0,1029.0,1029.0,1029.0,1029.0,1029.0,1029.0,1029.0,1029.0,1029.0,1029.0,1029.0,1029.0,1029.0,1029.0,1029.0,1029.0,1031.0,1053.0,1082.0,1113.0,1139.0,1153.0,1154.0,1154.0,1154.0,1154.0,1154.0,1154.0,1154.0,1154.0,1154.0,1154.0,1154.0,1154.0,1154.0,1154.0,1154.0,1154.0,1154.0,1154.0,1155.0,1188.0,1236.0,1292.0,1347.0,1393.0,1422.0,1433.0,1433.0,1433.0,1433.0,1433.0,1433.0,1433.0,1433.0,1433.0,1433.0,1433.0,1433.0,1433.0,1433.0,1433.0,1433.0,1433.0,1433.0,1483.0,1566.0,1670.0,1781.0,1885.0,1968.0,2019.0,2035.0,2035.0,2035.0,2035.0,2035.0,2035.0,2035.0,2035.0,2035.0,7,January 7,Macon
0.0077808557362575,1.2997605078810688,0.7744471616606333,1.707773670148366,1.707773670148366,0.5115809514553334,1.1231798047702368,4.33160101760361,4.33160101760361,0.5871420300997376,1.410819404805532,3.751446991156117,3.751446991156117,0.6279351377897807,1.4192681396861275,3.343831102061228,3.343831102061228,0.640188275843492,0.567492152943972,6.725,-0.3955031631122416,0.3955031631122416,128.636926889715,12.6,12.35,11.533333333333333,10.775,10.02,9.433333333333334,8.8,8.35,7.911111111111111,7.4799999999999995,7.1090909090909085,6.841666666666666,6.7153846153846155,6.714285714285714,6.7733333333333325,6.90625,7.164705882352941,7.422222222222222,7.668421052631579,7.845000000000001,8.033333333333333,8.186363636363636,8.27391304347826,8.35,8.404,8.438461538461537,8.440740740740742,8.4,8.355172413793102,8.326666666666666,8.283870967741937,8.25625,8.233333333333333,8.220588235294118,8.182857142857143,8.180555555555555,8.205405405405406,8.268421052631581,8.320512820512821,8.4025,8.48048780487805,8.55,8.60232558139535,8.64318181818182,8.69111111111111,8.75,8.797872340425533,8.831249999999999,8.873469387755103,8.912,8.943137254901961,8.963461538461539,8.98867924528302,8.998148148148148,9.001818181818182,8.996428571428572,8.96842105263158,8.944827586206898,8.93728813559322,8.951666666666666,8.978688524590165,9.01774193548387,9.077777777777778,9.1171875,9.135384615384616,9.13939393939394,9.13134328358209,9.107352941176472,9.084057971014493,9.06,9.046478873239437,9.015277777777778,8.98082191780822,8.95945945945946,8.944,8.926315789473684,8.901298701298701,8.874358974358973,8.832911392405064,8.780000000000001,8.738271604938273,8.7109756097561,8.696385542168676,8.683333333333334,8.669411764705883,8.653488372093024,8.657471264367816,8.675,8.700000000000001,8.71888888888889,8.742857142857144,8.769565217391305,8.807526881720431,8.848936170212767,8.875789473684211,8.896875,8.902061855670103,8.893877551020408,8.876767676767678,8.855,8.833663366336634,8.81764705882353,8.806796116504854,8.811538461538463,8.82095238095238,8.832075471698113,8.86355140186916,8.897222222222222,8.928440366972477,8.950909090909091,8.985585585585586,9.018749999999999,9.044247787610619,9.047368421052632,9.035652173913043,9.014655172413791,8.987179487179485,8.954237288135593,8.921008403361343,8.898333333333332,8.86611570247934,8.823770491803277,8.7869918699187,8.759677419354837,8.745599999999998,8.734126984126982,8.73228346456693,8.73671875,55.5,666.0,0.0,0.0,0.0,0.0,0.0,0.0,0.0,0.0,0.0,0.0,0.0,0.0,0.0,0.0,0.0,5.0,39.0,86.0,140.0,193.0,237.0,264.0,272.0,272.0,272.0,272.0,272.0,272.0,272.0,272.0,272.0,272.0,272.0,272.0,272.0,272.0,272.0,272.0,272.0,276.0,325.0,402.0,498.0,600.0,694.0,767.0,809.0,821.0,821.0,821.0,821.0,821.0,821.0,821.0,821.0,821.0,821.0,821.0,821.0,821.0,821.0,821.0,821.0,824.0,868.0,938.0,1024.0,1115.0,1197.0,1259.0,1292.0,1301.0,1301.0,1301.0,1301.0,1301.0,1301.0,1301.0,1301.0,1301.0,1301.0,1301.0,1301.0,1301.0,1301.0,1301.0,1301.0,1303.0,1325.0,1354.0,1385.0,1411.0,1425.0,1426.0,1426.0,1426.0,1426.0,1426.0,1426.0,1426.0,1426.0,1426.0,1426.0,1426.0,1426.0,1426.0,1426.0,1426.0,1426.0,1426.0,1426.0,1427.0,1460.0,1508.0,1564.0,1619.0,1665.0,1694.0,1705.0,1705.0,1705.0,1705.0,1705.0,1705.0,1705.0,1705.0,1705.0,1705.0,8,January 8,Macon
0.0077808557362575,1.2997605078810688,0.7744471616606333,1.707773670148366,1.707773670148366,0.5115809514553334,1.1231798047702368,4.33160101760361,4.33160101760361,0.5871420300997376,1.410819404805532,3.751446991156117,3.751446991156117,0.6279351377897807,1.4192681396861275,3.343831102061228,3.343831102061228,0.640188275843492,0.567492152943972,7.333333333333334,-0.4499209671907042,0.4499209671907042,117.05681818181816,10.4,9.45,8.933333333333332,8.85,8.94,9.016666666666667,9.114285714285714,9.2625,9.244444444444445,9.080000000000002,8.909090909090908,8.858333333333334,8.976923076923075,9.057142857142859,9.146666666666668,9.30625,9.576470588235294,9.866666666666667,10.100000000000001,10.330000000000002,10.566666666666666,10.75909090909091,10.934782608695654,11.066666666666668,11.127999999999997,11.165384615384614,11.118518518518515,11.025,10.886206896551723,10.74,10.554838709677417,10.3875,10.206060606060605,10.011764705882353,9.822857142857142,9.658333333333333,9.537837837837838,9.463157894736842,9.415384615384614,9.4025,9.448780487804877,9.504761904761907,9.565116279069766,9.602272727272727,9.651111111111112,9.689130434782609,9.7,9.708333333333334,9.708163265306121,9.7,9.676470588235293,9.63076923076923,9.583018867924528,9.544444444444444,9.498181818181818,9.460714285714285,9.426315789473684,9.398275862068965,9.355932203389829,9.335,9.331147540983606,9.351612903225806,9.366666666666665,9.4015625,9.435384615384615,9.465151515151515,9.485074626865671,9.498529411764705,9.517391304347825,9.544285714285714,9.564788732394366,9.57638888888889,9.594520547945205,9.61081081081081,9.622666666666667,9.627631578947367,9.636363636363637,9.634615384615383,9.629113924050632,9.617500000000001,9.590123456790124,9.565853658536586,9.553012048192771,9.555952380952382,9.568235294117647,9.58953488372093,9.626436781609195,9.648863636363636,9.656179775280899,9.653333333333332,9.64175824175824,9.618478260869566,9.595698924731183,9.572340425531914,9.556842105263156,9.528125000000001,9.496907216494845,9.475510204081633,9.458585858585858,9.44,9.415841584158414,9.390196078431371,9.353398058252427,9.307692307692308,9.27047619047619,9.24433962264151,9.228037383177568,9.212962962962964,9.197247706422017,9.18,9.178378378378378,9.1875,9.202654867256639,9.213157894736844,9.227826086956524,9.244827586206897,9.270940170940172,9.3,9.31764705882353,9.330833333333333,9.331404958677686,9.32131147540984,9.304065040650407,9.283064516129032,9.2624,9.246031746031749,9.233858267716537,9.234375,67.58333333333333,811.0,0.0,0.0,0.0,0.0,0.0,0.0,0.0,0.0,0.0,0.0,0.0,0.0,0.0,0.0,0.0,6.0,62.0,154.0,268.0,389.0,502.0,592.0,648.0,666.0,666.0,666.0,666.0,666.0,666.0,666.0,666.0,666.0,666.0,666.0,666.0,666.0,666.0,666.0,666.0,671.0,705.0,752.0,806.0,859.0,903.0,930.0,938.0,938.0,938.0,938.0,938.0,938.0,938.0,938.0,938.0,938.0,938.0,938.0,938.0,938.0,938.0,938.0,938.0,942.0,991.0,1068.0,1164.0,1266.0,1360.0,1433.0,1475.0,1487.0,1487.0,1487.0,1487.0,1487.0,1487.0,1487.0,1487.0,1487.0,1487.0,1487.0,1487.0,1487.0,1487.0,1487.0,1487.0,1490.0,1534.0,1604.0,1690.0,1781.0,1863.0,1925.0,1958.0,1967.0,1967.0,1967.0,1967.0,1967.0,1967.0,1967.0,1967.0,1967.0,1967.0,1967.0,1967.0,1967.0,1967.0,1967.0,1967.0,1969.0,1991.0,2020.0,2051.0,2077.0,2091.0,2092.0,2092.0,2092.0,2092.0,2092.0,2092.0,2092.0,2092.0,2092.0,2092.0,2092.0,9,January 9,Macon
0.0077808557362575,1.2997605078810688,0.7744471616606333,1.707773670148366,1.707773670148366,0.5115809514553334,1.1231798047702368,4.33160101760361,4.33160101760361,0.5871420300997376,1.410819404805532,3.751446991156117,3.751446991156117,0.6279351377897807,1.4192681396861275,3.343831102061228,3.343831102061228,0.640188275843492,0.567492152943972,9.483333333333333,-0.25096958124661395,0.25096958124661395,159.39367311072056,10.5,9.65,9.1,8.825,8.64,8.549999999999999,8.514285714285714,8.462499999999999,8.477777777777778,8.5,8.554545454545455,8.608333333333333,8.769230769230768,8.914285714285715,9.046666666666665,9.2125,9.4,9.63888888888889,9.910526315789474,10.155000000000001,10.361904761904762,10.481818181818182,10.58695652173913,10.6375,10.628,10.546153846153846,10.448148148148148,10.382142857142856,10.344827586206895,10.313333333333334,10.293548387096775,10.29375,10.257575757575758,10.17941176470588,10.094285714285714,10.044444444444444,10.054054054054054,10.055263157894737,10.064102564102564,10.105,10.197560975609756,10.307142857142859,10.4,10.497727272727273,10.604444444444445,10.695652173913043,10.782978723404257,10.852083333333333,10.887755102040817,10.911999999999999,10.892156862745097,10.846153846153847,10.773584905660375,10.694444444444445,10.590909090909088,10.494642857142855,10.387719298245612,10.270689655172413,10.154237288135592,10.049999999999999,9.970491803278687,9.91774193548387,9.88095238095238,9.865625,9.887692307692308,9.916666666666666,9.949253731343282,9.967647058823529,9.994202898550723,10.014285714285714,10.016901408450703,10.018055555555556,10.013698630136986,10.004054054054054,9.984,9.948684210526315,9.91168831168831,9.880769230769232,9.844303797468353,9.813749999999999,9.785185185185185,9.760975609756096,9.726506024096386,9.707142857142856,9.7,9.71046511627907,9.717241379310343,9.738636363636363,9.759550561797752,9.777777777777779,9.789010989010988,9.795652173913043,9.806451612903224,9.823404255319147,9.835789473684208,9.841666666666667,9.85257731958763,9.862244897959183,9.868686868686869,9.87,9.874257425742574,9.870588235294116,9.864077669902912,9.852884615384616,9.829523809523812,9.808490566037737,9.79626168224299,9.796296296296296,9.803669724770643,9.818181818181817,9.845045045045042,9.860714285714286,9.864601769911502,9.860526315789471,9.849565217391303,9.829310344827586,9.80940170940171,9.78898305084746,9.774789915966386,9.75,9.723140495867769,9.704098360655738,9.68861788617886,9.671774193548387,9.6504,9.627777777777776,9.596062992125983,9.55703125,41.583333333333336,499.0,0.0,0.0,0.0,0.0,0.0,0.0,0.0,0.0,0.0,0.0,0.0,0.0,0.0,0.0,0.0,7.0,70.0,177.0,313.0,459.0,598.0,711.0,785.0,811.0,811.0,811.0,811.0,811.0,811.0,811.0,811.0,811.0,811.0,811.0,811.0,811.0,811.0,811.0,811.0,817.0,873.0,965.0,1079.0,1200.0,1313.0,1403.0,1459.0,1477.0,1477.0,1477.0,1477.0,1477.0,1477.0,1477.0,1477.0,1477.0,1477.0,1477.0,1477.0,1477.0,1477.0,1477.0,1477.0,1482.0,1516.0,1563.0,1617.0,1670.0,1714.0,1741.0,1749.0,1749.0,1749.0,1749.0,1749.0,1749.0,1749.0,1749.0,1749.0,1749.0,1749.0,1749.0,1749.0,1749.0,1749.0,1749.0,1749.0,1753.0,1802.0,1879.0,1975.0,2077.0,2171.0,2244.0,2286.0,2298.0,2298.0,2298.0,2298.0,2298.0,2298.0,2298.0,2298.0,2298.0,2298.0,2298.0,2298.0,2298.0,2298.0,2298.0,2298.0,2301.0,2345.0,2415.0,2501.0,2592.0,2674.0,2736.0,2769.0,2778.0,2778.0,2778.0,2778.0,2778.0,2778.0,2778.0,2778.0,2778.0,10,January 10,Macon
0.0077808557362575,1.2997605078810688,0.7744471616606333,1.707773670148366,1.707773670148366,0.5115809514553334,1.1231798047702368,4.33160101760361,4.33160101760361,0.5871420300997376,1.410819404805532,3.751446991156117,3.751446991156117,0.6279351377897807,1.4192681396861275,3.343831102061228,3.343831102061228,0.640188275843492,0.567492152943972,9.116666666666667,-0.047049181454550525,0.047049181454550525,202.78793418647166,10.4,9.850000000000001,8.933333333333332,8.575,8.600000000000001,8.85,9.042857142857143,9.212500000000002,9.533333333333335,9.82,10.018181818181818,10.1,10.207692307692307,10.292857142857143,10.266666666666667,10.2375,10.170588235294119,10.105555555555558,10.094736842105263,10.120000000000001,10.195238095238095,10.236363636363636,10.278260869565218,10.308333333333334,10.315999999999999,10.257692307692308,10.174074074074074,10.096428571428572,10.020689655172415,9.956666666666669,9.903225806451612,9.846875,9.809090909090909,9.776470588235295,9.757142857142858,9.741666666666667,9.767567567567568,9.794736842105264,9.823076923076924,9.870000000000001,9.93170731707317,10.021428571428572,10.132558139534883,10.238636363636365,10.333333333333334,10.391304347826088,10.444680851063831,10.472916666666666,10.471428571428572,10.432,10.382352941176471,10.34807692307692,10.328301886792453,10.31111111111111,10.3,10.299999999999999,10.278947368421052,10.232758620689653,10.18135593220339,10.15,10.15409836065574,10.153225806451614,10.15714285714286,10.18125,10.238461538461536,10.307575757575755,10.367164179104476,10.430882352941175,10.501449275362317,10.562857142857142,10.622535211267607,10.670833333333333,10.697260273972601,10.716216216216214,10.705333333333332,10.676315789473684,10.628571428571426,10.575641025641024,10.50506329113924,10.438749999999999,10.364197530864196,10.281707317073169,10.19879518072289,10.123809523809522,10.065882352941175,10.026744186046512,9.998850574712645,9.986363636363636,10.001123595505616,10.021111111111109,10.043956043956044,10.056521739130433,10.075268817204302,10.08936170212766,10.090526315789473,10.090625000000001,10.08659793814433,10.078571428571427,10.062626262626264,10.035,10.005940594059407,9.981372549019609,9.952427184466021,9.927884615384615,9.904761904761905,9.884905660377358,9.857009345794394,9.84074074074074,9.83394495412844,9.840909090909088,9.845045045045044,9.860714285714284,9.876106194690266,9.889473684210525,9.897391304347824,9.901724137931032,9.90940170940171,9.922033898305084,9.93109243697479,9.934999999999999,9.942975206611571,9.95,9.954471544715446,9.954838709677418,9.957600000000001,9.953968253968252,9.948031496062994,9.93828125,9.083333333333334,109.0,0.0,0.0,0.0,0.0,0.0,0.0,0.0,0.0,0.0,0.0,0.0,0.0,0.0,0.0,0.0,8.0,55.0,128.0,217.0,310.0,394.0,456.0,490.0,499.0,499.0,499.0,499.0,499.0,499.0,499.0,499.0,499.0,499.0,499.0,499.0,499.0,499.0,499.0,499.0,506.0,569.0,676.0,812.0,958.0,1097.0,1210.0,1284.0,1310.0,1310.0,1310.0,1310.0,1310.0,1310.0,1310.0,1310.0,1310.0,1310.0,1310.0,1310.0,1310.0,1310.0,1310.0,1310.0,1316.0,1372.0,1464.0,1578.0,1699.0,1812.0,1902.0,1958.0,1976.0,1976.0,1976.0,1976.0,1976.0,1976.0,1976.0,1976.0,1976.0,1976.0,1976.0,1976.0,1976.0,1976.0,1976.0,1976.0,1981.0,2015.0,2062.0,2116.0,2169.0,2213.0,2240.0,2248.0,2248.0,2248.0,2248.0,2248.0,2248.0,2248.0,2248.0,2248.0,2248.0,2248.0,2248.0,2248.0,2248.0,2248.0,2248.0,2248.0,2252.0,2301.0,2378.0,2474.0,2576.0,2670.0,2743.0,2785.0,2797.0,2797.0,2797.0,2797.0,2797.0,2797.0,2797.0,2797.0,2797.0,11,January 11,Macon
0.0077808557362575,1.2997605078810688,0.7744471616606333,1.707773670148366,1.707773670148366,0.5115809514553334,1.1231798047702368,4.33160101760361,4.33160101760361,0.5871420300997376,1.410819404805532,3.751446991156117,3.751446991156117,0.6279351377897807,1.4192681396861275,3.343831102061228,3.343831102061228,0.640188275843492,0.567492152943972,10.366666666666664,-0.3148314919130622,0.3148314919130622,145.80385852090038,6.1,6.0,6.0,6.225,6.720000000000001,7.2,7.514285714285714,7.8374999999999995,8.155555555555555,8.42,8.709090909090909,8.916666666666666,9.03076923076923,9.114285714285716,9.106666666666666,9.0625,9.094117647058823,9.172222222222222,9.289473684210526,9.445,9.595238095238095,9.695454545454545,9.8,9.9,9.92,9.896153846153847,9.792592592592595,9.710714285714285,9.675862068965516,9.69,9.706451612903225,9.728124999999999,9.8,9.876470588235293,9.937142857142858,9.966666666666665,10.008108108108107,10.044736842105262,10.04102564102564,10.035,10.012195121951219,9.988095238095237,9.986046511627908,10.0,10.037777777777778,10.060869565217391,10.085106382978722,10.104166666666666,10.112244897959185,10.086,10.045098039215686,10.00576923076923,9.966037735849058,9.931481481481482,9.901818181818182,9.869642857142859,9.847368421052632,9.827586206896552,9.815254237288135,9.805,9.819672131147541,9.835483870967742,9.852380952380953,9.88125,9.920000000000002,9.977272727272727,10.049253731343283,10.119117647058824,10.182608695652174,10.222857142857144,10.26056338028169,10.281944444444443,10.283561643835617,10.25945945945946,10.228,10.20657894736842,10.194805194805197,10.184615384615384,10.178481012658228,10.18,10.166666666666668,10.135365853658536,10.1,10.07857142857143,10.082352941176472,10.082558139534886,10.086206896551726,10.104545454545455,10.147191011235956,10.198888888888888,10.243956043956045,10.292391304347825,10.346236559139786,10.393617021276595,10.440000000000001,10.478125,10.500000000000002,10.516326530612243,10.51010101010101,10.49,10.455445544554458,10.416666666666666,10.364077669902912,10.314423076923077,10.258095238095237,10.195283018867926,10.131775700934579,10.074074074074076,10.029357798165139,9.99909090909091,9.97747747747748,9.967857142857143,9.979646017699114,9.99561403508772,10.01391304347826,10.024137931034485,10.039316239316241,10.050847457627121,10.052100840336134,10.0525,10.049586776859504,10.043442622950819,10.030894308943092,10.008870967741935,9.9856,9.965873015873017,9.94251968503937,9.92265625,52.0,624.0,0.0,0.0,0.0,0.0,0.0,0.0,0.0,0.0,0.0,0.0,0.0,0.0,0.0,0.0,0.0,9.0,30.0,53.0,77.0,98.0,108.0,109.0,109.0,109.0,109.0,109.0,109.0,109.0,109.0,109.0,109.0,109.0,109.0,109.0,109.0,109.0,109.0,109.0,109.0,117.0,164.0,237.0,326.0,419.0,503.0,565.0,599.0,608.0,608.0,608.0,608.0,608.0,608.0,608.0,608.0,608.0,608.0,608.0,608.0,608.0,608.0,608.0,608.0,615.0,678.0,785.0,921.0,1067.0,1206.0,1319.0,1393.0,1419.0,1419.0,1419.0,1419.0,1419.0,1419.0,1419.0,1419.0,1419.0,1419.0,1419.0,1419.0,1419.0,1419.0,1419.0,1419.0,1425.0,1481.0,1573.0,1687.0,1808.0,1921.0,2011.0,2067.0,2085.0,2085.0,2085.0,2085.0,2085.0,2085.0,2085.0,2085.0,2085.0,2085.0,2085.0,2085.0,2085.0,2085.0,2085.0,2085.0,2090.0,2124.0,2171.0,2225.0,2278.0,2322.0,2349.0,2357.0,2357.0,2357.0,2357.0,2357.0,2357.0,2357.0,2357.0,2357.0,2357.0,12,January 12,Macon
0.0077808557362575,1.2997605078810688,0.7744471616606333,1.707773670148366,1.707773670148366,0.5115809514553334,1.1231798047702368,4.33160101760361,4.33160101760361,0.5871420300997376,1.410819404805532,3.751446991156117,3.751446991156117,0.6279351377897807,1.4192681396861275,3.343831102061228,3.343831102061228,0.640188275843492,0.567492152943972,13.041666666666668,-0.03450719450383178,0.03450719450383178,205.4568690095846,3.9,3.25,2.8666666666666667,2.65,2.62,2.783333333333333,3.1857142857142855,3.5625,3.922222222222222,4.3,4.627272727272727,4.866666666666666,5.023076923076924,5.199999999999998,5.459999999999998,5.75625,6.0588235294117645,6.366666666666666,6.594736842105262,6.83,6.999999999999998,7.131818181818181,7.226086956521739,7.25,7.204,7.153846153846154,7.11111111111111,7.103571428571429,7.158620689655172,7.239999999999999,7.309677419354839,7.3968750000000005,7.496969696969697,7.594117647058823,7.708571428571429,7.805555555555557,7.8756756756756765,7.936842105263159,7.964102564102566,7.975,8.014634146341464,8.073809523809524,8.151162790697674,8.247727272727273,8.344444444444445,8.419565217391305,8.497872340425534,8.575000000000001,8.612244897959183,8.626,8.596078431372549,8.575000000000001,8.577358490566038,8.605555555555556,8.634545454545457,8.666071428571428,8.726315789473682,8.789655172413793,8.844067796610169,8.88,8.922950819672131,8.962903225806452,8.977777777777778,8.990625,8.99230769230769,8.992424242424242,9.00597014925373,9.029411764705882,9.068115942028987,9.097142857142858,9.126760563380284,9.152777777777779,9.17123287671233,9.166216216216215,9.150666666666668,9.135526315789475,9.11948051948052,9.106410256410255,9.09620253164557,9.083749999999998,9.077777777777778,9.073170731707316,9.073493975903615,9.075,9.094117647058823,9.113953488372092,9.13448275862069,9.163636363636364,9.199999999999998,9.25,9.310989010989012,9.370652173913044,9.425806451612903,9.463829787234042,9.500000000000002,9.523958333333333,9.53298969072165,9.522448979591838,9.506060606060606,9.497,9.495049504950495,9.494117647058824,9.496116504854369,9.503846153846153,9.499999999999998,9.482075471698112,9.460747663551402,9.450000000000001,9.458715596330276,9.464545454545453,9.472972972972968,9.492857142857144,9.531858407079644,9.578070175438596,9.619130434782607,9.662931034482757,9.71111111111111,9.754237288135592,9.796638655462182,9.832500000000001,9.855371900826446,9.873770491803278,9.873983739837398,9.862903225806452,9.84,9.813492063492061,9.775590551181098,9.73984375,10.666666666666666,128.0,0.0,0.0,0.0,0.0,0.0,0.0,0.0,0.0,0.0,0.0,0.0,0.0,0.0,0.0,0.0,11.0,67.0,154.0,261.0,374.0,478.0,560.0,609.0,624.0,624.0,624.0,624.0,624.0,624.0,624.0,624.0,624.0,624.0,624.0,624.0,624.0,624.0,624.0,624.0,633.0,654.0,677.0,701.0,722.0,732.0,733.0,733.0,733.0,733.0,733.0,733.0,733.0,733.0,733.0,733.0,733.0,733.0,733.0,733.0,733.0,733.0,733.0,733.0,741.0,788.0,861.0,950.0,1043.0,1127.0,1189.0,1223.0,1232.0,1232.0,1232.0,1232.0,1232.0,1232.0,1232.0,1232.0,1232.0,1232.0,1232.0,1232.0,1232.0,1232.0,1232.0,1232.0,1239.0,1302.0,1409.0,1545.0,1691.0,1830.0,1943.0,2017.0,2043.0,2043.0,2043.0,2043.0,2043.0,2043.0,2043.0,2043.0,2043.0,2043.0,2043.0,2043.0,2043.0,2043.0,2043.0,2043.0,2049.0,2105.0,2197.0,2311.0,2432.0,2545.0,2635.0,2691.0,2709.0,2709.0,2709.0,2709.0,2709.0,2709.0,2709.0,2709.0,2709.0,13,January 13,Macon
0.0077808557362575,1.2997605078810688,0.7744471616606333,1.707773670148366,1.707773670148366,0.5115809514553334,1.1231798047702368,4.33160101760361,4.33160101760361,0.5871420300997376,1.410819404805532,3.751446991156117,3.751446991156117,0.6279351377897807,1.4192681396861275,3.343831102061228,3.343831102061228,0.640188275843492,0.567492152943972,16.0,-0.1605723292606515,0.1605723292606515,178.63020833333337,4.2,3.7,3.466666666666667,3.05,2.9,2.933333333333333,3.0714285714285716,3.125,3.233333333333333,3.28,3.3454545454545457,3.400000000000001,3.5307692307692307,3.657142857142857,3.9133333333333336,4.2125,4.488235294117647,4.727777777777778,4.836842105263158,4.955,5.061904761904762,5.145454545454545,5.182608695652174,5.179166666666666,5.127999999999999,5.0307692307692315,4.922222222222222,4.817857142857142,4.737931034482758,4.7,4.729032258064516,4.775,4.836363636363636,4.920588235294117,5.005714285714285,5.074999999999999,5.124324324324325,5.186842105263158,5.287179487179487,5.410000000000001,5.54390243902439,5.688095238095237,5.804651162790697,5.929545454545456,6.028888888888889,6.11304347826087,6.180851063829787,6.214583333333333,6.2122448979591836,6.2059999999999995,6.201960784313725,6.2153846153846155,6.262264150943396,6.324074074074074,6.380000000000001,6.446428571428571,6.521052631578947,6.594827586206897,6.679661016949153,6.755,6.814754098360656,6.869354838709678,6.903174603174603,6.9265625,6.967692307692308,7.021212121212121,7.086567164179105,7.164705882352941,7.243478260869566,7.308571428571429,7.376056338028171,7.443055555555556,7.483561643835618,7.50810810810811,7.502666666666669,7.502631578947369,7.518181818181818,7.551282051282053,7.584810126582279,7.619999999999999,7.67530864197531,7.732926829268293,7.784337349397592,7.822619047619048,7.865882352941175,7.906976744186046,7.929885057471264,7.951136363636365,7.964044943820224,7.975555555555556,7.996703296703298,8.025,8.064516129032258,8.096808510638299,8.129473684210526,8.159374999999999,8.183505154639175,8.189795918367347,8.18787878787879,8.186,8.183168316831683,8.18235294117647,8.183495145631067,8.182692307692308,8.186666666666667,8.191509433962265,8.200000000000001,8.209259259259259,8.232110091743118,8.255454545454546,8.27927927927928,8.309821428571428,8.346017699115045,8.392982456140352,8.448695652173914,8.50344827586207,8.554700854700856,8.592372881355931,8.628571428571428,8.655,8.669421487603307,8.668032786885245,8.66178861788618,8.661290322580646,8.6664,8.67222222222222,8.68031496062992,8.69296875,41.5,498.0,0.0,0.0,0.0,0.0,0.0,0.0,0.0,0.0,0.0,0.0,0.0,0.0,0.0,0.0,0.0,12.0,38.0,67.0,94.0,116.0,127.0,128.0,128.0,128.0,128.0,128.0,128.0,128.0,128.0,128.0,128.0,128.0,128.0,128.0,128.0,128.0,128.0,128.0,128.0,139.0,195.0,282.0,389.0,502.0,606.0,688.0,737.0,752.0,752.0,752.0,752.0,752.0,752.0,752.0,752.0,752.0,752.0,752.0,752.0,752.0,752.0,752.0,752.0,761.0,782.0,805.0,829.0,850.0,860.0,861.0,861.0,861.0,861.0,861.0,861.0,861.0,861.0,861.0,861.0,861.0,861.0,861.0,861.0,861.0,861.0,861.0,861.0,869.0,916.0,989.0,1078.0,1171.0,1255.0,1317.0,1351.0,1360.0,1360.0,1360.0,1360.0,1360.0,1360.0,1360.0,1360.0,1360.0,1360.0,1360.0,1360.0,1360.0,1360.0,1360.0,1360.0,1367.0,1430.0,1537.0,1673.0,1819.0,1958.0,2071.0,2145.0,2171.0,2171.0,2171.0,2171.0,2171.0,2171.0,2171.0,2171.0,2171.0,14,January 14,Macon
0.0077808557362575,1.2997605078810688,0.7744471616606333,1.707773670148366,1.707773670148366,0.5115809514553334,1.1231798047702368,4.33160101760361,4.33160101760361,0.5871420300997376,1.410819404805532,3.751446991156117,3.751446991156117,0.6279351377897807,1.4192681396861275,3.343831102061228,3.343831102061228,0.640188275843492,0.567492152943972,11.55,0.04695586368518706,0.04695586368518706,222.79220779220782,4.6,4.6,4.466666666666667,4.15,4.08,4.283333333333334,4.457142857142857,4.65,4.722222222222223,4.69,4.5636363636363635,4.3916666666666675,4.184615384615385,4.085714285714286,4.066666666666666,4.0875,4.1117647058823525,4.099999999999999,4.063157894736841,4.075,4.09047619047619,4.1045454545454545,4.165217391304347,4.195833333333334,4.196000000000001,4.157692307692307,4.114814814814815,4.032142857142857,3.972413793103448,3.943333333333333,3.9419354838709673,3.928125,3.9333333333333336,3.926470588235294,3.9285714285714284,3.930555555555555,3.962162162162161,3.9973684210526317,4.087179487179488,4.202500000000001,4.317073170731708,4.423809523809524,4.479069767441859,4.54090909090909,4.6,4.6499999999999995,4.678723404255319,4.6875,4.671428571428572,4.63,4.580392156862745,4.53076923076923,4.492452830188679,4.475925925925926,4.496363636363637,4.526785714285714,4.566666666666666,4.620689655172415,4.676271186440679,4.723333333333334,4.759016393442623,4.803225806451614,4.871428571428573,4.9546875,5.046153846153846,5.1454545454545455,5.228358208955224,5.31764705882353,5.391304347826087,5.455714285714286,5.509859154929578,5.541666666666667,5.549315068493151,5.554054054054054,5.56,5.5776315789473685,5.618181818181818,5.6692307692307695,5.716455696202532,5.77125,5.832098765432099,5.892682926829269,5.96144578313253,6.023809523809524,6.075294117647059,6.12325581395349,6.15632183908046,6.181818181818182,6.2202247191011235,6.267777777777778,6.324175824175826,6.390217391304349,6.456989247311829,6.513829787234044,6.5726315789473695,6.6312500000000005,6.670103092783506,6.696938775510205,6.701010101010102,6.7090000000000005,6.72871287128713,6.761764705882354,6.795145631067962,6.829807692307692,6.88,6.932075471698114,6.979439252336449,7.016666666666668,7.057798165137616,7.097272727272728,7.122522522522523,7.146428571428571,7.163716814159292,7.1798245614035086,7.203478260869566,7.2327586206896575,7.270940170940172,7.3033898305084755,7.336134453781512,7.366666666666666,7.392561983471075,7.4040983606557385,7.408943089430895,7.413709677419356,7.4176,7.423015873015872,7.42992125984252,7.43515625,4.583333333333333,55.0,0.0,0.0,0.0,0.0,0.0,0.0,0.0,0.0,0.0,0.0,0.0,0.0,0.0,0.0,0.0,13.0,62.0,136.0,225.0,317.0,398.0,457.0,490.0,498.0,498.0,498.0,498.0,498.0,498.0,498.0,498.0,498.0,498.0,498.0,498.0,498.0,498.0,498.0,498.0,510.0,536.0,565.0,592.0,614.0,625.0,626.0,626.0,626.0,626.0,626.0,626.0,626.0,626.0,626.0,626.0,626.0,626.0,626.0,626.0,626.0,626.0,626.0,626.0,637.0,693.0,780.0,887.0,1000.0,1104.0,1186.0,1235.0,1250.0,1250.0,1250.0,1250.0,1250.0,1250.0,1250.0,1250.0,1250.0,1250.0,1250.0,1250.0,1250.0,1250.0,1250.0,1250.0,1259.0,1280.0,1303.0,1327.0,1348.0,1358.0,1359.0,1359.0,1359.0,1359.0,1359.0,1359.0,1359.0,1359.0,1359.0,1359.0,1359.0,1359.0,1359.0,1359.0,1359.0,1359.0,1359.0,1359.0,1367.0,1414.0,1487.0,1576.0,1669.0,1753.0,1815.0,1849.0,1858.0,1858.0,1858.0,1858.0,1858.0,1858.0,1858.0,1858.0,1858.0,15,January 15,Macon
0.0077808557362575,1.2997605078810688,0.7744471616606333,1.707773670148366,1.707773670148366,0.5115809514553334,1.1231798047702368,4.33160101760361,4.33160101760361,0.5871420300997376,1.410819404805532,3.751446991156117,3.751446991156117,0.6279351377897807,1.4192681396861275,3.343831102061228,3.343831102061228,0.640188275843492,0.567492152943972,14.15,-0.2553435266611757,0.2553435266611757,158.46289752650182,2.0,2.2,2.3333333333333335,2.4000000000000004,2.56,2.9333333333333336,3.2285714285714286,3.5,3.811111111111111,4.119999999999999,4.4,4.675,4.946153846153847,5.292857142857143,5.64,5.9125000000000005,6.147058823529412,6.294444444444445,6.4,6.49,6.5238095238095255,6.554545454545454,6.595652173913044,6.5625,6.484000000000001,6.411538461538462,6.32962962962963,6.2178571428571425,6.13448275862069,6.106666666666667,6.087096774193548,6.084375,6.0606060606060606,6.011764705882353,5.934285714285715,5.8388888888888895,5.727027027027027,5.6499999999999995,5.602564102564102,5.5725,5.546341463414635,5.507142857142857,5.4581395348837205,5.431818181818182,5.408888888888889,5.38695652173913,5.389361702127659,5.379166666666666,5.355102040816326,5.311999999999999,5.2666666666666675,5.199999999999999,5.145283018867924,5.107407407407408,5.085454545454546,5.057142857142858,5.040350877192982,5.017241379310345,5.0,4.983333333333333,4.9852459016393444,4.990322580645162,5.030158730158731,5.0875,5.1461538461538465,5.201515151515151,5.2253731343283585,5.254411764705883,5.282608695652175,5.305714285714286,5.315492957746479,5.3125,5.293150684931508,5.256756756756757,5.214666666666667,5.1723684210526315,5.137662337662338,5.117948717948718,5.124050632911392,5.1375,5.158024691358025,5.189024390243903,5.221686746987952,5.248809523809523,5.268235294117647,5.294186046511628,5.33793103448276,5.3931818181818185,5.455056179775283,5.523333333333333,5.580219780219781,5.642391304347828,5.693548387096776,5.738297872340427,5.775789473684211,5.796875,5.8,5.801020408163265,5.803030303030303,5.814,5.842574257425743,5.879411764705883,5.913592233009709,5.953846153846154,5.99904761904762,6.044339622641509,6.096261682242991,6.143518518518518,6.18256880733945,6.21909090909091,6.244144144144144,6.263392857142857,6.292920353982301,6.329824561403509,6.373913043478261,6.425862068965517,6.47863247863248,6.523728813559322,6.570588235294118,6.6175000000000015,6.648760330578512,6.670491803278689,6.673983739837399,6.6806451612903235,6.6968000000000005,6.723809523809524,6.751181102362205,6.7796875,62.083333333333336,745.0,0.0,0.0,0.0,0.0,0.0,0.0,0.0,0.0,0.0,0.0,0.0,0.0,0.0,0.0,0.0,14.0,27.0,39.0,50.0,53.0,54.0,55.0,55.0,55.0,55.0,55.0,55.0,55.0,55.0,55.0,55.0,55.0,55.0,55.0,55.0,55.0,55.0,55.0,55.0,68.0,117.0,191.0,280.0,372.0,453.0,512.0,545.0,553.0,553.0,553.0,553.0,553.0,553.0,553.0,553.0,553.0,553.0,553.0,553.0,553.0,553.0,553.0,553.0,565.0,591.0,620.0,647.0,669.0,680.0,681.0,681.0,681.0,681.0,681.0,681.0,681.0,681.0,681.0,681.0,681.0,681.0,681.0,681.0,681.0,681.0,681.0,681.0,692.0,748.0,835.0,942.0,1055.0,1159.0,1241.0,1290.0,1305.0,1305.0,1305.0,1305.0,1305.0,1305.0,1305.0,1305.0,1305.0,1305.0,1305.0,1305.0,1305.0,1305.0,1305.0,1305.0,1314.0,1335.0,1358.0,1382.0,1403.0,1413.0,1414.0,1414.0,1414.0,1414.0,1414.0,1414.0,1414.0,1414.0,1414.0,1414.0,1414.0,16,January 16,Macon
0.0077808557362575,1.2997605078810688,0.7744471616606333,1.707773670148366,1.707773670148366,0.5115809514553334,1.1231798047702368,4.33160101760361,4.33160101760361,0.5871420300997376,1.410819404805532,3.751446991156117,3.751446991156117,0.6279351377897807,1.4192681396861275,3.343831102061228,3.343831102061228,0.640188275843492,0.567492152943972,12.308333333333335,-0.1423315397498485,0.1423315397498485,182.51184834123225,4.7,4.550000000000001,4.6000000000000005,4.425,4.36,4.249999999999999,4.342857142857143,4.637500000000001,4.955555555555557,5.220000000000001,5.372727272727273,5.458333333333333,5.523076923076924,5.592857142857144,5.686666666666667,5.8125,5.952941176470588,6.050000000000001,6.08421052631579,6.090000000000001,6.033333333333334,5.913636363636363,5.791304347826086,5.654166666666666,5.507999999999999,5.388461538461538,5.285185185185185,5.189285714285714,5.120689655172414,5.109999999999999,5.106451612903225,5.115625,5.1515151515151505,5.202941176470588,5.26,5.3277777777777775,5.405405405405404,5.5210526315789465,5.648717948717947,5.7575,5.8585365853658535,5.928571428571428,5.9837209302325585,6.034090909090909,6.059999999999999,6.084782608695652,6.114893617021275,6.108333333333334,6.077551020408164,6.047999999999999,6.011764705882352,5.957692307692307,5.916981132075471,5.905555555555554,5.898181818181817,5.8999999999999995,5.889473684210526,5.863793103448275,5.820338983050847,5.764999999999999,5.698360655737704,5.651612903225805,5.622222222222221,5.603125,5.586153846153847,5.5606060606060606,5.528358208955224,5.5102941176470575,5.494202898550725,5.478571428571429,5.478873239436619,5.470833333333334,5.453424657534246,5.422972972972972,5.390666666666666,5.3434210526315775,5.303896103896103,5.275641025641025,5.2582278481012645,5.23625,5.222222222222222,5.203658536585365,5.189156626506024,5.174999999999999,5.174117647058823,5.1755813953488365,5.202298850574712,5.242045454545455,5.28314606741573,5.322222222222222,5.338461538461538,5.358695652173912,5.3784946236559135,5.394680851063829,5.401052631578947,5.397916666666667,5.382474226804125,5.354081632653061,5.321212121212122,5.288,5.260396039603961,5.244117647058825,5.247572815533982,5.25673076923077,5.271428571428572,5.29433962264151,5.318691588785047,5.3388888888888895,5.353211009174313,5.372727272727274,5.406306306306307,5.449107142857144,5.497345132743363,5.5508771929824565,5.595652173913044,5.6448275862068975,5.685470085470087,5.721186440677967,5.751260504201682,5.7683333333333335,5.77107438016529,5.772131147540984,5.7739837398374,5.783064516129033,5.806400000000001,5.836507936507938,5.86456692913386,5.897656250000001,42.25,507.0,0.0,0.0,0.0,0.0,0.0,0.0,0.0,0.0,0.0,0.0,0.0,0.0,0.0,0.0,0.0,16.0,81.0,182.0,307.0,440.0,564.0,663.0,724.0,745.0,745.0,745.0,745.0,745.0,745.0,745.0,745.0,745.0,745.0,745.0,745.0,745.0,745.0,745.0,745.0,759.0,772.0,784.0,795.0,798.0,799.0,800.0,800.0,800.0,800.0,800.0,800.0,800.0,800.0,800.0,800.0,800.0,800.0,800.0,800.0,800.0,800.0,800.0,800.0,813.0,862.0,936.0,1025.0,1117.0,1198.0,1257.0,1290.0,1298.0,1298.0,1298.0,1298.0,1298.0,1298.0,1298.0,1298.0,1298.0,1298.0,1298.0,1298.0,1298.0,1298.0,1298.0,1298.0,1310.0,1336.0,1365.0,1392.0,1414.0,1425.0,1426.0,1426.0,1426.0,1426.0,1426.0,1426.0,1426.0,1426.0,1426.0,1426.0,1426.0,1426.0,1426.0,1426.0,1426.0,1426.0,1426.0,1426.0,1437.0,1493.0,1580.0,1687.0,1800.0,1904.0,1986.0,2035.0,2050.0,2050.0,2050.0,2050.0,2050.0,2050.0,2050.0,2050.0,2050.0,17,January 17,Macon
0.0077808557362575,1.2997605078810688,0.7744471616606333,1.707773670148366,1.707773670148366,0.5115809514553334,1.1231798047702368,4.33160101760361,4.33160101760361,0.5871420300997376,1.410819404805532,3.751446991156117,3.751446991156117,0.6279351377897807,1.4192681396861275,3.343831102061228,3.343831102061228,0.640188275843492,0.567492152943972,14.041666666666668,-0.08611476763124457,0.08611476763124457,194.47477744807117,5.1,4.9,5.333333333333333,5.6,5.76,5.866666666666667,5.8999999999999995,5.987500000000001,6.1000000000000005,6.24,6.354545454545455,6.3999999999999995,6.56923076923077,6.757142857142858,6.9333333333333345,7.06875,7.205882352941177,7.2666666666666675,7.2789473684210515,7.269999999999999,7.2523809523809515,7.204545454545454,7.152173913043477,7.045833333333333,6.951999999999999,6.853846153846153,6.774074074074073,6.671428571428571,6.5827586206896544,6.4866666666666655,6.435483870967742,6.4437500000000005,6.475757575757576,6.508823529411764,6.519999999999999,6.516666666666667,6.51081081081081,6.510526315789474,6.523076923076922,6.552499999999999,6.59268292682927,6.619047619047619,6.62093023255814,6.611363636363635,6.573333333333332,6.504347826086955,6.43191489361702,6.3500000000000005,6.26122448979592,6.184000000000001,6.113725490196079,6.046153846153846,5.992452830188679,5.97037037037037,5.952727272727272,5.942857142857143,5.949122807017544,5.9655172413793105,5.986440677966102,6.015,6.050819672131146,6.111290322580644,6.18095238095238,6.240625,6.296923076923077,6.334848484848484,6.3641791044776115,6.391176470588235,6.402898550724637,6.414285714285714,6.429577464788732,6.420833333333333,6.395890410958905,6.371621621621623,6.342666666666667,6.3013157894736835,6.268831168831169,6.256410256410256,6.246835443037975,6.24375,6.2320987654321,6.209756097560976,6.174698795180723,6.130952380952381,6.078823529411764,6.040697674418604,6.014942528735633,5.9965909090909095,5.979775280898878,5.956666666666667,5.92857142857143,5.910869565217394,5.89462365591398,5.87872340425532,5.874736842105263,5.864583333333333,5.847422680412372,5.820408163265307,5.791919191919194,5.752000000000001,5.717821782178219,5.692156862745099,5.674757281553399,5.653846153846155,5.639047619047619,5.620754716981133,5.605607476635515,5.590740740740743,5.586238532110093,5.583636363636364,5.6009009009009025,5.628571428571428,5.657522123893806,5.685087719298246,5.694782608695654,5.707758620689656,5.7205128205128215,5.730508474576272,5.732773109243698,5.727500000000001,5.712396694214878,5.68688524590164,5.657723577235774,5.6282258064516135,5.603200000000002,5.587301587301588,5.587401574803151,5.592187500000001,22.583333333333332,271.0,0.0,0.0,0.0,0.0,0.0,0.0,0.0,0.0,0.0,0.0,0.0,0.0,0.0,0.0,0.0,17.0,69.0,143.0,231.0,323.0,406.0,468.0,500.0,507.0,507.0,507.0,507.0,507.0,507.0,507.0,507.0,507.0,507.0,507.0,507.0,507.0,507.0,507.0,507.0,523.0,588.0,689.0,814.0,947.0,1071.0,1170.0,1231.0,1252.0,1252.0,1252.0,1252.0,1252.0,1252.0,1252.0,1252.0,1252.0,1252.0,1252.0,1252.0,1252.0,1252.0,1252.0,1252.0,1266.0,1279.0,1291.0,1302.0,1305.0,1306.0,1307.0,1307.0,1307.0,1307.0,1307.0,1307.0,1307.0,1307.0,1307.0,1307.0,1307.0,1307.0,1307.0,1307.0,1307.0,1307.0,1307.0,1307.0,1320.0,1369.0,1443.0,1532.0,1624.0,1705.0,1764.0,1797.0,1805.0,1805.0,1805.0,1805.0,1805.0,1805.0,1805.0,1805.0,1805.0,1805.0,1805.0,1805.0,1805.0,1805.0,1805.0,1805.0,1817.0,1843.0,1872.0,1899.0,1921.0,1932.0,1933.0,1933.0,1933.0,1933.0,1933.0,1933.0,1933.0,1933.0,1933.0,1933.0,1933.0,18,January 18,Macon
0.0077808557362575,1.2997605078810688,0.7744471616606333,1.707773670148366,1.707773670148366,0.5115809514553334,1.1231798047702368,4.33160101760361,4.33160101760361,0.5871420300997376,1.410819404805532,3.751446991156117,3.751446991156117,0.6279351377897807,1.4192681396861275,3.343831102061228,3.343831102061228,0.640188275843492,0.567492152943972,10.366666666666664,-0.2723720474820491,0.2723720474820491,154.83922829581996,7.5,6.95,6.466666666666666,6.325,6.2,5.983333333333333,5.8,5.675000000000001,5.6000000000000005,5.55,5.454545454545454,5.241666666666666,5.138461538461538,5.107142857142857,5.2,5.30625,5.423529411764705,5.45,5.5,5.580000000000001,5.623809523809524,5.631818181818183,5.6000000000000005,5.6000000000000005,5.58,5.546153846153847,5.57037037037037,5.6000000000000005,5.627586206896551,5.653333333333333,5.66774193548387,5.696875,5.736363636363636,5.788235294117647,5.837142857142856,5.866666666666667,5.940540540540541,6.026315789473685,6.112820512820512,6.1875,6.265853658536585,6.314285714285712,6.3418604651162775,6.3590909090909085,6.37111111111111,6.367391304347825,6.359574468085103,6.322916666666667,6.289795918367346,6.251999999999999,6.22156862745098,6.176923076923075,6.137735849056602,6.092592592592592,6.0709090909090895,6.082142857142857,6.107017543859649,6.132758620689655,6.145762711864406,6.15,6.152459016393441,6.158064516129031,6.17142857142857,6.1953125,6.226153846153847,6.248484848484848,6.255223880597015,6.254411764705882,6.234782608695652,6.194285714285714,6.150704225352111,6.1,6.043835616438357,5.994594594594594,5.949333333333334,5.905263157894736,5.87012987012987,5.856410256410255,5.845569620253163,5.840000000000001,5.845679012345679,5.8585365853658535,5.874698795180723,5.8964285714285705,5.923529411764705,5.96860465116279,6.020689655172412,6.0659090909090905,6.108988764044945,6.1388888888888875,6.162637362637363,6.184782608695652,6.195698924731183,6.206382978723404,6.220000000000001,6.215625,6.198969072164948,6.18265306122449,6.1626262626262625,6.132999999999999,6.10990099009901,6.101960784313725,6.09611650485437,6.095192307692309,6.087619047619048,6.071698113207548,6.045794392523364,6.0129629629629635,5.973394495412844,5.944545454545454,5.925225225225225,5.911607142857143,5.899115044247789,5.881578947368421,5.859999999999999,5.846551724137932,5.834188034188035,5.822033898305085,5.819327731092437,5.811666666666667,5.798347107438016,5.77704918032787,5.7544715447154475,5.72258064516129,5.695200000000001,5.674603174603176,5.660629921259844,5.643750000000001,58.333333333333336,700.0,0.0,0.0,0.0,0.0,0.0,0.0,0.0,0.0,0.0,0.0,0.0,0.0,0.0,0.0,0.0,18.0,55.0,103.0,156.0,206.0,246.0,268.0,271.0,271.0,271.0,271.0,271.0,271.0,271.0,271.0,271.0,271.0,271.0,271.0,271.0,271.0,271.0,271.0,271.0,288.0,340.0,414.0,502.0,594.0,677.0,739.0,771.0,778.0,778.0,778.0,778.0,778.0,778.0,778.0,778.0,778.0,778.0,778.0,778.0,778.0,778.0,778.0,778.0,794.0,859.0,960.0,1085.0,1218.0,1342.0,1441.0,1502.0,1523.0,1523.0,1523.0,1523.0,1523.0,1523.0,1523.0,1523.0,1523.0,1523.0,1523.0,1523.0,1523.0,1523.0,1523.0,1523.0,1537.0,1550.0,1562.0,1573.0,1576.0,1577.0,1578.0,1578.0,1578.0,1578.0,1578.0,1578.0,1578.0,1578.0,1578.0,1578.0,1578.0,1578.0,1578.0,1578.0,1578.0,1578.0,1578.0,1578.0,1591.0,1640.0,1714.0,1803.0,1895.0,1976.0,2035.0,2068.0,2076.0,2076.0,2076.0,2076.0,2076.0,2076.0,2076.0,2076.0,2076.0,19,January 19,Macon
0.0077808557362575,1.2997605078810688,0.7744471616606333,1.707773670148366,1.707773670148366,0.5115809514553334,1.1231798047702368,4.33160101760361,4.33160101760361,0.5871420300997376,1.410819404805532,3.751446991156117,3.751446991156117,0.6279351377897807,1.4192681396861275,3.343831102061228,3.343831102061228,0.640188275843492,0.567492152943972,7.883333333333333,-0.25532316520688614,0.25532316520688614,158.46723044397464,6.8,6.949999999999999,7.2,7.45,7.719999999999999,8.016666666666667,8.314285714285715,8.5875,8.822222222222221,8.98,9.063636363636363,9.083333333333334,9.023076923076923,9.0,9.06,9.20625,9.323529411764707,9.366666666666667,9.410526315789474,9.434999999999999,9.423809523809524,9.41818181818182,9.386956521739132,9.358333333333333,9.284,9.173076923076923,9.037037037037036,8.924999999999999,8.813793103448276,8.683333333333334,8.55483870967742,8.4375,8.333333333333336,8.238235294117649,8.131428571428572,7.9861111111111125,7.8756756756756765,7.792105263157896,7.75897435897436,7.7375,7.726829268292684,7.683333333333333,7.653488372093023,7.640909090909091,7.615555555555557,7.576086956521739,7.519148936170215,7.479166666666667,7.430612244897961,7.376000000000001,7.35294117647059,7.334615384615385,7.316981132075473,7.300000000000001,7.278181818181819,7.266071428571428,7.261403508771931,7.265517241379311,7.269491525423728,7.263333333333334,7.285245901639344,7.316129032258065,7.349206349206349,7.3765625,7.407692307692307,7.421212121212122,7.4223880597014915,7.417647058823529,7.410144927536232,7.392857142857143,7.373239436619717,7.334722222222222,7.298630136986301,7.25945945945946,7.225333333333333,7.181578947368422,7.141558441558443,7.097435897435898,7.069620253164558,7.065,7.070370370370371,7.076829268292684,7.074698795180724,7.066666666666668,7.057647058823529,7.051162790697675,7.050574712643679,7.057954545454544,7.070786516853932,7.0777777777777775,7.073626373626375,7.0641304347826095,7.0408602150537645,7.002127659574469,6.96105263157895,6.914583333333333,6.8639175257731955,6.818367346938775,6.775757575757576,6.734,6.6990099009901,6.6803921568627445,6.664077669902913,6.651923076923077,6.648571428571428,6.650943396226415,6.6560747663551405,6.66574074074074,6.679816513761468,6.708181818181818,6.742342342342343,6.771428571428571,6.799115044247787,6.816666666666666,6.829565217391304,6.841379310344828,6.844444444444445,6.847457627118645,6.852941176470589,6.844166666666668,6.825619834710745,6.807377049180329,6.78617886178862,6.75725806451613,6.733600000000001,6.722222222222223,6.712598425196852,6.707031250000001,50.416666666666664,605.0,0.0,0.0,0.0,0.0,0.0,0.0,0.0,0.0,0.0,0.0,0.0,0.0,0.0,0.0,0.0,20.0,84.0,182.0,301.0,425.0,538.0,627.0,682.0,700.0,700.0,700.0,700.0,700.0,700.0,700.0,700.0,700.0,700.0,700.0,700.0,700.0,700.0,700.0,700.0,718.0,755.0,803.0,856.0,906.0,946.0,968.0,971.0,971.0,971.0,971.0,971.0,971.0,971.0,971.0,971.0,971.0,971.0,971.0,971.0,971.0,971.0,971.0,971.0,988.0,1040.0,1114.0,1202.0,1294.0,1377.0,1439.0,1471.0,1478.0,1478.0,1478.0,1478.0,1478.0,1478.0,1478.0,1478.0,1478.0,1478.0,1478.0,1478.0,1478.0,1478.0,1478.0,1478.0,1494.0,1559.0,1660.0,1785.0,1918.0,2042.0,2141.0,2202.0,2223.0,2223.0,2223.0,2223.0,2223.0,2223.0,2223.0,2223.0,2223.0,2223.0,2223.0,2223.0,2223.0,2223.0,2223.0,2223.0,2237.0,2250.0,2262.0,2273.0,2276.0,2277.0,2278.0,2278.0,2278.0,2278.0,2278.0,2278.0,2278.0,2278.0,2278.0,2278.0,2278.0,20,January 20,Macon
0.0077808557362575,1.2997605078810688,0.7744471616606333,1.707773670148366,1.707773670148366,0.5115809514553334,1.1231798047702368,4.33160101760361,4.33160101760361,0.5871420300997376,1.410819404805532,3.751446991156117,3.751446991156117,0.6279351377897807,1.4192681396861275,3.343831102061228,3.343831102061228,0.640188275843492,0.567492152943972,7.1999999999999975,-0.4624147173489277,0.4624147173489277,114.3981481481482,8.8,9.15,9.533333333333333,9.850000000000001,10.24,10.6,10.799999999999999,11.012500000000001,11.144444444444444,11.21,11.236363636363636,11.375,11.569230769230769,11.77857142857143,11.973333333333336,12.14375,12.258823529411766,12.355555555555556,12.421052631578949,12.38,12.271428571428574,12.104545454545455,11.92608695652174,11.745833333333332,11.548,11.376923076923077,11.24074074074074,11.132142857142858,11.051724137931034,11.0,10.970967741935485,10.956249999999999,10.94848484848485,10.93235294117647,10.902857142857144,10.858333333333334,10.789189189189191,10.73421052631579,10.712820512820514,10.73,10.741463414634147,10.726190476190478,10.713953488372095,10.695454545454547,10.662222222222224,10.632608695652175,10.591489361702127,10.552083333333334,10.489795918367347,10.408,10.311764705882352,10.226923076923075,10.141509433962264,10.044444444444444,9.947272727272725,9.855357142857143,9.770175438596489,9.689655172413794,9.601694915254235,9.489999999999998,9.398360655737703,9.322580645161288,9.277777777777775,9.240625,9.21076923076923,9.160606060606058,9.119402985074625,9.08970588235294,9.052173913043477,9.005714285714282,8.94788732394366,8.90138888888889,8.849315068493151,8.793243243243245,8.758666666666667,8.727631578947367,8.697402597402595,8.667948717948715,8.635443037974682,8.61,8.590123456790122,8.576829268292682,8.563855421686746,8.544047619047618,8.54470588235294,8.552325581395346,8.562068965517238,8.568181818181818,8.57752808988764,8.574444444444444,8.56263736263736,8.54673913043478,8.529032258064515,8.504255319148934,8.477894736842103,8.4375,8.398969072164947,8.358163265306121,8.32121212121212,8.276999999999997,8.235643564356433,8.191176470588232,8.159223300970872,8.145192307692309,8.139047619047618,8.133962264150943,8.122429906542056,8.106481481481481,8.089908256880733,8.075454545454544,8.065765765765764,8.0625,8.063716814159292,8.060526315789472,8.048695652173912,8.032758620689654,8.005982905982904,7.966949152542371,7.926050420168066,7.880833333333333,7.832231404958678,7.787704918032786,7.7455284552845525,7.704032258064516,7.667999999999998,7.645238095238094,7.624409448818897,7.60703125,64.33333333333333,772.0,0.0,0.0,0.0,0.0,0.0,0.0,0.0,0.0,0.0,0.0,0.0,0.0,0.0,0.0,0.0,21.0,78.0,165.0,270.0,379.0,477.0,551.0,593.0,605.0,605.0,605.0,605.0,605.0,605.0,605.0,605.0,605.0,605.0,605.0,605.0,605.0,605.0,605.0,605.0,625.0,689.0,787.0,906.0,1030.0,1143.0,1232.0,1287.0,1305.0,1305.0,1305.0,1305.0,1305.0,1305.0,1305.0,1305.0,1305.0,1305.0,1305.0,1305.0,1305.0,1305.0,1305.0,1305.0,1323.0,1360.0,1408.0,1461.0,1511.0,1551.0,1573.0,1576.0,1576.0,1576.0,1576.0,1576.0,1576.0,1576.0,1576.0,1576.0,1576.0,1576.0,1576.0,1576.0,1576.0,1576.0,1576.0,1576.0,1593.0,1645.0,1719.0,1807.0,1899.0,1982.0,2044.0,2076.0,2083.0,2083.0,2083.0,2083.0,2083.0,2083.0,2083.0,2083.0,2083.0,2083.0,2083.0,2083.0,2083.0,2083.0,2083.0,2083.0,2099.0,2164.0,2265.0,2390.0,2523.0,2647.0,2746.0,2807.0,2828.0,2828.0,2828.0,2828.0,2828.0,2828.0,2828.0,2828.0,2828.0,21,January 21,Macon
0.0077808557362575,1.2997605078810688,0.7744471616606333,1.707773670148366,1.707773670148366,0.5115809514553334,1.1231798047702368,4.33160101760361,4.33160101760361,0.5871420300997376,1.410819404805532,3.751446991156117,3.751446991156117,0.6279351377897807,1.4192681396861275,3.343831102061228,3.343831102061228,0.640188275843492,0.567492152943972,8.625,-0.1346118920489629,0.1346118920489629,184.1545893719807,7.6,7.95,8.433333333333335,8.35,8.260000000000002,8.3,8.314285714285713,8.399999999999999,8.61111111111111,8.77,8.927272727272728,9.091666666666665,9.307692307692307,9.557142857142859,9.753333333333334,9.98125,10.252941176470587,10.5,10.74736842105263,10.92,11.038095238095238,11.063636363636364,11.034782608695652,10.945833333333333,10.86,10.80769230769231,10.78888888888889,10.789285714285715,10.824137931034484,10.876666666666667,10.912903225806453,10.962499999999999,11.0,11.023529411764706,11.037142857142857,11.08888888888889,11.164864864864866,11.25263157894737,11.341025641025642,11.425,11.490243902439024,11.55,11.597674418604653,11.597727272727273,11.564444444444444,11.5,11.425531914893616,11.345833333333333,11.253061224489796,11.17,11.101960784313723,11.046153846153846,11.003773584905659,10.975925925925926,10.959999999999999,10.951785714285714,10.947368421052632,10.937931034482759,10.920338983050847,10.893333333333334,10.850819672131145,10.816129032258063,10.8015873015873,10.810937500000001,10.816923076923077,10.806060606060607,10.797014925373134,10.783823529411766,10.76086956521739,10.74,10.711267605633802,10.683333333333334,10.639726027397261,10.582432432432432,10.514666666666667,10.453947368421053,10.392207792207794,10.32179487179487,10.250632911392405,10.182500000000001,10.118518518518519,10.057317073170733,9.990361445783131,9.905952380952382,9.83529411764706,9.775581395348837,9.737931034482758,9.705681818181818,9.678651685393259,9.636666666666667,9.6010989010989,9.573913043478262,9.540860215053764,9.501063829787235,9.452631578947367,9.4125,9.368041237113404,9.320408163265306,9.28888888888889,9.26,9.231683168316831,9.20392156862745,9.17378640776699,9.149038461538462,9.12857142857143,9.11320754716981,9.098130841121495,9.077777777777778,9.073394495412844,9.074545454545454,9.077477477477478,9.077678571428573,9.080530973451326,9.073684210526315,9.059999999999999,9.04310344827586,9.024786324786323,9.000847457627119,8.97563025210084,8.939166666666667,8.904132231404958,8.867213114754097,8.833333333333332,8.793548387096774,8.755999999999998,8.715873015873017,8.685826771653545,8.670312500000001,31.75,381.0,0.0,0.0,0.0,0.0,0.0,0.0,0.0,0.0,0.0,0.0,0.0,0.0,0.0,0.0,0.0,23.0,93.0,198.0,326.0,462.0,588.0,688.0,750.0,772.0,772.0,772.0,772.0,772.0,772.0,772.0,772.0,772.0,772.0,772.0,772.0,772.0,772.0,772.0,772.0,793.0,850.0,937.0,1042.0,1151.0,1249.0,1323.0,1365.0,1377.0,1377.0,1377.0,1377.0,1377.0,1377.0,1377.0,1377.0,1377.0,1377.0,1377.0,1377.0,1377.0,1377.0,1377.0,1377.0,1397.0,1461.0,1559.0,1678.0,1802.0,1915.0,2004.0,2059.0,2077.0,2077.0,2077.0,2077.0,2077.0,2077.0,2077.0,2077.0,2077.0,2077.0,2077.0,2077.0,2077.0,2077.0,2077.0,2077.0,2095.0,2132.0,2180.0,2233.0,2283.0,2323.0,2345.0,2348.0,2348.0,2348.0,2348.0,2348.0,2348.0,2348.0,2348.0,2348.0,2348.0,2348.0,2348.0,2348.0,2348.0,2348.0,2348.0,2348.0,2365.0,2417.0,2491.0,2579.0,2671.0,2754.0,2816.0,2848.0,2855.0,2855.0,2855.0,2855.0,2855.0,2855.0,2855.0,2855.0,2855.0,22,January 22,Macon
0.0077808557362575,1.2997605078810688,0.7744471616606333,1.707773670148366,1.707773670148366,0.5115809514553334,1.1231798047702368,4.33160101760361,4.33160101760361,0.5871420300997376,1.410819404805532,3.751446991156117,3.751446991156117,0.6279351377897807,1.4192681396861275,3.343831102061228,3.343831102061228,0.640188275843492,0.567492152943972,8.600000000000001,-0.13182301684443684,0.13182301684443684,184.74806201550385,9.4,9.100000000000001,8.733333333333334,8.525,8.18,8.049999999999999,7.97142857142857,7.9375,7.977777777777778,8.11,8.4,8.625000000000002,8.884615384615383,9.19285714285714,9.513333333333334,9.81875,10.058823529411766,10.194444444444445,10.257894736842106,10.275000000000002,10.23809523809524,10.16818181818182,10.091304347826089,10.0,9.904,9.842307692307692,9.825925925925926,9.764285714285714,9.700000000000001,9.66,9.619354838709677,9.600000000000001,9.62121212121212,9.638235294117647,9.662857142857142,9.697222222222221,9.756756756756754,9.836842105263157,9.905128205128204,9.992499999999998,10.104878048780487,10.214285714285714,10.330232558139535,10.418181818181816,10.484444444444444,10.50869565217391,10.506382978723403,10.472916666666666,10.438775510204081,10.42,10.417647058823526,10.424999999999999,10.450943396226412,10.487037037037034,10.514545454545452,10.549999999999999,10.578947368421051,10.599999999999998,10.615254237288132,10.65333333333333,10.706557377049178,10.767741935483867,10.830158730158727,10.890625,10.94,10.986363636363635,11.025373134328357,11.033823529411764,11.020289855072463,10.985714285714284,10.943661971830984,10.897222222222222,10.841095890410958,10.790540540540539,10.749333333333333,10.71578947368421,10.690909090909088,10.675641025641024,10.668354430379745,10.66625,10.666666666666666,10.663414634146342,10.654216867469879,10.638095238095238,10.610588235294117,10.588372093023253,10.580459770114942,10.58977272727273,10.596629213483146,10.591111111111111,10.586813186813187,10.579347826086956,10.564516129032258,10.551063829787232,10.53157894736842,10.512500000000001,10.481443298969072,10.439795918367347,10.389898989898992,10.345000000000002,10.2990099009901,10.246078431372547,10.192233009708737,10.140384615384615,10.091428571428573,10.04433962264151,9.992523364485981,9.926851851851852,9.871559633027523,9.824545454545458,9.794594594594598,9.76875,9.746902654867258,9.713157894736842,9.684347826086958,9.662068965517243,9.635042735042736,9.60254237288136,9.563025210084035,9.530000000000001,9.493388429752068,9.45409836065574,9.427642276422766,9.403225806451614,9.3792,9.355555555555558,9.32992125984252,9.30859375,30.833333333333332,370.0,0.0,0.0,0.0,0.0,0.0,0.0,0.0,0.0,0.0,0.0,0.0,0.0,0.0,0.0,0.0,24.0,68.0,128.0,197.0,267.0,327.0,366.0,381.0,381.0,381.0,381.0,381.0,381.0,381.0,381.0,381.0,381.0,381.0,381.0,381.0,381.0,381.0,381.0,381.0,404.0,474.0,579.0,707.0,843.0,969.0,1069.0,1131.0,1153.0,1153.0,1153.0,1153.0,1153.0,1153.0,1153.0,1153.0,1153.0,1153.0,1153.0,1153.0,1153.0,1153.0,1153.0,1153.0,1174.0,1231.0,1318.0,1423.0,1532.0,1630.0,1704.0,1746.0,1758.0,1758.0,1758.0,1758.0,1758.0,1758.0,1758.0,1758.0,1758.0,1758.0,1758.0,1758.0,1758.0,1758.0,1758.0,1758.0,1778.0,1842.0,1940.0,2059.0,2183.0,2296.0,2385.0,2440.0,2458.0,2458.0,2458.0,2458.0,2458.0,2458.0,2458.0,2458.0,2458.0,2458.0,2458.0,2458.0,2458.0,2458.0,2458.0,2458.0,2476.0,2513.0,2561.0,2614.0,2664.0,2704.0,2726.0,2729.0,2729.0,2729.0,2729.0,2729.0,2729.0,2729.0,2729.0,2729.0,2729.0,23,January 23,Macon
0.0077808557362575,1.2997605078810688,0.7744471616606333,1.707773670148366,1.707773670148366,0.5115809514553334,1.1231798047702368,4.33160101760361,4.33160101760361,0.5871420300997376,1.410819404805532,3.751446991156117,3.751446991156117,0.6279351377897807,1.4192681396861275,3.343831102061228,3.343831102061228,0.640188275843492,0.567492152943972,9.108333333333333,-0.41906458736044133,0.41906458736044133,123.62305580969809,6.8,6.949999999999999,6.533333333333334,5.95,5.380000000000001,4.883333333333334,4.671428571428571,4.699999999999999,4.766666666666667,4.9799999999999995,5.309090909090909,5.675000000000001,6.0,6.271428571428571,6.566666666666666,6.93125,7.247058823529412,7.572222222222223,7.836842105263158,8.065,8.247619047619047,8.377272727272727,8.47391304347826,8.5375,8.572000000000001,8.580769230769231,8.559259259259258,8.535714285714285,8.475862068965515,8.44,8.40967741935484,8.387500000000001,8.384848484848487,8.411764705882355,8.494285714285716,8.566666666666668,8.65945945945946,8.778947368421052,8.912820512820511,9.05,9.16829268292683,9.247619047619049,9.297674418604652,9.327272727272728,9.331111111111111,9.317391304347828,9.297872340425531,9.26875,9.234693877551022,9.216000000000001,9.219607843137256,9.198076923076924,9.173584905660379,9.161111111111111,9.147272727272727,9.144642857142857,9.164912280701754,9.182758620689656,9.205084745762711,9.233333333333333,9.27704918032787,9.333870967741936,9.384126984126985,9.446874999999999,9.526153846153845,9.604545454545454,9.688059701492538,9.754411764705884,9.807246376811595,9.832857142857144,9.840845070422535,9.827777777777778,9.813698630136985,9.809459459459461,9.815999999999999,9.828947368421055,9.854545454545455,9.88717948717949,9.913924050632913,9.946250000000001,9.974074074074073,9.996341463414634,10.0144578313253,10.048809523809524,10.094117647058825,10.145348837209303,10.197701149425288,10.248863636363637,10.292134831460674,10.333333333333334,10.36923076923077,10.382608695652175,10.37956989247312,10.360638297872343,10.335789473684212,10.307291666666666,10.271134020618556,10.238775510204082,10.213131313131314,10.193000000000001,10.17920792079208,10.172549019607844,10.171844660194173,10.175,10.180000000000001,10.182075471698113,10.179439252336447,10.171296296296294,10.154128440366971,10.14090909090909,10.13873873873874,10.150000000000002,10.15929203539823,10.15877192982456,10.159130434782607,10.156896551724138,10.148717948717948,10.141525423728813,10.129411764705884,10.1175,10.095867768595042,10.0655737704918,10.028455284552845,9.99516129032258,9.960799999999999,9.920634920634921,9.879527559055118,9.83984375,82.33333333333333,988.0,0.0,0.0,0.0,0.0,0.0,0.0,0.0,0.0,0.0,0.0,0.0,0.0,0.0,0.0,0.0,24.0,68.0,129.0,197.0,264.0,320.0,356.0,370.0,370.0,370.0,370.0,370.0,370.0,370.0,370.0,370.0,370.0,370.0,370.0,370.0,370.0,370.0,370.0,370.0,394.0,438.0,498.0,567.0,637.0,697.0,736.0,751.0,751.0,751.0,751.0,751.0,751.0,751.0,751.0,751.0,751.0,751.0,751.0,751.0,751.0,751.0,751.0,751.0,774.0,844.0,949.0,1077.0,1213.0,1339.0,1439.0,1501.0,1523.0,1523.0,1523.0,1523.0,1523.0,1523.0,1523.0,1523.0,1523.0,1523.0,1523.0,1523.0,1523.0,1523.0,1523.0,1523.0,1544.0,1601.0,1688.0,1793.0,1902.0,2000.0,2074.0,2116.0,2128.0,2128.0,2128.0,2128.0,2128.0,2128.0,2128.0,2128.0,2128.0,2128.0,2128.0,2128.0,2128.0,2128.0,2128.0,2128.0,2148.0,2212.0,2310.0,2429.0,2553.0,2666.0,2755.0,2810.0,2828.0,2828.0,2828.0,2828.0,2828.0,2828.0,2828.0,2828.0,2828.0,24,January 24,Macon
0.0077808557362575,1.2997605078810688,0.7744471616606333,1.707773670148366,1.707773670148366,0.5115809514553334,1.1231798047702368,4.33160101760361,4.33160101760361,0.5871420300997376,1.410819404805532,3.751446991156117,3.751446991156117,0.6279351377897807,1.4192681396861275,3.343831102061228,3.343831102061228,0.640188275843492,0.567492152943972,10.658333333333333,-0.24929603132146239,0.24929603132146239,159.74980453479282,6.7,5.85,5.5,5.5,5.9399999999999995,6.3500000000000005,6.728571428571429,6.987500000000001,7.1000000000000005,7.32,7.472727272727273,7.741666666666667,8.0,8.242857142857144,8.493333333333334,8.76875,8.976470588235294,9.144444444444444,9.263157894736842,9.365,9.457142857142856,9.468181818181819,9.417391304347825,9.316666666666666,9.216,9.134615384615385,9.007407407407406,8.835714285714285,8.637931034482758,8.43,8.26774193548387,8.162500000000001,8.075757575757576,8.041176470588235,8.057142857142857,8.102777777777778,8.15135135135135,8.19473684210526,8.258974358974358,8.3625,8.458536585365854,8.569047619047618,8.662790697674419,8.747727272727273,8.817777777777778,8.867391304347825,8.904255319148936,8.927083333333334,8.936734693877552,8.934,8.915686274509804,8.896153846153847,8.856603773584906,8.829629629629629,8.805454545454547,8.785714285714286,8.77719298245614,8.786206896551725,8.828813559322036,8.866666666666667,8.918032786885245,8.98709677419355,9.066666666666666,9.149999999999999,9.223076923076922,9.272727272727273,9.304477611940298,9.323529411764707,9.326086956521738,9.317142857142859,9.304225352112676,9.284722222222221,9.26164383561644,9.24864864864865,9.250666666666666,9.235526315789475,9.218181818181817,9.20897435897436,9.198734177215188,9.196250000000001,9.209876543209877,9.221951219512196,9.237349397590362,9.257142857142858,9.288235294117648,9.329069767441862,9.365517241379312,9.411363636363637,9.469662921348315,9.527777777777779,9.59010989010989,9.640217391304347,9.680645161290322,9.701063829787234,9.70842105263158,9.700000000000001,9.690721649484535,9.688775510204081,9.694949494949496,9.706,9.726732673267328,9.75294117647059,9.774757281553399,9.80096153846154,9.823809523809524,9.842452830188678,9.857943925233645,9.886111111111111,9.922935779816514,9.964545454545457,10.007207207207209,10.049107142857142,10.084955752212391,10.119298245614036,10.149565217391304,10.162068965517241,10.161538461538463,10.148305084745765,10.130252100840337,10.109166666666669,10.081818181818182,10.05737704918033,10.038211382113824,10.023387096774194,10.0136,10.009523809523811,10.010236220472445,10.0140625,52.0,624.0,0.0,0.0,0.0,0.0,0.0,0.0,0.0,0.0,0.0,0.0,0.0,0.0,0.0,0.0,0.0,27.0,110.0,237.0,392.0,558.0,717.0,852.0,947.0,988.0,988.0,988.0,988.0,988.0,988.0,988.0,988.0,988.0,988.0,988.0,988.0,988.0,988.0,988.0,988.0,1012.0,1056.0,1117.0,1185.0,1252.0,1308.0,1344.0,1358.0,1358.0,1358.0,1358.0,1358.0,1358.0,1358.0,1358.0,1358.0,1358.0,1358.0,1358.0,1358.0,1358.0,1358.0,1358.0,1358.0,1382.0,1426.0,1486.0,1555.0,1625.0,1685.0,1724.0,1739.0,1739.0,1739.0,1739.0,1739.0,1739.0,1739.0,1739.0,1739.0,1739.0,1739.0,1739.0,1739.0,1739.0,1739.0,1739.0,1739.0,1762.0,1832.0,1937.0,2065.0,2201.0,2327.0,2427.0,2489.0,2511.0,2511.0,2511.0,2511.0,2511.0,2511.0,2511.0,2511.0,2511.0,2511.0,2511.0,2511.0,2511.0,2511.0,2511.0,2511.0,2532.0,2589.0,2676.0,2781.0,2890.0,2988.0,3062.0,3104.0,3116.0,3116.0,3116.0,3116.0,3116.0,3116.0,3116.0,3116.0,3116.0,25,January 25,Macon
0.0077808557362575,1.2997605078810688,0.7744471616606333,1.707773670148366,1.707773670148366,0.5115809514553334,1.1231798047702368,4.33160101760361,4.33160101760361,0.5871420300997376,1.410819404805532,3.751446991156117,3.751446991156117,0.6279351377897807,1.4192681396861275,3.343831102061228,3.343831102061228,0.640188275843492,0.567492152943972,8.35,-0.4287740308855972,0.4287740308855972,121.55688622754492,10.2,9.35,8.733333333333333,8.45,8.379999999999999,8.4,8.342857142857143,8.3625,8.411111111111111,8.48,8.554545454545455,8.658333333333333,8.646153846153846,8.685714285714285,8.68,8.7125,8.770588235294117,8.855555555555554,8.957894736842105,8.999999999999998,9.042857142857141,9.095454545454544,9.078260869565216,9.0,8.908,8.757692307692308,8.61111111111111,8.499999999999998,8.472413793103447,8.469999999999999,8.487096774193548,8.496875,8.481818181818182,8.505882352941176,8.52,8.580555555555556,8.648648648648651,8.721052631578948,8.805128205128206,8.907500000000002,8.990243902439024,9.061904761904762,9.11627906976744,9.165909090909091,9.213333333333335,9.223913043478262,9.204255319148936,9.158333333333333,9.110204081632652,9.069999999999999,9.003921568627451,8.911538461538461,8.801886792452832,8.683333333333334,8.587272727272728,8.521428571428572,8.464912280701755,8.437931034482759,8.440677966101694,8.461666666666666,8.485245901639345,8.506451612903227,8.541269841269843,8.6015625,8.65846153846154,8.725757575757576,8.783582089552239,8.836764705882352,8.881159420289858,8.912857142857144,8.93661971830986,8.95138888888889,8.957534246575344,8.955405405405406,8.942666666666668,8.928947368421053,8.901298701298703,8.882051282051284,8.864556962025317,8.85,8.843209876543211,8.848780487804879,8.878313253012049,8.904761904761907,8.941176470588237,8.990697674418605,9.048275862068968,9.109090909090908,9.162921348314606,9.2,9.224175824175825,9.23913043478261,9.24193548387097,9.236170212765957,9.227368421052633,9.213541666666666,9.196907216494846,9.187755102040818,9.18989898989899,9.179,9.166336633663368,9.159803921568628,9.15242718446602,9.150961538461539,9.161904761904761,9.171698113207547,9.18411214953271,9.200000000000001,9.224770642201836,9.257272727272728,9.286486486486488,9.323214285714284,9.369911504424778,9.416666666666666,9.466956521739132,9.507758620689653,9.54102564102564,9.558474576271186,9.565546218487395,9.559999999999999,9.553719008264464,9.553278688524593,9.559349593495934,9.569354838709678,9.5872,9.60952380952381,9.628346456692913,9.65078125,72.08333333333333,865.0,0.0,0.0,0.0,0.0,0.0,0.0,0.0,0.0,0.0,0.0,0.0,0.0,0.0,0.0,0.0,27.0,87.0,176.0,284.0,396.0,496.0,570.0,612.0,624.0,624.0,624.0,624.0,624.0,624.0,624.0,624.0,624.0,624.0,624.0,624.0,624.0,624.0,624.0,624.0,651.0,734.0,861.0,1016.0,1182.0,1341.0,1476.0,1571.0,1612.0,1612.0,1612.0,1612.0,1612.0,1612.0,1612.0,1612.0,1612.0,1612.0,1612.0,1612.0,1612.0,1612.0,1612.0,1612.0,1636.0,1680.0,1741.0,1809.0,1876.0,1932.0,1968.0,1982.0,1982.0,1982.0,1982.0,1982.0,1982.0,1982.0,1982.0,1982.0,1982.0,1982.0,1982.0,1982.0,1982.0,1982.0,1982.0,1982.0,2006.0,2050.0,2110.0,2179.0,2249.0,2309.0,2348.0,2363.0,2363.0,2363.0,2363.0,2363.0,2363.0,2363.0,2363.0,2363.0,2363.0,2363.0,2363.0,2363.0,2363.0,2363.0,2363.0,2363.0,2386.0,2456.0,2561.0,2689.0,2825.0,2951.0,3051.0,3113.0,3135.0,3135.0,3135.0,3135.0,3135.0,3135.0,3135.0,3135.0,3135.0,26,January 26,Macon
0.0077808557362575,1.2997605078810688,0.7744471616606333,1.707773670148366,1.707773670148366,0.5115809514553334,1.1231798047702368,4.33160101760361,4.33160101760361,0.5871420300997376,1.410819404805532,3.751446991156117,3.751446991156117,0.6279351377897807,1.4192681396861275,3.343831102061228,3.343831102061228,0.640188275843492,0.567492152943972,11.558333333333335,-0.2620791343896872,0.2620791343896872,157.02956020187457,7.399999999999999,6.6,6.266666666666666,5.949999999999999,5.74,5.683333333333333,5.614285714285714,5.675,5.744444444444444,5.909999999999999,6.090909090909091,6.283333333333334,6.492307692307691,6.735714285714285,7.0,7.262499999999999,7.541176470588234,7.844444444444445,8.157894736842104,8.405000000000001,8.609523809523811,8.772727272727273,8.891304347826088,8.966666666666667,9.016,8.996153846153847,8.940740740740742,8.892857142857142,8.865517241379312,8.853333333333332,8.825806451612902,8.815625,8.815151515151515,8.823529411764705,8.837142857142858,8.863888888888887,8.854054054054053,8.86315789473684,8.856410256410255,8.864999999999998,8.885365853658536,8.919047619047618,8.962790697674418,8.981818181818182,9.00222222222222,9.028260869565216,9.021276595744679,8.983333333333334,8.93673469387755,8.858,8.778431372549019,8.715384615384615,8.696226415094339,8.690740740740742,8.696363636363635,8.698214285714286,8.685964912280703,8.696551724137931,8.701694915254238,8.735000000000001,8.773770491803278,8.816129032258063,8.866666666666667,8.9296875,8.981538461538463,9.027272727272727,9.06268656716418,9.095588235294118,9.127536231884058,9.135714285714284,9.12394366197183,9.094444444444445,9.063013698630137,9.036486486486485,8.991999999999999,8.928947368421053,8.853246753246752,8.770512820512819,8.70253164556962,8.655,8.61358024691358,8.59268292682927,8.59277108433735,8.60595238095238,8.621176470588233,8.634883720930231,8.658620689655171,8.701136363636364,8.741573033707864,8.79,8.83186813186813,8.870652173913042,8.903225806451612,8.92659574468085,8.94421052631579,8.955208333333333,8.959793814432988,8.958163265306123,8.948484848484847,8.937999999999999,8.916831683168317,8.901960784313726,8.888349514563107,8.876923076923077,8.871428571428572,8.875471698113206,8.898130841121494,8.91851851851852,8.946788990825688,8.985454545454544,9.03063063063063,9.078571428571427,9.121238938053098,9.150877192982456,9.170434782608694,9.182758620689656,9.185470085470087,9.18135593220339,9.174789915966388,9.164166666666667,9.15123966942149,9.144262295081969,9.146341463414634,9.137903225806452,9.128000000000002,9.123015873015875,9.11732283464567,9.11640625,56.25,675.0,0.0,0.0,0.0,0.0,0.0,0.0,0.0,0.0,0.0,0.0,0.0,0.0,0.0,0.0,0.0,30.0,109.0,225.0,366.0,515.0,654.0,765.0,837.0,865.0,865.0,865.0,865.0,865.0,865.0,865.0,865.0,865.0,865.0,865.0,865.0,865.0,865.0,865.0,865.0,892.0,952.0,1041.0,1149.0,1261.0,1361.0,1435.0,1477.0,1489.0,1489.0,1489.0,1489.0,1489.0,1489.0,1489.0,1489.0,1489.0,1489.0,1489.0,1489.0,1489.0,1489.0,1489.0,1489.0,1516.0,1599.0,1726.0,1881.0,2047.0,2206.0,2341.0,2436.0,2477.0,2477.0,2477.0,2477.0,2477.0,2477.0,2477.0,2477.0,2477.0,2477.0,2477.0,2477.0,2477.0,2477.0,2477.0,2477.0,2501.0,2545.0,2606.0,2674.0,2741.0,2797.0,2833.0,2847.0,2847.0,2847.0,2847.0,2847.0,2847.0,2847.0,2847.0,2847.0,2847.0,2847.0,2847.0,2847.0,2847.0,2847.0,2847.0,2847.0,2871.0,2915.0,2975.0,3044.0,3114.0,3174.0,3213.0,3228.0,3228.0,3228.0,3228.0,3228.0,3228.0,3228.0,3228.0,3228.0,3228.0,27,January 27,Macon
0.0077808557362575,1.2997605078810688,0.7744471616606333,1.707773670148366,1.707773670148366,0.5115809514553334,1.1231798047702368,4.33160101760361,4.33160101760361,0.5871420300997376,1.410819404805532,3.751446991156117,3.751446991156117,0.6279351377897807,1.4192681396861275,3.343831102061228,3.343831102061228,0.640188275843492,0.567492152943972,11.316666666666668,-0.14316581217402882,0.14316581217402882,182.33431516936668,5.3,4.8,4.8,4.9,4.840000000000001,4.65,4.371428571428572,4.275,4.2555555555555555,4.3,4.3999999999999995,4.6499999999999995,4.8538461538461535,5.035714285714286,5.213333333333334,5.36875,5.482352941176471,5.611111111111111,5.794736842105263,6.01,6.1952380952380945,6.350000000000002,6.4608695652173935,6.545833333333333,6.58,6.550000000000001,6.514814814814816,6.460714285714286,6.406896551724138,6.373333333333333,6.335483870967742,6.328125,6.327272727272728,6.358823529411766,6.402857142857144,6.458333333333333,6.527027027027028,6.61578947368421,6.72051282051282,6.8325000000000005,6.958536585365854,7.102380952380954,7.258139534883721,7.3909090909090915,7.508888888888891,7.610869565217393,7.693617021276596,7.756249999999999,7.8061224489795915,7.82,7.81372549019608,7.809615384615385,7.815094339622642,7.827777777777778,7.830909090909092,7.8428571428571425,7.859649122807017,7.881034482758621,7.9050847457627125,7.9366666666666665,7.945901639344263,7.966129032258065,7.976190476190476,7.9953125,8.021538461538459,8.056060606060603,8.09701492537313,8.12205882352941,8.14782608695652,8.177142857142856,8.184507042253522,8.170833333333333,8.150684931506849,8.108108108108107,8.063999999999998,8.030263157894733,8.025974025974024,8.030769230769229,8.043037974683545,8.0525,8.05185185185185,8.067073170731705,8.078313253012047,8.10952380952381,8.144705882352941,8.182558139534883,8.226436781609197,8.279545454545454,8.324719101123595,8.365555555555556,8.3989010989011,8.430434782608694,8.461290322580645,8.474468085106384,8.472631578947368,8.457291666666666,8.440206185567009,8.426530612244896,8.398989898989896,8.356999999999998,8.304950495049505,8.24705882352941,8.200000000000001,8.16826923076923,8.140952380952381,8.129245283018866,8.133644859813083,8.148148148148147,8.164220183486238,8.179090909090908,8.201801801801802,8.239285714285714,8.275221238938052,8.31754385964912,8.35478260869565,8.389655172413791,8.419658119658118,8.442372881355931,8.460504201680672,8.473333333333333,8.48099173553719,8.48360655737705,8.479674796747966,8.475,8.461599999999999,8.453174603174602,8.445669291338582,8.43984375,42.833333333333336,514.0,0.0,0.0,0.0,0.0,0.0,0.0,0.0,0.0,0.0,0.0,0.0,0.0,0.0,0.0,0.0,31.0,97.0,192.0,304.0,421.0,529.0,612.0,661.0,675.0,675.0,675.0,675.0,675.0,675.0,675.0,675.0,675.0,675.0,675.0,675.0,675.0,675.0,675.0,675.0,705.0,784.0,900.0,1041.0,1190.0,1329.0,1440.0,1512.0,1540.0,1540.0,1540.0,1540.0,1540.0,1540.0,1540.0,1540.0,1540.0,1540.0,1540.0,1540.0,1540.0,1540.0,1540.0,1540.0,1567.0,1627.0,1716.0,1824.0,1936.0,2036.0,2110.0,2152.0,2164.0,2164.0,2164.0,2164.0,2164.0,2164.0,2164.0,2164.0,2164.0,2164.0,2164.0,2164.0,2164.0,2164.0,2164.0,2164.0,2191.0,2274.0,2401.0,2556.0,2722.0,2881.0,3016.0,3111.0,3152.0,3152.0,3152.0,3152.0,3152.0,3152.0,3152.0,3152.0,3152.0,3152.0,3152.0,3152.0,3152.0,3152.0,3152.0,3152.0,3176.0,3220.0,3281.0,3349.0,3416.0,3472.0,3508.0,3522.0,3522.0,3522.0,3522.0,3522.0,3522.0,3522.0,3522.0,3522.0,3522.0,28,January 28,Macon
0.0077808557362575,1.2997605078810688,0.7744471616606333,1.707773670148366,1.707773670148366,0.5115809514553334,1.1231798047702368,4.33160101760361,4.33160101760361,0.5871420300997376,1.410819404805532,3.751446991156117,3.751446991156117,0.6279351377897807,1.4192681396861275,3.343831102061228,3.343831102061228,0.640188275843492,0.567492152943972,9.033333333333333,-0.14585529783869236,0.14585529783869236,181.76199261992627,8.3,7.6000000000000005,7.266666666666667,6.7,6.2,5.75,5.442857142857142,5.2,5.111111111111111,5.0600000000000005,5.036363636363635,5.133333333333333,5.323076923076924,5.5,5.706666666666667,5.875,6.035294117647059,6.227777777777778,6.405263157894737,6.5600000000000005,6.70952380952381,6.831818181818182,6.886956521739131,6.908333333333332,6.843999999999999,6.746153846153846,6.674074074074074,6.621428571428571,6.551724137931035,6.456666666666666,6.3354838709677415,6.25,6.1848484848484855,6.141176470588236,6.12,6.155555555555556,6.186486486486486,6.218421052631579,6.256410256410256,6.2924999999999995,6.317073170731708,6.352380952380953,6.416279069767441,6.5,6.575555555555555,6.641304347826087,6.68936170212766,6.727083333333333,6.740816326530613,6.7219999999999995,6.7,6.667307692307692,6.633962264150944,6.611111111111111,6.585454545454546,6.576785714285714,6.571929824561404,6.586206896551724,6.608474576271187,6.638333333333334,6.677049180327869,6.729032258064516,6.792063492063492,6.8609375,6.94,7.031818181818181,7.132835820895523,7.220588235294119,7.3,7.37,7.428169014084505,7.47361111111111,7.5109589041095886,7.524324324324322,7.523999999999999,7.524999999999999,7.532467532467533,7.544871794871795,7.550632911392405,7.5625,7.5777777777777775,7.596341463414634,7.616867469879518,7.6428571428571415,7.652941176470589,7.67093023255814,7.681609195402299,7.698863636363637,7.7213483146067405,7.749999999999999,7.783516483516483,7.805434782608694,7.827956989247312,7.853191489361701,7.862105263157894,7.855208333333334,7.843298969072165,7.814285714285712,7.783838383838383,7.760999999999999,7.76039603960396,7.766666666666665,7.778640776699029,7.788461538461537,7.79047619047619,7.804716981132074,7.8158878504672895,7.842592592592592,7.872477064220184,7.904545454545454,7.941441441441442,7.985714285714287,8.023893805309735,8.05877192982456,8.087826086956522,8.11551724137931,8.142735042735044,8.155932203389831,8.157142857142857,8.147499999999999,8.136363636363635,8.127868852459015,8.108130081300812,8.076612903225806,8.0368,7.992063492063492,7.955905511811023,7.93203125,44.583333333333336,535.0,0.0,0.0,0.0,0.0,0.0,0.0,0.0,0.0,0.0,0.0,0.0,0.0,0.0,0.0,0.0,28.0,84.0,162.0,251.0,341.0,421.0,479.0,509.0,514.0,514.0,514.0,514.0,514.0,514.0,514.0,514.0,514.0,514.0,514.0,514.0,514.0,514.0,514.0,514.0,545.0,611.0,706.0,818.0,935.0,1043.0,1126.0,1175.0,1189.0,1189.0,1189.0,1189.0,1189.0,1189.0,1189.0,1189.0,1189.0,1189.0,1189.0,1189.0,1189.0,1189.0,1189.0,1189.0,1219.0,1298.0,1414.0,1555.0,1704.0,1843.0,1954.0,2026.0,2054.0,2054.0,2054.0,2054.0,2054.0,2054.0,2054.0,2054.0,2054.0,2054.0,2054.0,2054.0,2054.0,2054.0,2054.0,2054.0,2081.0,2141.0,2230.0,2338.0,2450.0,2550.0,2624.0,2666.0,2678.0,2678.0,2678.0,2678.0,2678.0,2678.0,2678.0,2678.0,2678.0,2678.0,2678.0,2678.0,2678.0,2678.0,2678.0,2678.0,2705.0,2788.0,2915.0,3070.0,3236.0,3395.0,3530.0,3625.0,3666.0,3666.0,3666.0,3666.0,3666.0,3666.0,3666.0,3666.0,3666.0,29,January 29,Macon
0.0077808557362575,1.2997605078810688,0.7744471616606333,1.707773670148366,1.707773670148366,0.5115809514553334,1.1231798047702368,4.33160101760361,4.33160101760361,0.5871420300997376,1.410819404805532,3.751446991156117,3.751446991156117,0.6279351377897807,1.4192681396861275,3.343831102061228,3.343831102061228,0.640188275843492,0.567492152943972,4.758333333333333,-0.3888508486628128,0.3888508486628128,130.05253940455344,13.0,12.45,12.0,11.9,11.7,11.566666666666668,11.385714285714286,11.125,10.933333333333334,10.75,10.572727272727274,10.450000000000001,10.353846153846153,10.285714285714286,10.233333333333333,10.256250000000001,10.341176470588234,10.466666666666667,10.605263157894736,10.71,10.785714285714286,10.799999999999999,10.747826086956522,10.708333333333334,10.611999999999998,10.46923076923077,10.325925925925924,10.135714285714284,9.931034482758621,9.716666666666667,9.519354838709678,9.33125,9.181818181818182,9.047058823529412,8.925714285714285,8.850000000000001,8.816216216216217,8.789473684210526,8.784615384615384,8.775,8.770731707317074,8.788095238095238,8.806976744186047,8.822727272727274,8.842222222222222,8.854347826086956,8.838297872340426,8.808333333333334,8.736734693877551,8.648,8.572549019607843,8.507692307692308,8.433962264150944,8.346296296296295,8.243636363636362,8.160714285714286,8.089473684210526,8.03103448275862,7.986440677966102,7.9766666666666675,7.965573770491804,7.9564516129032254,7.952380952380952,7.9484375,7.938461538461539,7.936363636363636,7.953731343283583,7.985294117647059,8.013043478260869,8.035714285714286,8.047887323943664,8.054166666666667,8.045205479452054,8.014864864864865,7.982666666666668,7.94342105263158,7.903896103896104,7.871794871794871,7.837974683544303,7.816249999999999,7.797530864197531,7.7926829268292686,7.793975903614459,7.801190476190476,7.815294117647058,7.839534883720931,7.872413793103448,7.910227272727273,7.956179775280898,8.012222222222222,8.075824175824177,8.130434782608697,8.179569892473118,8.222340425531915,8.256842105263157,8.282291666666666,8.302061855670102,8.30408163265306,8.295959595959596,8.289,8.287128712871286,8.289215686274508,8.28640776699029,8.288461538461538,8.293333333333333,8.300943396226415,8.310280373831775,8.324074074074073,8.325688073394494,8.333636363636362,8.336036036036035,8.34375,8.35575221238938,8.372807017543858,8.39391304347826,8.40603448275862,8.418803418803419,8.433898305084746,8.436134453781511,8.425833333333333,8.411570247933884,8.383606557377048,8.354471544715446,8.331451612903225,8.3264,8.326984126984126,8.332283464566927,8.3359375,54.5,654.0,0.0,0.0,0.0,0.0,0.0,0.0,0.0,0.0,0.0,0.0,0.0,0.0,0.0,0.0,0.0,27.0,83.0,164.0,259.0,355.0,437.0,496.0,527.0,535.0,535.0,535.0,535.0,535.0,535.0,535.0,535.0,535.0,535.0,535.0,535.0,535.0,535.0,535.0,535.0,563.0,619.0,697.0,786.0,876.0,956.0,1014.0,1044.0,1049.0,1049.0,1049.0,1049.0,1049.0,1049.0,1049.0,1049.0,1049.0,1049.0,1049.0,1049.0,1049.0,1049.0,1049.0,1049.0,1080.0,1146.0,1241.0,1353.0,1470.0,1578.0,1661.0,1710.0,1724.0,1724.0,1724.0,1724.0,1724.0,1724.0,1724.0,1724.0,1724.0,1724.0,1724.0,1724.0,1724.0,1724.0,1724.0,1724.0,1754.0,1833.0,1949.0,2090.0,2239.0,2378.0,2489.0,2561.0,2589.0,2589.0,2589.0,2589.0,2589.0,2589.0,2589.0,2589.0,2589.0,2589.0,2589.0,2589.0,2589.0,2589.0,2589.0,2589.0,2616.0,2676.0,2765.0,2873.0,2985.0,3085.0,3159.0,3201.0,3213.0,3213.0,3213.0,3213.0,3213.0,3213.0,3213.0,3213.0,3213.0,30,January 30,Macon
0.0077808557362575,1.2997605078810688,0.7744471616606333,1.707773670148366,1.707773670148366,0.5115809514553334,1.1231798047702368,4.33160101760361,4.33160101760361,0.5871420300997376,1.410819404805532,3.751446991156117,3.751446991156117,0.6279351377897807,1.4192681396861275,3.343831102061228,3.343831102061228,0.640188275843492,0.567492152943972,6.141666666666667,-0.508714969241285,0.508714969241285,104.54545454545456,10.4,10.0,9.933333333333332,9.875,9.819999999999999,9.966666666666667,10.2,10.462499999999999,10.7,10.919999999999998,11.109090909090908,11.333333333333334,11.515384615384615,11.692857142857145,11.846666666666666,12.04375,12.28235294117647,12.5,12.678947368421053,12.89,13.028571428571427,13.127272727272727,13.22173913043478,13.2875,13.276,13.22307692307692,13.144444444444446,13.089285714285714,13.013793103448277,12.943333333333333,12.858064516129035,12.746875000000001,12.645454545454545,12.541176470588237,12.434285714285714,12.341666666666667,12.256756756756756,12.181578947368422,12.112820512820514,12.075,12.065853658536586,12.078571428571427,12.10232558139535,12.115909090909092,12.12,12.097826086956522,12.044680851063832,11.997916666666667,11.922448979591834,11.821999999999997,11.719607843137254,11.590384615384615,11.450943396226414,11.303703703703704,11.163636363636364,11.026785714285714,10.910526315789474,10.801724137931034,10.7,10.625,10.575409836065575,10.530645161290321,10.5,10.467187499999998,10.438461538461537,10.424242424242424,10.411940298507462,10.398529411764704,10.38840579710145,10.374285714285715,10.342253521126763,10.301388888888889,10.232876712328768,10.152702702702703,10.081333333333331,10.017105263157895,9.946753246753246,9.866666666666667,9.775949367088609,9.69875,9.629629629629628,9.569512195121952,9.519277108433734,9.494047619047619,9.468235294117648,9.444186046511629,9.424137931034483,9.404545454545454,9.380898876404494,9.363333333333333,9.36043956043956,9.368478260869566,9.374193548387096,9.376595744680852,9.371578947368421,9.362499999999999,9.342268041237112,9.306122448979592,9.268686868686869,9.225999999999999,9.183168316831685,9.14607843137255,9.107766990291264,9.078846153846154,9.05238095238095,9.036792452830188,9.026168224299065,9.02037037037037,9.020183486238532,9.02818181818182,9.043243243243245,9.0625,9.08849557522124,9.12280701754386,9.163478260869566,9.197413793103449,9.227350427350427,9.252542372881356,9.27142857142857,9.283333333333333,9.290909090909091,9.284426229508195,9.26991869918699,9.256451612903225,9.2472,9.24126984126984,9.231496062992125,9.225781249999999,62.916666666666664,755.0,0.0,0.0,0.0,0.0,0.0,0.0,0.0,0.0,0.0,0.0,0.0,0.0,0.0,0.0,0.0,30.0,94.0,187.0,300.0,416.0,519.0,595.0,639.0,654.0,654.0,654.0,654.0,654.0,654.0,654.0,654.0,654.0,654.0,654.0,654.0,654.0,654.0,654.0,654.0,681.0,737.0,818.0,913.0,1009.0,1091.0,1150.0,1181.0,1189.0,1189.0,1189.0,1189.0,1189.0,1189.0,1189.0,1189.0,1189.0,1189.0,1189.0,1189.0,1189.0,1189.0,1189.0,1189.0,1217.0,1273.0,1351.0,1440.0,1530.0,1610.0,1668.0,1698.0,1703.0,1703.0,1703.0,1703.0,1703.0,1703.0,1703.0,1703.0,1703.0,1703.0,1703.0,1703.0,1703.0,1703.0,1703.0,1703.0,1734.0,1800.0,1895.0,2007.0,2124.0,2232.0,2315.0,2364.0,2378.0,2378.0,2378.0,2378.0,2378.0,2378.0,2378.0,2378.0,2378.0,2378.0,2378.0,2378.0,2378.0,2378.0,2378.0,2378.0,2408.0,2487.0,2603.0,2744.0,2893.0,3032.0,3143.0,3215.0,3243.0,3243.0,3243.0,3243.0,3243.0,3243.0,3243.0,3243.0,3243.0,31,January 31,Macon
0.0077808557362575,1.2997605078810688,0.7744471616606333,1.707773670148366,1.707773670148366,0.5115809514553334,1.1231798047702368,4.33160101760361,4.33160101760361,0.5871420300997376,1.410819404805532,3.751446991156117,3.751446991156117,0.6279351377897807,1.4192681396861275,3.343831102061228,3.343831102061228,0.640188275843492,0.567492152943972,6.525,-0.2869506140831007,0.2869506140831007,151.73690932311618,9.8,9.850000000000001,9.666666666666668,9.600000000000001,9.64,9.600000000000001,9.757142857142858,10.05,10.222222222222221,10.360000000000001,10.490909090909092,10.675000000000002,10.884615384615385,11.064285714285717,11.26666666666667,11.45,11.670588235294119,11.816666666666668,11.957894736842107,12.065000000000001,12.161904761904763,12.245454545454548,12.282608695652174,12.266666666666666,12.192,12.092307692307692,12.007407407407406,11.924999999999999,11.844827586206895,11.806666666666667,11.799999999999999,11.815625,11.839393939393942,11.870588235294116,11.902857142857144,11.955555555555556,12.002702702702702,12.055263157894736,12.105128205128205,12.1775,12.273170731707317,12.366666666666665,12.448837209302322,12.549999999999995,12.622222222222216,12.678260869565213,12.734042553191488,12.777083333333335,12.781632653061223,12.764,12.731372549019605,12.709615384615383,12.675471698113203,12.642592592592589,12.599999999999996,12.541071428571428,12.4859649122807,12.42758620689655,12.366101694915251,12.311666666666664,12.260655737704916,12.214516129032255,12.171428571428569,12.146875000000001,12.139999999999999,12.146969696969697,12.161194029850744,12.169117647058822,12.171014492753619,12.155714285714282,12.119718309859152,12.087499999999999,12.035616438356163,11.966216216216214,11.894666666666666,11.803947368421051,11.705194805194804,11.599999999999998,11.498734177215189,11.39875,11.312345679012346,11.230487804878047,11.15301204819277,11.094047619047618,11.052941176470586,11.015116279069764,10.987356321839078,10.957954545454545,10.931460674157304,10.915555555555555,10.9010989010989,10.885869565217389,10.87311827956989,10.857446808510636,10.828421052631578,10.792708333333332,10.736082474226803,10.670408163265307,10.61111111111111,10.557,10.498019801980197,10.431372549019608,10.356310679611651,10.291346153846153,10.232380952380952,10.180188679245285,10.13551401869159,10.110185185185186,10.084403669724772,10.06,10.03873873873874,10.017857142857142,9.993805309734514,9.974561403508773,9.966956521739132,9.968103448275864,9.967521367521368,9.964406779661017,9.955462184873952,9.943333333333333,9.922314049586776,9.888524590163934,9.853658536585366,9.814516129032258,9.7752,9.74047619047619,9.70472440944882,9.6765625,47.5,570.0,0.0,0.0,0.0,0.0,0.0,0.0,0.0,0.0,0.0,0.0,0.0,0.0,0.0,0.0,0.0,34.0,106.0,210.0,335.0,466.0,586.0,679.0,735.0,755.0,755.0,755.0,755.0,755.0,755.0,755.0,755.0,755.0,755.0,755.0,755.0,755.0,755.0,755.0,755.0,785.0,849.0,942.0,1055.0,1171.0,1274.0,1350.0,1394.0,1409.0,1409.0,1409.0,1409.0,1409.0,1409.0,1409.0,1409.0,1409.0,1409.0,1409.0,1409.0,1409.0,1409.0,1409.0,1409.0,1436.0,1492.0,1573.0,1668.0,1764.0,1846.0,1905.0,1936.0,1944.0,1944.0,1944.0,1944.0,1944.0,1944.0,1944.0,1944.0,1944.0,1944.0,1944.0,1944.0,1944.0,1944.0,1944.0,1944.0,1972.0,2028.0,2106.0,2195.0,2285.0,2365.0,2423.0,2453.0,2458.0,2458.0,2458.0,2458.0,2458.0,2458.0,2458.0,2458.0,2458.0,2458.0,2458.0,2458.0,2458.0,2458.0,2458.0,2458.0,2489.0,2555.0,2650.0,2762.0,2879.0,2987.0,3070.0,3119.0,3133.0,3133.0,3133.0,3133.0,3133.0,3133.0,3133.0,3133.0,3133.0,32,February 1,Macon
0.0077808557362575,1.2997605078810688,0.7744471616606333,1.707773670148366,1.707773670148366,0.5115809514553334,1.1231798047702368,4.33160101760361,4.33160101760361,0.5871420300997376,1.410819404805532,3.751446991156117,3.751446991156117,0.6279351377897807,1.4192681396861275,3.343831102061228,3.343831102061228,0.640188275843492,0.567492152943972,10.858333333333333,-0.513016520580038,0.513016520580038,103.63008442056791,10.6,10.75,11.133333333333333,11.35,11.64,11.85,12.028571428571427,12.15,12.233333333333333,12.38,12.51818181818182,12.691666666666668,12.861538461538462,12.957142857142859,13.006666666666668,13.0625,13.152941176470588,13.205555555555556,13.23157894736842,13.245000000000001,13.266666666666666,13.25,13.173913043478262,13.083333333333334,12.952,12.834615384615384,12.703703703703704,12.585714285714285,12.489655172413793,12.386666666666665,12.332258064516129,12.325,12.303030303030305,12.28235294117647,12.268571428571429,12.280555555555555,12.31081081081081,12.339473684210526,12.384615384615385,12.43,12.497560975609755,12.54047619047619,12.586046511627906,12.620454545454544,12.653333333333332,12.68260869565217,12.691489361702125,12.674999999999997,12.62857142857143,12.568,12.513725490196077,12.459615384615384,12.40566037735849,12.374074074074073,12.36,12.358928571428573,12.363157894736846,12.37241379310345,12.383050847457627,12.406666666666666,12.427868852459017,12.453225806451611,12.477777777777778,12.517187499999999,12.57230769230769,12.627272727272727,12.676119402985075,12.738235294117645,12.782608695652172,12.817142857142857,12.852112676056336,12.879166666666668,12.88082191780822,12.867567567567567,12.844,12.827631578947368,12.802597402597401,12.778205128205128,12.746835443037973,12.703750000000001,12.662962962962963,12.61951219512195,12.573493975903613,12.532142857142858,12.49294117647059,12.456976744186049,12.422988505747128,12.40227272727273,12.394382022471909,12.396666666666665,12.404395604395607,12.407608695652174,12.406451612903226,12.392553191489363,12.363157894736842,12.336458333333333,12.294845360824741,12.239795918367347,12.182828282828284,12.111,12.032673267326732,11.94901960784314,11.867961165048543,11.787500000000001,11.717142857142855,11.65,11.585981308411215,11.536111111111111,11.499999999999998,11.466363636363637,11.440540540540539,11.413392857142856,11.388495575221238,11.371929824561404,11.356521739130434,11.34051724137931,11.326495726495727,11.310169491525425,11.283193277310925,11.250833333333333,11.201652892561984,11.145081967213113,11.09349593495935,11.045967741935485,10.994399999999999,10.936507936507937,10.871653543307087,10.814843749999998,79.83333333333333,958.0,0.0,0.0,0.0,0.0,0.0,0.0,0.0,0.0,0.0,0.0,0.0,0.0,0.0,0.0,0.0,32.0,92.0,175.0,272.0,373.0,464.0,530.0,564.0,570.0,570.0,570.0,570.0,570.0,570.0,570.0,570.0,570.0,570.0,570.0,570.0,570.0,570.0,570.0,570.0,604.0,676.0,780.0,905.0,1036.0,1156.0,1249.0,1305.0,1325.0,1325.0,1325.0,1325.0,1325.0,1325.0,1325.0,1325.0,1325.0,1325.0,1325.0,1325.0,1325.0,1325.0,1325.0,1325.0,1355.0,1419.0,1512.0,1625.0,1741.0,1844.0,1920.0,1964.0,1979.0,1979.0,1979.0,1979.0,1979.0,1979.0,1979.0,1979.0,1979.0,1979.0,1979.0,1979.0,1979.0,1979.0,1979.0,1979.0,2006.0,2062.0,2143.0,2238.0,2334.0,2416.0,2475.0,2506.0,2514.0,2514.0,2514.0,2514.0,2514.0,2514.0,2514.0,2514.0,2514.0,2514.0,2514.0,2514.0,2514.0,2514.0,2514.0,2514.0,2542.0,2598.0,2676.0,2765.0,2855.0,2935.0,2993.0,3023.0,3028.0,3028.0,3028.0,3028.0,3028.0,3028.0,3028.0,3028.0,3028.0,33,February 2,Macon
0.0077808557362575,1.2997605078810688,0.7744471616606333,1.707773670148366,1.707773670148366,0.5115809514553334,1.1231798047702368,4.33160101760361,4.33160101760361,0.5871420300997376,1.410819404805532,3.751446991156117,3.751446991156117,0.6279351377897807,1.4192681396861275,3.343831102061228,3.343831102061228,0.640188275843492,0.567492152943972,15.141666666666666,-0.12558294470353115,0.12558294470353115,186.07594936708858,4.9,5.5,6.0,6.275,6.359999999999999,6.3999999999999995,6.3999999999999995,6.300000000000001,6.333333333333332,6.31,6.381818181818182,6.533333333333334,6.630769230769231,6.728571428571428,6.859999999999999,6.9625,7.041176470588235,7.127777777777778,7.2,7.275,7.404761904761905,7.545454545454544,7.704347826086955,7.8374999999999995,7.948,8.061538461538463,8.203703703703704,8.339285714285714,8.493103448275862,8.639999999999999,8.783870967741935,8.915625,9.036363636363635,9.173529411764706,9.308571428571431,9.455555555555557,9.602702702702704,9.723684210526317,9.825641025641026,9.9275,10.041463414634148,10.138095238095238,10.220930232558139,10.295454545454545,10.371111111111112,10.426086956521742,10.448936170212768,10.460416666666667,10.446938775510203,10.436000000000002,10.413725490196077,10.394230769230772,10.38301886792453,10.364814814814817,10.370909090909093,10.401785714285714,10.42280701754386,10.443103448275863,10.466101694915254,10.503333333333334,10.550819672131148,10.59677419354839,10.652380952380954,10.7078125,10.776923076923076,10.83030303030303,10.885074626865672,10.93235294117647,10.978260869565217,11.021428571428572,11.050704225352113,11.0625,11.053424657534245,11.033783783783784,11.017333333333333,11.000000000000002,10.981818181818182,10.978205128205131,10.986075949367088,11.0025,11.022222222222224,11.045121951219512,11.068674698795181,11.101190476190476,11.131764705882354,11.165116279069768,11.197701149425288,11.240909090909092,11.295505617977527,11.349999999999998,11.4,11.45978260869565,11.506451612903225,11.545744680851064,11.585263157894738,11.61875,11.63298969072165,11.635714285714286,11.63030303030303,11.63,11.622772277227721,11.615686274509802,11.602912621359225,11.580769230769231,11.560000000000002,11.53679245283019,11.511214953271026,11.488888888888887,11.467889908256879,11.449090909090907,11.43153153153153,11.424107142857142,11.426548672566373,11.436842105263157,11.451304347826087,11.46206896551724,11.469230769230768,11.466101694915253,11.450420168067225,11.436666666666666,11.410743801652893,11.373770491803278,11.334959349593495,11.283870967741935,11.227199999999998,11.165873015873014,11.106299212598424,11.046875,27.5,330.0,0.0,0.0,0.0,0.0,0.0,0.0,0.0,0.0,0.0,0.0,0.0,0.0,0.0,0.0,0.0,41.0,131.0,259.0,411.0,570.0,719.0,841.0,923.0,958.0,958.0,958.0,958.0,958.0,958.0,958.0,958.0,958.0,958.0,958.0,958.0,958.0,958.0,958.0,958.0,990.0,1050.0,1133.0,1230.0,1331.0,1422.0,1488.0,1522.0,1528.0,1528.0,1528.0,1528.0,1528.0,1528.0,1528.0,1528.0,1528.0,1528.0,1528.0,1528.0,1528.0,1528.0,1528.0,1528.0,1562.0,1634.0,1738.0,1863.0,1994.0,2114.0,2207.0,2263.0,2283.0,2283.0,2283.0,2283.0,2283.0,2283.0,2283.0,2283.0,2283.0,2283.0,2283.0,2283.0,2283.0,2283.0,2283.0,2283.0,2313.0,2377.0,2470.0,2583.0,2699.0,2802.0,2878.0,2922.0,2937.0,2937.0,2937.0,2937.0,2937.0,2937.0,2937.0,2937.0,2937.0,2937.0,2937.0,2937.0,2937.0,2937.0,2937.0,2937.0,2964.0,3020.0,3101.0,3196.0,3292.0,3374.0,3433.0,3464.0,3472.0,3472.0,3472.0,3472.0,3472.0,3472.0,3472.0,3472.0,3472.0,34,February 3,Macon
0.0077808557362575,1.2997605078810688,0.7744471616606333,1.707773670148366,1.707773670148366,0.5115809514553334,1.1231798047702368,4.33160101760361,4.33160101760361,0.5871420300997376,1.410819404805532,3.751446991156117,3.751446991156117,0.6279351377897807,1.4192681396861275,3.343831102061228,3.343831102061228,0.640188275843492,0.567492152943972,12.316666666666665,-0.07099234893729585,0.07099234893729585,197.69282814614346,4.3,4.199999999999999,4.2,4.05,3.8600000000000003,3.683333333333333,3.657142857142857,3.7,3.7999999999999994,3.9299999999999997,3.9818181818181815,4.025,4.0,3.985714285714286,3.913333333333333,3.9187499999999993,3.9411764705882355,4.027777777777777,4.1157894736842096,4.1899999999999995,4.2904761904761894,4.377272727272726,4.421739130434782,4.441666666666666,4.459999999999999,4.523076923076923,4.614814814814815,4.703571428571428,4.772413793103447,4.833333333333332,4.883870967741935,4.90625,4.957575757575758,4.991176470588236,5.051428571428572,5.138888888888889,5.21081081081081,5.28421052631579,5.371794871794871,5.45,5.519512195121951,5.592857142857143,5.66046511627907,5.7295454545454545,5.824444444444444,5.926086956521741,6.038297872340427,6.139583333333333,6.2306122448979595,6.324,6.433333333333334,6.540384615384616,6.658490566037737,6.774074074074076,6.88909090909091,6.998214285714286,7.101754385964912,7.215517241379311,7.328813559322034,7.450000000000001,7.572131147540985,7.679032258064518,7.774603174603175,7.870312500000001,7.973846153846154,8.066666666666666,8.150746268656716,8.229411764705883,8.308695652173913,8.374285714285714,8.418309859154931,8.454166666666667,8.472602739726028,8.49189189189189,8.502666666666668,8.514473684210527,8.53116883116883,8.542307692307693,8.569620253164558,8.61375,8.650617283950616,8.686585365853658,8.724096385542168,8.77142857142857,8.825882352941177,8.87906976744186,8.939080459770114,8.998863636363636,9.068539325842696,9.126666666666667,9.185714285714285,9.23913043478261,9.291397849462365,9.341489361702127,9.381052631578946,9.407291666666666,9.417525773195875,9.41938775510204,9.423232323232323,9.426,9.427722772277228,9.440196078431372,9.46116504854369,9.488461538461538,9.518095238095238,9.55,9.582242990654205,9.621296296296293,9.658715596330273,9.698181818181816,9.736936936936932,9.783928571428572,9.839823008849558,9.895614035087718,9.947826086956521,10.007758620689653,10.057264957264955,10.100847457627118,10.144537815126046,10.183333333333334,10.206611570247935,10.220491803278687,10.227642276422763,10.238709677419353,10.243999999999998,10.249206349206347,10.249606299212596,10.2421875,32.416666666666664,389.0,0.0,0.0,0.0,0.0,0.0,0.0,0.0,0.0,0.0,0.0,0.0,0.0,0.0,0.0,0.0,22.0,63.0,121.0,188.0,251.0,299.0,325.0,330.0,330.0,330.0,330.0,330.0,330.0,330.0,330.0,330.0,330.0,330.0,330.0,330.0,330.0,330.0,330.0,330.0,371.0,461.0,589.0,741.0,900.0,1049.0,1171.0,1253.0,1288.0,1288.0,1288.0,1288.0,1288.0,1288.0,1288.0,1288.0,1288.0,1288.0,1288.0,1288.0,1288.0,1288.0,1288.0,1288.0,1320.0,1380.0,1463.0,1560.0,1661.0,1752.0,1818.0,1852.0,1858.0,1858.0,1858.0,1858.0,1858.0,1858.0,1858.0,1858.0,1858.0,1858.0,1858.0,1858.0,1858.0,1858.0,1858.0,1858.0,1892.0,1964.0,2068.0,2193.0,2324.0,2444.0,2537.0,2593.0,2613.0,2613.0,2613.0,2613.0,2613.0,2613.0,2613.0,2613.0,2613.0,2613.0,2613.0,2613.0,2613.0,2613.0,2613.0,2613.0,2643.0,2707.0,2800.0,2913.0,3029.0,3132.0,3208.0,3252.0,3267.0,3267.0,3267.0,3267.0,3267.0,3267.0,3267.0,3267.0,3267.0,35,February 4,Macon
0.0077808557362575,1.2997605078810688,0.7744471616606333,1.707773670148366,1.707773670148366,0.5115809514553334,1.1231798047702368,4.33160101760361,4.33160101760361,0.5871420300997376,1.410819404805532,3.751446991156117,3.751446991156117,0.6279351377897807,1.4192681396861275,3.343831102061228,3.343831102061228,0.640188275843492,0.567492152943972,15.675,-0.1823907855763812,0.1823907855763812,173.9872408293461,6.0,5.55,5.166666666666667,4.6,4.279999999999999,4.1000000000000005,3.971428571428572,3.9625,4.066666666666666,4.25,4.381818181818182,4.558333333333333,4.746153846153846,4.914285714285714,5.093333333333334,5.231249999999999,5.388235294117647,5.555555555555555,5.731578947368422,5.87,5.985714285714287,6.068181818181818,6.11304347826087,6.120833333333333,6.047999999999999,5.973076923076922,5.907407407407407,5.825,5.731034482758622,5.633333333333334,5.564516129032258,5.515625,5.487878787878787,5.476470588235294,5.448571428571428,5.422222222222222,5.375675675675676,5.334210526315789,5.271794871794872,5.24,5.217073170731707,5.223809523809524,5.234883720930233,5.243181818181818,5.266666666666667,5.28695652173913,5.2893617021276595,5.28125,5.273469387755101,5.29,5.323529411764706,5.357692307692307,5.383018867924528,5.405555555555554,5.423636363636363,5.426785714285714,5.447368421052632,5.458620689655173,5.486440677966103,5.531666666666666,5.5688524590163935,5.608064516129032,5.657142857142857,5.7015625,5.741538461538462,5.784848484848485,5.825373134328358,5.867647058823529,5.927536231884058,5.992857142857142,6.06619718309859,6.133333333333334,6.1945205479452055,6.258108108108108,6.333333333333333,6.407894736842105,6.490909090909091,6.573076923076924,6.655696202531645,6.735000000000001,6.811111111111112,6.895121951219513,6.979518072289156,7.0702380952380945,7.162352941176471,7.244186046511629,7.318390804597701,7.3931818181818185,7.474157303370787,7.547777777777778,7.615384615384615,7.679347826086955,7.7440860215053755,7.798936170212766,7.837894736842106,7.870833333333334,7.890721649484537,7.911224489795919,7.925252525252525,7.939999999999999,7.958415841584159,7.972549019607843,7.999029126213592,8.038461538461538,8.072380952380952,8.10566037735849,8.14018691588785,8.182407407407407,8.2302752293578,8.277272727272727,8.32972972972973,8.382142857142856,8.442477876106194,8.493859649122808,8.546086956521739,8.59396551724138,8.64102564102564,8.686440677966102,8.723529411764705,8.75,8.763636363636364,8.770491803278688,8.778861788617887,8.786290322580646,8.7928,8.807936507936509,8.82992125984252,8.857031249999999,53.083333333333336,637.0,0.0,0.0,0.0,0.0,0.0,0.0,0.0,0.0,0.0,0.0,0.0,0.0,0.0,0.0,0.0,24.0,68.0,132.0,208.0,283.0,344.0,379.0,389.0,389.0,389.0,389.0,389.0,389.0,389.0,389.0,389.0,389.0,389.0,389.0,389.0,389.0,389.0,389.0,389.0,411.0,452.0,510.0,577.0,640.0,688.0,714.0,719.0,719.0,719.0,719.0,719.0,719.0,719.0,719.0,719.0,719.0,719.0,719.0,719.0,719.0,719.0,719.0,719.0,760.0,850.0,978.0,1130.0,1289.0,1438.0,1560.0,1642.0,1677.0,1677.0,1677.0,1677.0,1677.0,1677.0,1677.0,1677.0,1677.0,1677.0,1677.0,1677.0,1677.0,1677.0,1677.0,1677.0,1709.0,1769.0,1852.0,1949.0,2050.0,2141.0,2207.0,2241.0,2247.0,2247.0,2247.0,2247.0,2247.0,2247.0,2247.0,2247.0,2247.0,2247.0,2247.0,2247.0,2247.0,2247.0,2247.0,2247.0,2281.0,2353.0,2457.0,2582.0,2713.0,2833.0,2926.0,2982.0,3002.0,3002.0,3002.0,3002.0,3002.0,3002.0,3002.0,3002.0,3002.0,36,February 5,Macon
0.0077808557362575,1.2997605078810688,0.7744471616606333,1.707773670148366,1.707773670148366,0.5115809514553334,1.1231798047702368,4.33160101760361,4.33160101760361,0.5871420300997376,1.410819404805532,3.751446991156117,3.751446991156117,0.6279351377897807,1.4192681396861275,3.343831102061228,3.343831102061228,0.640188275843492,0.567492152943972,13.966666666666665,-0.06216914601539627,0.06216914601539627,199.57040572792368,0.5,0.25,0.20000000000000004,0.10000000000000002,0.06000000000000004,-0.0833333333333333,-0.014285714285714266,0.2625,0.6666666666666665,1.09,1.5727272727272728,1.9833333333333336,2.230769230769231,2.4,2.4666666666666663,2.48125,2.488235294117647,2.511111111111111,2.5684210526315794,2.6399999999999997,2.7333333333333334,2.840909090909091,2.986956521739131,3.154166666666667,3.2679999999999993,3.338461538461538,3.3777777777777773,3.3607142857142853,3.348275862068965,3.3433333333333333,3.3387096774193554,3.35625,3.403030303030303,3.476470588235294,3.54,3.6222222222222222,3.713513513513514,3.8026315789473686,3.9,3.9849999999999994,4.080487804878049,4.183333333333333,4.293023255813953,4.388636363636364,4.475555555555555,4.547826086956521,4.602127659574467,4.637499999999999,4.630612244897959,4.619999999999999,4.6117647058823525,4.592307692307692,4.564150943396227,4.531481481481482,4.512727272727273,4.503571428571428,4.505263157894737,4.51551724137931,4.5152542372881355,4.515000000000001,4.501639344262295,4.490322580645161,4.465079365079364,4.4578125,4.455384615384616,4.471212121212122,4.48955223880597,4.505882352941177,4.531884057971015,4.555714285714286,4.567605633802816,4.572222222222223,4.576712328767123,4.597297297297297,4.629333333333334,4.661842105263158,4.688311688311688,4.712820512820513,4.734177215189874,4.745,4.767901234567902,4.7841463414634156,4.812048192771084,4.852380952380953,4.887058823529412,4.923255813953489,4.966666666666667,5.006818181818182,5.043820224719101,5.083333333333333,5.1208791208791204,5.159782608695653,5.211827956989247,5.268085106382979,5.330526315789474,5.388541666666666,5.442268041237114,5.497959183673469,5.562626262626263,5.626999999999999,5.698019801980198,5.768627450980393,5.839805825242717,5.908653846153846,5.975238095238096,6.048113207547171,6.121495327102805,6.2,6.279816513761468,6.3518181818181825,6.418018018018018,6.484821428571428,6.556637168141593,6.62280701754386,6.684347826086958,6.743103448275861,6.802564102564103,6.854237288135593,6.89327731092437,6.927499999999999,6.951239669421486,6.975409836065574,6.994308943089432,7.013709677419354,7.036,7.054761904761905,7.083464566929134,7.12265625,37.416666666666664,449.0,0.0,0.0,0.0,0.0,0.0,0.0,0.0,0.0,0.0,0.0,0.0,0.0,0.0,0.0,0.0,34.0,98.0,189.0,298.0,412.0,513.0,586.0,625.0,637.0,637.0,637.0,637.0,637.0,637.0,637.0,637.0,637.0,637.0,637.0,637.0,637.0,637.0,637.0,637.0,661.0,705.0,769.0,845.0,920.0,981.0,1016.0,1026.0,1026.0,1026.0,1026.0,1026.0,1026.0,1026.0,1026.0,1026.0,1026.0,1026.0,1026.0,1026.0,1026.0,1026.0,1026.0,1026.0,1048.0,1089.0,1147.0,1214.0,1277.0,1325.0,1351.0,1356.0,1356.0,1356.0,1356.0,1356.0,1356.0,1356.0,1356.0,1356.0,1356.0,1356.0,1356.0,1356.0,1356.0,1356.0,1356.0,1356.0,1397.0,1487.0,1615.0,1767.0,1926.0,2075.0,2197.0,2279.0,2314.0,2314.0,2314.0,2314.0,2314.0,2314.0,2314.0,2314.0,2314.0,2314.0,2314.0,2314.0,2314.0,2314.0,2314.0,2314.0,2346.0,2406.0,2489.0,2586.0,2687.0,2778.0,2844.0,2878.0,2884.0,2884.0,2884.0,2884.0,2884.0,2884.0,2884.0,2884.0,2884.0,37,February 6,Macon
0.0077808557362575,1.2997605078810688,0.7744471616606333,1.707773670148366,1.707773670148366,0.5115809514553334,1.1231798047702368,4.33160101760361,4.33160101760361,0.5871420300997376,1.410819404805532,3.751446991156117,3.751446991156117,0.6279351377897807,1.4192681396861275,3.343831102061228,3.343831102061228,0.640188275843492,0.567492152943972,13.60833333333333,-0.2549403975339449,0.2549403975339449,158.54868340477654,7.0,7.35,7.7,7.7749999999999995,7.6,7.366666666666667,7.114285714285715,7.05,7.122222222222222,7.13,7.218181818181819,7.291666666666668,7.36923076923077,7.421428571428572,7.400000000000001,7.325,7.305882352941176,7.288888888888888,7.242105263157894,7.205,7.157142857142857,7.031818181818182,6.86086956521739,6.662499999999999,6.4159999999999995,6.169230769230769,5.944444444444445,5.725,5.524137931034482,5.313333333333333,5.154838709677419,5.0625,5.0272727272727264,5.023529411764706,5.062857142857143,5.102777777777778,5.1054054054054046,5.092105263157895,5.0487179487179485,4.99,4.931707317073171,4.883333333333333,4.853488372093023,4.83409090909091,4.828888888888889,4.834782608695652,4.863829787234042,4.908333333333334,4.93061224489796,4.934,4.923529411764706,4.884615384615385,4.849056603773585,4.818518518518518,4.789090909090909,4.773214285714286,4.775438596491228,4.794827586206897,4.810169491525423,4.838333333333333,4.873770491803277,4.909677419354837,4.952380952380952,4.9890625,5.033846153846155,5.084848484848484,5.141791044776118,5.191176470588235,5.23623188405797,5.272857142857141,5.298591549295773,5.3125,5.298630136986302,5.282432432432433,5.268000000000001,5.246052631578947,5.218181818181818,5.1871794871794865,5.165822784810127,5.15125,5.144444444444445,5.143902439024391,5.136144578313253,5.128571428571428,5.1117647058823525,5.096511627906977,5.071264367816092,5.0590909090909095,5.05056179775281,5.055555555555556,5.062637362637362,5.068478260869566,5.081720430107526,5.093617021276596,5.096842105263158,5.094791666666667,5.09278350515464,5.103061224489796,5.122222222222222,5.142,5.157425742574257,5.171568627450981,5.183495145631069,5.1875,5.200952380952381,5.209433962264152,5.227102803738318,5.25462962962963,5.277981651376146,5.302727272727274,5.333333333333334,5.361607142857143,5.387610619469026,5.415789473684211,5.442608695652174,5.470689655172414,5.509401709401709,5.551694915254236,5.599159663865547,5.6433333333333335,5.684297520661157,5.727049180327869,5.777235772357724,5.827419354838709,5.8832,5.938888888888888,5.995275590551182,6.050000000000001,64.08333333333333,769.0,0.0,0.0,0.0,0.0,0.0,0.0,0.0,0.0,0.0,0.0,0.0,0.0,0.0,0.0,0.0,30.0,80.0,148.0,229.0,313.0,385.0,432.0,449.0,449.0,449.0,449.0,449.0,449.0,449.0,449.0,449.0,449.0,449.0,449.0,449.0,449.0,449.0,449.0,449.0,483.0,547.0,638.0,747.0,861.0,962.0,1035.0,1074.0,1086.0,1086.0,1086.0,1086.0,1086.0,1086.0,1086.0,1086.0,1086.0,1086.0,1086.0,1086.0,1086.0,1086.0,1086.0,1086.0,1110.0,1154.0,1218.0,1294.0,1369.0,1430.0,1465.0,1475.0,1475.0,1475.0,1475.0,1475.0,1475.0,1475.0,1475.0,1475.0,1475.0,1475.0,1475.0,1475.0,1475.0,1475.0,1475.0,1475.0,1497.0,1538.0,1596.0,1663.0,1726.0,1774.0,1800.0,1805.0,1805.0,1805.0,1805.0,1805.0,1805.0,1805.0,1805.0,1805.0,1805.0,1805.0,1805.0,1805.0,1805.0,1805.0,1805.0,1805.0,1846.0,1936.0,2064.0,2216.0,2375.0,2524.0,2646.0,2728.0,2763.0,2763.0,2763.0,2763.0,2763.0,2763.0,2763.0,2763.0,2763.0,38,February 7,Macon
0.0077808557362575,1.2997605078810688,0.7744471616606333,1.707773670148366,1.707773670148366,0.5115809514553334,1.1231798047702368,4.33160101760361,4.33160101760361,0.5871420300997376,1.410819404805532,3.751446991156117,3.751446991156117,0.6279351377897807,1.4192681396861275,3.343831102061228,3.343831102061228,0.640188275843492,0.567492152943972,14.0,-0.03550729502327265,0.03550729502327265,205.2440476190476,4.0,4.0,3.9333333333333336,4.15,4.34,4.516666666666667,4.542857142857143,4.612500000000001,4.677777777777778,4.74,4.827272727272727,4.925,5.076923076923077,5.25,5.413333333333333,5.5375,5.688235294117646,5.761111111111111,5.778947368421052,5.734999999999999,5.6952380952380945,5.668181818181818,5.656521739130436,5.658333333333334,5.712000000000001,5.788461538461538,5.885185185185185,5.960714285714287,5.993103448275863,6.0,5.9870967741935495,6.00625,6.057575757575758,6.091176470588236,6.148571428571429,6.202777777777778,6.25945945945946,6.307894736842105,6.328205128205129,6.325,6.341463414634147,6.357142857142857,6.358139534883722,6.361363636363635,6.357777777777779,6.315217391304348,6.246808510638298,6.160416666666666,6.044897959183672,5.9239999999999995,5.809803921568627,5.69423076923077,5.584905660377358,5.466666666666667,5.374545454545455,5.317857142857142,5.292982456140352,5.286206896551724,5.305084745762712,5.325,5.322950819672132,5.311290322580645,5.280952380952381,5.240625,5.2,5.165151515151515,5.14179104477612,5.125,5.1173913043478265,5.117142857142857,5.132394366197183,5.158333333333333,5.16986301369863,5.168918918918919,5.158666666666667,5.128947368421053,5.101298701298702,5.076923076923077,5.053164556962026,5.03875,5.037037037037037,5.047560975609756,5.055421686746988,5.072619047619048,5.095294117647059,5.118604651162792,5.147126436781609,5.171590909090909,5.202247191011236,5.237777777777778,5.278021978021978,5.3130434782608695,5.345161290322581,5.371276595744681,5.389473684210526,5.398958333333334,5.387628865979382,5.374489795918368,5.362626262626263,5.345,5.322772277227723,5.298039215686274,5.2805825242718445,5.2682692307692305,5.261904761904762,5.260377358490565,5.253271028037382,5.246296296296295,5.2321100917431185,5.219090909090908,5.198198198198198,5.1875,5.179646017699116,5.182456140350877,5.1869565217391305,5.19051724137931,5.2,5.208474576271185,5.2100840336134455,5.2075000000000005,5.204958677685951,5.212295081967213,5.226829268292683,5.241935483870967,5.2536,5.264285714285714,5.273228346456693,5.2757812500000005,16.916666666666668,203.0,0.0,0.0,0.0,0.0,0.0,0.0,0.0,0.0,0.0,0.0,0.0,0.0,0.0,0.0,0.0,39.0,116.0,223.0,348.0,477.0,596.0,689.0,747.0,769.0,769.0,769.0,769.0,769.0,769.0,769.0,769.0,769.0,769.0,769.0,769.0,769.0,769.0,769.0,769.0,799.0,849.0,917.0,998.0,1082.0,1154.0,1201.0,1218.0,1218.0,1218.0,1218.0,1218.0,1218.0,1218.0,1218.0,1218.0,1218.0,1218.0,1218.0,1218.0,1218.0,1218.0,1218.0,1218.0,1252.0,1316.0,1407.0,1516.0,1630.0,1731.0,1804.0,1843.0,1855.0,1855.0,1855.0,1855.0,1855.0,1855.0,1855.0,1855.0,1855.0,1855.0,1855.0,1855.0,1855.0,1855.0,1855.0,1855.0,1879.0,1923.0,1987.0,2063.0,2138.0,2199.0,2234.0,2244.0,2244.0,2244.0,2244.0,2244.0,2244.0,2244.0,2244.0,2244.0,2244.0,2244.0,2244.0,2244.0,2244.0,2244.0,2244.0,2244.0,2266.0,2307.0,2365.0,2432.0,2495.0,2543.0,2569.0,2574.0,2574.0,2574.0,2574.0,2574.0,2574.0,2574.0,2574.0,2574.0,2574.0,39,February 8,Macon
0.0077808557362575,1.2997605078810688,0.7744471616606333,1.707773670148366,1.707773670148366,0.5115809514553334,1.1231798047702368,4.33160101760361,4.33160101760361,0.5871420300997376,1.410819404805532,3.751446991156117,3.751446991156117,0.6279351377897807,1.4192681396861275,3.343831102061228,3.343831102061228,0.640188275843492,0.567492152943972,13.625,-0.15465268676277838,0.15465268676277838,179.88990825688077,5.2,4.85,4.233333333333333,3.8,3.44,3.3666666666666667,3.4285714285714284,3.5374999999999996,3.677777777777778,3.7800000000000002,3.909090909090909,4.075,4.292307692307693,4.478571428571429,4.680000000000001,4.85,5.000000000000001,5.133333333333334,5.178947368421052,5.175,5.171428571428572,5.136363636363637,5.0826086956521745,5.0375000000000005,4.9959999999999996,4.957692307692307,4.9148148148148145,4.910714285714286,4.917241379310345,4.933333333333333,4.925806451612903,4.93125,4.9393939393939394,4.949999999999999,4.9714285714285715,5.0,5.051351351351351,5.1157894736842096,5.182051282051282,5.2375,5.307317073170731,5.347619047619046,5.365116279069767,5.3545454545454545,5.344444444444444,5.339130434782608,5.340425531914893,5.347916666666666,5.381632653061224,5.428,5.486274509803921,5.5346153846153845,5.560377358490566,5.572222222222223,5.572727272727272,5.591071428571429,5.628070175438597,5.655172413793102,5.6966101694915245,5.736666666666666,5.778688524590163,5.816129032258064,5.836507936507936,5.8421875,5.859999999999999,5.877272727272726,5.885074626865671,5.894117647058823,5.898550724637681,5.877142857142856,5.838028169014085,5.7861111111111105,5.713698630136986,5.636486486486486,5.562666666666667,5.4868421052631575,5.414285714285713,5.334615384615384,5.272151898734177,5.23375,5.217283950617284,5.213414634146342,5.227710843373494,5.242857142857143,5.24235294117647,5.234883720930233,5.2137931034482765,5.185227272727272,5.156179775280898,5.13111111111111,5.114285714285713,5.102173913043478,5.096774193548386,5.096808510638297,5.108421052631578,5.128125,5.137113402061856,5.1367346938775515,5.129292929292929,5.107,5.086138613861387,5.06764705882353,5.049514563106797,5.038461538461538,5.037142857142858,5.0452830188679245,5.051401869158879,5.064814814814815,5.08256880733945,5.100909090909092,5.123423423423424,5.142857142857143,5.167256637168142,5.19561403508772,5.227826086956522,5.256034482758621,5.282051282051283,5.3033898305084755,5.318487394957984,5.326666666666667,5.318181818181819,5.308196721311477,5.299186991869919,5.2854838709677425,5.268000000000001,5.248412698412699,5.234645669291339,5.2250000000000005,50.166666666666664,602.0,0.0,0.0,0.0,0.0,0.0,0.0,0.0,0.0,0.0,0.0,0.0,0.0,0.0,0.0,0.0,17.0,46.0,87.0,132.0,172.0,198.0,203.0,203.0,203.0,203.0,203.0,203.0,203.0,203.0,203.0,203.0,203.0,203.0,203.0,203.0,203.0,203.0,203.0,203.0,242.0,319.0,426.0,551.0,680.0,799.0,892.0,950.0,972.0,972.0,972.0,972.0,972.0,972.0,972.0,972.0,972.0,972.0,972.0,972.0,972.0,972.0,972.0,972.0,1002.0,1052.0,1120.0,1201.0,1285.0,1357.0,1404.0,1421.0,1421.0,1421.0,1421.0,1421.0,1421.0,1421.0,1421.0,1421.0,1421.0,1421.0,1421.0,1421.0,1421.0,1421.0,1421.0,1421.0,1455.0,1519.0,1610.0,1719.0,1833.0,1934.0,2007.0,2046.0,2058.0,2058.0,2058.0,2058.0,2058.0,2058.0,2058.0,2058.0,2058.0,2058.0,2058.0,2058.0,2058.0,2058.0,2058.0,2058.0,2082.0,2126.0,2190.0,2266.0,2341.0,2402.0,2437.0,2447.0,2447.0,2447.0,2447.0,2447.0,2447.0,2447.0,2447.0,2447.0,2447.0,40,February 9,Macon
0.0077808557362575,1.2997605078810688,0.7744471616606333,1.707773670148366,1.707773670148366,0.5115809514553334,1.1231798047702368,4.33160101760361,4.33160101760361,0.5871420300997376,1.410819404805532,3.751446991156117,3.751446991156117,0.6279351377897807,1.4192681396861275,3.343831102061228,3.343831102061228,0.640188275843492,0.567492152943972,14.1,-0.3693509038553833,0.3693509038553833,134.20212765957444,2.7,2.75,2.966666666666667,2.875,2.5200000000000005,2.216666666666667,2.085714285714286,2.0125,2.0777777777777775,2.1100000000000003,2.2,2.4166666666666665,2.6846153846153844,2.8642857142857143,2.94,2.99375,3.1470588235294117,3.316666666666667,3.5315789473684216,3.7950000000000004,4.0476190476190474,4.204545454545454,4.326086956521739,4.395833333333333,4.428000000000001,4.430769230769231,4.377777777777778,4.310714285714286,4.231034482758621,4.19,4.17741935483871,4.18125,4.199999999999999,4.214705882352941,4.242857142857144,4.288888888888889,4.359459459459459,4.4263157894736835,4.505128205128206,4.577500000000001,4.646341463414634,4.711904761904762,4.741860465116279,4.75,4.757777777777777,4.749999999999999,4.731914893617021,4.716666666666666,4.702040816326531,4.688,4.670588235294118,4.673076923076923,4.681132075471698,4.694444444444444,4.694545454545455,4.701785714285714,4.7105263157894735,4.720689655172415,4.737288135593221,4.758333333333334,4.7934426229508205,4.837096774193549,4.882539682539683,4.921875,4.97076923076923,5.001515151515152,5.017910447761194,5.016176470588236,5.0144927536231885,5.015714285714286,5.02112676056338,5.030555555555555,5.057534246575342,5.093243243243243,5.137333333333332,5.175,5.197402597402598,5.21025641025641,5.215189873417722,5.2325,5.2629629629629635,5.286585365853658,5.320481927710843,5.353571428571429,5.3882352941176475,5.419767441860465,5.439080459770115,5.447727272727272,5.465168539325842,5.482222222222222,5.4923076923076914,5.503260869565217,5.510752688172043,5.498936170212767,5.473684210526316,5.438541666666667,5.387628865979382,5.332653061224489,5.279797979797979,5.225,5.172277227722772,5.113725490196079,5.067961165048544,5.040384615384616,5.02952380952381,5.028301886792453,5.0411214953271015,5.05462962962963,5.055963302752294,5.051818181818183,5.036936936936937,5.016071428571428,4.994690265486725,4.976315789473684,4.964347826086956,4.9560344827586205,4.952991452991452,4.954237288135594,4.964705882352942,4.9816666666666665,4.990082644628099,4.990983606557377,4.986178861788616,4.969354838709677,4.953600000000001,4.939682539682541,4.925984251968504,4.917968749999999,93.5,1122.0,0.0,0.0,0.0,0.0,0.0,0.0,0.0,0.0,0.0,0.0,0.0,0.0,0.0,0.0,0.0,32.0,94.0,183.0,289.0,396.0,489.0,555.0,590.0,602.0,602.0,602.0,602.0,602.0,602.0,602.0,602.0,602.0,602.0,602.0,602.0,602.0,602.0,602.0,602.0,619.0,648.0,689.0,734.0,774.0,800.0,805.0,805.0,805.0,805.0,805.0,805.0,805.0,805.0,805.0,805.0,805.0,805.0,805.0,805.0,805.0,805.0,805.0,805.0,844.0,921.0,1028.0,1153.0,1282.0,1401.0,1494.0,1552.0,1574.0,1574.0,1574.0,1574.0,1574.0,1574.0,1574.0,1574.0,1574.0,1574.0,1574.0,1574.0,1574.0,1574.0,1574.0,1574.0,1604.0,1654.0,1722.0,1803.0,1887.0,1959.0,2006.0,2023.0,2023.0,2023.0,2023.0,2023.0,2023.0,2023.0,2023.0,2023.0,2023.0,2023.0,2023.0,2023.0,2023.0,2023.0,2023.0,2023.0,2057.0,2121.0,2212.0,2321.0,2435.0,2536.0,2609.0,2648.0,2660.0,2660.0,2660.0,2660.0,2660.0,2660.0,2660.0,2660.0,2660.0,41,February 10,Macon
0.0077808557362575,1.2997605078810688,0.7744471616606333,1.707773670148366,1.707773670148366,0.5115809514553334,1.1231798047702368,4.33160101760361,4.33160101760361,0.5871420300997376,1.410819404805532,3.751446991156117,3.751446991156117,0.6279351377897807,1.4192681396861275,3.343831102061228,3.343831102061228,0.640188275843492,0.567492152943972,16.883333333333333,-0.03442744323790736,0.03442744323790736,205.47384007897332,-0.9000000000000001,-0.6000000000000001,-0.5333333333333333,-0.45,-0.16,0.016666666666666646,0.31428571428571417,0.725,1.0222222222222221,1.3599999999999999,1.7000000000000002,2.0333333333333337,2.407692307692308,2.757142857142857,3.0,3.25,3.5294117647058827,3.7777777777777777,3.931578947368421,4.02,3.995238095238095,3.977272727272727,3.9826086956521736,3.966666666666667,3.9159999999999995,3.873076923076923,3.855555555555555,3.8107142857142855,3.717241379310344,3.6166666666666667,3.5419354838709673,3.4781250000000004,3.4515151515151516,3.4205882352941175,3.4114285714285715,3.4499999999999997,3.516216216216216,3.560526315789473,3.571794871794872,3.5774999999999997,3.6268292682926826,3.6880952380952374,3.774418604651162,3.8886363636363637,4.004444444444444,4.0804347826086955,4.142553191489362,4.1812499999999995,4.202040816326531,4.207999999999999,4.184313725490195,4.151923076923077,4.1113207547169806,4.09074074074074,4.085454545454545,4.089285714285714,4.101754385964912,4.112068965517241,4.130508474576271,4.16,4.204918032786886,4.248387096774194,4.300000000000001,4.3484375,4.395384615384616,4.440909090909091,4.464179104477613,4.473529411764707,4.482608695652175,4.481428571428572,4.473239436619719,4.466666666666667,4.46027397260274,4.454054054054055,4.445333333333334,4.45,4.458441558441559,4.4705128205128215,4.473417721518988,4.48125,4.490123456790124,4.5,4.514457831325302,4.5321428571428575,4.5600000000000005,4.594186046511628,4.629885057471265,4.661363636363637,4.700000000000001,4.725555555555555,4.740659340659342,4.7423913043478265,4.744086021505376,4.747872340425532,4.754736842105264,4.764583333333333,4.787628865979382,4.817346938775511,4.853535353535354,4.885000000000001,4.904950495049506,4.91764705882353,4.924271844660194,4.940384615384615,4.966666666666667,4.987735849056604,5.016822429906543,5.045370370370371,5.0752293577981655,5.102727272727273,5.120720720720721,5.130357142857143,5.146902654867257,5.163157894736844,5.173913043478262,5.185344827586208,5.194017094017094,5.187288135593221,5.169747899159664,5.144166666666666,5.1057851239669425,5.063934426229509,5.0235772357723585,4.981451612903226,4.9408,4.895238095238095,4.859842519685039,4.8390625,18.333333333333332,220.0,0.0,0.0,0.0,0.0,0.0,0.0,0.0,0.0,0.0,0.0,0.0,0.0,0.0,0.0,0.0,53.0,157.0,304.0,479.0,662.0,834.0,975.0,1073.0,1122.0,1122.0,1122.0,1122.0,1122.0,1122.0,1122.0,1122.0,1122.0,1122.0,1122.0,1122.0,1122.0,1122.0,1122.0,1122.0,1154.0,1216.0,1305.0,1411.0,1518.0,1611.0,1677.0,1712.0,1724.0,1724.0,1724.0,1724.0,1724.0,1724.0,1724.0,1724.0,1724.0,1724.0,1724.0,1724.0,1724.0,1724.0,1724.0,1724.0,1741.0,1770.0,1811.0,1856.0,1896.0,1922.0,1927.0,1927.0,1927.0,1927.0,1927.0,1927.0,1927.0,1927.0,1927.0,1927.0,1927.0,1927.0,1927.0,1927.0,1927.0,1927.0,1927.0,1927.0,1966.0,2043.0,2150.0,2275.0,2404.0,2523.0,2616.0,2674.0,2696.0,2696.0,2696.0,2696.0,2696.0,2696.0,2696.0,2696.0,2696.0,2696.0,2696.0,2696.0,2696.0,2696.0,2696.0,2696.0,2726.0,2776.0,2844.0,2925.0,3009.0,3081.0,3128.0,3145.0,3145.0,3145.0,3145.0,3145.0,3145.0,3145.0,3145.0,3145.0,3145.0,42,February 11,Macon
0.0077808557362575,1.2997605078810688,0.7744471616606333,1.707773670148366,1.707773670148366,0.5115809514553334,1.1231798047702368,4.33160101760361,4.33160101760361,0.5871420300997376,1.410819404805532,3.751446991156117,3.751446991156117,0.6279351377897807,1.4192681396861275,3.343831102061228,3.343831102061228,0.640188275843492,0.567492152943972,18.291666666666668,-0.04961720931029158,0.04961720931029158,202.24145785876996,-2.8,-2.55,-2.033333333333333,-1.7249999999999999,-1.7600000000000002,-1.7833333333333332,-1.5999999999999999,-1.1875,-0.6444444444444444,-0.2099999999999998,0.1454545454545456,0.46666666666666684,0.8000000000000002,1.0071428571428573,1.1733333333333333,1.34375,1.5647058823529412,1.7611111111111115,1.915789473684211,2.035000000000001,2.095238095238096,2.027272727272728,1.9347826086956528,1.791666666666667,1.6840000000000004,1.6076923076923078,1.5333333333333334,1.4714285714285718,1.4551724137931037,1.436666666666667,1.4580645161290327,1.525,1.581818181818182,1.6647058823529415,1.762857142857143,1.8722222222222225,2.0081081081081082,2.1473684210526316,2.2564102564102564,2.375,2.5121951219512195,2.6428571428571432,2.737209302325582,2.8045454545454547,2.8199999999999994,2.83695652173913,2.863829787234042,2.8791666666666664,2.8755102040816323,2.8739999999999997,2.8843137254901956,2.878846153846153,2.8452830188679235,2.8055555555555545,2.7781818181818174,2.7553571428571426,2.752631578947368,2.7465517241379303,2.7525423728813556,2.786666666666666,2.837704918032786,2.8758064516129025,2.893650793650793,2.9078125,2.949230769230769,2.998484848484848,3.064179104477611,3.1485294117647054,3.2347826086956517,3.295714285714285,3.3478873239436617,3.384722222222222,3.4095890410958907,3.424324324324324,3.4186666666666663,3.4065789473684207,3.388311688311689,3.3833333333333337,3.3886075949367087,3.4,3.4172839506172843,3.432926829268293,3.454216867469879,3.483333333333333,3.523529411764706,3.562790697674419,3.6080459770114945,3.6511363636363643,3.693258426966292,3.7344444444444447,3.7593406593406598,3.773913043478261,3.7881720430107526,3.79468085106383,3.7957894736842115,3.797916666666667,3.8000000000000003,3.8020408163265307,3.8020202020202016,3.812,3.824752475247525,3.840196078431373,3.8485436893203886,3.860576923076923,3.873333333333334,3.8867924528301887,3.9037383177570093,3.923148148148148,3.9504587155963304,3.9827272727272733,4.0162162162162165,4.046428571428572,4.082300884955752,4.1078947368421055,4.125217391304348,4.131896551724138,4.138461538461539,4.146610169491526,4.1571428571428575,4.17,4.1933884297520665,4.222131147540985,4.25609756097561,4.286290322580646,4.307200000000002,4.322222222222225,4.332283464566931,4.3500000000000005,29.25,351.0,0.0,0.0,0.0,0.0,0.0,0.0,0.0,0.0,0.0,0.0,0.0,0.0,0.0,0.0,0.0,18.0,45.0,83.0,130.0,177.0,211.0,220.0,220.0,220.0,220.0,220.0,220.0,220.0,220.0,220.0,220.0,220.0,220.0,220.0,220.0,220.0,220.0,220.0,220.0,273.0,377.0,524.0,699.0,882.0,1054.0,1195.0,1293.0,1342.0,1342.0,1342.0,1342.0,1342.0,1342.0,1342.0,1342.0,1342.0,1342.0,1342.0,1342.0,1342.0,1342.0,1342.0,1342.0,1374.0,1436.0,1525.0,1631.0,1738.0,1831.0,1897.0,1932.0,1944.0,1944.0,1944.0,1944.0,1944.0,1944.0,1944.0,1944.0,1944.0,1944.0,1944.0,1944.0,1944.0,1944.0,1944.0,1944.0,1961.0,1990.0,2031.0,2076.0,2116.0,2142.0,2147.0,2147.0,2147.0,2147.0,2147.0,2147.0,2147.0,2147.0,2147.0,2147.0,2147.0,2147.0,2147.0,2147.0,2147.0,2147.0,2147.0,2147.0,2186.0,2263.0,2370.0,2495.0,2624.0,2743.0,2836.0,2894.0,2916.0,2916.0,2916.0,2916.0,2916.0,2916.0,2916.0,2916.0,2916.0,43,February 12,Macon
0.0077808557362575,1.2997605078810688,0.7744471616606333,1.707773670148366,1.707773670148366,0.5115809514553334,1.1231798047702368,4.33160101760361,4.33160101760361,0.5871420300997376,1.410819404805532,3.751446991156117,3.751446991156117,0.6279351377897807,1.4192681396861275,3.343831102061228,3.343831102061228,0.640188275843492,0.567492152943972,10.75,-0.24564317771172137,0.24564317771172137,160.5271317829457,5.8,5.699999999999999,5.333333333333333,5.0,4.48,4.033333333333333,3.628571428571429,3.25,2.9000000000000004,2.67,2.5272727272727273,2.5166666666666666,2.576923076923077,2.6285714285714286,2.6199999999999997,2.6062499999999997,2.576470588235294,2.522222222222222,2.4894736842105267,2.475,2.4904761904761905,2.4045454545454548,2.2869565217391306,2.1125000000000003,1.916,1.7538461538461538,1.651851851851852,1.5642857142857143,1.4448275862068964,1.3333333333333333,1.2741935483870968,1.2875,1.3606060606060606,1.4294117647058824,1.4942857142857144,1.563888888888889,1.6513513513513514,1.7052631578947368,1.7512820512820515,1.8050000000000002,1.8853658536585365,1.9619047619047616,2.0255813953488366,2.077272727272727,2.1044444444444443,2.071739130434782,2.0255319148936173,1.9520833333333336,1.8938775510204084,1.85,1.805882352941176,1.7673076923076922,1.7528301886792452,1.7370370370370367,1.7436363636363634,1.7767857142857142,1.8052631578947367,1.8499999999999999,1.9050847457627116,1.9683333333333333,2.0491803278688523,2.133870967741936,2.2015873015873018,2.2765625,2.3646153846153846,2.45,2.5134328358208955,2.5602941176470586,2.5739130434782607,2.588571428571429,2.6098591549295773,2.623611111111111,2.6246575342465754,2.6270270270270273,2.6373333333333333,2.6368421052631574,2.616883116883117,2.5923076923076924,2.5759493670886076,2.5625,2.5629629629629633,2.5609756097560976,2.5674698795180726,2.594047619047619,2.6329411764705886,2.662790697674419,2.6781609195402303,2.690909090909091,2.7235955056179777,2.7622222222222224,2.8131868131868134,2.8782608695652177,2.9451612903225817,2.993617021276596,3.035789473684211,3.0666666666666664,3.088659793814433,3.103061224489797,3.102020202020203,3.096000000000001,3.0851485148514852,3.0843137254901962,3.0912621359223302,3.1028846153846157,3.1190476190476195,3.133962264150944,3.153271028037384,3.1787037037037047,3.212844036697249,3.246363636363637,3.2846846846846853,3.3214285714285716,3.3575221238938058,3.3929824561403508,3.415652173913044,3.4301724137931044,3.444444444444445,3.4525423728813567,3.456302521008404,3.460833333333334,3.4652892561983477,3.4696721311475414,3.4723577235772365,3.483064516129033,3.4960000000000004,3.511111111111112,3.5204724409448827,3.5328125000000004,76.91666666666667,923.0,2.0,2.0,2.0,2.0,2.0,2.0,2.0,2.0,2.0,2.0,2.0,2.0,2.0,2.0,2.0,27.0,70.0,128.0,194.0,261.0,317.0,349.0,353.0,353.0,353.0,353.0,353.0,353.0,353.0,353.0,353.0,353.0,353.0,353.0,353.0,353.0,353.0,353.0,353.0,371.0,398.0,436.0,483.0,530.0,564.0,573.0,573.0,573.0,573.0,573.0,573.0,573.0,573.0,573.0,573.0,573.0,573.0,573.0,573.0,573.0,573.0,573.0,573.0,626.0,730.0,877.0,1052.0,1235.0,1407.0,1548.0,1646.0,1695.0,1695.0,1695.0,1695.0,1695.0,1695.0,1695.0,1695.0,1695.0,1695.0,1695.0,1695.0,1695.0,1695.0,1695.0,1695.0,1727.0,1789.0,1878.0,1984.0,2091.0,2184.0,2250.0,2285.0,2297.0,2297.0,2297.0,2297.0,2297.0,2297.0,2297.0,2297.0,2297.0,2297.0,2297.0,2297.0,2297.0,2297.0,2297.0,2297.0,2314.0,2343.0,2384.0,2429.0,2469.0,2495.0,2500.0,2500.0,2500.0,2500.0,2500.0,2500.0,2500.0,2500.0,2500.0,2500.0,2500.0,44,February 13,Macon
0.0077808557362575,1.2997605078810688,0.7744471616606333,1.707773670148366,1.707773670148366,0.5115809514553334,1.1231798047702368,4.33160101760361,4.33160101760361,0.5871420300997376,1.410819404805532,3.751446991156117,3.751446991156117,0.6279351377897807,1.4192681396861275,3.343831102061228,3.343831102061228,0.640188275843492,0.567492152943972,13.933333333333335,-0.1166144278159511,0.1166144278159511,187.9844497607656,7.5,7.35,7.3999999999999995,7.375,7.58,7.800000000000001,8.071428571428571,8.5375,9.066666666666666,9.56,9.954545454545455,10.208333333333334,10.384615384615385,10.614285714285714,10.74,10.83125,10.835294117647058,10.805555555555555,10.689473684210526,10.51,10.323809523809524,10.100000000000001,9.895652173913044,9.729166666666666,9.572000000000001,9.419230769230769,9.24074074074074,9.053571428571429,8.824137931034484,8.590000000000002,8.351612903225806,8.109375,7.866666666666667,7.652941176470588,7.465714285714286,7.325000000000001,7.216216216216216,7.113157894736842,6.994871794871795,6.880000000000001,6.763414634146342,6.64047619047619,6.530232558139535,6.431818181818182,6.351111111111111,6.22608695652174,6.087234042553192,5.920833333333333,5.742857142857142,5.581999999999999,5.4529411764705875,5.332692307692308,5.1962264150943405,5.064814814814815,4.963636363636364,4.9053571428571425,4.884210526315789,4.863793103448275,4.84406779661017,4.829999999999999,4.829508196721311,4.8112903225806445,4.7904761904761894,4.7765625,4.781538461538461,4.786363636363637,4.785074626865671,4.777941176470588,4.7565217391304335,4.697142857142857,4.629577464788731,4.544444444444444,4.46986301369863,4.405405405405404,4.341333333333333,4.281578947368421,4.238961038961039,4.1961538461538455,4.169620253164556,4.1625,4.153086419753087,4.15609756097561,4.167469879518073,4.185714285714286,4.2176470588235295,4.253488372093023,4.2781609195402295,4.3090909090909095,4.350561797752809,4.391111111111111,4.416483516483516,4.430434782608696,4.420430107526881,4.411702127659574,4.408421052631579,4.3999999999999995,4.382474226804124,4.366326530612245,4.356565656565657,4.3389999999999995,4.306930693069307,4.271568627450979,4.242718446601941,4.216346153846154,4.200952380952381,4.183962264150943,4.173831775700934,4.17962962962963,4.195412844036697,4.204545454545454,4.202702702702703,4.199107142857143,4.211504424778761,4.228947368421053,4.256521739130434,4.2956896551724135,4.336752136752136,4.363559322033898,4.385714285714285,4.399166666666668,4.405785123966942,4.4065573770491815,4.395121951219513,4.37983870967742,4.3608,4.3500000000000005,4.3456692913385835,4.3453125,27.5,330.0,0.0,0.0,0.0,0.0,0.0,0.0,0.0,0.0,0.0,0.0,0.0,0.0,0.0,0.0,0.0,47.0,137.0,262.0,408.0,560.0,700.0,812.0,886.0,921.0,923.0,923.0,923.0,923.0,923.0,923.0,923.0,923.0,923.0,923.0,923.0,923.0,923.0,923.0,923.0,948.0,991.0,1049.0,1115.0,1182.0,1238.0,1270.0,1274.0,1274.0,1274.0,1274.0,1274.0,1274.0,1274.0,1274.0,1274.0,1274.0,1274.0,1274.0,1274.0,1274.0,1274.0,1274.0,1274.0,1292.0,1319.0,1357.0,1404.0,1451.0,1485.0,1494.0,1494.0,1494.0,1494.0,1494.0,1494.0,1494.0,1494.0,1494.0,1494.0,1494.0,1494.0,1494.0,1494.0,1494.0,1494.0,1494.0,1494.0,1547.0,1651.0,1798.0,1973.0,2156.0,2328.0,2469.0,2567.0,2616.0,2616.0,2616.0,2616.0,2616.0,2616.0,2616.0,2616.0,2616.0,2616.0,2616.0,2616.0,2616.0,2616.0,2616.0,2616.0,2648.0,2710.0,2799.0,2905.0,3012.0,3105.0,3171.0,3206.0,3218.0,3218.0,3218.0,3218.0,3218.0,3218.0,3218.0,3218.0,3218.0,45,February 14,Macon
0.0077808557362575,1.2997605078810688,0.7744471616606333,1.707773670148366,1.707773670148366,0.5115809514553334,1.1231798047702368,4.33160101760361,4.33160101760361,0.5871420300997376,1.410819404805532,3.751446991156117,3.751446991156117,0.6279351377897807,1.4192681396861275,3.343831102061228,3.343831102061228,0.640188275843492,0.567492152943972,12.166666666666668,-0.47613039447934913,0.47613039447934913,111.4794520547945,8.9,8.35,8.0,7.625,7.0200000000000005,6.466666666666668,6.1,5.9875,5.933333333333334,5.959999999999999,5.809090909090909,5.6499999999999995,5.561538461538461,5.607142857142857,5.586666666666667,5.61875,5.641176470588236,5.716666666666667,5.742105263157894,5.720000000000001,5.757142857142857,5.781818181818182,5.834782608695652,5.858333333333333,5.9239999999999995,5.973076923076923,6.02962962962963,6.075000000000001,6.155172413793103,6.246666666666667,6.358064516129032,6.528124999999999,6.733333333333334,6.947058823529412,7.145714285714287,7.308333333333334,7.448648648648648,7.610526315789474,7.735897435897436,7.847499999999999,7.921951219512194,7.978571428571428,7.993023255813955,7.972727272727273,7.942222222222223,7.886956521739131,7.834042553191489,7.79375,7.753061224489795,7.710000000000001,7.649019607843138,7.578846153846154,7.481132075471698,7.375925925925926,7.263636363636364,7.144642857142857,7.021052631578947,6.910344827586207,6.811864406779661,6.738333333333332,6.6819672131147545,6.627419354838709,6.561904761904763,6.496874999999999,6.429230769230769,6.356060606060606,6.289552238805971,6.229411764705882,6.179710144927537,6.1,6.009859154929577,5.9,5.780821917808219,5.671621621621622,5.582666666666667,5.498684210526316,5.4025974025974035,5.30897435897436,5.235443037974684,5.191249999999999,5.172839506172839,5.154878048780487,5.137349397590361,5.123809523809523,5.12,5.1034883720930235,5.085057471264367,5.071590909090909,5.07191011235955,5.072222222222222,5.068131868131868,5.059782608695652,5.040860215053764,4.993617021276596,4.9399999999999995,4.872916666666668,4.81340206185567,4.761224489795918,4.70909090909091,4.66,4.623762376237623,4.587254901960785,4.563106796116505,4.553846153846154,4.542857142857143,4.541509433962265,4.546728971962617,4.557407407407407,4.578899082568808,4.6036363636363635,4.619819819819821,4.641071428571428,4.670796460176991,4.699999999999999,4.717391304347825,4.725862068965517,4.715384615384615,4.70593220338983,4.700840336134454,4.691666666666666,4.675206611570247,4.65983606557377,4.649593495934958,4.633064516129031,4.604799999999999,4.5738095238095235,4.5480314960629915,4.52421875,110.16666666666667,1322.0,8.0,8.0,8.0,8.0,8.0,8.0,8.0,8.0,8.0,8.0,8.0,8.0,8.0,8.0,8.0,27.0,65.0,123.0,192.0,259.0,310.0,336.0,338.0,338.0,338.0,338.0,338.0,338.0,338.0,338.0,338.0,338.0,338.0,338.0,338.0,338.0,338.0,338.0,338.0,385.0,475.0,600.0,746.0,898.0,1038.0,1150.0,1224.0,1259.0,1261.0,1261.0,1261.0,1261.0,1261.0,1261.0,1261.0,1261.0,1261.0,1261.0,1261.0,1261.0,1261.0,1261.0,1261.0,1286.0,1329.0,1387.0,1453.0,1520.0,1576.0,1608.0,1612.0,1612.0,1612.0,1612.0,1612.0,1612.0,1612.0,1612.0,1612.0,1612.0,1612.0,1612.0,1612.0,1612.0,1612.0,1612.0,1612.0,1630.0,1657.0,1695.0,1742.0,1789.0,1823.0,1832.0,1832.0,1832.0,1832.0,1832.0,1832.0,1832.0,1832.0,1832.0,1832.0,1832.0,1832.0,1832.0,1832.0,1832.0,1832.0,1832.0,1832.0,1885.0,1989.0,2136.0,2311.0,2494.0,2666.0,2807.0,2905.0,2954.0,2954.0,2954.0,2954.0,2954.0,2954.0,2954.0,2954.0,2954.0,46,February 15,Macon
0.0077808557362575,1.2997605078810688,0.7744471616606333,1.707773670148366,1.707773670148366,0.5115809514553334,1.1231798047702368,4.33160101760361,4.33160101760361,0.5871420300997376,1.410819404805532,3.751446991156117,3.751446991156117,0.6279351377897807,1.4192681396861275,3.343831102061228,3.343831102061228,0.640188275843492,0.567492152943972,12.083333333333332,0.0007453979777029138,0.0007453979777029138,212.9586206896552,6.7,6.6,6.5,6.2749999999999995,5.96,5.733333333333333,5.585714285714287,5.5875,5.666666666666667,5.83,6.090909090909091,6.408333333333334,6.684615384615384,6.878571428571428,6.9866666666666655,7.043749999999999,7.047058823529412,7.0,6.968421052631579,6.954999999999998,6.966666666666666,6.968181818181818,7.043478260869565,7.120833333333333,7.192,7.2153846153846155,7.218518518518518,7.192857142857142,7.103448275862069,6.989999999999999,6.89032258064516,6.8375,6.796969696969697,6.779411764705882,6.708571428571429,6.630555555555556,6.5729729729729724,6.563157894736841,6.530769230769231,6.519999999999999,6.507317073170732,6.519047619047619,6.511627906976744,6.484090909090909,6.484444444444445,6.480434782608698,6.491489361702128,6.489583333333333,6.510204081632654,6.524,6.5431372549019615,6.5576923076923075,6.59245283018868,6.635185185185185,6.6909090909090905,6.7821428571428575,6.8964912280701745,7.018965517241378,7.135593220338983,7.233333333333333,7.319672131147542,7.420967741935486,7.501587301587302,7.575,7.626153846153846,7.666666666666667,7.6805970149253735,7.6720588235294125,7.656521739130436,7.6242857142857146,7.592957746478874,7.569444444444445,7.545205479452056,7.51891891891892,7.48,7.434210526315788,7.36883116883117,7.297435897435898,7.220253164556963,7.1375,7.050617283950618,6.971951219512196,6.901204819277108,6.847619047619046,6.805882352941178,6.76511627906977,6.716091954022991,6.667045454545454,6.615730337078652,6.560000000000001,6.508791208791208,6.461956521739131,6.4225806451612915,6.360638297872342,6.290526315789475,6.205208333333334,6.11237113402062,6.0265306122448985,5.955555555555556,5.888000000000001,5.810891089108912,5.735294117647059,5.674757281553401,5.636538461538461,5.618095238095239,5.6000000000000005,5.582242990654205,5.567592592592592,5.560550458715596,5.543636363636364,5.525225225225227,5.510714285714286,5.507079646017699,5.503508771929825,5.496521739130434,5.486206896551724,5.467521367521368,5.42627118644068,5.379831932773111,5.322500000000001,5.27107438016529,5.225409836065574,5.179674796747967,5.136290322580645,5.103200000000001,5.0698412698412705,5.046456692913386,5.03515625,7.666666666666667,92.0,0.0,0.0,0.0,0.0,0.0,0.0,0.0,0.0,0.0,0.0,0.0,0.0,0.0,0.0,0.0,64.0,185.0,350.0,543.0,747.0,943.0,1113.0,1241.0,1314.0,1322.0,1322.0,1322.0,1322.0,1322.0,1322.0,1322.0,1322.0,1322.0,1322.0,1322.0,1322.0,1322.0,1322.0,1322.0,1341.0,1379.0,1437.0,1506.0,1573.0,1624.0,1650.0,1652.0,1652.0,1652.0,1652.0,1652.0,1652.0,1652.0,1652.0,1652.0,1652.0,1652.0,1652.0,1652.0,1652.0,1652.0,1652.0,1652.0,1699.0,1789.0,1914.0,2060.0,2212.0,2352.0,2464.0,2538.0,2573.0,2575.0,2575.0,2575.0,2575.0,2575.0,2575.0,2575.0,2575.0,2575.0,2575.0,2575.0,2575.0,2575.0,2575.0,2575.0,2600.0,2643.0,2701.0,2767.0,2834.0,2890.0,2922.0,2926.0,2926.0,2926.0,2926.0,2926.0,2926.0,2926.0,2926.0,2926.0,2926.0,2926.0,2926.0,2926.0,2926.0,2926.0,2926.0,2926.0,2944.0,2971.0,3009.0,3056.0,3103.0,3137.0,3146.0,3146.0,3146.0,3146.0,3146.0,3146.0,3146.0,3146.0,3146.0,3146.0,3146.0,47,February 16,Macon
0.0077808557362575,1.2997605078810688,0.7744471616606333,1.707773670148366,1.707773670148366,0.5115809514553334,1.1231798047702368,4.33160101760361,4.33160101760361,0.5871420300997376,1.410819404805532,3.751446991156117,3.751446991156117,0.6279351377897807,1.4192681396861275,3.343831102061228,3.343831102061228,0.640188275843492,0.567492152943972,9.258333333333333,-0.5170052719557668,0.5170052719557668,102.78127812781281,7.1,7.199999999999999,7.0,6.800000000000001,6.62,6.633333333333333,6.614285714285714,6.675000000000001,6.811111111111111,6.919999999999999,7.1,7.266666666666666,7.515384615384614,7.749999999999999,7.9399999999999995,8.0625,8.041176470588235,8.005555555555555,7.93157894736842,7.8,7.747619047619046,7.713636363636363,7.656521739130433,7.591666666666666,7.556,7.515384615384615,7.47037037037037,7.403571428571428,7.310344827586207,7.219999999999999,7.138709677419354,7.090624999999999,7.066666666666666,7.073529411764705,7.12,7.197222222222221,7.2729729729729735,7.328947368421054,7.358974358974359,7.3725000000000005,7.365853658536586,7.33809523809524,7.316279069767444,7.302272727272729,7.3,7.293478260869565,7.323404255319149,7.35625,7.387755102040816,7.396000000000002,7.394117647058824,7.376923076923077,7.324528301886794,7.257407407407408,7.196363636363636,7.160714285714286,7.131578947368421,7.115517241379311,7.067796610169492,7.0150000000000015,6.973770491803279,6.961290322580646,6.934920634920635,6.921875,6.907692307692308,6.90909090909091,6.898507462686569,6.875000000000001,6.869565217391305,6.861428571428571,6.863380281690141,6.856944444444445,6.865753424657535,6.870270270270271,6.878666666666667,6.8842105263157904,6.903896103896103,6.929487179487181,6.964556962025317,7.025,7.102469135802469,7.186585365853659,7.267469879518073,7.335714285714286,7.396470588235293,7.468604651162791,7.526436781609196,7.579545454545454,7.616853932584269,7.646666666666667,7.657142857142857,7.65108695652174,7.639784946236559,7.615957446808512,7.592631578947369,7.575,7.556701030927835,7.53673469387755,7.507070707070707,7.472,7.421782178217822,7.366666666666666,7.306796116504855,7.2423076923076914,7.174285714285715,7.112264150943396,7.05607476635514,7.012962962962963,6.978899082568807,6.945454545454545,6.905405405405405,6.8651785714285705,6.823008849557522,6.77719298245614,6.734782608695652,6.695689655172414,6.662393162393163,6.611016949152543,6.552941176470589,6.482500000000001,6.405785123966942,6.334426229508197,6.274796747967479,6.217741935483872,6.1528,6.0888888888888895,6.03700787401575,6.003125,98.66666666666667,1184.0,7.0,7.0,7.0,7.0,7.0,7.0,7.0,7.0,7.0,7.0,7.0,7.0,7.0,7.0,7.0,14.0,24.0,42.0,66.0,89.0,98.0,99.0,99.0,99.0,99.0,99.0,99.0,99.0,99.0,99.0,99.0,99.0,99.0,99.0,99.0,99.0,99.0,99.0,99.0,163.0,284.0,449.0,642.0,846.0,1042.0,1212.0,1340.0,1413.0,1421.0,1421.0,1421.0,1421.0,1421.0,1421.0,1421.0,1421.0,1421.0,1421.0,1421.0,1421.0,1421.0,1421.0,1421.0,1440.0,1478.0,1536.0,1605.0,1672.0,1723.0,1749.0,1751.0,1751.0,1751.0,1751.0,1751.0,1751.0,1751.0,1751.0,1751.0,1751.0,1751.0,1751.0,1751.0,1751.0,1751.0,1751.0,1751.0,1798.0,1888.0,2013.0,2159.0,2311.0,2451.0,2563.0,2637.0,2672.0,2674.0,2674.0,2674.0,2674.0,2674.0,2674.0,2674.0,2674.0,2674.0,2674.0,2674.0,2674.0,2674.0,2674.0,2674.0,2699.0,2742.0,2800.0,2866.0,2933.0,2989.0,3021.0,3025.0,3025.0,3025.0,3025.0,3025.0,3025.0,3025.0,3025.0,3025.0,3025.0,48,February 17,Macon
0.0077808557362575,1.2997605078810688,0.7744471616606333,1.707773670148366,1.707773670148366,0.5115809514553334,1.1231798047702368,4.33160101760361,4.33160101760361,0.5871420300997376,1.410819404805532,3.751446991156117,3.751446991156117,0.6279351377897807,1.4192681396861275,3.343831102061228,3.343831102061228,0.640188275843492,0.567492152943972,13.583333333333332,-0.01909682180912396,0.01909682180912396,208.73619631901843,3.1,3.1,3.233333333333333,3.05,2.76,2.783333333333333,3.028571428571429,3.55,4.122222222222223,4.6,5.109090909090909,5.533333333333334,5.976923076923076,6.3999999999999995,6.7733333333333325,7.112500000000001,7.394117647058823,7.616666666666666,7.752631578947369,7.925,8.066666666666666,8.145454545454545,8.173913043478262,8.137500000000001,8.096,8.065384615384614,8.011111111111111,7.946428571428571,7.875862068965517,7.836666666666667,7.793548387096774,7.771875,7.775757575757576,7.779411764705882,7.811428571428572,7.847222222222222,7.91891891891892,7.994736842105263,8.061538461538463,8.1075,8.097560975609756,8.080952380952382,8.046511627906979,7.98409090909091,7.955555555555557,7.934782608695653,7.90212765957447,7.864583333333333,7.8408163265306134,7.814000000000001,7.784313725490197,7.742307692307692,7.68490566037736,7.627777777777778,7.574545454545455,7.539285714285714,7.517543859649122,7.513793103448277,7.533898305084746,7.573333333333334,7.613114754098361,7.641935483870969,7.655555555555556,7.659375,7.65076923076923,7.628787878787879,7.61044776119403,7.597058823529412,7.591304347826088,7.582857142857142,7.598591549295775,7.616666666666666,7.634246575342467,7.636486486486487,7.6320000000000014,7.617105263157894,7.5779220779220795,7.528205128205129,7.482278481012658,7.453749999999999,7.4296296296296305,7.414634146341465,7.37710843373494,7.335714285714286,7.302352941176473,7.289534883720932,7.2666666666666675,7.253409090909091,7.23932584269663,7.236666666666667,7.225274725274726,7.204347826086958,7.1967741935483875,7.187234042553193,7.185263157894738,7.177083333333333,7.180412371134022,7.18061224489796,7.183838383838384,7.185000000000001,7.197029702970299,7.2137254901960794,7.237864077669903,7.2817307692307685,7.339047619047619,7.401886792452831,7.462616822429907,7.513888888888889,7.559633027522937,7.614545454545456,7.65855855855856,7.699107142857144,7.727433628318584,7.750000000000001,7.757391304347826,7.751724137931035,7.741880341880343,7.722033898305085,7.7025210084033615,7.6875,7.67190082644628,7.654918032786886,7.630081300813008,7.600806451612903,7.5592,7.5134920634920634,7.463779527559056,7.41015625,3.25,39.0,0.0,0.0,0.0,0.0,0.0,0.0,0.0,0.0,0.0,0.0,0.0,0.0,0.0,0.0,1.0,62.0,174.0,327.0,506.0,694.0,871.0,1018.0,1122.0,1177.0,1184.0,1184.0,1184.0,1184.0,1184.0,1184.0,1184.0,1184.0,1184.0,1184.0,1184.0,1184.0,1184.0,1184.0,1184.0,1191.0,1201.0,1219.0,1243.0,1266.0,1275.0,1276.0,1276.0,1276.0,1276.0,1276.0,1276.0,1276.0,1276.0,1276.0,1276.0,1276.0,1276.0,1276.0,1276.0,1276.0,1276.0,1276.0,1276.0,1340.0,1461.0,1626.0,1819.0,2023.0,2219.0,2389.0,2517.0,2590.0,2598.0,2598.0,2598.0,2598.0,2598.0,2598.0,2598.0,2598.0,2598.0,2598.0,2598.0,2598.0,2598.0,2598.0,2598.0,2617.0,2655.0,2713.0,2782.0,2849.0,2900.0,2926.0,2928.0,2928.0,2928.0,2928.0,2928.0,2928.0,2928.0,2928.0,2928.0,2928.0,2928.0,2928.0,2928.0,2928.0,2928.0,2928.0,2928.0,2975.0,3065.0,3190.0,3336.0,3488.0,3628.0,3740.0,3814.0,3849.0,3851.0,3851.0,3851.0,3851.0,3851.0,3851.0,3851.0,3851.0,49,February 18,Macon
0.0077808557362575,1.2997605078810688,0.7744471616606333,1.707773670148366,1.707773670148366,0.5115809514553334,1.1231798047702368,4.33160101760361,4.33160101760361,0.5871420300997376,1.410819404805532,3.751446991156117,3.751446991156117,0.6279351377897807,1.4192681396861275,3.343831102061228,3.343831102061228,0.640188275843492,0.567492152943972,15.625,-0.11463659147869687,0.11463659147869687,188.40533333333332,0.7000000000000001,1.05,1.2666666666666668,1.6000000000000003,1.7599999999999998,2.0166666666666666,2.4428571428571426,2.825,3.2111111111111112,3.5800000000000005,3.8818181818181827,4.091666666666668,4.184615384615385,4.307142857142858,4.44,4.54375,4.670588235294118,4.805555555555556,4.942105263157895,5.08,5.190476190476191,5.290909090909091,5.308695652173913,5.254166666666666,5.167999999999999,5.088461538461539,5.029629629629629,4.939285714285712,4.824137931034482,4.76,4.751612903225806,4.828125,4.945454545454545,5.061764705882353,5.208571428571428,5.347222222222221,5.508108108108107,5.6763157894736835,5.838461538461538,5.9975000000000005,6.1414634146341465,6.266666666666667,6.35813953488372,6.468181818181818,6.566666666666666,6.63695652173913,6.682978723404255,6.695833333333333,6.70408163265306,6.715999999999999,6.713725490196078,6.703846153846153,6.6886792452830175,6.688888888888889,6.6854545454545455,6.692857142857142,6.7140350877192985,6.734482758620689,6.7711864406779645,6.81,6.8704918032786875,6.933870967741934,6.992063492063491,7.0375,7.047692307692307,7.053030303030303,7.046268656716417,7.020588235294118,7.015942028985506,7.015714285714285,7.007042253521126,6.994444444444444,6.99041095890411,6.983783783783784,6.974666666666667,6.956578947368421,6.927272727272729,6.897435897435899,6.869620253164557,6.85375,6.846913580246913,6.852439024390244,6.8746987951807235,6.910714285714287,6.947058823529413,6.975581395348837,6.993103448275861,7.0034090909090905,7.0044943820224725,6.995555555555556,6.98901098901099,6.985869565217392,6.988172043010753,6.988297872340425,7.0063157894736845,7.026041666666667,7.045360824742269,7.053061224489795,7.055555555555557,7.050000000000001,7.025742574257426,6.993137254901962,6.963106796116505,6.946153846153847,6.932380952380953,6.925471698113208,6.900934579439253,6.87314814814815,6.851376146788992,6.845454545454546,6.831531531531533,6.825000000000001,6.817699115044249,6.819298245614035,6.813913043478261,6.800862068965518,6.798290598290599,6.794067796610169,6.795798319327732,6.7925,6.798347107438017,6.801639344262296,6.807317073170732,6.811290322580646,6.824000000000001,6.84047619047619,6.862992125984253,6.901562500000001,43.583333333333336,523.0,0.0,0.0,0.0,0.0,0.0,0.0,0.0,0.0,0.0,0.0,0.0,0.0,0.0,0.0,3.0,3.0,4.0,14.0,28.0,37.0,38.0,39.0,39.0,39.0,39.0,39.0,39.0,39.0,39.0,39.0,39.0,39.0,39.0,39.0,39.0,39.0,39.0,39.0,40.0,101.0,213.0,366.0,545.0,733.0,910.0,1057.0,1161.0,1216.0,1223.0,1223.0,1223.0,1223.0,1223.0,1223.0,1223.0,1223.0,1223.0,1223.0,1223.0,1223.0,1223.0,1223.0,1223.0,1230.0,1240.0,1258.0,1282.0,1305.0,1314.0,1315.0,1315.0,1315.0,1315.0,1315.0,1315.0,1315.0,1315.0,1315.0,1315.0,1315.0,1315.0,1315.0,1315.0,1315.0,1315.0,1315.0,1315.0,1379.0,1500.0,1665.0,1858.0,2062.0,2258.0,2428.0,2556.0,2629.0,2637.0,2637.0,2637.0,2637.0,2637.0,2637.0,2637.0,2637.0,2637.0,2637.0,2637.0,2637.0,2637.0,2637.0,2637.0,2656.0,2694.0,2752.0,2821.0,2888.0,2939.0,2965.0,2967.0,2967.0,2967.0,2967.0,2967.0,2967.0,2967.0,2967.0,2967.0,2967.0,50,February 19,Macon
0.0077808557362575,1.2997605078810688,0.7744471616606333,1.707773670148366,1.707773670148366,0.5115809514553334,1.1231798047702368,4.33160101760361,4.33160101760361,0.5871420300997376,1.410819404805532,3.751446991156117,3.751446991156117,0.6279351377897807,1.4192681396861275,3.343831102061228,3.343831102061228,0.640188275843492,0.567492152943972,13.933333333333335,-0.2591657822786632,0.2591657822786632,157.64952153110048,2.3,2.5,2.866666666666667,2.8,2.6800000000000006,2.6166666666666667,2.5714285714285716,2.6125,2.6,2.73,2.8181818181818183,2.991666666666667,3.123076923076923,3.264285714285715,3.3933333333333335,3.58125,3.729411764705882,3.8333333333333335,3.9210526315789465,3.9199999999999995,3.9095238095238094,3.840909090909091,3.7608695652173907,3.6833333333333336,3.5639999999999996,3.480769230769231,3.4148148148148145,3.3857142857142857,3.351724137931034,3.35,3.4032258064516125,3.46875,3.5545454545454547,3.6529411764705877,3.7457142857142856,3.8194444444444446,3.859459459459459,3.913157894736842,3.9743589743589745,4.0275,4.092682926829268,4.164285714285714,4.23953488372093,4.318181818181818,4.386666666666666,4.452173913043478,4.4787234042553195,4.46875,4.440816326530612,4.414,4.3960784313725485,4.359615384615385,4.30754716981132,4.281481481481481,4.285454545454545,4.3374999999999995,4.414035087719298,4.491379310344827,4.58813559322034,4.6816666666666675,4.7901639344262295,4.90483870967742,5.017460317460318,5.1296875,5.233846153846153,5.327272727272728,5.400000000000001,5.48529411764706,5.56376811594203,5.6242857142857146,5.669014084507043,5.691666666666666,5.710958904109589,5.732432432432432,5.744,5.75,5.751948051948053,5.764102564102564,5.773417721518988,5.790000000000001,5.816049382716049,5.841463414634147,5.878313253012048,5.916666666666667,5.970588235294118,6.026744186046511,6.079310344827587,6.122727272727272,6.140449438202247,6.1544444444444455,6.1593406593406606,6.150000000000002,6.155913978494625,6.164893617021277,6.1673684210526325,6.166666666666667,6.1721649484536085,6.175510204081633,6.176767676767678,6.171000000000001,6.156435643564358,6.141176470588237,6.127184466019419,6.122115384615385,6.123809523809523,6.134905660377359,6.158878504672899,6.19351851851852,6.228440366972478,6.257272727272729,6.277477477477478,6.291964285714286,6.299115044247787,6.298245614035087,6.299130434782609,6.302586206896553,6.310256410256411,6.316101694915256,6.336134453781512,6.357500000000001,6.378512396694214,6.39016393442623,6.397560975609756,6.3983870967741945,6.384000000000001,6.362698412698413,6.343307086614174,6.334375,82.75,993.0,8.0,8.0,8.0,8.0,8.0,8.0,8.0,8.0,8.0,8.0,8.0,8.0,8.0,8.0,13.0,41.0,96.0,175.0,269.0,365.0,447.0,503.0,528.0,531.0,531.0,531.0,531.0,531.0,531.0,531.0,531.0,531.0,531.0,531.0,531.0,531.0,531.0,531.0,534.0,534.0,535.0,545.0,559.0,568.0,569.0,570.0,570.0,570.0,570.0,570.0,570.0,570.0,570.0,570.0,570.0,570.0,570.0,570.0,570.0,570.0,570.0,570.0,571.0,632.0,744.0,897.0,1076.0,1264.0,1441.0,1588.0,1692.0,1747.0,1754.0,1754.0,1754.0,1754.0,1754.0,1754.0,1754.0,1754.0,1754.0,1754.0,1754.0,1754.0,1754.0,1754.0,1754.0,1761.0,1771.0,1789.0,1813.0,1836.0,1845.0,1846.0,1846.0,1846.0,1846.0,1846.0,1846.0,1846.0,1846.0,1846.0,1846.0,1846.0,1846.0,1846.0,1846.0,1846.0,1846.0,1846.0,1846.0,1910.0,2031.0,2196.0,2389.0,2593.0,2789.0,2959.0,3087.0,3160.0,3168.0,3168.0,3168.0,3168.0,3168.0,3168.0,3168.0,3168.0,51,February 20,Macon
0.0077808557362575,1.2997605078810688,0.7744471616606333,1.707773670148366,1.707773670148366,0.5115809514553334,1.1231798047702368,4.33160101760361,4.33160101760361,0.5871420300997376,1.410819404805532,3.751446991156117,3.751446991156117,0.6279351377897807,1.4192681396861275,3.343831102061228,3.343831102061228,0.640188275843492,0.567492152943972,13.116666666666667,-0.09284209570941315,0.09284209570941315,193.0432020330369,6.2,5.6,5.366666666666667,4.925,4.78,4.716666666666667,4.714285714285715,4.7125,4.7444444444444445,5.01,5.236363636363636,5.491666666666667,5.730769230769231,5.921428571428572,6.1000000000000005,6.15625,6.211764705882353,6.222222222222223,6.221052631578948,6.194999999999999,6.128571428571428,6.036363636363637,5.913043478260869,5.779166666666666,5.639999999999999,5.526923076923077,5.455555555555555,5.353571428571429,5.244827586206895,5.146666666666666,5.054838709677418,4.9875,4.912121212121212,4.882352941176471,4.848571428571428,4.849999999999999,4.845945945945945,4.852631578947368,4.86153846153846,4.9,4.929268292682926,4.9452380952380945,4.9581395348837205,4.934090909090909,4.906666666666666,4.852173913043478,4.791489361702127,4.73125,4.648979591836734,4.584,4.527450980392157,4.490384615384615,4.450943396226415,4.429629629629629,4.4399999999999995,4.458928571428571,4.491228070175438,4.532758620689655,4.572881355932203,4.6033333333333335,4.614754098360656,4.63548387096774,4.66190476190476,4.684375,4.7153846153846155,4.751515151515151,4.791044776119403,4.833823529411765,4.871014492753623,4.9071428571428575,4.918309859154929,4.905555555555556,4.88082191780822,4.856756756756757,4.838666666666667,4.807894736842106,4.766233766233766,4.742307692307692,4.7392405063291125,4.7700000000000005,4.818518518518519,4.868292682926829,4.932530120481927,4.995238095238095,5.069411764705882,5.148837209302325,5.227586206896551,5.306818181818182,5.380898876404495,5.447777777777778,5.499999999999999,5.561956521739131,5.619354838709679,5.663829787234044,5.696842105263158,5.713541666666667,5.727835051546392,5.743877551020408,5.752525252525253,5.757000000000001,5.75841584158416,5.76764705882353,5.7747572815533985,5.7875,5.807619047619047,5.827358490566038,5.856074766355141,5.886111111111112,5.9284403669724774,5.9727272727272736,6.014414414414414,6.049107142857143,6.063716814159292,6.075438596491228,6.079999999999999,6.073275862068965,6.078632478632479,6.086440677966103,6.089075630252101,6.089166666666667,6.094214876033059,6.097540983606558,6.099186991869918,6.09516129032258,6.0840000000000005,6.072222222222222,6.061417322834647,6.0578125,33.416666666666664,401.0,0.0,0.0,0.0,0.0,0.0,0.0,0.0,0.0,0.0,0.0,0.0,0.0,0.0,0.0,6.0,58.0,153.0,284.0,438.0,598.0,746.0,865.0,944.0,985.0,993.0,993.0,993.0,993.0,993.0,993.0,993.0,993.0,993.0,993.0,993.0,993.0,993.0,993.0,998.0,1026.0,1081.0,1160.0,1254.0,1350.0,1432.0,1488.0,1513.0,1516.0,1516.0,1516.0,1516.0,1516.0,1516.0,1516.0,1516.0,1516.0,1516.0,1516.0,1516.0,1516.0,1516.0,1516.0,1519.0,1519.0,1520.0,1530.0,1544.0,1553.0,1554.0,1555.0,1555.0,1555.0,1555.0,1555.0,1555.0,1555.0,1555.0,1555.0,1555.0,1555.0,1555.0,1555.0,1555.0,1555.0,1555.0,1555.0,1556.0,1617.0,1729.0,1882.0,2061.0,2249.0,2426.0,2573.0,2677.0,2732.0,2739.0,2739.0,2739.0,2739.0,2739.0,2739.0,2739.0,2739.0,2739.0,2739.0,2739.0,2739.0,2739.0,2739.0,2739.0,2746.0,2756.0,2774.0,2798.0,2821.0,2830.0,2831.0,2831.0,2831.0,2831.0,2831.0,2831.0,2831.0,2831.0,2831.0,2831.0,2831.0,52,February 21,Macon
0.0077808557362575,1.2997605078810688,0.7744471616606333,1.707773670148366,1.707773670148366,0.5115809514553334,1.1231798047702368,4.33160101760361,4.33160101760361,0.5871420300997376,1.410819404805532,3.751446991156117,3.751446991156117,0.6279351377897807,1.4192681396861275,3.343831102061228,3.343831102061228,0.640188275843492,0.567492152943972,13.775,-0.13383731561207898,0.13383731561207898,184.3194192377496,4.0,3.35,3.0666666666666664,2.875,2.56,2.4166666666666665,2.2857142857142856,2.325,2.3222222222222224,2.37,2.536363636363636,2.7416666666666667,2.9384615384615387,3.042857142857143,3.1733333333333333,3.3187499999999996,3.4941176470588236,3.7000000000000006,3.926315789473685,4.125,4.309523809523809,4.5181818181818185,4.7,4.8125,4.868,4.8730769230769235,4.874074074074075,4.828571428571428,4.8068965517241375,4.793333333333334,4.790322580645161,4.7875000000000005,4.793939393939395,4.870588235294118,4.945714285714286,5.038888888888889,5.135135135135136,5.221052631578948,5.3076923076923075,5.35,5.392682926829268,5.416666666666667,5.434883720930232,5.440909090909091,5.426666666666667,5.397826086956522,5.351063829787234,5.295833333333333,5.23469387755102,5.184,5.152941176470589,5.1038461538461535,5.049056603773585,4.9981481481481485,4.949090909090909,4.9125000000000005,4.870175438596491,4.853448275862068,4.8338983050847455,4.834999999999999,4.832786885245902,4.837096774193548,4.8428571428571425,4.8671875,4.886153846153847,4.8969696969696965,4.905970149253731,4.891176470588236,4.873913043478261,4.838571428571428,4.798591549295774,4.758333333333334,4.7027397260273975,4.658108108108108,4.618666666666667,4.592105263157895,4.563636363636364,4.547435897435897,4.553164556962026,4.5649999999999995,4.58641975308642,4.614634146341462,4.642168674698795,4.663095238095238,4.670588235294118,4.684883720930232,4.70344827586207,4.719318181818182,4.741573033707865,4.767777777777778,4.7967032967032965,4.828260869565218,4.855913978494624,4.882978723404255,4.891578947368421,4.882291666666666,4.863917525773196,4.845918367346939,4.832323232323232,4.809,4.7772277227722775,4.758823529411765,4.7563106796116505,4.779807692307693,4.817142857142857,4.855660377358491,4.905607476635515,4.95462962962963,5.012844036697247,5.075454545454545,5.1378378378378375,5.200892857142857,5.260176991150442,5.314035087719299,5.356521739130435,5.406896551724138,5.453846153846154,5.490677966101695,5.518487394957984,5.533333333333333,5.546280991735538,5.560655737704919,5.569105691056911,5.574193548387097,5.5767999999999995,5.585714285714285,5.592913385826772,5.6046875,52.583333333333336,631.0,2.0,2.0,2.0,2.0,2.0,2.0,2.0,2.0,2.0,2.0,2.0,2.0,2.0,2.0,10.0,32.0,74.0,137.0,214.0,293.0,357.0,394.0,403.0,403.0,403.0,403.0,403.0,403.0,403.0,403.0,403.0,403.0,403.0,403.0,403.0,403.0,403.0,403.0,409.0,461.0,556.0,687.0,841.0,1001.0,1149.0,1268.0,1347.0,1388.0,1396.0,1396.0,1396.0,1396.0,1396.0,1396.0,1396.0,1396.0,1396.0,1396.0,1396.0,1396.0,1396.0,1396.0,1401.0,1429.0,1484.0,1563.0,1657.0,1753.0,1835.0,1891.0,1916.0,1919.0,1919.0,1919.0,1919.0,1919.0,1919.0,1919.0,1919.0,1919.0,1919.0,1919.0,1919.0,1919.0,1919.0,1919.0,1922.0,1922.0,1923.0,1933.0,1947.0,1956.0,1957.0,1958.0,1958.0,1958.0,1958.0,1958.0,1958.0,1958.0,1958.0,1958.0,1958.0,1958.0,1958.0,1958.0,1958.0,1958.0,1958.0,1958.0,1959.0,2020.0,2132.0,2285.0,2464.0,2652.0,2829.0,2976.0,3080.0,3135.0,3142.0,3142.0,3142.0,3142.0,3142.0,3142.0,3142.0,3142.0,53,February 22,Macon
0.0077808557362575,1.2997605078810688,0.7744471616606333,1.707773670148366,1.707773670148366,0.5115809514553334,1.1231798047702368,4.33160101760361,4.33160101760361,0.5871420300997376,1.410819404805532,3.751446991156117,3.751446991156117,0.6279351377897807,1.4192681396861275,3.343831102061228,3.343831102061228,0.640188275843492,0.567492152943972,12.458333333333332,-0.22979480473759642,0.22979480473759642,163.8996655518395,4.7,4.45,4.2,3.825,3.38,3.0833333333333335,2.914285714285714,2.7125000000000004,2.677777777777778,2.69,2.9181818181818184,3.1833333333333336,3.3538461538461544,3.442857142857144,3.540000000000001,3.6500000000000004,3.829411764705883,4.033333333333334,4.210526315789474,4.325,4.466666666666667,4.581818181818182,4.665217391304348,4.704166666666667,4.675999999999999,4.6,4.522222222222222,4.442857142857143,4.334482758620689,4.246666666666667,4.1580645161290315,4.109375,4.054545454545455,4.017647058823529,4.022857142857141,4.049999999999999,4.083783783783782,4.092105263157893,4.115384615384614,4.15,4.202439024390244,4.273809523809523,4.360465116279069,4.44090909090909,4.519999999999999,4.615217391304347,4.702127659574468,4.758333333333334,4.787755102040816,4.791999999999999,4.794117647058823,4.771153846153846,4.760377358490564,4.753703703703702,4.752727272727272,4.751785714285715,4.756140350877193,4.801724137931034,4.847457627118643,4.904999999999999,4.965573770491803,5.0209677419354835,5.0777777777777775,5.1078125,5.138461538461538,5.157575757575757,5.173134328358207,5.180882352941175,5.175362318840579,5.16,5.132394366197182,5.098611111111111,5.060273972602739,5.028378378378378,5.009333333333333,4.977631578947368,4.941558441558442,4.907692307692308,4.874683544303798,4.85,4.820987654320987,4.809756097560975,4.796385542168674,4.797619047619047,4.796470588235294,4.8,4.804597701149425,4.822727272727272,4.837078651685393,4.8455555555555545,4.852747252747252,4.842391304347825,4.8301075268817195,4.804255319148936,4.774736842105263,4.744791666666667,4.703092783505155,4.669387755102041,4.63939393939394,4.619,4.597029702970296,4.584313725490197,4.588349514563107,4.5971153846153845,4.613333333333333,4.634905660377358,4.65607476635514,4.672222222222222,4.677981651376147,4.6890909090909085,4.703603603603605,4.716071428571429,4.7336283185840715,4.754385964912282,4.7773913043478275,4.802586206896553,4.824786324786326,4.8466101694915285,4.853781512605044,4.846666666666667,4.832231404958678,4.818032786885247,4.807317073170733,4.788709677419356,4.763200000000001,4.7484126984127,4.746456692913388,4.765625,74.5,894.0,8.0,8.0,8.0,8.0,8.0,8.0,8.0,8.0,8.0,8.0,8.0,8.0,8.0,8.0,18.0,51.0,113.0,203.0,311.0,422.0,519.0,589.0,626.0,637.0,639.0,639.0,639.0,639.0,639.0,639.0,639.0,639.0,639.0,639.0,639.0,639.0,639.0,639.0,647.0,669.0,711.0,774.0,851.0,930.0,994.0,1031.0,1040.0,1040.0,1040.0,1040.0,1040.0,1040.0,1040.0,1040.0,1040.0,1040.0,1040.0,1040.0,1040.0,1040.0,1040.0,1040.0,1046.0,1098.0,1193.0,1324.0,1478.0,1638.0,1786.0,1905.0,1984.0,2025.0,2033.0,2033.0,2033.0,2033.0,2033.0,2033.0,2033.0,2033.0,2033.0,2033.0,2033.0,2033.0,2033.0,2033.0,2038.0,2066.0,2121.0,2200.0,2294.0,2390.0,2472.0,2528.0,2553.0,2556.0,2556.0,2556.0,2556.0,2556.0,2556.0,2556.0,2556.0,2556.0,2556.0,2556.0,2556.0,2556.0,2556.0,2556.0,2559.0,2559.0,2560.0,2570.0,2584.0,2593.0,2594.0,2595.0,2595.0,2595.0,2595.0,2595.0,2595.0,2595.0,2595.0,2595.0,2595.0,2595.0,54,February 23,Macon
0.0077808557362575,1.2997605078810688,0.7744471616606333,1.707773670148366,1.707773670148366,0.5115809514553334,1.1231798047702368,4.33160101760361,4.33160101760361,0.5871420300997376,1.410819404805532,3.751446991156117,3.751446991156117,0.6279351377897807,1.4192681396861275,3.343831102061228,3.343831102061228,0.640188275843492,0.567492152943972,5.791666666666666,-0.627576134581057,0.627576134581057,79.25179856115109,11.1,10.45,9.933333333333335,9.4,8.82,8.533333333333333,8.557142857142857,8.6,8.555555555555555,8.559999999999999,8.58181818181818,8.475,8.338461538461539,8.278571428571428,8.313333333333333,8.31875,8.323529411764707,8.327777777777778,8.284210526315789,8.255,8.233333333333334,8.172727272727274,8.117391304347827,8.008333333333333,7.876,7.734615384615386,7.5851851851851855,7.410714285714287,7.210344827586208,7.023333333333335,6.858064516129033,6.684375000000001,6.554545454545455,6.444117647058824,6.408571428571429,6.400000000000001,6.372972972972974,6.326315789473685,6.28974358974359,6.265000000000001,6.275609756097562,6.3047619047619055,6.330232558139536,6.33409090909091,6.355555555555555,6.369565217391305,6.372340425531915,6.35625,6.308163265306123,6.236000000000001,6.162745098039216,6.088461538461539,5.998113207547171,5.9185185185185185,5.838181818181819,5.7803571428571425,5.719298245614035,5.6689655172413795,5.64406779661017,5.633333333333334,5.6278688524590175,5.608064516129033,5.598412698412699,5.596875,5.607692307692307,5.631818181818184,5.667164179104478,5.7,5.733333333333333,5.778571428571429,5.819718309859156,5.841666666666667,5.846575342465753,5.835135135135135,5.8226666666666675,5.7934210526315795,5.772727272727273,5.755128205128206,5.7417721518987355,5.72875,5.719753086419754,5.740243902439025,5.76144578313253,5.791666666666667,5.824705882352942,5.854651162790699,5.886206896551724,5.898863636363635,5.912359550561797,5.917777777777778,5.92087912087912,5.918478260869564,5.906451612903226,5.88723404255319,5.858947368421052,5.826041666666666,5.789690721649484,5.758163265306123,5.736363636363636,5.704999999999999,5.67029702970297,5.637254901960785,5.604854368932039,5.578846153846154,5.5495238095238095,5.533962264150944,5.516822429906542,5.51111111111111,5.503669724770641,5.499999999999999,5.4972972972972975,5.505357142857143,5.510619469026548,5.511403508771929,5.511304347826086,5.497413793103448,5.482051282051281,5.45593220338983,5.426890756302521,5.3975,5.358677685950413,5.326229508196721,5.296747967479675,5.2749999999999995,5.251999999999999,5.2365079365079366,5.234645669291338,5.23671875,116.16666666666667,1394.0,20.0,20.0,20.0,20.0,20.0,20.0,20.0,20.0,20.0,20.0,20.0,20.0,20.0,20.0,32.0,79.0,164.0,282.0,422.0,568.0,702.0,807.0,874.0,906.0,914.0,914.0,914.0,914.0,914.0,914.0,914.0,914.0,914.0,914.0,914.0,914.0,914.0,914.0,924.0,957.0,1019.0,1109.0,1217.0,1328.0,1425.0,1495.0,1532.0,1543.0,1545.0,1545.0,1545.0,1545.0,1545.0,1545.0,1545.0,1545.0,1545.0,1545.0,1545.0,1545.0,1545.0,1545.0,1553.0,1575.0,1617.0,1680.0,1757.0,1836.0,1900.0,1937.0,1946.0,1946.0,1946.0,1946.0,1946.0,1946.0,1946.0,1946.0,1946.0,1946.0,1946.0,1946.0,1946.0,1946.0,1946.0,1946.0,1952.0,2004.0,2099.0,2230.0,2384.0,2544.0,2692.0,2811.0,2890.0,2931.0,2939.0,2939.0,2939.0,2939.0,2939.0,2939.0,2939.0,2939.0,2939.0,2939.0,2939.0,2939.0,2939.0,2939.0,2944.0,2972.0,3027.0,3106.0,3200.0,3296.0,3378.0,3434.0,3459.0,3462.0,3462.0,3462.0,3462.0,3462.0,3462.0,3462.0,3462.0,3462.0,55,February 24,Macon
0.0077808557362575,1.2997605078810688,0.7744471616606333,1.707773670148366,1.707773670148366,0.5115809514553334,1.1231798047702368,4.33160101760361,4.33160101760361,0.5871420300997376,1.410819404805532,3.751446991156117,3.751446991156117,0.6279351377897807,1.4192681396861275,3.343831102061228,3.343831102061228,0.640188275843492,0.567492152943972,13.225,-0.09372912432309553,0.09372912432309553,192.85444234404528,2.2,2.1,2.0,2.05,2.16,2.5,2.857142857142857,3.1999999999999997,3.522222222222222,3.9400000000000004,4.5181818181818185,5.1000000000000005,5.7153846153846155,6.314285714285715,6.819999999999999,7.2625,7.641176470588236,8.011111111111111,8.394736842105264,8.7,8.99047619047619,9.272727272727272,9.526086956521738,9.654166666666667,9.712,9.715384615384615,9.685185185185185,9.617857142857144,9.510344827586207,9.43,9.406451612903227,9.390625,9.354545454545454,9.332352941176469,9.317142857142859,9.261111111111113,9.191891891891892,9.147368421052633,9.13846153846154,9.120000000000001,9.102439024390243,9.085714285714285,9.048837209302325,9.018181818181818,8.99111111111111,8.945652173913043,8.902127659574468,8.83125,8.746938775510204,8.656,8.558823529411764,8.446153846153846,8.316981132075473,8.192592592592591,8.078181818181818,7.957142857142857,7.859649122807019,7.772413793103448,7.728813559322034,7.701666666666667,7.663934426229509,7.614516129032259,7.571428571428571,7.535937500000001,7.523076923076924,7.522727272727273,7.520895522388059,7.505882352941177,7.502898550724638,7.495714285714286,7.481690140845073,7.455555555555555,7.4082191780821915,7.344594594594595,7.28,7.214473684210527,7.137662337662338,7.067948717948719,6.997468354430381,6.9425,6.885185185185186,6.835365853658536,6.8036144578313245,6.7821428571428575,6.764705882352941,6.7372093023255815,6.717241379310346,6.703409090909091,6.698876404494382,6.704444444444445,6.71868131868132,6.731521739130436,6.7451612903225815,6.768085106382981,6.788421052631581,6.794791666666666,6.788659793814433,6.770408163265306,6.751515151515151,6.7200000000000015,6.6950495049504966,6.672549019607844,6.653398058252428,6.634615384615385,6.619047619047619,6.626415094339624,6.634579439252336,6.65,6.667889908256881,6.6836363636363645,6.700900900900901,6.703571428571428,6.7070796460177,6.704385964912281,6.7,6.691379310344828,6.675213675213676,6.653389830508476,6.62436974789916,6.591666666666667,6.556198347107439,6.524590163934426,6.5008130081300814,6.469354838709678,6.4352,6.402380952380953,6.370078740157481,6.342968749999999,30.0,360.0,0.0,0.0,0.0,0.0,0.0,0.0,0.0,0.0,0.0,0.0,0.0,0.0,0.0,0.0,13.0,87.0,216.0,389.0,591.0,803.0,1004.0,1175.0,1301.0,1374.0,1394.0,1394.0,1394.0,1394.0,1394.0,1394.0,1394.0,1394.0,1394.0,1394.0,1394.0,1394.0,1394.0,1394.0,1406.0,1453.0,1538.0,1656.0,1796.0,1942.0,2076.0,2181.0,2248.0,2280.0,2288.0,2288.0,2288.0,2288.0,2288.0,2288.0,2288.0,2288.0,2288.0,2288.0,2288.0,2288.0,2288.0,2288.0,2298.0,2331.0,2393.0,2483.0,2591.0,2702.0,2799.0,2869.0,2906.0,2917.0,2919.0,2919.0,2919.0,2919.0,2919.0,2919.0,2919.0,2919.0,2919.0,2919.0,2919.0,2919.0,2919.0,2919.0,2927.0,2949.0,2991.0,3054.0,3131.0,3210.0,3274.0,3311.0,3320.0,3320.0,3320.0,3320.0,3320.0,3320.0,3320.0,3320.0,3320.0,3320.0,3320.0,3320.0,3320.0,3320.0,3320.0,3320.0,3326.0,3378.0,3473.0,3604.0,3758.0,3918.0,4066.0,4185.0,4264.0,4305.0,4313.0,4313.0,4313.0,4313.0,4313.0,4313.0,4313.0,4313.0,56,February 25,Macon
0.0077808557362575,1.2997605078810688,0.7744471616606333,1.707773670148366,1.707773670148366,0.5115809514553334,1.1231798047702368,4.33160101760361,4.33160101760361,0.5871420300997376,1.410819404805532,3.751446991156117,3.751446991156117,0.6279351377897807,1.4192681396861275,3.343831102061228,3.343831102061228,0.640188275843492,0.567492152943972,14.691666666666665,-0.003375568814264977,0.003375568814264977,212.08167895632442,0.9,1.2,1.5333333333333334,1.9250000000000003,2.64,3.0666666666666664,3.5285714285714285,3.9000000000000004,4.266666666666667,4.61,4.8909090909090915,5.05,5.223076923076923,5.421428571428572,5.6466666666666665,5.80625,5.952941176470589,6.133333333333334,6.1947368421052635,6.15,6.119047619047619,6.090909090909091,6.0260869565217385,5.912499999999999,5.763999999999999,5.619230769230769,5.477777777777778,5.360714285714285,5.26551724137931,5.2299999999999995,5.2225806451612895,5.234375,5.260606060606061,5.33235294117647,5.474285714285714,5.641666666666667,5.843243243243243,6.060526315789472,6.2615384615384615,6.452500000000001,6.629268292682926,6.811904761904761,7.009302325581395,7.179545454545456,7.348888888888888,7.519565217391304,7.680851063829787,7.783333333333334,7.851020408163265,7.89,7.909803921568627,7.907692307692307,7.881132075471698,7.866666666666667,7.881818181818183,7.8999999999999995,7.905263157894737,7.917241379310345,7.932203389830509,7.921666666666667,7.901639344262296,7.895161290322581,7.90952380952381,7.917187500000001,7.924615384615385,7.931818181818183,7.9253731343283595,7.9220588235294125,7.920289855072464,7.905714285714287,7.891549295774649,7.8583333333333325,7.815068493150685,7.766216216216216,7.712,7.646052631578947,7.567532467532468,7.491025641025644,7.4202531645569625,7.34375,7.282716049382715,7.228048780487804,7.203614457831325,7.190476190476191,7.169411764705884,7.1395348837209305,7.113793103448277,7.093181818181819,7.08876404494382,7.093333333333333,7.096703296703297,7.090217391304349,7.092473118279571,7.091489361702129,7.0852631578947385,7.069791666666667,7.038144329896906,6.993877551020408,6.948484848484848,6.902,6.846534653465347,6.79607843137255,6.744660194174758,6.704807692307692,6.662857142857143,6.626415094339622,6.60373831775701,6.588888888888888,6.5770642201834875,6.557272727272728,6.543243243243243,6.533928571428571,6.531858407079646,6.537719298245614,6.550434782608696,6.562068965517242,6.574358974358975,6.594067796610171,6.6117647058823525,6.618333333333333,6.614876033057851,6.601639344262295,6.58780487804878,6.563709677419355,6.5448,6.527777777777778,6.513385826771654,6.49921875,4.25,51.0,0.0,0.0,0.0,0.0,0.0,0.0,0.0,0.0,0.0,0.0,0.0,0.0,0.0,0.0,10.0,27.0,64.0,122.0,194.0,266.0,324.0,356.0,360.0,360.0,360.0,360.0,360.0,360.0,360.0,360.0,360.0,360.0,360.0,360.0,360.0,360.0,360.0,360.0,373.0,447.0,576.0,749.0,951.0,1163.0,1364.0,1535.0,1661.0,1734.0,1754.0,1754.0,1754.0,1754.0,1754.0,1754.0,1754.0,1754.0,1754.0,1754.0,1754.0,1754.0,1754.0,1754.0,1766.0,1813.0,1898.0,2016.0,2156.0,2302.0,2436.0,2541.0,2608.0,2640.0,2648.0,2648.0,2648.0,2648.0,2648.0,2648.0,2648.0,2648.0,2648.0,2648.0,2648.0,2648.0,2648.0,2648.0,2658.0,2691.0,2753.0,2843.0,2951.0,3062.0,3159.0,3229.0,3266.0,3277.0,3279.0,3279.0,3279.0,3279.0,3279.0,3279.0,3279.0,3279.0,3279.0,3279.0,3279.0,3279.0,3279.0,3279.0,3287.0,3309.0,3351.0,3414.0,3491.0,3570.0,3634.0,3671.0,3680.0,3680.0,3680.0,3680.0,3680.0,3680.0,3680.0,3680.0,3680.0,3680.0,57,February 26,Macon
0.0077808557362575,1.2997605078810688,0.7744471616606333,1.707773670148366,1.707773670148366,0.5115809514553334,1.1231798047702368,4.33160101760361,4.33160101760361,0.5871420300997376,1.410819404805532,3.751446991156117,3.751446991156117,0.6279351377897807,1.4192681396861275,3.343831102061228,3.343831102061228,0.640188275843492,0.567492152943972,16.608333333333334,-0.13357465414665634,0.13357465414665634,184.37531359759154,3.8,3.45,3.366666666666667,3.425,3.8199999999999994,4.116666666666667,4.457142857142857,4.75,4.966666666666667,5.130000000000001,5.281818181818182,5.333333333333333,5.507692307692308,5.685714285714285,5.806666666666667,5.91875,6.029411764705882,6.044444444444444,6.031578947368421,5.949999999999999,5.7714285714285705,5.622727272727272,5.482608695652174,5.320833333333334,5.144,5.003846153846154,4.9,4.835714285714286,4.858620689655172,4.87,4.9161290322580635,4.965625,5.033333333333334,5.111764705882353,5.185714285714285,5.230555555555556,5.286486486486487,5.3578947368421055,5.4461538461538455,5.515,5.582926829268294,5.669047619047619,5.706976744186046,5.697727272727272,5.693333333333332,5.689130434782609,5.665957446808511,5.616666666666666,5.546938775510204,5.476,5.403921568627451,5.342307692307694,5.29056603773585,5.270370370370371,5.265454545454546,5.271428571428572,5.2859649122807015,5.3275862068965525,5.411864406779662,5.5133333333333345,5.637704918032788,5.774193548387098,5.903174603174604,6.028125,6.1461538461538465,6.2696969696969695,6.404477611940298,6.523529411764707,6.643478260869566,6.765714285714286,6.883098591549296,6.9625,7.019178082191781,7.056756756756756,7.081333333333333,7.090789473684212,7.083116883116883,7.083333333333333,7.103797468354431,7.126250000000001,7.139506172839505,7.157317073170732,7.17710843373494,7.17857142857143,7.172941176470589,7.176744186046512,7.195402298850575,7.20909090909091,7.222471910112359,7.235555555555556,7.238461538461539,7.2434782608695665,7.249462365591398,7.2457446808510655,7.242105263157895,7.223958333333333,7.197938144329896,7.16734693877551,7.132323232323232,7.088000000000001,7.033663366336634,6.980392156862745,6.931067961165049,6.876923076923077,6.8342857142857145,6.796226415094339,6.781308411214954,6.775,6.7623853211009175,6.742727272727273,6.726126126126126,6.713392857142857,6.713274336283186,6.72017543859649,6.7260869565217405,6.724137931034483,6.72905982905983,6.73135593220339,6.7294117647058815,6.72,6.697520661157023,6.664754098360656,6.630894308943089,6.5959677419354845,6.553599999999999,6.515079365079365,6.475590551181102,6.4453125,45.0,540.0,1.0,1.0,1.0,1.0,1.0,1.0,1.0,1.0,1.0,1.0,1.0,1.0,1.0,1.0,7.0,7.0,7.0,17.0,35.0,50.0,51.0,52.0,52.0,52.0,52.0,52.0,52.0,52.0,52.0,52.0,52.0,52.0,52.0,52.0,52.0,52.0,52.0,52.0,62.0,79.0,116.0,174.0,246.0,318.0,376.0,408.0,412.0,412.0,412.0,412.0,412.0,412.0,412.0,412.0,412.0,412.0,412.0,412.0,412.0,412.0,412.0,412.0,425.0,499.0,628.0,801.0,1003.0,1215.0,1416.0,1587.0,1713.0,1786.0,1806.0,1806.0,1806.0,1806.0,1806.0,1806.0,1806.0,1806.0,1806.0,1806.0,1806.0,1806.0,1806.0,1806.0,1818.0,1865.0,1950.0,2068.0,2208.0,2354.0,2488.0,2593.0,2660.0,2692.0,2700.0,2700.0,2700.0,2700.0,2700.0,2700.0,2700.0,2700.0,2700.0,2700.0,2700.0,2700.0,2700.0,2700.0,2710.0,2743.0,2805.0,2895.0,3003.0,3114.0,3211.0,3281.0,3318.0,3329.0,3331.0,3331.0,3331.0,3331.0,3331.0,3331.0,3331.0,3331.0,58,February 27,Macon
0.0077808557362575,1.2997605078810688,0.7744471616606333,1.707773670148366,1.707773670148366,0.5115809514553334,1.1231798047702368,4.33160101760361,4.33160101760361,0.5871420300997376,1.410819404805532,3.751446991156117,3.751446991156117,0.6279351377897807,1.4192681396861275,3.343831102061228,3.343831102061228,0.640188275843492,0.567492152943972,16.525000000000002,-0.08863497624545497,0.08863497624545497,193.9384770549672,2.3,1.95,1.6333333333333335,1.175,0.76,0.4833333333333332,0.3857142857142857,0.4625,0.48888888888888893,0.57,0.5727272727272728,0.4666666666666666,0.46923076923076923,0.5142857142857141,0.6333333333333333,0.84375,1.0235294117647058,1.1944444444444446,1.336842105263158,1.4700000000000002,1.5666666666666667,1.6772727272727272,1.8086956521739128,1.9291666666666665,2.0039999999999996,2.046153846153846,2.088888888888889,2.142857142857143,2.2551724137931033,2.366666666666666,2.499999999999999,2.6343749999999995,2.757575757575758,2.870588235294117,2.9828571428571427,3.063888888888888,3.186486486486486,3.3131578947368414,3.420512820512821,3.525,3.629268292682927,3.6928571428571426,3.7418604651162792,3.7568181818181827,3.7222222222222228,3.6956521739130435,3.668085106382979,3.625,3.5693877551020408,3.528,3.501960784313726,3.4942307692307697,3.5320754716981133,3.562962962962963,3.6127272727272732,3.664285714285714,3.7263157894736847,3.794827586206897,3.8610169491525426,3.9100000000000006,3.9655737704918037,4.030645161290323,4.106349206349207,4.1703125,4.233846153846153,4.3090909090909095,4.353731343283583,4.367647058823529,4.384057971014494,4.400000000000001,4.4028169014084515,4.387499999999999,4.357534246575343,4.325675675675675,4.292000000000001,4.264473684210526,4.242857142857144,4.242307692307693,4.2518987341772165,4.26875,4.291358024691358,4.332926829268294,4.404819277108434,4.489285714285716,4.590588235294118,4.701162790697676,4.806896551724139,4.910227272727273,5.008988764044944,5.112222222222223,5.224175824175824,5.325000000000001,5.426881720430108,5.530851063829787,5.631578947368421,5.704166666666666,5.7597938144329905,5.801020408163264,5.832323232323232,5.851999999999999,5.858415841584158,5.870588235294117,5.898058252427183,5.926923076923076,5.9485714285714275,5.973584905660377,6.0,6.012037037037037,6.01834862385321,6.031818181818182,6.056756756756756,6.077678571428571,6.0982300884955745,6.118421052631578,6.1304347826086945,6.143965517241378,6.1581196581196584,6.164406779661017,6.170588235294116,6.165,6.15289256198347,6.136885245901639,6.117073170731707,6.089516129032257,6.053599999999999,6.018253968253968,5.985826771653543,5.94921875,43.5,522.0,0.0,0.0,0.0,0.0,0.0,0.0,0.0,0.0,0.0,0.0,0.0,0.0,0.0,0.0,10.0,37.0,91.0,170.0,266.0,365.0,451.0,509.0,535.0,539.0,540.0,540.0,540.0,540.0,540.0,540.0,540.0,540.0,540.0,540.0,540.0,540.0,540.0,540.0,546.0,546.0,546.0,556.0,574.0,589.0,590.0,591.0,591.0,591.0,591.0,591.0,591.0,591.0,591.0,591.0,591.0,591.0,591.0,591.0,591.0,591.0,591.0,591.0,601.0,618.0,655.0,713.0,785.0,857.0,915.0,947.0,951.0,951.0,951.0,951.0,951.0,951.0,951.0,951.0,951.0,951.0,951.0,951.0,951.0,951.0,951.0,951.0,964.0,1038.0,1167.0,1340.0,1542.0,1754.0,1955.0,2126.0,2252.0,2325.0,2345.0,2345.0,2345.0,2345.0,2345.0,2345.0,2345.0,2345.0,2345.0,2345.0,2345.0,2345.0,2345.0,2345.0,2357.0,2404.0,2489.0,2607.0,2747.0,2893.0,3027.0,3132.0,3199.0,3231.0,3239.0,3239.0,3239.0,3239.0,3239.0,3239.0,3239.0,3239.0,59,February 28,Macon
0.0077808557362575,1.2997605078810688,0.7744471616606333,1.707773670148366,1.707773670148366,0.5115809514553334,1.1231798047702368,4.33160101760361,4.33160101760361,0.5871420300997376,1.410819404805532,3.751446991156117,3.751446991156117,0.6279351377897807,1.4192681396861275,3.343831102061228,3.343831102061228,0.640188275843492,0.567492152943972,17.858333333333334,-0.07422838477434865,0.07422838477434865,197.00419972001862,-2.6,-2.6,-2.6333333333333333,-2.5,-2.4400000000000004,-2.5,-2.5285714285714285,-2.525,-2.466666666666667,-2.4400000000000004,-2.4000000000000004,-2.2333333333333334,-2.0000000000000004,-1.7642857142857145,-1.4600000000000002,-1.0875000000000001,-0.7294117647058824,-0.36666666666666664,-0.08947368421052637,0.12499999999999997,0.3428571428571428,0.4772727272727273,0.5521739130434782,0.6208333333333332,0.6879999999999998,0.723076923076923,0.7333333333333334,0.7,0.6448275862068964,0.5933333333333332,0.5677419354838706,0.5812499999999999,0.5848484848484847,0.6058823529411764,0.6057142857142855,0.5694444444444442,0.5675675675675675,0.5815789473684209,0.6256410256410253,0.7099999999999999,0.7878048780487803,0.8666666666666665,0.9372093023255812,1.0068181818181816,1.062222222222222,1.1260869565217388,1.2021276595744679,1.2750000000000001,1.3265306122448983,1.362,1.3980392156862744,1.4403846153846158,1.5150943396226417,1.590740740740741,1.6800000000000002,1.7714285714285711,1.8578947368421053,1.9396551724137931,2.0220338983050845,2.086666666666667,2.1770491803278693,2.2709677419354843,2.3539682539682545,2.4359375,2.5184615384615388,2.5757575757575757,2.623880597014926,2.6500000000000004,2.643478260869566,2.641428571428572,2.6380281690140857,2.6236111111111113,2.6000000000000005,2.5851351351351353,2.5800000000000005,2.5868421052631585,2.624675324675325,2.657692307692308,2.703797468354431,2.75125,2.806172839506173,2.8658536585365857,2.9240963855421693,2.9702380952380953,3.0211764705882347,3.07906976744186,3.144827586206896,3.2022727272727267,3.259550561797752,3.325555555555555,3.3692307692307684,3.390217391304347,3.412903225806451,3.4351063829787227,3.4473684210526305,3.445833333333333,3.432989690721649,3.4183673469387745,3.4020202020202017,3.3899999999999992,3.382178217821781,3.3901960784313716,3.4058252427184463,3.4269230769230767,3.4523809523809526,3.492452830188679,3.5560747663551395,3.6296296296296293,3.716513761467889,3.810909090909091,3.901801801801801,3.9910714285714284,4.076991150442478,4.166666666666667,4.263478260869565,4.351724137931034,4.4410256410256395,4.532203389830507,4.621008403361342,4.6875,4.740495867768595,4.781967213114753,4.815447154471544,4.839516129032257,4.8527999999999984,4.870634920634919,4.900787401574801,4.93203125,47.5,570.0,1.0,1.0,1.0,1.0,1.0,1.0,1.0,1.0,1.0,1.0,1.0,1.0,1.0,1.0,12.0,38.0,89.0,165.0,259.0,357.0,441.0,496.0,520.0,523.0,523.0,523.0,523.0,523.0,523.0,523.0,523.0,523.0,523.0,523.0,523.0,523.0,523.0,523.0,533.0,560.0,614.0,693.0,789.0,888.0,974.0,1032.0,1058.0,1062.0,1063.0,1063.0,1063.0,1063.0,1063.0,1063.0,1063.0,1063.0,1063.0,1063.0,1063.0,1063.0,1063.0,1063.0,1069.0,1069.0,1069.0,1079.0,1097.0,1112.0,1113.0,1114.0,1114.0,1114.0,1114.0,1114.0,1114.0,1114.0,1114.0,1114.0,1114.0,1114.0,1114.0,1114.0,1114.0,1114.0,1114.0,1114.0,1124.0,1141.0,1178.0,1236.0,1308.0,1380.0,1438.0,1470.0,1474.0,1474.0,1474.0,1474.0,1474.0,1474.0,1474.0,1474.0,1474.0,1474.0,1474.0,1474.0,1474.0,1474.0,1474.0,1474.0,1487.0,1561.0,1690.0,1863.0,2065.0,2277.0,2478.0,2649.0,2775.0,2848.0,2868.0,2868.0,2868.0,2868.0,2868.0,2868.0,2868.0,2868.0,60,March 1,Macon
0.0077808557362575,1.2997605078810688,0.7744471616606333,1.707773670148366,1.707773670148366,0.5115809514553334,1.1231798047702368,4.33160101760361,4.33160101760361,0.5871420300997376,1.410819404805532,3.751446991156117,3.751446991156117,0.6279351377897807,1.4192681396861275,3.343831102061228,3.343831102061228,0.640188275843492,0.567492152943972,1.8999999999999984,-0.6172586070439253,0.6172586070439253,81.44736842105269,14.4,14.05,13.733333333333333,13.624999999999998,13.520000000000001,13.316666666666668,13.071428571428571,12.899999999999999,11.255555555555555,10.03,9.127272727272727,8.408333333333333,7.792307692307692,7.321428571428571,6.98,6.737500000000001,6.617647058823529,6.544444444444445,6.415789473684211,6.26,6.09047619047619,5.881818181818181,5.582608695652173,5.2749999999999995,4.96,4.6692307692307695,4.396296296296296,4.164285714285715,3.944827586206897,3.72,3.512903225806452,3.325,3.163636363636364,3.005882352941177,2.862857142857143,2.7722222222222226,2.718918918918919,2.681578947368421,2.684615384615385,2.73,2.785365853658537,2.8571428571428577,2.9046511627906977,2.934090909090909,2.973333333333333,2.9804347826086954,2.963829787234042,2.9479166666666665,2.93469387755102,2.9079999999999995,2.870588235294117,2.8115384615384613,2.7415094339622637,2.6740740740740736,2.6218181818181816,2.5928571428571425,2.5596491228070177,2.5379310344827584,2.5050847457627117,2.4516666666666667,2.419672131147541,2.3983870967741927,2.3968253968253963,2.421875,2.4446153846153846,2.4696969696969693,2.491044776119403,2.513235294117647,2.527536231884058,2.548571428571428,2.5788732394366196,2.6083333333333334,2.6246575342465754,2.631081081081081,2.6386666666666665,2.651315789473684,2.6870129870129866,2.7243589743589745,2.7721518987341773,2.8225,2.8703703703703702,2.915853658536585,2.962650602409638,2.9976190476190476,3.0517647058823525,3.109302325581395,3.1597701149425284,3.210227272727273,3.261797752808988,3.295555555555555,3.323076923076923,3.3347826086956522,3.3225806451612896,3.3138297872340425,3.304210526315789,3.2864583333333335,3.2618556701030927,3.2438775510204074,3.233333333333333,3.2319999999999998,3.254455445544555,3.2735294117647062,3.3029126213592237,3.333653846153846,3.3704761904761904,3.411320754716981,3.451401869158879,3.4824074074074076,3.517431192660551,3.5581818181818186,3.605405405405406,3.6464285714285714,3.687610619469026,3.7359649122807017,3.7669565217391305,3.7801724137931036,3.7948717948717947,3.8093220338983054,3.8159663865546225,3.8116666666666665,3.7983471074380164,3.7836065573770488,3.7674796747967476,3.7548387096774194,3.7456,3.7492063492063497,3.7590551181102363,3.7734375,71.75,861.0,13.0,13.0,13.0,13.0,13.0,13.0,13.0,13.0,13.0,13.0,13.0,13.0,13.0,13.0,24.0,52.0,106.0,188.0,289.0,393.0,483.0,545.0,575.0,582.0,583.0,583.0,583.0,583.0,583.0,583.0,583.0,583.0,583.0,583.0,583.0,583.0,583.0,583.0,594.0,620.0,671.0,747.0,841.0,939.0,1023.0,1078.0,1102.0,1105.0,1105.0,1105.0,1105.0,1105.0,1105.0,1105.0,1105.0,1105.0,1105.0,1105.0,1105.0,1105.0,1105.0,1105.0,1115.0,1142.0,1196.0,1275.0,1371.0,1470.0,1556.0,1614.0,1640.0,1644.0,1645.0,1645.0,1645.0,1645.0,1645.0,1645.0,1645.0,1645.0,1645.0,1645.0,1645.0,1645.0,1645.0,1645.0,1651.0,1651.0,1651.0,1661.0,1679.0,1694.0,1695.0,1696.0,1696.0,1696.0,1696.0,1696.0,1696.0,1696.0,1696.0,1696.0,1696.0,1696.0,1696.0,1696.0,1696.0,1696.0,1696.0,1696.0,1706.0,1723.0,1760.0,1818.0,1890.0,1962.0,2020.0,2052.0,2056.0,2056.0,2056.0,2056.0,2056.0,2056.0,2056.0,2056.0,2056.0,2056.0,61,November 2,Macon
0.0077808557362575,1.2997605078810688,0.7744471616606333,1.707773670148366,1.707773670148366,0.5115809514553334,1.1231798047702368,4.33160101760361,4.33160101760361,0.5871420300997376,1.410819404805532,3.751446991156117,3.751446991156117,0.6279351377897807,1.4192681396861275,3.343831102061228,3.343831102061228,0.640188275843492,0.567492152943972,3.0083333333333364,-0.3173723783142074,0.3173723783142074,145.26315789473668,15.2,14.149999999999999,13.466666666666667,12.8,12.4,12.0,11.900000000000002,12.087499999999999,12.422222222222222,12.67,12.963636363636363,13.141666666666666,13.338461538461537,13.528571428571428,13.74,13.993749999999999,14.276470588235293,14.600000000000001,14.894736842105264,15.160000000000002,15.35714285714286,15.527272727272731,15.617391304347828,15.620833333333332,15.571999999999997,15.5,15.41111111111111,15.335714285714289,15.258620689655173,15.160000000000002,15.045161290322584,14.940625,14.43030303030303,13.976470588235294,13.58,13.216666666666669,12.870270270270273,12.563157894736843,12.2974358974359,12.067499999999999,11.88780487804878,11.730952380952381,11.553488372093023,11.365909090909092,11.173333333333336,10.963043478260872,10.708510638297874,10.447916666666666,10.181632653061225,9.926,9.67843137254902,9.451923076923078,9.232075471698115,9.00925925925926,8.796363636363637,8.594642857142857,8.408771929824562,8.225862068965517,8.052542372881357,7.911666666666667,7.7950819672131155,7.690322580645161,7.612698412698414,7.5640625,7.524615384615384,7.498484848484849,7.459701492537314,7.411764705882353,7.372463768115943,7.314285714285716,7.242253521126761,7.172222222222223,7.105479452054795,7.031081081081082,6.950666666666668,6.856578947368422,6.755844155844157,6.65769230769231,6.570886075949369,6.501250000000001,6.4296296296296305,6.367073170731707,6.297590361445785,6.214285714285715,6.147058823529413,6.088372093023257,6.044827586206898,6.021590909090909,5.997752808988765,5.9766666666666675,5.953846153846155,5.932608695652175,5.9064516129032265,5.886170212765959,5.873684210526317,5.861458333333334,5.840206185567012,5.812244897959184,5.785858585858587,5.764000000000001,5.760396039603961,5.758823529411766,5.766019417475728,5.775961538461539,5.784761904761906,5.79245283018868,5.801869158878507,5.802777777777778,5.819266055045871,5.83909090909091,5.854054054054053,5.869642857142857,5.886725663716814,5.890350877192984,5.889565217391305,5.876724137931035,5.845299145299146,5.816949152542373,5.788235294117647,5.753333333333333,5.713223140495868,5.678688524590164,5.6504065040650415,5.629838709677419,5.6288,5.625396825396825,5.630708661417322,5.637499999999999,32.583333333333336,391.0,0.0,0.0,0.0,0.0,0.0,0.0,0.0,0.0,0.0,0.0,0.0,0.0,0.0,0.0,0.0,18.0,81.0,185.0,317.0,461.0,600.0,717.0,801.0,848.0,861.0,861.0,861.0,861.0,861.0,861.0,861.0,861.0,861.0,861.0,861.0,861.0,861.0,861.0,872.0,900.0,954.0,1036.0,1137.0,1241.0,1331.0,1393.0,1423.0,1430.0,1431.0,1431.0,1431.0,1431.0,1431.0,1431.0,1431.0,1431.0,1431.0,1431.0,1431.0,1431.0,1431.0,1431.0,1442.0,1468.0,1519.0,1595.0,1689.0,1787.0,1871.0,1926.0,1950.0,1953.0,1953.0,1953.0,1953.0,1953.0,1953.0,1953.0,1953.0,1953.0,1953.0,1953.0,1953.0,1953.0,1953.0,1953.0,1963.0,1990.0,2044.0,2123.0,2219.0,2318.0,2404.0,2462.0,2488.0,2492.0,2493.0,2493.0,2493.0,2493.0,2493.0,2493.0,2493.0,2493.0,2493.0,2493.0,2493.0,2493.0,2493.0,2493.0,2499.0,2499.0,2499.0,2509.0,2527.0,2542.0,2543.0,2544.0,2544.0,2544.0,2544.0,2544.0,2544.0,2544.0,2544.0,2544.0,2544.0,2544.0,62,November 3,Macon
0.0077808557362575,1.2997605078810688,0.7744471616606333,1.707773670148366,1.707773670148366,0.5115809514553334,1.1231798047702368,4.33160101760361,4.33160101760361,0.5871420300997376,1.410819404805532,3.751446991156117,3.751446991156117,0.6279351377897807,1.4192681396861275,3.343831102061228,3.343831102061228,0.640188275843492,0.567492152943972,4.841666666666667,-0.5299943059024497,0.5299943059024497,100.01721170395871,12.6,12.55,12.633333333333333,12.825000000000001,13.02,13.066666666666665,13.042857142857143,12.8625,12.711111111111112,12.559999999999999,12.554545454545455,12.691666666666665,12.938461538461537,13.207142857142857,13.440000000000001,13.693750000000001,13.911764705882353,14.083333333333336,14.226315789473688,14.375000000000004,14.514285714285714,14.640909090909092,14.765217391304349,14.841666666666669,14.856000000000003,14.788461538461538,14.68888888888889,14.55,14.420689655172415,14.273333333333335,14.17741935483871,14.153125,14.181818181818182,14.202941176470588,14.251428571428571,14.274999999999999,14.313513513513515,14.357894736842105,14.417948717948716,14.502500000000001,14.607317073170732,14.73809523809524,14.865116279069769,14.986363636363636,15.08222222222222,15.169565217391304,15.221276595744678,15.231249999999998,15.214285714285714,15.184000000000001,15.143137254901962,15.107692307692306,15.069811320754715,15.018518518518517,14.956363636363635,14.898214285714287,14.603508771929825,14.334482758620691,14.09322033898305,13.866666666666667,13.64590163934426,13.445161290322579,13.266666666666664,13.107812500000001,12.97846153846154,12.862121212121211,12.73134328358209,12.592647058823529,12.449275362318838,12.292857142857141,12.1056338028169,11.912500000000001,11.713698630136987,11.520270270270272,11.330666666666668,11.153947368421052,10.980519480519481,10.803846153846154,10.632911392405061,10.46875,10.314814814814817,10.162195121951221,10.015662650602408,9.891666666666666,9.78470588235294,9.686046511627906,9.606896551724136,9.548863636363636,9.497752808988764,9.456666666666667,9.406593406593407,9.35,9.299999999999999,9.236170212765957,9.162105263157894,9.089583333333334,9.019587628865981,8.943877551020408,8.863636363636363,8.773,8.677227722772278,8.583333333333334,8.498058252427183,8.42596153846154,8.352380952380953,8.285849056603775,8.214018691588786,8.131481481481481,8.061467889908258,7.998181818181818,7.946846846846846,7.911607142857143,7.876106194690267,7.842982456140351,7.808695652173913,7.775862068965517,7.739316239316239,7.707627118644067,7.68235294117647,7.657500000000001,7.6256198347107444,7.588524590163935,7.5528455284552845,7.5209677419354835,7.504,7.488888888888888,7.481102362204723,7.475781250000001,58.083333333333336,697.0,6.0,6.0,6.0,6.0,6.0,6.0,6.0,6.0,6.0,6.0,6.0,6.0,6.0,6.0,6.0,22.0,60.0,118.0,189.0,265.0,333.0,379.0,397.0,397.0,397.0,397.0,397.0,397.0,397.0,397.0,397.0,397.0,397.0,397.0,397.0,397.0,397.0,397.0,397.0,415.0,478.0,582.0,714.0,858.0,997.0,1114.0,1198.0,1245.0,1258.0,1258.0,1258.0,1258.0,1258.0,1258.0,1258.0,1258.0,1258.0,1258.0,1258.0,1258.0,1258.0,1258.0,1269.0,1297.0,1351.0,1433.0,1534.0,1638.0,1728.0,1790.0,1820.0,1827.0,1828.0,1828.0,1828.0,1828.0,1828.0,1828.0,1828.0,1828.0,1828.0,1828.0,1828.0,1828.0,1828.0,1828.0,1839.0,1865.0,1916.0,1992.0,2086.0,2184.0,2268.0,2323.0,2347.0,2350.0,2350.0,2350.0,2350.0,2350.0,2350.0,2350.0,2350.0,2350.0,2350.0,2350.0,2350.0,2350.0,2350.0,2350.0,2360.0,2387.0,2441.0,2520.0,2616.0,2715.0,2801.0,2859.0,2885.0,2889.0,2890.0,2890.0,2890.0,2890.0,2890.0,2890.0,2890.0,2890.0,63,November 4,Macon
0.0077808557362575,1.2997605078810688,0.7744471616606333,1.707773670148366,1.707773670148366,0.5115809514553334,1.1231798047702368,4.33160101760361,4.33160101760361,0.5871420300997376,1.410819404805532,3.751446991156117,3.751446991156117,0.6279351377897807,1.4192681396861275,3.343831102061228,3.343831102061228,0.640188275843492,0.567492152943972,10.266666666666664,-0.12693920271457862,0.12693920271457862,185.78733766233768,7.8,7.8,8.033333333333333,8.05,8.12,8.333333333333332,8.6,8.75,8.977777777777778,9.3,9.618181818181817,10.008333333333333,10.50769230769231,10.992857142857146,11.406666666666668,11.762500000000001,12.041176470588237,12.277777777777779,12.473684210526317,12.600000000000001,12.63809523809524,12.604545454545457,12.573913043478262,12.583333333333334,12.583999999999998,12.580769230769231,12.588888888888889,12.617857142857146,12.658620689655173,12.68,12.687096774193549,12.653125,12.618181818181819,12.576470588235296,12.574285714285715,12.619444444444447,12.70810810810811,12.813157894736843,12.912820512820511,13.027500000000003,13.134146341463415,13.226190476190476,13.309302325581394,13.397727272727273,13.484444444444444,13.567391304347824,13.651063829787235,13.7125,13.74285714285714,13.73,13.698039215686272,13.642307692307693,13.588679245283016,13.52222222222222,13.48181818181818,13.480357142857143,13.508771929824562,13.532758620689652,13.572881355932203,13.598333333333333,13.6327868852459,13.670967741935481,13.719047619047618,13.7828125,13.859999999999998,13.954545454545455,14.04776119402985,14.138235294117647,14.213043478260866,14.282857142857143,14.329577464788732,14.348611111111113,14.349315068493148,14.340540540540538,14.323999999999996,14.310526315789472,14.294805194805193,14.26923076923077,14.235443037974685,14.203750000000003,14.004938271604937,13.821951219512194,13.656626506024097,13.5,13.345882352941175,13.204651162790698,13.078160919540233,12.96477272727273,12.871910112359553,12.787777777777777,12.692307692307692,12.590217391304344,12.483870967741936,12.367021276595745,12.226315789473686,12.080208333333333,11.928865979381445,11.78061224489796,11.634343434343435,11.496999999999998,11.361386138613861,11.222549019607841,11.087378640776702,10.95673076923077,10.83333333333333,10.710377358490563,10.591588785046728,10.489814814814814,10.400917431192658,10.318181818181818,10.250450450450453,10.199107142857144,10.153097345132743,10.114912280701754,10.069565217391304,10.018965517241378,9.973504273504274,9.916949152542374,9.852100840336135,9.788333333333332,9.726446280991736,9.65983606557377,9.589430894308943,9.51048387096774,9.427200000000001,9.345238095238095,9.270078740157482,9.205468750000001,17.416666666666668,209.0,0.0,0.0,0.0,0.0,0.0,0.0,0.0,0.0,0.0,0.0,0.0,0.0,0.0,0.0,0.0,15.0,71.0,159.0,269.0,388.0,502.0,597.0,661.0,691.0,697.0,697.0,697.0,697.0,697.0,697.0,697.0,697.0,697.0,697.0,697.0,697.0,697.0,697.0,697.0,713.0,751.0,809.0,880.0,956.0,1024.0,1070.0,1088.0,1088.0,1088.0,1088.0,1088.0,1088.0,1088.0,1088.0,1088.0,1088.0,1088.0,1088.0,1088.0,1088.0,1088.0,1088.0,1088.0,1106.0,1169.0,1273.0,1405.0,1549.0,1688.0,1805.0,1889.0,1936.0,1949.0,1949.0,1949.0,1949.0,1949.0,1949.0,1949.0,1949.0,1949.0,1949.0,1949.0,1949.0,1949.0,1949.0,1960.0,1988.0,2042.0,2124.0,2225.0,2329.0,2419.0,2481.0,2511.0,2518.0,2519.0,2519.0,2519.0,2519.0,2519.0,2519.0,2519.0,2519.0,2519.0,2519.0,2519.0,2519.0,2519.0,2519.0,2530.0,2556.0,2607.0,2683.0,2777.0,2875.0,2959.0,3014.0,3038.0,3041.0,3041.0,3041.0,3041.0,3041.0,3041.0,3041.0,3041.0,3041.0,64,November 5,Macon
0.0077808557362575,1.2997605078810688,0.7744471616606333,1.707773670148366,1.707773670148366,0.5115809514553334,1.1231798047702368,4.33160101760361,4.33160101760361,0.5871420300997376,1.410819404805532,3.751446991156117,3.751446991156117,0.6279351377897807,1.4192681396861275,3.343831102061228,3.343831102061228,0.640188275843492,0.567492152943972,12.225,-0.1055091717022619,0.1055091717022619,190.34764826175868,5.2,5.25,5.066666666666666,5.25,5.319999999999999,5.483333333333333,5.614285714285714,5.637499999999999,5.577777777777778,5.63,5.736363636363635,5.824999999999999,5.953846153846153,6.0857142857142845,6.306666666666667,6.46875,6.629411764705883,6.866666666666666,7.0894736842105255,7.3149999999999995,7.514285714285713,7.659090909090909,7.730434782608696,7.779166666666666,7.78,7.7807692307692315,7.807407407407408,7.817857142857144,7.837931034482758,7.890000000000001,7.964516129032258,8.021875,8.106060606060606,8.226470588235294,8.357142857142858,8.52222222222222,8.737837837837839,8.963157894736844,9.174358974358976,9.372499999999999,9.546341463414633,9.707142857142857,9.853488372093024,9.970454545454546,10.046666666666667,10.08695652173913,10.125531914893617,10.181249999999999,10.230612244897959,10.276,10.325490196078432,10.384615384615385,10.449056603773586,10.501851851851852,10.545454545454545,10.564285714285713,10.580701754385965,10.591379310344827,10.623728813559321,10.683333333333334,10.768852459016394,10.864516129032259,10.957142857142857,11.059375,11.156923076923078,11.245454545454546,11.328358208955226,11.414705882352942,11.500000000000002,11.582857142857144,11.66619718309859,11.734722222222222,11.78219178082192,11.8,11.804,11.790789473684208,11.777922077922078,11.755128205128205,11.749367088607595,11.77,11.811111111111112,11.848780487804877,11.897590361445783,11.935714285714285,11.98,12.02674418604651,12.08045977011494,12.145454545454548,12.220224719101125,12.307777777777776,12.394505494505495,12.479347826086956,12.552688172043013,12.622340425531913,12.674736842105263,12.706249999999999,12.723711340206187,12.733673469387757,12.737373737373739,12.743000000000002,12.746534653465348,12.742156862745098,12.731067961165047,12.721153846153847,12.581904761904763,12.453773584905662,12.338317757009346,12.228703703703705,12.120183486238531,12.02090909090909,11.932432432432435,11.853571428571428,11.790265486725664,11.733333333333333,11.666956521739131,11.594827586206897,11.518803418803417,11.433898305084746,11.329411764705883,11.22,11.105785123966943,10.993442622950822,10.882113821138214,10.77741935483871,10.6736,10.566666666666666,10.46220472440945,10.360937500000002,27.833333333333332,334.0,0.0,0.0,0.0,0.0,0.0,0.0,0.0,0.0,0.0,0.0,0.0,0.0,0.0,0.0,0.0,13.0,40.0,81.0,127.0,168.0,197.0,209.0,209.0,209.0,209.0,209.0,209.0,209.0,209.0,209.0,209.0,209.0,209.0,209.0,209.0,209.0,209.0,209.0,209.0,224.0,280.0,368.0,478.0,597.0,711.0,806.0,870.0,900.0,906.0,906.0,906.0,906.0,906.0,906.0,906.0,906.0,906.0,906.0,906.0,906.0,906.0,906.0,906.0,922.0,960.0,1018.0,1089.0,1165.0,1233.0,1279.0,1297.0,1297.0,1297.0,1297.0,1297.0,1297.0,1297.0,1297.0,1297.0,1297.0,1297.0,1297.0,1297.0,1297.0,1297.0,1297.0,1297.0,1315.0,1378.0,1482.0,1614.0,1758.0,1897.0,2014.0,2098.0,2145.0,2158.0,2158.0,2158.0,2158.0,2158.0,2158.0,2158.0,2158.0,2158.0,2158.0,2158.0,2158.0,2158.0,2158.0,2169.0,2197.0,2251.0,2333.0,2434.0,2538.0,2628.0,2690.0,2720.0,2727.0,2728.0,2728.0,2728.0,2728.0,2728.0,2728.0,2728.0,2728.0,65,November 6,Macon
0.0077808557362575,1.2997605078810688,0.7744471616606333,1.707773670148366,1.707773670148366,0.5115809514553334,1.1231798047702368,4.33160101760361,4.33160101760361,0.5871420300997376,1.410819404805532,3.751446991156117,3.751446991156117,0.6279351377897807,1.4192681396861275,3.343831102061228,3.343831102061228,0.640188275843492,0.567492152943972,9.266666666666666,-0.1577273895169578,0.1577273895169578,179.2356115107914,8.1,8.05,8.266666666666667,8.6,8.56,8.316666666666668,8.057142857142859,7.9,7.800000000000001,7.669999999999999,7.545454545454546,7.433333333333333,7.3769230769230765,7.299999999999999,7.346666666666667,7.4375,7.511764705882353,7.583333333333333,7.663157894736842,7.749999999999998,7.766666666666667,7.745454545454544,7.695652173913042,7.604166666666667,7.508000000000001,7.423076923076924,7.322222222222222,7.267857142857143,7.210344827586207,7.179999999999999,7.154838709677418,7.112500000000001,7.051515151515152,7.023529411764706,7.017142857142857,7.01111111111111,7.024324324324324,7.044736842105264,7.105128205128206,7.15,7.200000000000001,7.288095238095239,7.376744186046511,7.472727272727273,7.562222222222222,7.630434782608697,7.665957446808511,7.691666666666667,7.6938775510204085,7.6960000000000015,7.711764705882354,7.71923076923077,7.7320754716981135,7.7629629629629635,7.807272727272728,7.8428571428571425,7.894736842105264,7.96896551724138,8.05084745762712,8.155,8.291803278688525,8.437096774193549,8.576190476190478,8.709375,8.829230769230769,8.942424242424241,9.047761194029851,9.13529411764706,9.197101449275362,9.235714285714286,9.27323943661972,9.322222222222223,9.367123287671232,9.40945945945946,9.454666666666666,9.506578947368421,9.562337662337663,9.61025641025641,9.651898734177216,9.67625,9.698765432098764,9.717073170731707,9.750602409638555,9.803571428571429,9.875294117647059,9.954651162790698,10.032183908045978,10.117045454545455,10.198876404494381,10.274444444444443,10.346153846153847,10.420652173913044,10.49462365591398,10.567021276595746,10.640000000000002,10.702083333333334,10.748453608247422,10.772448979591838,10.785858585858586,10.786,10.786138613861384,10.778431372549019,10.783495145631067,10.808653846153845,10.849523809523808,10.887735849056602,10.934579439252333,10.973148148148148,11.01651376146789,11.06181818181818,11.11261261261261,11.172321428571427,11.239823008849557,11.31754385964912,11.394782608695651,11.470689655172412,11.53760683760684,11.601694915254235,11.652100840336134,11.685833333333333,11.708264462809918,11.724590163934426,11.73577235772358,11.748387096774193,11.7592,11.763492063492064,11.762204724409449,11.761718750000002,41.916666666666664,503.0,0.0,0.0,0.0,0.0,0.0,0.0,0.0,0.0,0.0,0.0,0.0,0.0,0.0,0.0,0.0,12.0,46.0,101.0,167.0,232.0,286.0,321.0,334.0,334.0,334.0,334.0,334.0,334.0,334.0,334.0,334.0,334.0,334.0,334.0,334.0,334.0,334.0,334.0,334.0,347.0,374.0,415.0,461.0,502.0,531.0,543.0,543.0,543.0,543.0,543.0,543.0,543.0,543.0,543.0,543.0,543.0,543.0,543.0,543.0,543.0,543.0,543.0,543.0,558.0,614.0,702.0,812.0,931.0,1045.0,1140.0,1204.0,1234.0,1240.0,1240.0,1240.0,1240.0,1240.0,1240.0,1240.0,1240.0,1240.0,1240.0,1240.0,1240.0,1240.0,1240.0,1240.0,1256.0,1294.0,1352.0,1423.0,1499.0,1567.0,1613.0,1631.0,1631.0,1631.0,1631.0,1631.0,1631.0,1631.0,1631.0,1631.0,1631.0,1631.0,1631.0,1631.0,1631.0,1631.0,1631.0,1631.0,1649.0,1712.0,1816.0,1948.0,2092.0,2231.0,2348.0,2432.0,2479.0,2492.0,2492.0,2492.0,2492.0,2492.0,2492.0,2492.0,2492.0,66,November 7,Macon
0.0077808557362575,1.2997605078810688,0.7744471616606333,1.707773670148366,1.707773670148366,0.5115809514553334,1.1231798047702368,4.33160101760361,4.33160101760361,0.5871420300997376,1.410819404805532,3.751446991156117,3.751446991156117,0.6279351377897807,1.4192681396861275,3.343831102061228,3.343831102061228,0.640188275843492,0.567492152943972,6.908333333333331,-0.16688963059034775,0.16688963059034775,177.285886610374,14.3,14.05,13.833333333333334,13.100000000000001,12.440000000000001,11.983333333333333,11.87142857142857,11.9375,11.988888888888889,12.129999999999999,12.200000000000001,12.241666666666669,12.207692307692309,12.192857142857147,12.213333333333336,12.21875,12.194117647058825,12.138888888888893,12.073684210526318,11.975000000000003,11.866666666666669,11.77727272727273,11.647826086956524,11.487500000000002,11.352,11.223076923076926,11.12962962962963,11.075000000000001,10.982758620689653,10.853333333333333,10.71290322580645,10.590625,10.481818181818182,10.36470588235294,10.248571428571429,10.136111111111111,10.043243243243243,9.944736842105263,9.894871794871793,9.8675,9.839024390243903,9.814285714285715,9.79767441860465,9.788636363636364,9.751111111111111,9.697826086956523,9.63191489361702,9.545833333333333,9.457142857142857,9.374,9.28235294117647,9.215384615384615,9.147169811320754,9.094444444444445,9.045454545454545,8.987499999999999,8.919298245614035,8.870689655172415,8.835593220338982,8.801666666666666,8.780327868852458,8.764516129032256,8.774603174603174,8.7765625,8.783076923076923,8.815151515151515,8.849253731343282,8.889705882352938,8.927536231884055,8.952857142857141,8.957746478873238,8.956944444444446,8.94109589041096,8.925675675675675,8.919999999999998,8.909210526315789,8.902597402597399,8.908974358974357,8.925316455696201,8.93625,8.959259259259259,8.998780487804877,9.04457831325301,9.107142857142856,9.194117647058821,9.288372093023256,9.379310344827585,9.467045454545454,9.546067415730336,9.621111111111109,9.69120879120879,9.74891304347826,9.78817204301075,9.81063829787234,9.832631578947368,9.863541666666666,9.891752577319586,9.918367346938775,9.947474747474747,9.981999999999998,10.019801980198018,10.051960784313724,10.079611650485438,10.09423076923077,10.107619047619048,10.117924528301884,10.14018691588785,10.177777777777775,10.230275229357797,10.289090909090909,10.34684684684685,10.410714285714286,10.472566371681415,10.52982456140351,10.584347826086956,10.641379310344828,10.6982905982906,10.754237288135593,10.810924369747902,10.859166666666665,10.89504132231405,10.91311475409836,10.922764227642276,10.921774193548389,10.9208,10.913492063492065,10.916535433070868,10.935937500000001,30.583333333333332,367.0,0.0,0.0,0.0,0.0,0.0,0.0,0.0,0.0,0.0,0.0,0.0,0.0,0.0,0.0,0.0,10.0,53.0,123.0,211.0,304.0,389.0,453.0,490.0,503.0,503.0,503.0,503.0,503.0,503.0,503.0,503.0,503.0,503.0,503.0,503.0,503.0,503.0,503.0,503.0,515.0,549.0,604.0,670.0,735.0,789.0,824.0,837.0,837.0,837.0,837.0,837.0,837.0,837.0,837.0,837.0,837.0,837.0,837.0,837.0,837.0,837.0,837.0,837.0,850.0,877.0,918.0,964.0,1005.0,1034.0,1046.0,1046.0,1046.0,1046.0,1046.0,1046.0,1046.0,1046.0,1046.0,1046.0,1046.0,1046.0,1046.0,1046.0,1046.0,1046.0,1046.0,1046.0,1061.0,1117.0,1205.0,1315.0,1434.0,1548.0,1643.0,1707.0,1737.0,1743.0,1743.0,1743.0,1743.0,1743.0,1743.0,1743.0,1743.0,1743.0,1743.0,1743.0,1743.0,1743.0,1743.0,1743.0,1759.0,1797.0,1855.0,1926.0,2002.0,2070.0,2116.0,2134.0,2134.0,2134.0,2134.0,2134.0,2134.0,2134.0,2134.0,2134.0,2134.0,67,November 8,Macon
0.0077808557362575,1.2997605078810688,0.7744471616606333,1.707773670148366,1.707773670148366,0.5115809514553334,1.1231798047702368,4.33160101760361,4.33160101760361,0.5871420300997376,1.410819404805532,3.751446991156117,3.751446991156117,0.6279351377897807,1.4192681396861275,3.343831102061228,3.343831102061228,0.640188275843492,0.567492152943972,4.649999999999999,-0.6201020023176218,0.6201020023176218,80.84229390681007,11.4,11.05,10.633333333333333,10.275,10.0,9.683333333333334,9.5,9.325,9.222222222222221,9.32,9.472727272727274,9.65,9.830769230769231,10.064285714285715,10.233333333333333,10.3875,10.464705882352941,10.544444444444444,10.642105263157896,10.79,10.938095238095238,11.09090909090909,11.243478260869564,11.370833333333332,11.487999999999998,11.576923076923075,11.644444444444444,11.617857142857144,11.555172413793102,11.493333333333334,11.483870967741934,11.512500000000001,11.539393939393939,11.594117647058823,11.631428571428572,11.661111111111111,11.664864864864864,11.673684210526314,11.694871794871794,11.709999999999999,11.712195121951218,11.699999999999998,11.681395348837208,11.645454545454545,11.602222222222222,11.565217391304348,11.506382978723403,11.429166666666665,11.361224489795918,11.293999999999999,11.24313725490196,11.211538461538462,11.158490566037736,11.083333333333334,11.0,10.924999999999999,10.856140350877192,10.781034482758622,10.705084745762711,10.63,10.565573770491802,10.496774193548388,10.457142857142859,10.43125,10.404615384615386,10.38030303030303,10.361194029850747,10.347058823529412,10.314492753623188,10.271428571428572,10.219718309859156,10.154166666666667,10.086301369863016,10.021621621621621,9.950666666666667,9.896052631578948,9.840259740259741,9.794871794871796,9.751898734177216,9.7025,9.645679012345678,9.602439024390243,9.56867469879518,9.535714285714286,9.511764705882353,9.491860465116279,9.49080459770115,9.484090909090908,9.480898876404495,9.496666666666666,9.514285714285714,9.53695652173913,9.558064516129033,9.570212765957447,9.567368421052633,9.560416666666667,9.542268041237113,9.524489795918369,9.514141414141413,9.500000000000002,9.48910891089109,9.488235294117647,9.495145631067961,9.498076923076924,9.51047619047619,9.535849056603775,9.566355140186916,9.610185185185186,9.673394495412847,9.742727272727276,9.809909909909912,9.875,9.933628318584073,9.989473684210529,10.041739130434784,10.084482758620691,10.112820512820516,10.127966101694916,10.142857142857144,10.165,10.18512396694215,10.204098360655738,10.225203252032522,10.250806451612904,10.279200000000001,10.303174603174604,10.323622047244095,10.333593749999999,79.08333333333333,949.0,13.0,13.0,13.0,13.0,13.0,13.0,13.0,13.0,13.0,13.0,13.0,13.0,13.0,13.0,13.0,22.0,56.0,112.0,183.0,256.0,319.0,362.0,380.0,380.0,380.0,380.0,380.0,380.0,380.0,380.0,380.0,380.0,380.0,380.0,380.0,380.0,380.0,380.0,380.0,390.0,433.0,503.0,591.0,684.0,769.0,833.0,870.0,883.0,883.0,883.0,883.0,883.0,883.0,883.0,883.0,883.0,883.0,883.0,883.0,883.0,883.0,883.0,883.0,895.0,929.0,984.0,1050.0,1115.0,1169.0,1204.0,1217.0,1217.0,1217.0,1217.0,1217.0,1217.0,1217.0,1217.0,1217.0,1217.0,1217.0,1217.0,1217.0,1217.0,1217.0,1217.0,1217.0,1230.0,1257.0,1298.0,1344.0,1385.0,1414.0,1426.0,1426.0,1426.0,1426.0,1426.0,1426.0,1426.0,1426.0,1426.0,1426.0,1426.0,1426.0,1426.0,1426.0,1426.0,1426.0,1426.0,1426.0,1441.0,1497.0,1585.0,1695.0,1814.0,1928.0,2023.0,2087.0,2117.0,2123.0,2123.0,2123.0,2123.0,2123.0,2123.0,2123.0,2123.0,68,November 9,Macon
0.0077808557362575,1.2997605078810688,0.7744471616606333,1.707773670148366,1.707773670148366,0.5115809514553334,1.1231798047702368,4.33160101760361,4.33160101760361,0.5871420300997376,1.410819404805532,3.751446991156117,3.751446991156117,0.6279351377897807,1.4192681396861275,3.343831102061228,3.343831102061228,0.640188275843492,0.567492152943972,3.833333333333332,-0.27059496567505703,0.27059496567505703,155.21739130434787,18.4,17.1,15.933333333333332,14.825000000000001,13.939999999999998,13.366666666666665,13.014285714285714,12.662500000000001,12.455555555555556,12.35,12.363636363636362,12.458333333333334,12.653846153846157,12.950000000000001,13.260000000000002,13.56875,13.811764705882352,13.955555555555556,14.04736842105263,14.114999999999998,14.123809523809522,14.077272727272726,14.0,13.904166666666667,13.803999999999998,13.684615384615386,13.540740740740741,13.385714285714286,13.23103448275862,13.06,12.90967741935484,12.759375,12.627272727272727,12.555882352941177,12.511428571428572,12.48611111111111,12.472972972972972,12.489473684210525,12.492307692307692,12.497499999999999,12.478048780487804,12.464285714285714,12.462790697674418,12.488636363636362,12.519999999999998,12.558695652173911,12.602127659574467,12.637500000000001,12.67142857142857,12.693999999999999,12.7078431372549,12.673076923076923,12.618867924528299,12.564814814814813,12.539999999999997,12.537499999999998,12.535087719298245,12.549999999999999,12.55593220338983,12.558333333333334,12.545901639344262,12.537096774193548,12.536507936507936,12.532812499999999,12.52153846153846,12.50151515151515,12.477611940298507,12.442647058823528,12.402898550724638,12.367142857142856,12.316901408450702,12.254166666666666,12.197260273972603,12.14054054054054,12.094666666666665,12.061842105263159,12.014285714285714,11.95128205128205,11.882278481012657,11.81875,11.75925925925926,11.69512195121951,11.63012048192771,11.56547619047619,11.508235294117647,11.44767441860465,11.408045977011493,11.378409090909091,11.348314606741573,11.32,11.295604395604396,11.275,11.240860215053765,11.198936170212766,11.150526315789474,11.091666666666669,11.030927835051546,10.972448979591839,10.909090909090908,10.857999999999999,10.805940594059408,10.761764705882353,10.719417475728157,10.672115384615385,10.619047619047619,10.576415094339623,10.541121495327102,10.506481481481481,10.478899082568807,10.454545454545457,10.445045045045047,10.431250000000002,10.420353982300886,10.424561403508772,10.430434782608696,10.440517241379311,10.449572649572652,10.451694915254238,10.442016806722691,10.429166666666667,10.407438016528927,10.386065573770493,10.370731707317074,10.35241935483871,10.3368,10.329365079365079,10.328346456692916,10.32421875,29.833333333333332,358.0,0.0,0.0,0.0,0.0,0.0,0.0,0.0,0.0,0.0,0.0,0.0,0.0,0.0,0.0,0.0,8.0,73.0,184.0,327.0,486.0,642.0,778.0,879.0,936.0,949.0,949.0,949.0,949.0,949.0,949.0,949.0,949.0,949.0,949.0,949.0,949.0,949.0,949.0,949.0,958.0,992.0,1048.0,1119.0,1192.0,1255.0,1298.0,1316.0,1316.0,1316.0,1316.0,1316.0,1316.0,1316.0,1316.0,1316.0,1316.0,1316.0,1316.0,1316.0,1316.0,1316.0,1316.0,1316.0,1326.0,1369.0,1439.0,1527.0,1620.0,1705.0,1769.0,1806.0,1819.0,1819.0,1819.0,1819.0,1819.0,1819.0,1819.0,1819.0,1819.0,1819.0,1819.0,1819.0,1819.0,1819.0,1819.0,1819.0,1831.0,1865.0,1920.0,1986.0,2051.0,2105.0,2140.0,2153.0,2153.0,2153.0,2153.0,2153.0,2153.0,2153.0,2153.0,2153.0,2153.0,2153.0,2153.0,2153.0,2153.0,2153.0,2153.0,2153.0,2166.0,2193.0,2234.0,2280.0,2321.0,2350.0,2362.0,2362.0,2362.0,2362.0,2362.0,2362.0,2362.0,2362.0,2362.0,2362.0,2362.0,69,November 10,Macon
0.0077808557362575,1.2997605078810688,0.7744471616606333,1.707773670148366,1.707773670148366,0.5115809514553334,1.1231798047702368,4.33160101760361,4.33160101760361,0.5871420300997376,1.410819404805532,3.751446991156117,3.751446991156117,0.6279351377897807,1.4192681396861275,3.343831102061228,3.343831102061228,0.640188275843492,0.567492152943972,5.133333333333338,-0.31075151352407043,0.31075151352407043,146.67207792207782,13.6,12.3,10.966666666666667,10.075,9.4,9.0,8.814285714285713,8.587499999999999,8.444444444444445,8.36,8.281818181818181,8.233333333333333,8.323076923076924,8.507142857142856,8.706666666666669,9.09375,9.523529411764706,9.972222222222221,10.389473684210527,10.770000000000001,11.166666666666666,11.563636363636364,11.895652173913044,12.200000000000001,12.448,12.576923076923077,12.614814814814816,12.575000000000001,12.5,12.433333333333334,12.383870967741935,12.315625,12.26969696969697,12.244117647058824,12.251428571428571,12.286111111111111,12.359459459459458,12.476315789473684,12.607692307692307,12.747499999999999,12.86829268292683,12.952380952380953,13.01627906976744,13.070454545454544,13.09777777777778,13.097826086956522,13.080851063829789,13.052083333333334,13.018367346938778,12.972000000000001,12.909803921568628,12.838461538461537,12.764150943396226,12.677777777777779,12.6,12.519642857142859,12.447368421052634,12.408620689655173,12.384745762711864,12.371666666666666,12.365573770491803,12.37741935483871,12.380952380952381,12.3859375,12.375384615384617,12.368181818181817,12.368656716417911,12.386764705882353,12.408695652173913,12.435714285714285,12.466197183098593,12.491666666666667,12.516438356164386,12.533783783783786,12.545333333333334,12.523684210526316,12.488311688311688,12.452564102564102,12.436708860759493,12.43625,12.435802469135803,12.447560975609758,12.45301204819277,12.455952380952377,12.448235294117646,12.443023255813955,12.443678160919541,12.442045454545456,12.434831460674156,12.421111111111113,12.404395604395605,12.379347826086958,12.350537634408601,12.324468085106384,12.287368421052632,12.240625,12.197938144329894,12.155102040816324,12.120202020202019,12.095,12.058415841584157,12.009803921568627,11.95631067961165,11.906730769230771,11.86,11.809433962264151,11.757943925233644,11.70648148148148,11.660550458715596,11.611818181818183,11.57927927927928,11.554464285714287,11.52920353982301,11.505263157894737,11.484347826086957,11.466379310344829,11.437606837606838,11.402542372881356,11.36218487394958,11.313333333333334,11.262809917355371,11.213934426229507,11.160975609756097,11.117741935483872,11.073599999999999,11.035714285714286,10.999212598425196,10.95859375,45.583333333333336,547.0,2.0,2.0,2.0,2.0,2.0,2.0,2.0,2.0,2.0,2.0,2.0,2.0,2.0,2.0,2.0,8.0,44.0,99.0,165.0,234.0,296.0,341.0,360.0,360.0,360.0,360.0,360.0,360.0,360.0,360.0,360.0,360.0,360.0,360.0,360.0,360.0,360.0,360.0,360.0,368.0,433.0,544.0,687.0,846.0,1002.0,1138.0,1239.0,1296.0,1309.0,1309.0,1309.0,1309.0,1309.0,1309.0,1309.0,1309.0,1309.0,1309.0,1309.0,1309.0,1309.0,1309.0,1309.0,1318.0,1352.0,1408.0,1479.0,1552.0,1615.0,1658.0,1676.0,1676.0,1676.0,1676.0,1676.0,1676.0,1676.0,1676.0,1676.0,1676.0,1676.0,1676.0,1676.0,1676.0,1676.0,1676.0,1676.0,1686.0,1729.0,1799.0,1887.0,1980.0,2065.0,2129.0,2166.0,2179.0,2179.0,2179.0,2179.0,2179.0,2179.0,2179.0,2179.0,2179.0,2179.0,2179.0,2179.0,2179.0,2179.0,2179.0,2179.0,2191.0,2225.0,2280.0,2346.0,2411.0,2465.0,2500.0,2513.0,2513.0,2513.0,2513.0,2513.0,2513.0,2513.0,2513.0,2513.0,2513.0,70,November 11,Macon
0.0077808557362575,1.2997605078810688,0.7744471616606333,1.707773670148366,1.707773670148366,0.5115809514553334,1.1231798047702368,4.33160101760361,4.33160101760361,0.5871420300997376,1.410819404805532,3.751446991156117,3.751446991156117,0.6279351377897807,1.4192681396861275,3.343831102061228,3.343831102061228,0.640188275843492,0.567492152943972,9.983333333333333,-0.0630530834599019,0.0630530834599019,199.38230383973288,7.6,7.05,6.8,6.525,6.26,6.25,6.114285714285715,6.1625000000000005,6.288888888888889,6.5699999999999985,6.872727272727272,7.183333333333333,7.4923076923076914,7.864285714285714,8.213333333333333,8.53125,8.876470588235295,9.261111111111111,9.647368421052633,9.995000000000001,10.309523809523808,10.627272727272727,10.843478260869565,11.025,11.128000000000002,11.123076923076924,11.01851851851852,10.889285714285714,10.744827586206897,10.620000000000001,10.525806451612903,10.415624999999999,10.321212121212122,10.241176470588236,10.162857142857144,10.094444444444443,10.075675675675676,10.09736842105263,10.133333333333333,10.252500000000001,10.402439024390244,10.573809523809524,10.74418604651163,10.909090909090908,11.091111111111111,11.282608695652174,11.451063829787236,11.612499999999999,11.751020408163264,11.832,11.866666666666665,11.859615384615385,11.832075471698113,11.80740740740741,11.790909090909093,11.762500000000001,11.745614035087721,11.739655172413794,11.752542372881356,11.781666666666668,11.834426229508198,11.914516129032261,12.004761904761907,12.1015625,12.187692307692307,12.251515151515152,12.302985074626864,12.348529411764705,12.376811594202898,12.387142857142857,12.385915492957746,12.376388888888888,12.363013698630139,12.34054054054054,12.306666666666665,12.26578947368421,12.222077922077922,12.16923076923077,12.121518987341773,12.071250000000001,12.025925925925927,12.003658536585366,11.991566265060241,11.986904761904762,11.987058823529411,12.0,12.006896551724138,12.01477272727273,12.01123595505618,12.010000000000002,12.014285714285714,12.031521739130437,12.051612903225806,12.075531914893617,12.102105263157895,12.125,12.14742268041237,12.164285714285713,12.176767676767675,12.163999999999998,12.140594059405942,12.116666666666667,12.107766990291262,12.110576923076923,12.113333333333335,12.12547169811321,12.132710280373832,12.137962962962964,12.134862385321101,12.133636363636366,12.136936936936937,12.138392857142858,12.135398230088493,12.12719298245614,12.116521739130434,12.099137931034482,12.078632478632478,12.060169491525423,12.032773109243696,11.9975,11.965289256198345,11.932786885245902,11.906504065040648,11.88790322580645,11.86,11.822222222222221,11.780314960629923,11.741406249999999,14.583333333333334,175.0,0.0,0.0,0.0,0.0,0.0,0.0,0.0,0.0,0.0,0.0,0.0,0.0,0.0,0.0,0.0,5.0,51.0,125.0,216.0,313.0,404.0,478.0,526.0,545.0,547.0,547.0,547.0,547.0,547.0,547.0,547.0,547.0,547.0,547.0,547.0,547.0,547.0,547.0,547.0,553.0,589.0,644.0,710.0,779.0,841.0,886.0,905.0,905.0,905.0,905.0,905.0,905.0,905.0,905.0,905.0,905.0,905.0,905.0,905.0,905.0,905.0,905.0,905.0,913.0,978.0,1089.0,1232.0,1391.0,1547.0,1683.0,1784.0,1841.0,1854.0,1854.0,1854.0,1854.0,1854.0,1854.0,1854.0,1854.0,1854.0,1854.0,1854.0,1854.0,1854.0,1854.0,1854.0,1863.0,1897.0,1953.0,2024.0,2097.0,2160.0,2203.0,2221.0,2221.0,2221.0,2221.0,2221.0,2221.0,2221.0,2221.0,2221.0,2221.0,2221.0,2221.0,2221.0,2221.0,2221.0,2221.0,2221.0,2231.0,2274.0,2344.0,2432.0,2525.0,2610.0,2674.0,2711.0,2724.0,2724.0,2724.0,2724.0,2724.0,2724.0,2724.0,2724.0,2724.0,71,November 12,Macon
0.0077808557362575,1.2997605078810688,0.7744471616606333,1.707773670148366,1.707773670148366,0.5115809514553334,1.1231798047702368,4.33160101760361,4.33160101760361,0.5871420300997376,1.410819404805532,3.751446991156117,3.751446991156117,0.6279351377897807,1.4192681396861275,3.343831102061228,3.343831102061228,0.640188275843492,0.567492152943972,10.383333333333333,-0.19713006432614452,0.19713006432614452,170.85072231139645,9.5,9.85,10.166666666666666,10.149999999999999,10.0,9.883333333333335,9.542857142857144,9.149999999999999,8.833333333333334,8.58,8.399999999999999,8.183333333333334,8.061538461538461,8.014285714285714,8.059999999999999,8.2125,8.38823529411765,8.61111111111111,8.805263157894737,8.97,9.066666666666666,9.113636363636365,9.1,9.1,9.04,8.942307692307692,8.844444444444445,8.732142857142856,8.610344827586207,8.530000000000001,8.425806451612905,8.365625,8.333333333333334,8.355882352941176,8.4,8.461111111111112,8.535135135135135,8.644736842105264,8.75897435897436,8.872499999999999,9.00731707317073,9.169047619047618,9.341860465116277,9.506818181818181,9.664444444444444,9.830434782608695,9.953191489361702,10.0625,10.134693877551019,10.152,10.115686274509804,10.06346153846154,10.0,9.944444444444446,9.903636363636362,9.851785714285715,9.807017543859649,9.76896551724138,9.73050847457627,9.696666666666665,9.691803278688525,9.711290322580643,9.739682539682539,9.8203125,9.921538461538463,10.037878787878787,10.155223880597017,10.270588235294117,10.398550724637682,10.534285714285714,10.656338028169014,10.774999999999999,10.87945205479452,10.945945945945946,10.981333333333332,10.988157894736842,10.980519480519481,10.974358974358974,10.973417721518986,10.963750000000001,10.961728395061728,10.967073170731707,10.985542168674698,11.015476190476189,11.06235294117647,11.129069767441859,11.203448275862067,11.282954545454544,11.355056179775282,11.411111111111111,11.458241758241758,11.501086956521737,11.531182795698923,11.54787234042553,11.55578947368421,11.557291666666666,11.555670103092785,11.546938775510206,11.52929292929293,11.505999999999998,11.48019801980198,11.447058823529414,11.41747572815534,11.385576923076922,11.357142857142858,11.34622641509434,11.342990654205607,11.34537037037037,11.35137614678899,11.367272727272725,11.378378378378379,11.390178571428573,11.392920353982301,11.397368421052633,11.40608695652174,11.425,11.446153846153846,11.470338983050848,11.496638655462187,11.520000000000001,11.54297520661157,11.561475409836067,11.576422764227644,11.570967741935483,11.556799999999999,11.542063492063491,11.539370078740157,11.54609375,40.5,486.0,1.0,1.0,1.0,1.0,1.0,1.0,1.0,1.0,1.0,1.0,1.0,1.0,1.0,1.0,1.0,5.0,28.0,66.0,110.0,147.0,170.0,176.0,176.0,176.0,176.0,176.0,176.0,176.0,176.0,176.0,176.0,176.0,176.0,176.0,176.0,176.0,176.0,176.0,176.0,181.0,227.0,301.0,392.0,489.0,580.0,654.0,702.0,721.0,723.0,723.0,723.0,723.0,723.0,723.0,723.0,723.0,723.0,723.0,723.0,723.0,723.0,723.0,723.0,729.0,765.0,820.0,886.0,955.0,1017.0,1062.0,1081.0,1081.0,1081.0,1081.0,1081.0,1081.0,1081.0,1081.0,1081.0,1081.0,1081.0,1081.0,1081.0,1081.0,1081.0,1081.0,1081.0,1089.0,1154.0,1265.0,1408.0,1567.0,1723.0,1859.0,1960.0,2017.0,2030.0,2030.0,2030.0,2030.0,2030.0,2030.0,2030.0,2030.0,2030.0,2030.0,2030.0,2030.0,2030.0,2030.0,2030.0,2039.0,2073.0,2129.0,2200.0,2273.0,2336.0,2379.0,2397.0,2397.0,2397.0,2397.0,2397.0,2397.0,2397.0,2397.0,2397.0,2397.0,72,November 13,Macon
0.0077808557362575,1.2997605078810688,0.7744471616606333,1.707773670148366,1.707773670148366,0.5115809514553334,1.1231798047702368,4.33160101760361,4.33160101760361,0.5871420300997376,1.410819404805532,3.751446991156117,3.751446991156117,0.6279351377897807,1.4192681396861275,3.343831102061228,3.343831102061228,0.640188275843492,0.567492152943972,15.891666666666666,-0.0034735501575122642,0.0034735501575122642,212.0608285264814,0.9,0.7,0.3666666666666667,0.225,0.06000000000000003,-0.1166666666666666,-0.1714285714285714,0.025000000000000022,0.34444444444444455,0.7700000000000001,1.1363636363636362,1.5416666666666667,1.9384615384615382,2.292857142857143,2.7333333333333334,3.1625,3.5823529411764703,4.0166666666666675,4.415789473684211,4.74,5.0476190476190474,5.304545454545456,5.452173913043478,5.579166666666667,5.736000000000001,5.907692307692307,6.0888888888888895,6.2321428571428585,6.341379310344829,6.44,6.474193548387097,6.471875,6.466666666666667,6.461764705882353,6.465714285714285,6.447222222222222,6.451351351351351,6.476315789473684,6.533333333333333,6.6325,6.743902439024389,6.878571428571428,7.004651162790697,7.120454545454544,7.206666666666665,7.269565217391304,7.302127659574467,7.339583333333334,7.344897959183673,7.327999999999999,7.307843137254901,7.276923076923077,7.237735849056602,7.2185185185185174,7.183636363636362,7.171428571428572,7.173684210526315,7.206896551724138,7.252542372881354,7.308333333333334,7.3721311475409825,7.458064516129032,7.5476190476190474,7.6375,7.741538461538461,7.863636363636363,7.994029850746269,8.120588235294116,8.243478260869564,8.372857142857141,8.474647887323945,8.568055555555556,8.636986301369863,8.66891891891892,8.664000000000001,8.647368421052631,8.622077922077922,8.601282051282052,8.589873417721519,8.570000000000002,8.554320987654322,8.542682926829269,8.530120481927712,8.520238095238094,8.530588235294116,8.55813953488372,8.591954022988507,8.663636363636364,8.750561797752809,8.848888888888888,8.948351648351649,9.046739130434782,9.154838709677417,9.269148936170213,9.373684210526315,9.476041666666665,9.568041237113402,9.631632653061224,9.671717171717171,9.69,9.697029702970296,9.704901960784314,9.716504854368932,9.721153846153847,9.731428571428571,9.747169811320758,9.772897196261685,9.807407407407409,9.855045871559636,9.91818181818182,9.987387387387388,10.060714285714287,10.128318584070799,10.183333333333334,10.231304347826088,10.275862068965518,10.310256410256411,10.333898305084746,10.35042016806723,10.361666666666668,10.370247933884299,10.37295081967213,10.36829268292683,10.358870967741936,10.3472,10.329365079365079,10.314173228346457,10.296875,0.5833333333333334,7.0,0.0,0.0,0.0,0.0,0.0,0.0,0.0,0.0,0.0,0.0,0.0,0.0,0.0,0.0,0.0,3.0,40.0,108.0,196.0,289.0,372.0,434.0,471.0,485.0,486.0,486.0,486.0,486.0,486.0,486.0,486.0,486.0,486.0,486.0,486.0,486.0,486.0,486.0,486.0,490.0,513.0,551.0,595.0,632.0,655.0,661.0,661.0,661.0,661.0,661.0,661.0,661.0,661.0,661.0,661.0,661.0,661.0,661.0,661.0,661.0,661.0,661.0,661.0,666.0,712.0,786.0,877.0,974.0,1065.0,1139.0,1187.0,1206.0,1208.0,1208.0,1208.0,1208.0,1208.0,1208.0,1208.0,1208.0,1208.0,1208.0,1208.0,1208.0,1208.0,1208.0,1208.0,1214.0,1250.0,1305.0,1371.0,1440.0,1502.0,1547.0,1566.0,1566.0,1566.0,1566.0,1566.0,1566.0,1566.0,1566.0,1566.0,1566.0,1566.0,1566.0,1566.0,1566.0,1566.0,1566.0,1566.0,1574.0,1639.0,1750.0,1893.0,2052.0,2208.0,2344.0,2445.0,2502.0,2515.0,2515.0,2515.0,2515.0,2515.0,2515.0,2515.0,2515.0,73,November 14,Macon
0.0077808557362575,1.2997605078810688,0.7744471616606333,1.707773670148366,1.707773670148366,0.5115809514553334,1.1231798047702368,4.33160101760361,4.33160101760361,0.5871420300997376,1.410819404805532,3.751446991156117,3.751446991156117,0.6279351377897807,1.4192681396861275,3.343831102061228,3.343831102061228,0.640188275843492,0.567492152943972,9.341666666666667,0.032325461289262426,0.032325461289262426,219.67885816235506,3.3,2.75,2.1999999999999997,1.75,1.3800000000000001,1.1166666666666667,0.8285714285714286,0.7375,0.7777777777777778,0.8100000000000002,0.8272727272727274,0.8833333333333334,1.0615384615384615,1.2500000000000002,1.4800000000000002,1.775,2.0294117647058822,2.288888888888889,2.436842105263158,2.54,2.5809523809523807,2.5727272727272728,2.5391304347826087,2.4958333333333336,2.432,2.3576923076923078,2.2592592592592595,2.1714285714285713,2.075862068965517,1.9733333333333332,1.8935483870967742,1.878125,1.9090909090909092,1.9882352941176469,2.068571428571429,2.177777777777778,2.3000000000000003,2.421052631578947,2.5871794871794873,2.7625,2.946341463414634,3.147619047619048,3.344186046511628,3.5159090909090907,3.686666666666667,3.8391304347826085,3.942553191489362,4.0375000000000005,4.148979591836735,4.27,4.398039215686274,4.5076923076923086,4.6000000000000005,4.687037037037038,4.738181818181818,4.767857142857143,4.794736842105263,4.820689655172414,4.850847457627119,4.866666666666666,4.895081967213115,4.935483870967742,4.995238095238095,5.081250000000001,5.1753846153846155,5.284848484848485,5.389552238805971,5.488235294117648,5.568115942028984,5.6328571428571435,5.677464788732394,5.725,5.750684931506849,5.76081081081081,5.768000000000001,5.7671052631578945,5.759740259740259,5.765384615384615,5.759493670886076,5.76875,5.787654320987654,5.828048780487805,5.877108433734939,5.933333333333334,5.995294117647059,6.073255813953488,6.154022988505747,6.235227272727273,6.326966292134831,6.432222222222222,6.543956043956046,6.653260869565218,6.7602150537634405,6.872340425531914,6.96421052631579,7.050000000000001,7.117525773195876,7.157142857142857,7.16868686868687,7.171,7.166336633663367,7.164705882352941,7.169902912621359,7.168269230769231,7.169523809523809,7.173584905660379,7.176635514018693,7.181481481481482,7.201834862385322,7.235454545454545,7.273873873873875,7.341964285714285,7.42212389380531,7.511403508771929,7.601739130434783,7.691379310344828,7.788888888888889,7.891525423728813,7.986554621848739,8.08,8.165289256198346,8.227868852459016,8.271544715447154,8.29758064516129,8.314400000000001,8.33174603174603,8.351968503937009,8.36640625,31.75,381.0,0.0,0.0,0.0,0.0,0.0,0.0,0.0,0.0,0.0,0.0,0.0,0.0,0.0,0.0,0.0,2.0,2.0,3.0,4.0,5.0,6.0,7.0,7.0,7.0,7.0,7.0,7.0,7.0,7.0,7.0,7.0,7.0,7.0,7.0,7.0,7.0,7.0,7.0,7.0,10.0,47.0,115.0,203.0,296.0,379.0,441.0,478.0,492.0,493.0,493.0,493.0,493.0,493.0,493.0,493.0,493.0,493.0,493.0,493.0,493.0,493.0,493.0,493.0,497.0,520.0,558.0,602.0,639.0,662.0,668.0,668.0,668.0,668.0,668.0,668.0,668.0,668.0,668.0,668.0,668.0,668.0,668.0,668.0,668.0,668.0,668.0,668.0,673.0,719.0,793.0,884.0,981.0,1072.0,1146.0,1194.0,1213.0,1215.0,1215.0,1215.0,1215.0,1215.0,1215.0,1215.0,1215.0,1215.0,1215.0,1215.0,1215.0,1215.0,1215.0,1215.0,1221.0,1257.0,1312.0,1378.0,1447.0,1509.0,1554.0,1573.0,1573.0,1573.0,1573.0,1573.0,1573.0,1573.0,1573.0,1573.0,1573.0,74,November 15,Macon
0.0077808557362575,1.2997605078810688,0.7744471616606333,1.707773670148366,1.707773670148366,0.5115809514553334,1.1231798047702368,4.33160101760361,4.33160101760361,0.5871420300997376,1.410819404805532,3.751446991156117,3.751446991156117,0.6279351377897807,1.4192681396861275,3.343831102061228,3.343831102061228,0.640188275843492,0.567492152943972,6.866666666666667,-0.007911161398642515,0.007911161398642515,211.11650485436888,5.8,5.05,4.5,4.2250000000000005,3.9400000000000004,3.8000000000000003,3.7285714285714286,3.8249999999999997,4.066666666666666,4.279999999999999,4.572727272727271,4.9833333333333325,5.461538461538461,6.007142857142857,6.54,7.018750000000001,7.364705882352941,7.633333333333334,7.821052631578948,7.94,8.01904761904762,8.013636363636365,7.9434782608695675,7.820833333333333,7.64,7.430769230769231,7.196296296296297,6.953571428571429,6.710344827586208,6.480000000000001,6.241935483870969,6.05,5.8999999999999995,5.758823529411765,5.622857142857144,5.508333333333335,5.445945945945947,5.4,5.382051282051283,5.4025,5.419512195121952,5.450000000000001,5.44186046511628,5.420454545454546,5.3755555555555565,5.310869565217392,5.236170212765958,5.158333333333333,5.071428571428571,4.98,4.876470588235295,4.778846153846154,4.677358490566038,4.572222222222223,4.480000000000001,4.425,4.398245614035088,4.401724137931034,4.408474576271187,4.4350000000000005,4.472131147540983,4.511290322580645,4.5809523809523816,4.659375,4.746153846153846,4.846969696969698,4.947761194029851,5.035294117647059,5.124637681159419,5.204285714285715,5.253521126760563,5.298611111111111,5.3561643835616435,5.421621621621623,5.493333333333333,5.553947368421053,5.603896103896104,5.651282051282052,5.674683544303798,5.68375,5.691358024691358,5.6987804878048784,5.709638554216867,5.710714285714285,5.721176470588236,5.7406976744186045,5.774712643678161,5.828409090909091,5.888764044943819,5.9611111111111095,6.030769230769229,6.0967391304347816,6.149462365591396,6.191489361702127,6.21894736842105,6.248958333333334,6.262886597938144,6.265306122448979,6.265656565656564,6.259999999999998,6.249504950495048,6.249019607843135,6.239805825242716,6.242307692307692,6.252380952380952,6.279245283018867,6.313084112149531,6.352777777777777,6.397247706422018,6.454545454545453,6.5144144144144125,6.575,6.644247787610619,6.724561403508771,6.810434782608694,6.894827586206894,6.977777777777776,7.065254237288135,7.136974789915965,7.204166666666667,7.257024793388429,7.287704918032786,7.2959349593495935,7.296774193548385,7.291999999999998,7.289682539682539,7.29291338582677,7.290625,35.666666666666664,428.0,0.0,0.0,0.0,0.0,0.0,0.0,0.0,0.0,0.0,0.0,0.0,0.0,0.0,0.0,0.0,1.0,38.0,93.0,160.0,233.0,302.0,354.0,380.0,381.0,381.0,381.0,381.0,381.0,381.0,381.0,381.0,381.0,381.0,381.0,381.0,381.0,381.0,381.0,381.0,383.0,383.0,384.0,385.0,386.0,387.0,388.0,388.0,388.0,388.0,388.0,388.0,388.0,388.0,388.0,388.0,388.0,388.0,388.0,388.0,388.0,388.0,388.0,388.0,391.0,428.0,496.0,584.0,677.0,760.0,822.0,859.0,873.0,874.0,874.0,874.0,874.0,874.0,874.0,874.0,874.0,874.0,874.0,874.0,874.0,874.0,874.0,874.0,878.0,901.0,939.0,983.0,1020.0,1043.0,1049.0,1049.0,1049.0,1049.0,1049.0,1049.0,1049.0,1049.0,1049.0,1049.0,1049.0,1049.0,1049.0,1049.0,1049.0,1049.0,1049.0,1049.0,1054.0,1100.0,1174.0,1265.0,1362.0,1453.0,1527.0,1575.0,1594.0,1596.0,1596.0,1596.0,1596.0,1596.0,1596.0,1596.0,1596.0,75,November 16,Macon
0.0077808557362575,1.2997605078810688,0.7744471616606333,1.707773670148366,1.707773670148366,0.5115809514553334,1.1231798047702368,4.33160101760361,4.33160101760361,0.5871420300997376,1.410819404805532,3.751446991156117,3.751446991156117,0.6279351377897807,1.4192681396861275,3.343831102061228,3.343831102061228,0.640188275843492,0.567492152943972,8.174999999999999,-0.2665628137622342,0.2665628137622342,156.07543323139657,9.4,9.350000000000001,9.533333333333333,9.775,10.06,10.3,10.62857142857143,10.962499999999999,11.377777777777778,11.77,12.090909090909092,12.358333333333334,12.615384615384617,12.835714285714287,13.0,13.14375,13.252941176470587,13.333333333333336,13.363157894736844,13.329999999999998,13.219047619047618,13.095454545454544,12.939130434782607,12.745833333333332,12.468,12.153846153846153,11.829629629629629,11.528571428571428,11.22758620689655,10.956666666666667,10.709677419354838,10.515625,10.378787878787879,10.255882352941176,10.177142857142856,10.158333333333333,10.186486486486485,10.263157894736842,10.35897435897436,10.455000000000002,10.514634146341464,10.554761904761905,10.569767441860463,10.561363636363636,10.54,10.482608695652173,10.395744680851063,10.283333333333333,10.140816326530611,9.982,9.8078431372549,9.626923076923076,9.443396226415093,9.264814814814814,9.079999999999998,8.919642857142858,8.782456140350876,8.65,8.520338983050847,8.403333333333332,8.318032786885244,8.243548387096773,8.187301587301587,8.15625,8.124615384615385,8.1030303030303,8.05820895522388,8.005882352941175,7.939130434782608,7.859999999999998,7.774647887323942,7.6875,7.594520547945205,7.498648648648649,7.394666666666666,7.294736842105261,7.19220779220779,7.087179487179487,6.991139240506328,6.921250000000001,6.871604938271604,6.843902439024389,6.819277108433734,6.809523809523809,6.8082352941176465,6.8093023255813945,6.833333333333333,6.864772727272726,6.903370786516854,6.953333333333333,7.004395604395603,7.046739130434782,7.091397849462366,7.129787234042553,7.146315789473684,7.160416666666666,7.184536082474226,7.215306122448979,7.25151515151515,7.2799999999999985,7.3009900990099,7.320588235294118,7.322330097087378,7.313461538461538,7.303809523809524,7.294339622641509,7.287850467289718,7.274074074074073,7.26788990825688,7.269090909090909,7.28198198198198,7.310714285714285,7.345132743362831,7.389473684210526,7.432173913043478,7.472413793103448,7.5025641025641026,7.524576271186439,7.53529411764706,7.548333333333334,7.548760330578512,7.5401639344262295,7.530081300813007,7.51532258064516,7.4967999999999995,7.4865079365079366,7.469291338582678,7.461718750000001,44.666666666666664,536.0,1.0,1.0,1.0,1.0,1.0,1.0,1.0,1.0,1.0,1.0,1.0,1.0,1.0,1.0,1.0,1.0,40.0,103.0,179.0,256.0,327.0,384.0,419.0,429.0,429.0,429.0,429.0,429.0,429.0,429.0,429.0,429.0,429.0,429.0,429.0,429.0,429.0,429.0,429.0,430.0,467.0,522.0,589.0,662.0,731.0,783.0,809.0,810.0,810.0,810.0,810.0,810.0,810.0,810.0,810.0,810.0,810.0,810.0,810.0,810.0,810.0,810.0,810.0,812.0,812.0,813.0,814.0,815.0,816.0,817.0,817.0,817.0,817.0,817.0,817.0,817.0,817.0,817.0,817.0,817.0,817.0,817.0,817.0,817.0,817.0,817.0,817.0,820.0,857.0,925.0,1013.0,1106.0,1189.0,1251.0,1288.0,1302.0,1303.0,1303.0,1303.0,1303.0,1303.0,1303.0,1303.0,1303.0,1303.0,1303.0,1303.0,1303.0,1303.0,1303.0,1303.0,1307.0,1330.0,1368.0,1412.0,1449.0,1472.0,1478.0,1478.0,1478.0,1478.0,1478.0,1478.0,1478.0,1478.0,1478.0,1478.0,1478.0,76,November 17,Macon
0.0077808557362575,1.2997605078810688,0.7744471616606333,1.707773670148366,1.707773670148366,0.5115809514553334,1.1231798047702368,4.33160101760361,4.33160101760361,0.5871420300997376,1.410819404805532,3.751446991156117,3.751446991156117,0.6279351377897807,1.4192681396861275,3.343831102061228,3.343831102061228,0.640188275843492,0.567492152943972,6.633333333333335,-0.2710852193297315,0.2710852193297315,155.11306532663315,10.8,10.75,10.966666666666669,11.125,11.059999999999999,10.916666666666666,10.599999999999998,10.2625,9.988888888888887,9.76,9.645454545454545,9.674999999999999,9.769230769230768,9.928571428571429,10.08,10.1875,10.294117647058824,10.399999999999999,10.542105263157895,10.64,10.685714285714287,10.772727272727273,10.799999999999999,10.75,10.696000000000002,10.642307692307693,10.614814814814814,10.610714285714284,10.63103448275862,10.66,10.72258064516129,10.803125000000001,10.92121212121212,11.05,11.17142857142857,11.286111111111111,11.405405405405405,11.51842105263158,11.615384615384615,11.7075,11.787804878048782,11.857142857142858,11.904651162790698,11.922727272727274,11.902222222222223,11.871739130434783,11.82127659574468,11.747916666666669,11.626530612244899,11.48,11.32156862745098,11.169230769230769,11.01132075471698,10.864814814814816,10.727272727272727,10.616071428571429,10.535087719298245,10.460344827586209,10.410169491525425,10.395000000000001,10.408196721311477,10.451612903225806,10.50793650793651,10.565624999999999,10.601538461538462,10.625757575757575,10.634328358208954,10.627941176470587,10.613043478260868,10.574285714285713,10.51549295774648,10.438888888888888,10.341095890410957,10.23108108108108,10.109333333333332,9.981578947368419,9.850649350649348,9.721794871794872,9.587341772151898,9.46875,9.365432098765432,9.264634146341463,9.165060240963854,9.073809523809523,9.00470588235294,8.943023255813953,8.894252873563218,8.863636363636363,8.83258426966292,8.80888888888889,8.768131868131867,8.721739130434782,8.664516129032258,8.597872340425532,8.526315789473685,8.453125,8.375257731958762,8.294897959183674,8.208080808080807,8.124,8.037623762376237,7.9490196078431365,7.866990291262136,7.8048076923076914,7.758095238095237,7.728301886792453,7.700934579439252,7.685185185185185,7.676146788990825,7.669090909090909,7.68018018018018,7.697321428571429,7.720353982300884,7.752631578947369,7.786086956521739,7.812931034482758,7.8418803418803416,7.866101694915255,7.873109243697479,7.878333333333333,7.8917355371900815,7.910655737704918,7.934146341463414,7.951612903225806,7.963199999999999,7.973809523809524,7.970078740157481,7.957812499999999,45.75,549.0,1.0,1.0,1.0,1.0,1.0,1.0,1.0,1.0,1.0,1.0,1.0,1.0,1.0,1.0,1.0,1.0,42.0,116.0,209.0,306.0,395.0,467.0,515.0,536.0,537.0,537.0,537.0,537.0,537.0,537.0,537.0,537.0,537.0,537.0,537.0,537.0,537.0,537.0,537.0,537.0,576.0,639.0,715.0,792.0,863.0,920.0,955.0,965.0,965.0,965.0,965.0,965.0,965.0,965.0,965.0,965.0,965.0,965.0,965.0,965.0,965.0,965.0,965.0,966.0,1003.0,1058.0,1125.0,1198.0,1267.0,1319.0,1345.0,1346.0,1346.0,1346.0,1346.0,1346.0,1346.0,1346.0,1346.0,1346.0,1346.0,1346.0,1346.0,1346.0,1346.0,1346.0,1346.0,1348.0,1348.0,1349.0,1350.0,1351.0,1352.0,1353.0,1353.0,1353.0,1353.0,1353.0,1353.0,1353.0,1353.0,1353.0,1353.0,1353.0,1353.0,1353.0,1353.0,1353.0,1353.0,1353.0,1353.0,1356.0,1393.0,1461.0,1549.0,1642.0,1725.0,1787.0,1824.0,1838.0,1839.0,1839.0,1839.0,1839.0,1839.0,1839.0,1839.0,1839.0,77,November 18,Macon
0.0077808557362575,1.2997605078810688,0.7744471616606333,1.707773670148366,1.707773670148366,0.5115809514553334,1.1231798047702368,4.33160101760361,4.33160101760361,0.5871420300997376,1.410819404805532,3.751446991156117,3.751446991156117,0.6279351377897807,1.4192681396861275,3.343831102061228,3.343831102061228,0.640188275843492,0.567492152943972,4.475,-0.333966900491452,0.333966900491452,141.73184357541902,14.0,13.85,13.933333333333332,14.0,13.919999999999998,13.633333333333333,13.471428571428572,13.337499999999999,13.11111111111111,12.98,12.899999999999999,12.933333333333332,13.023076923076921,13.12142857142857,13.246666666666664,13.375,13.441176470588236,13.433333333333334,13.389473684210527,13.395,13.376190476190475,13.309090909090907,13.243478260869566,13.149999999999999,13.056000000000001,12.965384615384615,12.90740740740741,12.860714285714286,12.789655172413797,12.703333333333335,12.574193548387097,12.428125000000001,12.287878787878787,12.152941176470588,12.048571428571428,11.991666666666667,11.962162162162162,11.963157894736844,11.96923076923077,11.965,11.965853658536586,11.971428571428572,11.997674418604653,12.009090909090908,12.000000000000002,12.01304347826087,12.000000000000002,11.950000000000003,11.89795918367347,11.846000000000004,11.807843137254903,11.782692307692312,11.77169811320755,11.766666666666671,11.781818181818187,11.80892857142857,11.859649122807017,11.91896551724138,11.976271186440679,12.031666666666668,12.091803278688527,12.150000000000002,12.200000000000003,12.2484375,12.290769230769232,12.327272727272728,12.350746268656717,12.35588235294118,12.336231884057973,12.310000000000004,12.27042253521127,12.215277777777779,12.127397260273973,12.021621621621621,11.906666666666668,11.794736842105266,11.67792207792208,11.56794871794872,11.463291139240509,11.37625,11.309876543209876,11.247560975609757,11.202409638554217,11.182142857142859,11.182352941176472,11.204651162790698,11.236781609195404,11.270454545454545,11.288764044943822,11.29888888888889,11.297802197802197,11.285869565217391,11.267741935483873,11.231914893617024,11.181052631578948,11.116666666666665,11.036082474226802,10.94591836734694,10.846464646464646,10.741999999999997,10.634653465346531,10.528431372549019,10.41747572815534,10.31826923076923,10.23047619047619,10.144339622641509,10.058878504672897,9.97962962962963,9.917431192660551,9.860909090909091,9.814414414414413,9.782142857142857,9.749557522123894,9.72280701754386,9.682608695652172,9.637931034482758,9.584615384615386,9.523728813559321,9.458823529411763,9.3925,9.322314049586776,9.25,9.172357723577235,9.096774193548388,9.0192,8.939682539682538,8.86535433070866,8.80703125,39.666666666666664,476.0,1.0,1.0,1.0,1.0,1.0,1.0,1.0,1.0,1.0,1.0,1.0,1.0,1.0,1.0,1.0,1.0,41.0,114.0,209.0,312.0,407.0,481.0,528.0,549.0,550.0,550.0,550.0,550.0,550.0,550.0,550.0,550.0,550.0,550.0,550.0,550.0,550.0,550.0,550.0,550.0,591.0,665.0,758.0,855.0,944.0,1016.0,1064.0,1085.0,1086.0,1086.0,1086.0,1086.0,1086.0,1086.0,1086.0,1086.0,1086.0,1086.0,1086.0,1086.0,1086.0,1086.0,1086.0,1086.0,1125.0,1188.0,1264.0,1341.0,1412.0,1469.0,1504.0,1514.0,1514.0,1514.0,1514.0,1514.0,1514.0,1514.0,1514.0,1514.0,1514.0,1514.0,1514.0,1514.0,1514.0,1514.0,1514.0,1515.0,1552.0,1607.0,1674.0,1747.0,1816.0,1868.0,1894.0,1895.0,1895.0,1895.0,1895.0,1895.0,1895.0,1895.0,1895.0,1895.0,1895.0,1895.0,1895.0,1895.0,1895.0,1895.0,1895.0,1897.0,1897.0,1898.0,1899.0,1900.0,1901.0,1902.0,1902.0,1902.0,1902.0,1902.0,1902.0,1902.0,1902.0,1902.0,1902.0,1902.0,78,November 19,Macon
0.0077808557362575,1.2997605078810688,0.7744471616606333,1.707773670148366,1.707773670148366,0.5115809514553334,1.1231798047702368,4.33160101760361,4.33160101760361,0.5871420300997376,1.410819404805532,3.751446991156117,3.751446991156117,0.6279351377897807,1.4192681396861275,3.343831102061228,3.343831102061228,0.640188275843492,0.567492152943972,3.3083333333333336,0.12604401431791054,0.12604401431791054,239.62216624685138,14.6,13.8,13.266666666666666,13.0,12.760000000000002,12.383333333333333,12.042857142857143,11.9,11.822222222222223,11.889999999999999,12.081818181818182,12.375,12.653846153846153,12.878571428571428,13.033333333333331,13.149999999999999,13.223529411764705,13.31111111111111,13.410526315789474,13.565000000000001,13.70952380952381,13.845454545454546,13.908695652173915,13.950000000000001,13.952,13.942307692307692,13.948148148148148,13.957142857142857,13.944827586206898,13.886666666666667,13.841935483870966,13.796875,13.72121212121212,13.664705882352942,13.62,13.61111111111111,13.624324324324323,13.644736842105264,13.679487179487179,13.719999999999999,13.739024390243902,13.72857142857143,13.70232558139535,13.697727272727276,13.682222222222224,13.643478260869566,13.604255319148939,13.549999999999999,13.493877551020411,13.437999999999999,13.398039215686277,13.363461538461543,13.315094339622645,13.25740740740741,13.174545454545456,13.080357142857142,12.987719298245615,12.896551724137932,12.822033898305087,12.775000000000002,12.744262295081969,12.732258064516131,12.723809523809527,12.709375000000001,12.698461538461538,12.690909090909091,12.697014925373137,12.694117647058826,12.678260869565218,12.677142857142856,12.659154929577467,12.616666666666667,12.572602739726028,12.52837837837838,12.493333333333334,12.467105263157896,12.450649350649352,12.438461538461539,12.440506329113925,12.45125,12.479012345679013,12.51341463414634,12.54698795180723,12.579761904761906,12.616470588235293,12.65232558139535,12.682758620689654,12.7125,12.738202247191008,12.760000000000002,12.772527472527472,12.771739130434783,12.752688172043008,12.72872340425532,12.694736842105263,12.648958333333333,12.578350515463917,12.493877551020407,12.402020202020202,12.312000000000001,12.217821782178216,12.128431372549018,12.04271844660194,11.970192307692308,11.913333333333332,11.85943396226415,11.818691588785045,11.79722222222222,11.791743119266055,11.803636363636363,11.823423423423423,11.844642857142857,11.853982300884955,11.857017543859648,11.851304347826085,11.83706896551724,11.817948717948717,11.784745762711866,11.739495798319325,11.683333333333334,11.614049586776858,11.53688524590164,11.4520325203252,11.362903225806452,11.271199999999999,11.18015873015873,11.08503937007874,10.99921875,6.916666666666667,83.0,0.0,0.0,0.0,0.0,0.0,0.0,0.0,0.0,0.0,0.0,0.0,0.0,0.0,0.0,0.0,0.0,37.0,100.0,183.0,275.0,360.0,425.0,463.0,475.0,476.0,476.0,476.0,476.0,476.0,476.0,476.0,476.0,476.0,476.0,476.0,476.0,476.0,476.0,476.0,476.0,516.0,589.0,684.0,787.0,882.0,956.0,1003.0,1024.0,1025.0,1025.0,1025.0,1025.0,1025.0,1025.0,1025.0,1025.0,1025.0,1025.0,1025.0,1025.0,1025.0,1025.0,1025.0,1025.0,1066.0,1140.0,1233.0,1330.0,1419.0,1491.0,1539.0,1560.0,1561.0,1561.0,1561.0,1561.0,1561.0,1561.0,1561.0,1561.0,1561.0,1561.0,1561.0,1561.0,1561.0,1561.0,1561.0,1561.0,1600.0,1663.0,1739.0,1816.0,1887.0,1944.0,1979.0,1989.0,1989.0,1989.0,1989.0,1989.0,1989.0,1989.0,1989.0,1989.0,1989.0,1989.0,1989.0,1989.0,1989.0,1989.0,1989.0,1990.0,2027.0,2082.0,2149.0,2222.0,2291.0,2343.0,2369.0,2370.0,2370.0,2370.0,2370.0,2370.0,2370.0,2370.0,2370.0,2370.0,79,November 20,Macon
0.0077808557362575,1.2997605078810688,0.7744471616606333,1.707773670148366,1.707773670148366,0.5115809514553334,1.1231798047702368,4.33160101760361,4.33160101760361,0.5871420300997376,1.410819404805532,3.751446991156117,3.751446991156117,0.6279351377897807,1.4192681396861275,3.343831102061228,3.343831102061228,0.640188275843492,0.567492152943972,3.716666666666665,-0.6823266124953639,0.6823266124953639,67.60089686098658,13.6,13.35,13.033333333333333,12.525,12.1,11.683333333333332,11.542857142857141,11.612499999999999,11.733333333333333,11.989999999999998,12.19090909090909,12.466666666666667,12.746153846153845,13.035714285714286,13.24,13.4375,13.635294117647058,13.85,14.021052631578948,14.165000000000001,14.323809523809526,14.45,14.53913043478261,14.579166666666666,14.58,14.51923076923077,14.433333333333335,14.35357142857143,14.265517241379312,14.140000000000002,14.006451612903225,13.909375,13.827272727272728,13.78823529411765,13.794285714285715,13.844444444444443,13.902702702702703,13.952631578947367,13.984615384615386,14.007499999999999,14.017073170731708,14.035714285714286,14.06279069767442,14.118181818181817,14.173333333333332,14.228260869565217,14.251063829787235,14.264583333333334,14.259183673469387,14.248000000000001,14.245098039215685,14.244230769230768,14.232075471698112,14.194444444444445,14.163636363636366,14.132142857142856,14.082456140350878,14.043103448275861,14.010169491525424,13.998333333333333,14.0,14.006451612903225,14.022222222222222,14.042187499999999,14.049230769230768,14.037878787878787,14.01641791044776,14.008823529411766,13.994202898550723,13.964285714285714,13.933802816901409,13.893055555555556,13.85068493150685,13.80810810810811,13.775999999999998,13.74736842105263,13.709090909090905,13.664102564102564,13.60126582278481,13.530000000000001,13.459259259259257,13.3890243902439,13.330120481927713,13.290476190476191,13.262352941176474,13.247674418604651,13.235632183908049,13.219318181818183,13.205617977528092,13.194444444444445,13.193406593406593,13.18586956521739,13.168817204301076,13.162765957446808,13.14421052631579,13.107291666666667,13.069072164948453,13.03061224489796,12.9989898989899,12.973999999999998,12.956435643564358,12.942156862745097,12.938834951456311,12.942307692307692,12.959047619047617,12.981132075471699,13.002803738317754,13.024074074074074,13.048623853211009,13.072727272727272,13.092792792792793,13.112499999999999,13.129203539823008,13.142982456140349,13.149565217391302,13.145689655172415,13.127350427350427,13.105084745762712,13.074789915966386,13.035,12.975206611570249,12.904098360655736,12.826829268292684,12.750806451612902,12.6712,12.595238095238095,12.522047244094487,12.459375,76.75,921.0,1.0,1.0,1.0,1.0,1.0,1.0,1.0,1.0,1.0,1.0,1.0,1.0,1.0,1.0,1.0,1.0,19.0,39.0,59.0,75.0,83.0,84.0,84.0,84.0,84.0,84.0,84.0,84.0,84.0,84.0,84.0,84.0,84.0,84.0,84.0,84.0,84.0,84.0,84.0,84.0,121.0,184.0,267.0,359.0,444.0,509.0,547.0,559.0,560.0,560.0,560.0,560.0,560.0,560.0,560.0,560.0,560.0,560.0,560.0,560.0,560.0,560.0,560.0,560.0,600.0,673.0,768.0,871.0,966.0,1040.0,1087.0,1108.0,1109.0,1109.0,1109.0,1109.0,1109.0,1109.0,1109.0,1109.0,1109.0,1109.0,1109.0,1109.0,1109.0,1109.0,1109.0,1109.0,1150.0,1224.0,1317.0,1414.0,1503.0,1575.0,1623.0,1644.0,1645.0,1645.0,1645.0,1645.0,1645.0,1645.0,1645.0,1645.0,1645.0,1645.0,1645.0,1645.0,1645.0,1645.0,1645.0,1645.0,1684.0,1747.0,1823.0,1900.0,1971.0,2028.0,2063.0,2073.0,2073.0,2073.0,2073.0,2073.0,2073.0,2073.0,2073.0,2073.0,80,November 21,Macon
0.0077808557362575,1.2997605078810688,0.7744471616606333,1.707773670148366,1.707773670148366,0.5115809514553334,1.1231798047702368,4.33160101760361,4.33160101760361,0.5871420300997376,1.410819404805532,3.751446991156117,3.751446991156117,0.6279351377897807,1.4192681396861275,3.343831102061228,3.343831102061228,0.640188275843492,0.567492152943972,2.5166666666666657,-0.1381081013792757,0.1381081013792757,183.41059602649014,12.8,12.55,12.700000000000001,13.05,13.279999999999998,13.333333333333334,13.328571428571426,13.1875,13.111111111111109,13.129999999999999,13.181818181818185,13.291666666666666,13.484615384615385,13.721428571428572,13.893333333333334,14.0125,14.129411764705884,14.277777777777779,14.421052631578947,14.505,14.595238095238095,14.704545454545457,14.769565217391307,14.787500000000001,14.740000000000002,14.676923076923078,14.592592592592595,14.464285714285717,14.324137931034484,14.166666666666668,14.054838709677423,13.99375,13.954545454545455,13.964705882352943,13.971428571428572,14.013888888888891,14.07027027027027,14.142105263157891,14.19230769230769,14.247499999999999,14.309756097560976,14.38571428571428,14.448837209302324,14.504545454545452,14.57111111111111,14.626086956521737,14.665957446808509,14.683333333333332,14.681632653061222,14.647999999999998,14.599999999999998,14.553846153846154,14.501886792452831,14.427777777777779,14.347272727272726,14.285714285714283,14.231578947368419,14.20172413793103,14.198305084745762,14.221666666666664,14.250819672131147,14.275806451612901,14.29047619047619,14.3,14.30153846153846,14.309090909090907,14.322388059701492,14.35441176470588,14.38695652173913,14.42,14.432394366197183,14.438888888888888,14.432876712328765,14.422972972972973,14.418666666666665,14.415789473684208,14.405194805194807,14.376923076923076,14.353164556962021,14.32875,14.291358024691359,14.260975609756096,14.234939759036145,14.223809523809521,14.222352941176469,14.22441860465116,14.23333333333333,14.245454545454544,14.248314606741571,14.237777777777776,14.219780219780219,14.211956521739127,14.198924731182792,14.174468085106382,14.149473684210525,14.116666666666667,14.082474226804123,14.04795918367347,14.02121212121212,13.996999999999998,13.965346534653463,13.928431372549017,13.877669902912618,13.82019230769231,13.762857142857143,13.705660377358493,13.657009345794393,13.623148148148145,13.598165137614679,13.583636363636364,13.57117117117117,13.555357142857146,13.541592920353983,13.52982456140351,13.52608695652174,13.517241379310345,13.5008547008547,13.493220338983049,13.475630252100837,13.443333333333333,13.409917355371903,13.376229508196722,13.347967479674796,13.324999999999998,13.308,13.293650793650793,13.288188976377953,13.28828125,23.083333333333332,277.0,0.0,0.0,0.0,0.0,0.0,0.0,0.0,0.0,0.0,0.0,0.0,0.0,0.0,0.0,0.0,0.0,55.0,159.0,297.0,454.0,612.0,753.0,860.0,920.0,921.0,921.0,921.0,921.0,921.0,921.0,921.0,921.0,921.0,921.0,921.0,921.0,921.0,921.0,921.0,921.0,939.0,959.0,979.0,995.0,1003.0,1004.0,1004.0,1004.0,1004.0,1004.0,1004.0,1004.0,1004.0,1004.0,1004.0,1004.0,1004.0,1004.0,1004.0,1004.0,1004.0,1004.0,1004.0,1004.0,1041.0,1104.0,1187.0,1279.0,1364.0,1429.0,1467.0,1479.0,1480.0,1480.0,1480.0,1480.0,1480.0,1480.0,1480.0,1480.0,1480.0,1480.0,1480.0,1480.0,1480.0,1480.0,1480.0,1480.0,1520.0,1593.0,1688.0,1791.0,1886.0,1960.0,2007.0,2028.0,2029.0,2029.0,2029.0,2029.0,2029.0,2029.0,2029.0,2029.0,2029.0,2029.0,2029.0,2029.0,2029.0,2029.0,2029.0,2029.0,2070.0,2144.0,2237.0,2334.0,2423.0,2495.0,2543.0,2564.0,2565.0,2565.0,2565.0,2565.0,2565.0,2565.0,2565.0,2565.0,81,November 22,Macon
0.0077808557362575,1.2997605078810688,0.7744471616606333,1.707773670148366,1.707773670148366,0.5115809514553334,1.1231798047702368,4.33160101760361,4.33160101760361,0.5871420300997376,1.410819404805532,3.751446991156117,3.751446991156117,0.6279351377897807,1.4192681396861275,3.343831102061228,3.343831102061228,0.640188275843492,0.567492152943972,3.783333333333335,-0.5850377595972313,0.5850377595972313,88.3039647577092,13.2,13.2,12.799999999999999,12.8,12.8,12.983333333333334,13.400000000000002,13.662500000000001,14.0,14.329999999999998,14.590909090909092,14.733333333333333,14.915384615384616,15.12857142857143,15.353333333333333,15.55,15.723529411764707,15.866666666666667,15.984210526315788,16.065,16.152380952380955,16.19090909090909,16.204347826086956,16.108333333333334,15.976,15.834615384615384,15.729629629629631,15.671428571428573,15.620689655172416,15.553333333333333,15.480645161290322,15.378125,15.29090909090909,15.23235294117647,15.188571428571432,15.169444444444448,15.186486486486489,15.228947368421053,15.256410256410257,15.27,15.287804878048782,15.323809523809526,15.362790697674422,15.379545454545456,15.402222222222223,15.43695652173913,15.453191489361702,15.447916666666666,15.410204081632656,15.364000000000003,15.305882352941179,15.223076923076926,15.132075471698114,15.02962962962963,14.95090909090909,14.900000000000002,14.861403508771932,14.851724137931036,14.840677966101698,14.851666666666668,14.872131147540985,14.903225806451614,14.92222222222222,14.9453125,14.973846153846155,15.012121212121215,15.043283582089554,15.070588235294117,15.105797101449275,15.134285714285715,15.15352112676056,15.158333333333335,15.150684931506849,15.121621621621625,15.08266666666667,15.044736842105264,15.002597402597404,14.944871794871798,14.882278481012662,14.8325,14.787654320987654,14.759756097560977,14.750602409638557,14.760714285714286,14.77529411764706,14.787209302325582,14.791954022988508,14.793181818181818,14.788764044943822,14.78888888888889,14.793406593406596,14.81195652173913,14.831182795698927,14.851063829787234,14.855789473684213,14.856249999999998,14.847422680412372,14.835714285714287,14.82828282828283,14.822000000000001,14.80990099009901,14.784313725490197,14.7621359223301,14.739423076923078,14.706666666666667,14.679245283018869,14.655140186915888,14.642592592592594,14.637614678899082,14.635454545454547,14.63873873873874,14.644642857142856,14.643362831858408,14.631578947368421,14.613913043478263,14.604310344827587,14.59059829059829,14.567796610169491,14.544537815126052,14.515000000000002,14.484297520661158,14.453278688524591,14.428455284552848,14.405645161290325,14.376800000000001,14.343650793650795,14.299212598425198,14.24921875,54.916666666666664,659.0,0.0,0.0,0.0,0.0,0.0,0.0,0.0,0.0,0.0,0.0,0.0,0.0,0.0,0.0,0.0,0.0,29.0,76.0,132.0,187.0,233.0,264.0,277.0,277.0,277.0,277.0,277.0,277.0,277.0,277.0,277.0,277.0,277.0,277.0,277.0,277.0,277.0,277.0,277.0,277.0,332.0,436.0,574.0,731.0,889.0,1030.0,1137.0,1197.0,1198.0,1198.0,1198.0,1198.0,1198.0,1198.0,1198.0,1198.0,1198.0,1198.0,1198.0,1198.0,1198.0,1198.0,1198.0,1198.0,1216.0,1236.0,1256.0,1272.0,1280.0,1281.0,1281.0,1281.0,1281.0,1281.0,1281.0,1281.0,1281.0,1281.0,1281.0,1281.0,1281.0,1281.0,1281.0,1281.0,1281.0,1281.0,1281.0,1281.0,1318.0,1381.0,1464.0,1556.0,1641.0,1706.0,1744.0,1756.0,1757.0,1757.0,1757.0,1757.0,1757.0,1757.0,1757.0,1757.0,1757.0,1757.0,1757.0,1757.0,1757.0,1757.0,1757.0,1757.0,1797.0,1870.0,1965.0,2068.0,2163.0,2237.0,2284.0,2305.0,2306.0,2306.0,2306.0,2306.0,2306.0,2306.0,2306.0,2306.0,82,November 23,Macon
0.0077808557362575,1.2997605078810688,0.7744471616606333,1.707773670148366,1.707773670148366,0.5115809514553334,1.1231798047702368,4.33160101760361,4.33160101760361,0.5871420300997376,1.410819404805532,3.751446991156117,3.751446991156117,0.6279351377897807,1.4192681396861275,3.343831102061228,3.343831102061228,0.640188275843492,0.567492152943972,10.716666666666667,-0.13367204948607897,0.13367204948607897,184.3545878693624,9.3,9.55,9.500000000000002,9.600000000000001,9.559999999999999,9.516666666666666,9.471428571428572,9.4875,9.555555555555555,9.8,10.08181818181818,10.308333333333335,10.561538461538465,10.821428571428573,11.093333333333335,11.425,11.782352941176471,12.15,12.547368421052633,12.85,13.061904761904762,13.154545454545454,13.221739130434779,13.262500000000001,13.26,13.257692307692308,13.21111111111111,13.19642857142857,13.182758620689654,13.206666666666667,13.293548387096774,13.362499999999999,13.463636363636365,13.576470588235296,13.679999999999998,13.752777777777776,13.843243243243242,13.949999999999998,14.066666666666661,14.1775,14.282926829268291,14.378571428571425,14.465116279069765,14.536363636363633,14.611111111111105,14.663043478260864,14.702127659574465,14.685416666666669,14.646938775510206,14.6,14.56862745098039,14.559615384615382,14.552830188679243,14.535185185185183,14.51272727272727,14.471428571428573,14.436842105263157,14.417241379310346,14.40508474576271,14.406666666666665,14.429508196721308,14.467741935483868,14.496825396825395,14.5171875,14.54,14.574242424242422,14.610447761194028,14.632352941176467,14.65797101449275,14.691428571428569,14.712676056338028,14.719444444444443,14.704109589041094,14.682432432432432,14.652000000000001,14.603947368421053,14.549350649350652,14.48589743589744,14.437974683544308,14.408750000000003,14.387654320987652,14.386585365853659,14.384337349397592,14.397619047619049,14.417647058823531,14.445348837209304,14.464367816091954,14.486363636363638,14.512359550561799,14.545555555555554,14.573626373626373,14.598913043478262,14.630107526881721,14.656382978723405,14.675789473684214,14.684375000000001,14.683505154639175,14.666326530612244,14.641414141414142,14.617000000000003,14.589108910891092,14.549019607843139,14.50485436893204,14.470192307692308,14.43904761904762,14.420754716981131,14.41682242990654,14.427777777777779,14.442201834862388,14.454545454545457,14.461261261261264,14.46517857142857,14.464601769911505,14.467543859649123,14.47391304347826,14.491379310344827,14.509401709401711,14.527966101694917,14.534453781512607,14.5375,14.533057851239668,14.52622950819672,14.522764227642275,14.52016129032258,14.512800000000002,14.494444444444444,14.478740157480317,14.4625,17.583333333333332,211.0,0.0,0.0,0.0,0.0,0.0,0.0,0.0,0.0,0.0,0.0,0.0,0.0,0.0,0.0,0.0,0.0,45.0,128.0,237.0,356.0,469.0,563.0,628.0,659.0,659.0,659.0,659.0,659.0,659.0,659.0,659.0,659.0,659.0,659.0,659.0,659.0,659.0,659.0,659.0,659.0,688.0,735.0,791.0,846.0,892.0,923.0,936.0,936.0,936.0,936.0,936.0,936.0,936.0,936.0,936.0,936.0,936.0,936.0,936.0,936.0,936.0,936.0,936.0,936.0,991.0,1095.0,1233.0,1390.0,1548.0,1689.0,1796.0,1856.0,1857.0,1857.0,1857.0,1857.0,1857.0,1857.0,1857.0,1857.0,1857.0,1857.0,1857.0,1857.0,1857.0,1857.0,1857.0,1857.0,1875.0,1895.0,1915.0,1931.0,1939.0,1940.0,1940.0,1940.0,1940.0,1940.0,1940.0,1940.0,1940.0,1940.0,1940.0,1940.0,1940.0,1940.0,1940.0,1940.0,1940.0,1940.0,1940.0,1940.0,1977.0,2040.0,2123.0,2215.0,2300.0,2365.0,2403.0,2415.0,2416.0,2416.0,2416.0,2416.0,2416.0,2416.0,2416.0,2416.0,83,November 24,Macon
0.0077808557362575,1.2997605078810688,0.7744471616606333,1.707773670148366,1.707773670148366,0.5115809514553334,1.1231798047702368,4.33160101760361,4.33160101760361,0.5871420300997376,1.410819404805532,3.751446991156117,3.751446991156117,0.6279351377897807,1.4192681396861275,3.343831102061228,3.343831102061228,0.640188275843492,0.567492152943972,12.241666666666667,-0.016580764368375016,0.016580764368375016,209.2716133424098,4.8,4.65,4.2,3.7750000000000004,3.3600000000000003,3.1500000000000004,2.9571428571428577,2.8000000000000003,2.7111111111111112,2.7199999999999998,2.8454545454545457,3.0500000000000003,3.361538461538461,3.6999999999999997,4.073333333333333,4.5,4.858823529411764,5.122222222222223,5.405263157894737,5.6049999999999995,5.780952380952381,5.918181818181818,6.030434782608697,6.166666666666667,6.292000000000001,6.426923076923076,6.537037037037038,6.6571428571428575,6.751724137931035,6.836666666666667,6.912903225806453,6.996875000000001,7.090909090909092,7.235294117647059,7.397142857142858,7.547222222222223,7.710810810810811,7.881578947368421,8.061538461538463,8.27,8.495121951219513,8.730952380952381,8.986046511627908,9.204545454545455,9.384444444444444,9.508695652173914,9.619148936170212,9.714583333333334,9.785714285714286,9.854,9.89607843137255,9.951923076923077,10.00566037735849,10.077777777777776,10.183636363636362,10.278571428571428,10.391228070175437,10.510344827586206,10.62372881355932,10.718333333333332,10.822950819672128,10.937096774193547,11.057142857142855,11.173437499999999,11.286153846153844,11.39242424242424,11.492537313432834,11.582352941176469,11.673913043478262,11.749999999999998,11.816901408450702,11.845833333333333,11.85890410958904,11.864864864864865,11.879999999999999,11.909210526315789,11.938961038961038,11.96025641025641,11.977215189873418,11.98,11.98641975308642,12.002439024390243,12.02289156626506,12.05238095238095,12.096470588235295,12.151162790697674,12.198850574712644,12.239772727272726,12.282022471910114,12.33222222222222,12.383516483516482,12.423913043478262,12.466666666666665,12.514893617021276,12.553684210526312,12.581250000000002,12.591752577319589,12.596938775510203,12.594949494949496,12.579,12.557425742574257,12.528431372549019,12.510679611650485,12.506730769230769,12.508571428571429,12.525471698113208,12.541121495327104,12.56851851851852,12.600917431192661,12.639090909090909,12.67027027027027,12.703571428571431,12.739823008849559,12.781578947368422,12.819130434782608,12.854310344827585,12.894017094017094,12.929661016949153,12.959663865546217,12.980833333333333,12.994214876033057,12.994262295081967,12.987804878048781,12.981451612903225,12.972000000000001,12.952380952380953,12.929133858267717,12.91328125,14.416666666666666,173.0,0.0,0.0,0.0,0.0,0.0,0.0,0.0,0.0,0.0,0.0,0.0,0.0,0.0,0.0,0.0,0.0,22.0,60.0,108.0,155.0,191.0,210.0,211.0,211.0,211.0,211.0,211.0,211.0,211.0,211.0,211.0,211.0,211.0,211.0,211.0,211.0,211.0,211.0,211.0,211.0,256.0,339.0,448.0,567.0,680.0,774.0,839.0,870.0,870.0,870.0,870.0,870.0,870.0,870.0,870.0,870.0,870.0,870.0,870.0,870.0,870.0,870.0,870.0,870.0,899.0,946.0,1002.0,1057.0,1103.0,1134.0,1147.0,1147.0,1147.0,1147.0,1147.0,1147.0,1147.0,1147.0,1147.0,1147.0,1147.0,1147.0,1147.0,1147.0,1147.0,1147.0,1147.0,1147.0,1202.0,1306.0,1444.0,1601.0,1759.0,1900.0,2007.0,2067.0,2068.0,2068.0,2068.0,2068.0,2068.0,2068.0,2068.0,2068.0,2068.0,2068.0,2068.0,2068.0,2068.0,2068.0,2068.0,2068.0,2086.0,2106.0,2126.0,2142.0,2150.0,2151.0,2151.0,2151.0,2151.0,2151.0,2151.0,2151.0,2151.0,2151.0,2151.0,2151.0,84,November 25,Macon
0.0077808557362575,1.2997605078810688,0.7744471616606333,1.707773670148366,1.707773670148366,0.5115809514553334,1.1231798047702368,4.33160101760361,4.33160101760361,0.5871420300997376,1.410819404805532,3.751446991156117,3.751446991156117,0.6279351377897807,1.4192681396861275,3.343831102061228,3.343831102061228,0.640188275843492,0.567492152943972,11.35,-0.13605599902840795,0.13605599902840795,183.8472834067548,5.6,5.75,5.733333333333334,5.825000000000001,5.760000000000001,5.800000000000001,5.857142857142857,6.0,6.1000000000000005,6.2,6.418181818181818,6.6499999999999995,6.869230769230769,7.049999999999999,7.213333333333333,7.4,7.48235294117647,7.572222222222221,7.610526315789474,7.584999999999998,7.542857142857142,7.4363636363636365,7.321739130434781,7.204166666666667,7.1080000000000005,7.007692307692308,6.87037037037037,6.7142857142857135,6.541379310344827,6.393333333333333,6.245161290322581,6.103125,5.9787878787878785,5.885294117647059,5.834285714285714,5.819444444444444,5.854054054054054,5.913157894736841,5.999999999999999,6.1225,6.2317073170731705,6.311904761904763,6.409302325581394,6.4772727272727275,6.54,6.589130434782609,6.629787234042554,6.685416666666668,6.738775510204083,6.8,6.850980392156863,6.9096153846153845,6.956603773584906,7.000000000000001,7.040000000000001,7.085714285714286,7.138596491228072,7.222413793103448,7.31864406779661,7.41,7.511475409836065,7.619354838709678,7.734920634920634,7.870312500000001,8.018461538461539,8.175757575757576,8.347761194029854,8.498529411764707,8.62608695652174,8.71857142857143,8.802816901408452,8.877777777777778,8.936986301369863,8.994594594594593,9.034666666666666,9.08421052631579,9.132467532467533,9.193589743589744,9.27848101265823,9.35625,9.446913580246912,9.542682926829269,9.634939759036145,9.714285714285715,9.801176470588235,9.895348837209303,9.99425287356322,10.090909090909092,10.185393258426966,10.275555555555554,10.361538461538462,10.440217391304348,10.520430107526883,10.58936170212766,10.651578947368423,10.685416666666667,10.70721649484536,10.7234693877551,10.746464646464645,10.779999999999998,10.813861386138614,10.841176470588234,10.86504854368932,10.877884615384614,10.89333333333333,10.916037735849056,10.942056074766354,10.975,11.01926605504587,11.07181818181818,11.118918918918917,11.160714285714286,11.20353982300885,11.25263157894737,11.302608695652175,11.343965517241378,11.387179487179488,11.434745762711865,11.474789915966387,11.505833333333333,11.523140495867768,11.536065573770493,11.543089430894309,11.538709677419355,11.5296,11.514285714285714,11.507874015748031,11.512500000000001,37.333333333333336,448.0,0.0,0.0,0.0,0.0,0.0,0.0,0.0,0.0,0.0,0.0,0.0,0.0,0.0,0.0,0.0,0.0,21.0,53.0,91.0,129.0,159.0,173.0,173.0,173.0,173.0,173.0,173.0,173.0,173.0,173.0,173.0,173.0,173.0,173.0,173.0,173.0,173.0,173.0,173.0,173.0,195.0,233.0,281.0,328.0,364.0,383.0,384.0,384.0,384.0,384.0,384.0,384.0,384.0,384.0,384.0,384.0,384.0,384.0,384.0,384.0,384.0,384.0,384.0,384.0,429.0,512.0,621.0,740.0,853.0,947.0,1012.0,1043.0,1043.0,1043.0,1043.0,1043.0,1043.0,1043.0,1043.0,1043.0,1043.0,1043.0,1043.0,1043.0,1043.0,1043.0,1043.0,1043.0,1072.0,1119.0,1175.0,1230.0,1276.0,1307.0,1320.0,1320.0,1320.0,1320.0,1320.0,1320.0,1320.0,1320.0,1320.0,1320.0,1320.0,1320.0,1320.0,1320.0,1320.0,1320.0,1320.0,1320.0,1375.0,1479.0,1617.0,1774.0,1932.0,2073.0,2180.0,2240.0,2241.0,2241.0,2241.0,2241.0,2241.0,2241.0,2241.0,2241.0,85,November 26,Macon
0.0077808557362575,1.2997605078810688,0.7744471616606333,1.707773670148366,1.707773670148366,0.5115809514553334,1.1231798047702368,4.33160101760361,4.33160101760361,0.5871420300997376,1.410819404805532,3.751446991156117,3.751446991156117,0.6279351377897807,1.4192681396861275,3.343831102061228,3.343831102061228,0.640188275843492,0.567492152943972,9.175000000000002,0.06576045017175058,0.06576045017175058,226.79382379654854,5.9,5.300000000000001,4.966666666666667,4.550000000000001,4.220000000000001,4.183333333333334,3.9571428571428577,3.9000000000000004,3.988888888888889,4.12,4.345454545454545,4.624999999999999,4.953846153846153,5.278571428571429,5.586666666666667,5.89375,6.141176470588236,6.294444444444445,6.378947368421053,6.464999999999999,6.595238095238095,6.645454545454546,6.669565217391306,6.6375,6.596,6.569230769230769,6.537037037037037,6.521428571428572,6.4862068965517246,6.470000000000001,6.461290322580646,6.4781249999999995,6.490909090909091,6.508823529411764,6.5685714285714285,6.641666666666667,6.718918918918919,6.7894736842105265,6.858974358974359,6.9425,6.987804878048781,7.038095238095237,7.067441860465116,7.068181818181817,7.059999999999999,7.019565217391302,6.972340425531915,6.920833333333333,6.877551020408162,6.829999999999999,6.760784313725489,6.678846153846154,6.584905660377357,6.5018518518518515,6.416363636363636,6.332142857142857,6.2561403508771924,6.19655172413793,6.161016949152542,6.1466666666666665,6.162295081967213,6.193548387096773,6.242857142857143,6.315625,6.381538461538461,6.430303030303029,6.491044776119403,6.533823529411765,6.57391304347826,6.605714285714285,6.6323943661971825,6.669444444444445,6.705479452054795,6.7472972972972975,6.7826666666666675,6.8236842105263165,6.857142857142857,6.888461538461538,6.917721518987341,6.951249999999999,6.990123456790123,7.051219512195122,7.121686746987952,7.189285714285712,7.264705882352941,7.345348837209301,7.432183908045977,7.534090909090909,7.646067415730337,7.765555555555556,7.896703296703297,8.013043478260869,8.11290322580645,8.187234042553191,8.255789473684208,8.317708333333334,8.3680412371134,8.417346938775509,8.453535353535353,8.497,8.539603960396038,8.592156862745096,8.663106796116503,8.728846153846153,8.804761904761904,8.884905660377358,8.962616822429906,9.030555555555555,9.104587155963301,9.184545454545454,9.268468468468468,9.350892857142854,9.431858407079648,9.50964912280702,9.584347826086956,9.653448275862068,9.723931623931625,9.785593220338983,9.84201680672269,9.875833333333333,9.9,9.919672131147541,9.94471544715447,9.978225806451613,10.012,10.040476190476191,10.066141732283464,10.0828125,9.916666666666666,119.0,0.0,0.0,0.0,0.0,0.0,0.0,0.0,0.0,0.0,0.0,0.0,0.0,0.0,0.0,0.0,0.0,36.0,97.0,174.0,258.0,337.0,400.0,437.0,448.0,448.0,448.0,448.0,448.0,448.0,448.0,448.0,448.0,448.0,448.0,448.0,448.0,448.0,448.0,448.0,448.0,469.0,501.0,539.0,577.0,607.0,621.0,621.0,621.0,621.0,621.0,621.0,621.0,621.0,621.0,621.0,621.0,621.0,621.0,621.0,621.0,621.0,621.0,621.0,621.0,643.0,681.0,729.0,776.0,812.0,831.0,832.0,832.0,832.0,832.0,832.0,832.0,832.0,832.0,832.0,832.0,832.0,832.0,832.0,832.0,832.0,832.0,832.0,832.0,877.0,960.0,1069.0,1188.0,1301.0,1395.0,1460.0,1491.0,1491.0,1491.0,1491.0,1491.0,1491.0,1491.0,1491.0,1491.0,1491.0,1491.0,1491.0,1491.0,1491.0,1491.0,1491.0,1491.0,1520.0,1567.0,1623.0,1678.0,1724.0,1755.0,1768.0,1768.0,1768.0,1768.0,1768.0,1768.0,1768.0,1768.0,1768.0,1768.0,86,November 27,Macon
0.0077808557362575,1.2997605078810688,0.7744471616606333,1.707773670148366,1.707773670148366,0.5115809514553334,1.1231798047702368,4.33160101760361,4.33160101760361,0.5871420300997376,1.410819404805532,3.751446991156117,3.751446991156117,0.6279351377897807,1.4192681396861275,3.343831102061228,3.343831102061228,0.640188275843492,0.567492152943972,11.541666666666664,-0.22979832252110424,0.22979832252110424,163.89891696750902,6.9,6.550000000000001,6.6000000000000005,6.550000000000001,6.3,5.933333333333334,5.657142857142857,5.75,5.977777777777778,6.32,6.590909090909093,6.883333333333333,7.153846153846155,7.435714285714286,7.753333333333334,8.08125,8.411764705882353,8.622222222222222,8.715789473684211,8.77,8.814285714285715,8.818181818181817,8.856521739130436,8.854166666666666,8.736,8.580769230769231,8.422222222222222,8.239285714285714,8.055172413793104,7.92,7.748387096774194,7.6156250000000005,7.527272727272727,7.461764705882353,7.437142857142856,7.444444444444445,7.4837837837837835,7.536842105263156,7.597435897435896,7.669999999999999,7.729268292682926,7.757142857142856,7.760465116279068,7.768181818181816,7.799999999999999,7.797826086956522,7.785106382978723,7.745833333333334,7.70204081632653,7.6659999999999995,7.6274509803921555,7.598076923076921,7.558490566037735,7.529629629629629,7.505454545454545,7.496428571428572,7.485964912280702,7.479310344827587,7.498305084745763,7.5266666666666655,7.559016393442622,7.588709677419354,7.619047619047618,7.659375,7.676923076923077,7.698484848484848,7.707462686567164,7.698529411764704,7.684057971014494,7.6485714285714295,7.608450704225353,7.565277777777778,7.527397260273973,7.486486486486488,7.430666666666667,7.365789473684211,7.292207792207792,7.225641025641026,7.1569620253164565,7.08875,7.025925925925926,6.974390243902438,6.939759036144579,6.920238095238096,6.922352941176472,6.936046511627908,6.963218390804599,7.007954545454546,7.048314606741574,7.076666666666666,7.114285714285716,7.13913043478261,7.16236559139785,7.179787234042553,7.193684210526316,7.215625,7.237113402061856,7.26326530612245,7.284848484848486,7.311,7.3316831683168315,7.350980392156863,7.368932038834952,7.390384615384615,7.416190476190477,7.459433962264152,7.510280373831777,7.55925925925926,7.61467889908257,7.674545454545455,7.739639639639641,7.816964285714286,7.902654867256637,7.994736842105263,8.096521739130436,8.187068965517241,8.264957264957266,8.322881355932203,8.376470588235295,8.425,8.464462809917356,8.50327868852459,8.531707317073172,8.566129032258067,8.600000000000001,8.642063492063492,8.699212598425198,8.752343750000001,50.916666666666664,611.0,0.0,0.0,0.0,0.0,0.0,0.0,0.0,0.0,0.0,0.0,0.0,0.0,0.0,0.0,0.0,0.0,21.0,50.0,79.0,102.0,116.0,119.0,119.0,119.0,119.0,119.0,119.0,119.0,119.0,119.0,119.0,119.0,119.0,119.0,119.0,119.0,119.0,119.0,119.0,119.0,155.0,216.0,293.0,377.0,456.0,519.0,556.0,567.0,567.0,567.0,567.0,567.0,567.0,567.0,567.0,567.0,567.0,567.0,567.0,567.0,567.0,567.0,567.0,567.0,588.0,620.0,658.0,696.0,726.0,740.0,740.0,740.0,740.0,740.0,740.0,740.0,740.0,740.0,740.0,740.0,740.0,740.0,740.0,740.0,740.0,740.0,740.0,740.0,762.0,800.0,848.0,895.0,931.0,950.0,951.0,951.0,951.0,951.0,951.0,951.0,951.0,951.0,951.0,951.0,951.0,951.0,951.0,951.0,951.0,951.0,951.0,951.0,996.0,1079.0,1188.0,1307.0,1420.0,1514.0,1579.0,1610.0,1610.0,1610.0,1610.0,1610.0,1610.0,1610.0,1610.0,1610.0,87,November 28,Macon
0.0077808557362575,1.2997605078810688,0.7744471616606333,1.707773670148366,1.707773670148366,0.5115809514553334,1.1231798047702368,4.33160101760361,4.33160101760361,0.5871420300997376,1.410819404805532,3.751446991156117,3.751446991156117,0.6279351377897807,1.4192681396861275,3.343831102061228,3.343831102061228,0.640188275843492,0.567492152943972,9.9,-0.043141312878155216,0.043141312878155216,203.61952861952858,6.9,6.300000000000001,5.833333333333333,5.475,5.2,5.116666666666667,5.1571428571428575,5.300000000000001,5.533333333333334,5.6899999999999995,5.827272727272728,5.941666666666666,6.107692307692309,6.314285714285716,6.566666666666668,6.74375,6.9,7.011111111111111,7.105263157894737,7.205,7.276190476190477,7.254545454545454,7.217391304347826,7.2,7.188,7.15,7.133333333333334,7.1071428571428585,7.044827586206897,6.946666666666667,6.851612903225806,6.8375,6.866666666666667,6.9411764705882355,7.008571428571429,7.094444444444445,7.183783783783784,7.286842105263156,7.4128205128205105,7.5525,7.702439024390243,7.809523809523808,7.869767441860464,7.913636363636362,7.953333333333333,7.97391304347826,8.010638297872338,8.027083333333334,7.983673469387755,7.917999999999999,7.847058823529411,7.759615384615383,7.667924528301885,7.6,7.509090909090907,7.4375,7.389473684210526,7.353448275862068,7.340677966101694,7.346666666666665,7.3721311475409825,7.406451612903225,7.4460317460317444,7.4937499999999995,7.533846153846154,7.554545454545454,7.559701492537313,7.56764705882353,7.591304347826086,7.592857142857144,7.587323943661972,7.563888888888889,7.536986301369862,7.514864864864865,7.490666666666668,7.472368421052631,7.4467532467532465,7.428205128205129,7.412658227848102,7.407499999999999,7.401234567901234,7.397560975609756,7.412048192771085,7.433333333333333,7.457647058823529,7.480232558139535,7.50344827586207,7.534090909090909,7.548314606741574,7.565555555555555,7.573626373626374,7.568478260869565,7.559139784946237,7.534042553191489,7.505263157894738,7.473958333333333,7.446391752577321,7.4163265306122454,7.374747474747475,7.3260000000000005,7.270297029702971,7.219607843137256,7.166990291262136,7.114423076923078,7.065714285714286,7.025471698113208,6.998130841121495,6.982407407407408,6.983486238532111,6.993636363636363,7.014414414414414,7.049107142857143,7.080530973451328,7.102631578947368,7.132173913043479,7.151724137931034,7.170085470085471,7.183898305084746,7.194957983193278,7.2125,7.229752066115703,7.250819672131148,7.2682926829268295,7.289516129032258,7.306400000000001,7.322222222222224,7.3370078740157485,7.354687500000001,22.5,270.0,0.0,0.0,0.0,0.0,0.0,0.0,0.0,0.0,0.0,0.0,0.0,0.0,0.0,0.0,0.0,0.0,42.0,121.0,223.0,333.0,438.0,525.0,585.0,611.0,611.0,611.0,611.0,611.0,611.0,611.0,611.0,611.0,611.0,611.0,611.0,611.0,611.0,611.0,611.0,611.0,632.0,661.0,690.0,713.0,727.0,730.0,730.0,730.0,730.0,730.0,730.0,730.0,730.0,730.0,730.0,730.0,730.0,730.0,730.0,730.0,730.0,730.0,730.0,730.0,766.0,827.0,904.0,988.0,1067.0,1130.0,1167.0,1178.0,1178.0,1178.0,1178.0,1178.0,1178.0,1178.0,1178.0,1178.0,1178.0,1178.0,1178.0,1178.0,1178.0,1178.0,1178.0,1178.0,1199.0,1231.0,1269.0,1307.0,1337.0,1351.0,1351.0,1351.0,1351.0,1351.0,1351.0,1351.0,1351.0,1351.0,1351.0,1351.0,1351.0,1351.0,1351.0,1351.0,1351.0,1351.0,1351.0,1351.0,1373.0,1411.0,1459.0,1506.0,1542.0,1561.0,1562.0,1562.0,1562.0,1562.0,1562.0,1562.0,1562.0,1562.0,1562.0,1562.0,88,November 29,Macon
0.0077808557362575,1.2997605078810688,0.7744471616606333,1.707773670148366,1.707773670148366,0.5115809514553334,1.1231798047702368,4.33160101760361,4.33160101760361,0.5871420300997376,1.410819404805532,3.751446991156117,3.751446991156117,0.6279351377897807,1.4192681396861275,3.343831102061228,3.343831102061228,0.640188275843492,0.567492152943972,10.375000000000002,-0.2001464504635083,0.2001464504635083,170.20883534136544,9.9,9.75,9.4,9.175,8.9,8.55,8.357142857142858,8.2,8.11111111111111,8.1,8.145454545454546,8.125,8.115384615384615,8.071428571428571,8.026666666666666,8.13125,8.311764705882352,8.56111111111111,8.799999999999999,8.975,9.09047619047619,9.136363636363637,9.152173913043478,9.112499999999999,9.024,8.896153846153846,8.748148148148148,8.592857142857142,8.437931034482759,8.313333333333334,8.219354838709677,8.159375,8.136363636363637,8.105882352941178,8.08,8.055555555555555,8.056756756756755,8.081578947368422,8.133333333333333,8.165000000000001,8.195121951219512,8.211904761904762,8.225581395348836,8.245454545454546,8.255555555555556,8.22391304347826,8.185106382978722,8.15625,8.130612244897959,8.092,8.064705882352941,8.032692307692308,7.981132075471698,7.90925925925926,7.838181818181819,7.8125,7.812280701754386,7.839655172413793,7.864406779661017,7.901666666666666,7.942622950819672,7.993548387096775,8.060317460317462,8.1375,8.22307692307692,8.283333333333333,8.31492537313433,8.336764705882354,8.356521739130434,8.364285714285714,8.383098591549295,8.38888888888889,8.354794520547944,8.305405405405404,8.252,8.186842105263159,8.118181818181817,8.065384615384614,7.9962025316455705,7.94,7.8999999999999995,7.868292682926828,7.85301204819277,7.851190476190476,7.863529411764706,7.882558139534882,7.905747126436781,7.935227272727272,7.959550561797752,7.97,7.969230769230769,7.970652173913044,7.983870967741935,7.980851063829788,7.972631578947369,7.951041666666666,7.92680412371134,7.906122448979591,7.883838383838384,7.8660000000000005,7.842574257425743,7.8245098039215675,7.80873786407767,7.800961538461538,7.7923809523809515,7.785849056603773,7.793457943925233,7.80648148148148,7.822018348623852,7.836363636363636,7.85135135135135,7.872321428571429,7.880530973451326,7.891228070175438,7.894782608695653,7.887931034482759,7.877777777777777,7.855084745762711,7.829411764705883,7.801666666666666,7.77685950413223,7.75,7.713821138211382,7.671774193548386,7.624,7.58015873015873,7.534645669291339,7.4890625,40.666666666666664,488.0,0.0,0.0,0.0,0.0,0.0,0.0,0.0,0.0,0.0,0.0,0.0,0.0,0.0,0.0,0.0,0.0,25.0,69.0,125.0,182.0,229.0,259.0,270.0,270.0,270.0,270.0,270.0,270.0,270.0,270.0,270.0,270.0,270.0,270.0,270.0,270.0,270.0,270.0,270.0,270.0,312.0,391.0,493.0,603.0,708.0,795.0,855.0,881.0,881.0,881.0,881.0,881.0,881.0,881.0,881.0,881.0,881.0,881.0,881.0,881.0,881.0,881.0,881.0,881.0,902.0,931.0,960.0,983.0,997.0,1000.0,1000.0,1000.0,1000.0,1000.0,1000.0,1000.0,1000.0,1000.0,1000.0,1000.0,1000.0,1000.0,1000.0,1000.0,1000.0,1000.0,1000.0,1000.0,1036.0,1097.0,1174.0,1258.0,1337.0,1400.0,1437.0,1448.0,1448.0,1448.0,1448.0,1448.0,1448.0,1448.0,1448.0,1448.0,1448.0,1448.0,1448.0,1448.0,1448.0,1448.0,1448.0,1448.0,1469.0,1501.0,1539.0,1577.0,1607.0,1621.0,1621.0,1621.0,1621.0,1621.0,1621.0,1621.0,1621.0,1621.0,1621.0,1621.0,89,November 30,Macon
0.0077808557362575,1.2997605078810688,0.7744471616606333,1.707773670148366,1.707773670148366,0.5115809514553334,1.1231798047702368,4.33160101760361,4.33160101760361,0.5871420300997376,1.410819404805532,3.751446991156117,3.751446991156117,0.6279351377897807,1.4192681396861275,3.343831102061228,3.343831102061228,0.640188275843492,0.567492152943972,11.883333333333333,-0.05692087863417309,0.05692087863417309,200.68723702664798,9.7,9.35,9.066666666666666,8.75,8.559999999999999,8.35,8.114285714285714,8.0625,7.977777777777778,7.760000000000001,7.572727272727272,7.516666666666667,7.484615384615385,7.435714285714285,7.36,7.48125,7.617647058823529,7.766666666666666,7.9263157894736835,8.08,8.20952380952381,8.354545454545455,8.45217391304348,8.570833333333333,8.624,8.661538461538461,8.662962962962963,8.657142857142857,8.627586206896552,8.566666666666666,8.522580645161291,8.478125,8.445454545454545,8.43235294117647,8.437142857142858,8.422222222222222,8.41081081081081,8.38684210526316,8.361538461538462,8.395,8.46341463414634,8.566666666666666,8.672093023255814,8.754545454545454,8.813333333333334,8.841304347826087,8.85531914893617,8.841666666666667,8.80204081632653,8.74,8.66470588235294,8.582692307692309,8.49811320754717,8.427777777777779,8.372727272727273,8.335714285714285,8.319298245614036,8.298275862068964,8.279661016949152,8.261666666666667,8.259016393442623,8.270967741935484,8.3,8.3171875,8.333846153846155,8.342424242424244,8.349253731343284,8.360294117647058,8.365217391304345,8.342857142857142,8.315492957746477,8.294444444444444,8.275342465753425,8.247297297297298,8.226666666666667,8.20263157894737,8.164935064935065,8.112820512820512,8.060759493670885,8.040000000000001,8.037037037037036,8.053658536585367,8.068674698795181,8.092857142857142,8.12,8.154651162790698,8.201149425287355,8.255681818181818,8.31685393258427,8.360000000000001,8.382417582417581,8.39782608695652,8.411827956989248,8.417021276595744,8.430526315789471,8.434375,8.408247422680411,8.370408163265306,8.329292929292928,8.278999999999998,8.225742574257426,8.184313725490194,8.130097087378639,8.085576923076921,8.053333333333333,8.027358490566037,8.014018691588785,8.011111111111111,8.01926605504587,8.032727272727271,8.049549549549548,8.071428571428571,8.089380530973452,8.096491228070175,8.094782608695652,8.094827586206897,8.104273504273504,8.100847457627118,8.09327731092437,8.075,8.054545454545455,8.03688524590164,8.017886178861788,8.00241935483871,7.982399999999999,7.966666666666665,7.95275590551181,7.945312499999999,13.583333333333334,163.0,0.0,0.0,0.0,0.0,0.0,0.0,0.0,0.0,0.0,0.0,0.0,0.0,0.0,0.0,0.0,0.0,36.0,100.0,184.0,277.0,364.0,433.0,474.0,488.0,488.0,488.0,488.0,488.0,488.0,488.0,488.0,488.0,488.0,488.0,488.0,488.0,488.0,488.0,488.0,488.0,513.0,557.0,613.0,670.0,717.0,747.0,758.0,758.0,758.0,758.0,758.0,758.0,758.0,758.0,758.0,758.0,758.0,758.0,758.0,758.0,758.0,758.0,758.0,758.0,800.0,879.0,981.0,1091.0,1196.0,1283.0,1343.0,1369.0,1369.0,1369.0,1369.0,1369.0,1369.0,1369.0,1369.0,1369.0,1369.0,1369.0,1369.0,1369.0,1369.0,1369.0,1369.0,1369.0,1390.0,1419.0,1448.0,1471.0,1485.0,1488.0,1488.0,1488.0,1488.0,1488.0,1488.0,1488.0,1488.0,1488.0,1488.0,1488.0,1488.0,1488.0,1488.0,1488.0,1488.0,1488.0,1488.0,1488.0,1524.0,1585.0,1662.0,1746.0,1825.0,1888.0,1925.0,1936.0,1936.0,1936.0,1936.0,1936.0,1936.0,1936.0,1936.0,1936.0,90,December 1,Macon
0.0077808557362575,1.2997605078810688,0.7744471616606333,1.707773670148366,1.707773670148366,0.5115809514553334,1.1231798047702368,4.33160101760361,4.33160101760361,0.5871420300997376,1.410819404805532,3.751446991156117,3.751446991156117,0.6279351377897807,1.4192681396861275,3.343831102061228,3.343831102061228,0.640188275843492,0.567492152943972,12.225,0.01922751664437155,0.01922751664437155,216.89161554192228,4.9,4.35,3.9333333333333336,3.65,3.6599999999999993,3.733333333333333,3.942857142857143,4.15,4.333333333333333,4.479999999999999,4.627272727272726,4.7749999999999995,4.923076923076923,5.15,5.34,5.53125,5.7176470588235295,5.866666666666667,5.978947368421053,6.084999999999999,6.157142857142857,6.218181818181819,6.304347826086958,6.445833333333334,6.5760000000000005,6.6692307692307695,6.737037037037038,6.775000000000001,6.810344827586207,6.826666666666667,6.822580645161289,6.85,6.863636363636363,6.832352941176471,6.8,6.802777777777779,6.8108108108108105,6.810526315789474,6.797435897435896,6.860000000000001,6.931707317073171,7.011904761904761,7.1000000000000005,7.1886363636363635,7.268888888888889,7.358695652173913,7.427659574468086,7.508333333333333,7.557142857142856,7.598,7.6196078431372545,7.636538461538462,7.639622641509435,7.624074074074074,7.616363636363637,7.607142857142857,7.603508771929824,7.610344827586207,7.627118644067797,7.631666666666667,7.637704918032788,7.635483870967742,7.631746031746032,7.6640625,7.718461538461538,7.795454545454546,7.87462686567164,7.939705882352939,7.989855072463768,8.02,8.040845070422534,8.043055555555556,8.027397260273972,7.995945945945945,7.954666666666665,7.907894736842105,7.858441558441557,7.817948717948719,7.787341772151899,7.76875,7.7641975308641955,7.756097560975609,7.749397590361445,7.742857142857143,7.74705882352941,7.761627906976744,7.788505747126437,7.806818181818182,7.824719101123595,7.836666666666665,7.847252747252746,7.860869565217389,7.869892473118278,7.858510638297871,7.8431578947368426,7.832291666666666,7.822680412371134,7.806122448979591,7.794949494949495,7.780999999999999,7.756435643564356,7.720588235294118,7.684466019417476,7.672115384615385,7.673333333333333,7.689622641509433,7.704672897196262,7.726851851851851,7.7513761467889895,7.781818181818182,7.821621621621621,7.867857142857142,7.919469026548671,7.9570175438596475,7.978260869565216,7.993965517241378,8.008547008547007,8.016101694915253,8.030252100840336,8.036666666666665,8.01900826446281,7.991803278688524,7.961788617886178,7.924193548387096,7.884,7.853174603174602,7.811811023622047,7.778124999999999,2.75,33.0,0.0,0.0,0.0,0.0,0.0,0.0,0.0,0.0,0.0,0.0,0.0,0.0,0.0,0.0,0.0,0.0,23.0,54.0,89.0,122.0,149.0,163.0,163.0,163.0,163.0,163.0,163.0,163.0,163.0,163.0,163.0,163.0,163.0,163.0,163.0,163.0,163.0,163.0,163.0,163.0,199.0,263.0,347.0,440.0,527.0,596.0,637.0,651.0,651.0,651.0,651.0,651.0,651.0,651.0,651.0,651.0,651.0,651.0,651.0,651.0,651.0,651.0,651.0,651.0,676.0,720.0,776.0,833.0,880.0,910.0,921.0,921.0,921.0,921.0,921.0,921.0,921.0,921.0,921.0,921.0,921.0,921.0,921.0,921.0,921.0,921.0,921.0,921.0,963.0,1042.0,1144.0,1254.0,1359.0,1446.0,1506.0,1532.0,1532.0,1532.0,1532.0,1532.0,1532.0,1532.0,1532.0,1532.0,1532.0,1532.0,1532.0,1532.0,1532.0,1532.0,1532.0,1532.0,1553.0,1582.0,1611.0,1634.0,1648.0,1651.0,1651.0,1651.0,1651.0,1651.0,1651.0,1651.0,1651.0,1651.0,1651.0,1651.0,91,December 2,Macon
0.0077808557362575,1.2997605078810688,0.7744471616606333,1.707773670148366,1.707773670148366,0.5115809514553334,1.1231798047702368,4.33160101760361,4.33160101760361,0.5871420300997376,1.410819404805532,3.751446991156117,3.751446991156117,0.6279351377897807,1.4192681396861275,3.343831102061228,3.343831102061228,0.640188275843492,0.567492152943972,14.5,-0.040759225650332825,0.040759225650332825,204.1264367816092,4.5,4.55,4.366666666666666,4.125,4.12,4.366666666666667,4.571428571428571,4.8625,5.077777777777778,5.29,5.409090909090909,5.466666666666666,5.546153846153846,5.6571428571428575,5.799999999999999,5.98125,6.123529411764705,6.300000000000001,6.4526315789473685,6.555,6.614285714285713,6.6499999999999995,6.643478260869564,6.620833333333334,6.5520000000000005,6.446153846153846,6.322222222222222,6.196428571428571,6.110344827586206,6.043333333333334,6.016129032258065,6.003124999999999,5.996969696969696,5.991176470588235,5.994285714285714,6.0055555555555555,6.024324324324325,6.078947368421052,6.128205128205129,6.185,6.246341463414633,6.2976190476190474,6.337209302325581,6.377272727272728,6.404444444444445,6.428260869565219,6.4659574468085115,6.533333333333334,6.597959183673469,6.646,6.682352941176471,6.703846153846154,6.724528301886792,6.735185185185186,6.734545454545455,6.751785714285715,6.761403508771929,6.744827586206896,6.727118644067796,6.7299999999999995,6.736065573770492,6.7370967741935495,6.730158730158731,6.7703125,6.816923076923077,6.869696969696969,6.928358208955224,6.988235294117647,7.043478260869565,7.105714285714286,7.15492957746479,7.2124999999999995,7.24931506849315,7.281081081081082,7.3,7.315789473684211,7.322077922077923,7.315384615384617,7.31392405063291,7.311249999999999,7.312345679012346,7.320731707317074,7.336144578313252,7.3428571428571425,7.3505882352941185,7.352325581395349,7.352873563218392,7.379545454545454,7.422471910112359,7.482222222222222,7.543956043956044,7.595652173913043,7.6365591397849455,7.662765957446809,7.6821052631578945,7.6875,7.679381443298968,7.659183673469388,7.6313131313131315,7.599,7.564356435643564,7.536274509803922,7.515533980582523,7.503846153846154,7.502857142857143,7.499056603773584,7.496261682242991,7.493518518518518,7.4990825688073395,7.512727272727274,7.536036036036036,7.552678571428571,7.569026548672566,7.580701754385966,7.591304347826087,7.604310344827587,7.613675213675213,7.606779661016948,7.5966386554621845,7.59,7.584297520661156,7.572950819672131,7.565853658536586,7.556451612903226,7.5384,7.511111111111112,7.4834645669291335,7.475,9.916666666666666,119.0,0.0,0.0,0.0,0.0,0.0,0.0,0.0,0.0,0.0,0.0,0.0,0.0,0.0,0.0,0.0,0.0,14.0,26.0,30.0,31.0,32.0,33.0,33.0,33.0,33.0,33.0,33.0,33.0,33.0,33.0,33.0,33.0,33.0,33.0,33.0,33.0,33.0,33.0,33.0,33.0,56.0,87.0,122.0,155.0,182.0,196.0,196.0,196.0,196.0,196.0,196.0,196.0,196.0,196.0,196.0,196.0,196.0,196.0,196.0,196.0,196.0,196.0,196.0,196.0,232.0,296.0,380.0,473.0,560.0,629.0,670.0,684.0,684.0,684.0,684.0,684.0,684.0,684.0,684.0,684.0,684.0,684.0,684.0,684.0,684.0,684.0,684.0,684.0,709.0,753.0,809.0,866.0,913.0,943.0,954.0,954.0,954.0,954.0,954.0,954.0,954.0,954.0,954.0,954.0,954.0,954.0,954.0,954.0,954.0,954.0,954.0,954.0,996.0,1075.0,1177.0,1287.0,1392.0,1479.0,1539.0,1565.0,1565.0,1565.0,1565.0,1565.0,1565.0,1565.0,1565.0,1565.0,92,December 3,Macon
0.0077808557362575,1.2997605078810688,0.7744471616606333,1.707773670148366,1.707773670148366,0.5115809514553334,1.1231798047702368,4.33160101760361,4.33160101760361,0.5871420300997376,1.410819404805532,3.751446991156117,3.751446991156117,0.6279351377897807,1.4192681396861275,3.343831102061228,3.343831102061228,0.640188275843492,0.567492152943972,16.066666666666666,-0.07840627242379827,0.07840627242379827,196.11514522821574,4.6,4.65,4.266666666666667,4.0,3.6799999999999997,3.616666666666667,3.385714285714286,3.2875,3.322222222222222,3.45,3.5545454545454547,3.5416666666666674,3.461538461538462,3.4357142857142864,3.5200000000000005,3.6937500000000005,3.8058823529411767,3.938888888888888,4.0473684210526315,4.175,4.319047619047619,4.440909090909091,4.48695652173913,4.520833333333333,4.52,4.523076923076923,4.503703703703703,4.464285714285714,4.451724137931035,4.489999999999999,4.532258064516129,4.60625,4.672727272727272,4.747058823529412,4.8,4.836111111111111,4.8810810810810805,4.939473684210526,5.012820512820513,5.105,5.185365853658537,5.283333333333333,5.374418604651162,5.445454545454544,5.497777777777777,5.539130434782608,5.559574468085106,5.570833333333333,5.557142857142857,5.521999999999999,5.474509803921569,5.423076923076923,5.390566037735848,5.366666666666666,5.363636363636362,5.367857142857143,5.375438596491229,5.382758620689655,5.394915254237288,5.411666666666666,5.432786885245902,5.475806451612902,5.515873015873015,5.5609375,5.60923076923077,5.651515151515152,5.686567164179104,5.722058823529412,5.74927536231884,5.774285714285714,5.8084507042253515,5.862500000000001,5.915068493150686,5.956756756756757,5.990666666666667,6.014473684210526,6.037662337662337,6.053846153846154,6.0620253164556965,6.0825000000000005,6.097530864197531,6.09390243902439,6.089156626506025,6.098809523809523,6.110588235294117,6.118604651162792,6.1206896551724155,6.156818181818181,6.197752808988764,6.243333333333333,6.293406593406594,6.344565217391305,6.39247311827957,6.445744680851064,6.489473684210527,6.539583333333333,6.574226804123711,6.605102040816327,6.626262626262626,6.645000000000001,6.6564356435643575,6.657843137254902,6.663106796116504,6.667307692307692,6.674285714285715,6.686792452830189,6.704672897196263,6.715740740740741,6.727522935779817,6.734545454545455,6.7405405405405405,6.766964285714285,6.806194690265487,6.858771929824561,6.913043478260869,6.95948275862069,6.9974358974358974,7.023728813559321,7.04453781512605,7.054166666666665,7.052892561983471,7.0418032786885245,7.024390243902439,7.0032258064516135,6.98,6.961904761904762,6.949606299212598,6.944531249999999,23.25,279.0,0.0,0.0,0.0,0.0,0.0,0.0,0.0,0.0,0.0,0.0,0.0,0.0,0.0,0.0,0.0,0.0,19.0,47.0,78.0,103.0,118.0,119.0,119.0,119.0,119.0,119.0,119.0,119.0,119.0,119.0,119.0,119.0,119.0,119.0,119.0,119.0,119.0,119.0,119.0,119.0,133.0,145.0,149.0,150.0,151.0,152.0,152.0,152.0,152.0,152.0,152.0,152.0,152.0,152.0,152.0,152.0,152.0,152.0,152.0,152.0,152.0,152.0,152.0,152.0,175.0,206.0,241.0,274.0,301.0,315.0,315.0,315.0,315.0,315.0,315.0,315.0,315.0,315.0,315.0,315.0,315.0,315.0,315.0,315.0,315.0,315.0,315.0,315.0,351.0,415.0,499.0,592.0,679.0,748.0,789.0,803.0,803.0,803.0,803.0,803.0,803.0,803.0,803.0,803.0,803.0,803.0,803.0,803.0,803.0,803.0,803.0,803.0,828.0,872.0,928.0,985.0,1032.0,1062.0,1073.0,1073.0,1073.0,1073.0,1073.0,1073.0,1073.0,1073.0,1073.0,1073.0,93,December 4,Macon
0.0077808557362575,1.2997605078810688,0.7744471616606333,1.707773670148366,1.707773670148366,0.5115809514553334,1.1231798047702368,4.33160101760361,4.33160101760361,0.5871420300997376,1.410819404805532,3.751446991156117,3.751446991156117,0.6279351377897807,1.4192681396861275,3.343831102061228,3.343831102061228,0.640188275843492,0.567492152943972,14.05,-0.04398451645127089,0.04398451645127089,203.44009489916957,5.0,4.6,4.366666666666666,4.025,3.44,3.0,2.6,2.325,2.022222222222222,1.8699999999999999,1.8363636363636362,1.8,1.7307692307692308,1.6785714285714286,1.6466666666666667,1.7375,1.8764705882352941,2.0222222222222226,2.1578947368421053,2.3150000000000004,2.4666666666666663,2.6636363636363636,2.78695652173913,2.8666666666666667,2.9360000000000004,3.0038461538461543,3.0222222222222226,3.028571428571429,3.006896551724138,3.0166666666666666,2.9838709677419355,2.971875,2.990909090909091,3.038235294117647,3.082857142857143,3.091666666666667,3.075675675675676,3.0763157894736843,3.117948717948718,3.1975,3.2560975609756095,3.326190476190476,3.388372093023256,3.461363636363636,3.5444444444444443,3.619565217391304,3.6595744680851063,3.69375,3.710204081632653,3.7279999999999998,3.7333333333333334,3.7269230769230766,3.7339622641509433,3.7685185185185186,3.8054545454545456,3.8607142857142853,3.912280701754386,3.96896551724138,4.013559322033898,4.048333333333334,4.088524590163934,4.137096774193548,4.195238095238095,4.265625,4.32923076923077,4.404545454545454,4.476119402985074,4.53529411764706,4.582608695652174,4.622857142857143,4.649295774647887,4.669444444444445,4.6726027397260275,4.66081081081081,4.64,4.61578947368421,4.603896103896104,4.597435897435898,4.605063291139241,4.6175,4.632098765432098,4.646341463414633,4.663855421686747,4.684523809523808,4.708235294117647,4.7476744186046504,4.785057471264367,4.826136363636364,4.869662921348314,4.908888888888889,4.942857142857142,4.977173913043478,5.005376344086021,5.031914893617022,5.065263157894737,5.113541666666666,5.1608247422680416,5.199999999999999,5.233333333333333,5.2589999999999995,5.284158415841585,5.303921568627451,5.31747572815534,5.340384615384616,5.35904761904762,5.363207547169812,5.366355140186917,5.3805555555555555,5.396330275229358,5.409090909090909,5.417117117117118,5.451785714285714,5.490265486725663,5.532456140350877,5.5782608695652165,5.625,5.669230769230769,5.717796610169492,5.758823529411765,5.804999999999999,5.838842975206612,5.869672131147541,5.892682926829269,5.913709677419355,5.9288,5.935714285714286,5.945669291338583,5.9546874999999995,25.083333333333332,301.0,0.0,0.0,0.0,0.0,0.0,0.0,0.0,0.0,0.0,0.0,0.0,0.0,0.0,0.0,0.0,0.0,26.0,70.0,126.0,184.0,233.0,266.0,279.0,279.0,279.0,279.0,279.0,279.0,279.0,279.0,279.0,279.0,279.0,279.0,279.0,279.0,279.0,279.0,279.0,279.0,298.0,326.0,357.0,382.0,397.0,398.0,398.0,398.0,398.0,398.0,398.0,398.0,398.0,398.0,398.0,398.0,398.0,398.0,398.0,398.0,398.0,398.0,398.0,398.0,412.0,424.0,428.0,429.0,430.0,431.0,431.0,431.0,431.0,431.0,431.0,431.0,431.0,431.0,431.0,431.0,431.0,431.0,431.0,431.0,431.0,431.0,431.0,431.0,454.0,485.0,520.0,553.0,580.0,594.0,594.0,594.0,594.0,594.0,594.0,594.0,594.0,594.0,594.0,594.0,594.0,594.0,594.0,594.0,594.0,594.0,594.0,594.0,630.0,694.0,778.0,871.0,958.0,1027.0,1068.0,1082.0,1082.0,1082.0,1082.0,1082.0,1082.0,1082.0,1082.0,1082.0,94,December 5,Macon
0.0077808557362575,1.2997605078810688,0.7744471616606333,1.707773670148366,1.707773670148366,0.5115809514553334,1.1231798047702368,4.33160101760361,4.33160101760361,0.5871420300997376,1.410819404805532,3.751446991156117,3.751446991156117,0.6279351377897807,1.4192681396861275,3.343831102061228,3.343831102061228,0.640188275843492,0.567492152943972,19.0,-0.0017807677087454117,0.0017807677087454117,212.421052631579,-1.4,-1.35,-1.4666666666666668,-1.7000000000000002,-1.8199999999999998,-1.6500000000000001,-1.3571428571428572,-1.025,-0.7333333333333333,-0.39999999999999997,-0.11818181818181812,0.2000000000000002,0.5846153846153848,0.9642857142857142,1.226666666666667,1.50625,1.747058823529412,1.9555555555555562,2.194736842105263,2.3950000000000005,2.585714285714286,2.795454545454546,2.965217391304348,3.0749999999999997,3.1520000000000006,3.1923076923076925,3.218518518518519,3.2107142857142854,3.1379310344827585,3.06,2.967741935483871,2.8875,2.7878787878787876,2.7205882352941173,2.6857142857142855,2.65,2.602702702702702,2.5605263157894735,2.5256410256410255,2.54,2.5780487804878045,2.623809523809524,2.669767441860465,2.7295454545454545,2.791111111111111,2.8782608695652168,2.934042553191489,2.970833333333333,3.004081632653061,3.0380000000000003,3.047058823529412,3.05,3.0377358490566033,3.042592592592592,3.0236363636363635,3.0160714285714283,3.0263157894736836,3.0534482758620687,3.0796610169491525,3.0849999999999995,3.0754098360655733,3.0758064516129027,3.1015873015873012,3.1515625,3.189230769230769,3.2348484848484844,3.276119402985074,3.3249999999999993,3.3811594202898543,3.4328571428571424,3.4619718309859153,3.4875000000000003,3.5013698630136987,3.516216216216216,3.5226666666666673,3.521052631578948,3.5285714285714294,3.5551282051282054,3.583544303797469,3.625,3.6641975308641985,3.7073170731707323,3.7421686746987954,3.7702380952380956,3.802352941176472,3.8406976744186054,3.8862068965517245,3.940909090909091,3.9910112359550567,4.050000000000001,4.106593406593407,4.154347826086957,4.193548387096775,4.227659574468086,4.2515789473684205,4.270833333333334,4.277319587628867,4.272448979591837,4.260606060606062,4.246,4.240594059405941,4.239215686274511,4.248543689320389,4.2615384615384615,4.276190476190477,4.290566037735849,4.3074766355140195,4.326851851851853,4.348623853211009,4.382727272727273,4.415315315315316,4.450892857142858,4.488495575221239,4.52280701754386,4.55304347826087,4.583620689655173,4.60940170940171,4.633898305084747,4.663865546218489,4.705833333333333,4.747107438016529,4.781967213114754,4.812195121951221,4.836290322580646,4.860000000000001,4.879365079365081,4.893700787401576,4.915625,0.4166666666666667,5.0,0.0,0.0,0.0,0.0,0.0,0.0,0.0,0.0,0.0,0.0,0.0,0.0,0.0,0.0,0.0,0.0,28.0,74.0,132.0,192.0,245.0,283.0,301.0,301.0,301.0,301.0,301.0,301.0,301.0,301.0,301.0,301.0,301.0,301.0,301.0,301.0,301.0,301.0,301.0,301.0,327.0,371.0,427.0,485.0,534.0,567.0,580.0,580.0,580.0,580.0,580.0,580.0,580.0,580.0,580.0,580.0,580.0,580.0,580.0,580.0,580.0,580.0,580.0,580.0,599.0,627.0,658.0,683.0,698.0,699.0,699.0,699.0,699.0,699.0,699.0,699.0,699.0,699.0,699.0,699.0,699.0,699.0,699.0,699.0,699.0,699.0,699.0,699.0,713.0,725.0,729.0,730.0,731.0,732.0,732.0,732.0,732.0,732.0,732.0,732.0,732.0,732.0,732.0,732.0,732.0,732.0,732.0,732.0,732.0,732.0,732.0,732.0,755.0,786.0,821.0,854.0,881.0,895.0,895.0,895.0,895.0,895.0,895.0,895.0,895.0,895.0,895.0,895.0,95,December 6,Macon
0.0077808557362575,1.2997605078810688,0.7744471616606333,1.707773670148366,1.707773670148366,0.5115809514553334,1.1231798047702368,4.33160101760361,4.33160101760361,0.5871420300997376,1.410819404805532,3.751446991156117,3.751446991156117,0.6279351377897807,1.4192681396861275,3.343831102061228,3.343831102061228,0.640188275843492,0.567492152943972,15.358333333333334,0.018382907893716976,0.018382907893716976,216.71188279978298,1.8,1.75,1.7000000000000002,1.6500000000000001,1.58,1.3333333333333333,1.2714285714285716,1.2,1.188888888888889,1.1900000000000002,1.281818181818182,1.3500000000000003,1.3461538461538465,1.3571428571428572,1.3733333333333335,1.4125,1.3647058823529414,1.338888888888889,1.3263157894736843,1.3000000000000003,1.2857142857142858,1.263636363636364,1.2478260869565219,1.175,1.072,0.9807692307692307,0.8814814814814816,0.7642857142857143,0.6586206896551725,0.61,0.603225806451613,0.625,0.6545454545454545,0.7117647058823531,0.7685714285714287,0.8500000000000001,0.9675675675675677,1.0973684210526315,1.1948717948717948,1.3074999999999999,1.4121951219512192,1.5095238095238095,1.625581395348837,1.7295454545454545,1.833333333333333,1.9499999999999997,2.0510638297872337,2.125,2.183673469387755,2.224,2.256862745098039,2.271153846153846,2.249056603773585,2.222222222222222,2.185454545454545,2.1535714285714285,2.1087719298245613,2.081034482758621,2.071186440677966,2.06,2.040983606557377,2.0241935483870965,2.011111111111111,2.028125,2.0600000000000005,2.0969696969696976,2.1343283582089554,2.1808823529411763,2.2289855072463767,2.2942857142857145,2.33943661971831,2.3722222222222222,2.4027397260273977,2.433783783783784,2.448,2.457894736842105,2.4571428571428573,2.467948717948718,2.462025316455696,2.46375,2.477777777777778,2.503658536585366,2.5289156626506024,2.539285714285714,2.538823529411765,2.545348837209302,2.5701149425287357,2.6125,2.646067415730337,2.6855555555555553,2.7219780219780216,2.7641304347826083,2.8118279569892475,2.856382978723405,2.88421052631579,2.9093749999999994,2.925773195876289,2.9428571428571426,2.953535353535354,2.958,2.9693069306930697,2.9950980392156867,3.0223300970873788,3.059615384615385,3.095238095238096,3.1339622641509437,3.1663551401869166,3.1935185185185193,3.2238532110091747,3.2590909090909097,3.3000000000000007,3.3482142857142856,3.3929203539823014,3.4447368421052635,3.494782608695653,3.5379310344827593,3.5743589743589754,3.60677966101695,3.631092436974791,3.651666666666667,3.6619834710743806,3.663114754098361,3.6585365853658547,3.651612903225807,3.6520000000000006,3.6555555555555563,3.667716535433071,3.6828125000000003,8.083333333333334,97.0,0.0,0.0,0.0,0.0,0.0,0.0,0.0,0.0,0.0,0.0,0.0,0.0,0.0,0.0,0.0,0.0,0.0,1.0,2.0,3.0,4.0,5.0,5.0,5.0,5.0,5.0,5.0,5.0,5.0,5.0,5.0,5.0,5.0,5.0,5.0,5.0,5.0,5.0,5.0,5.0,33.0,79.0,137.0,197.0,250.0,288.0,306.0,306.0,306.0,306.0,306.0,306.0,306.0,306.0,306.0,306.0,306.0,306.0,306.0,306.0,306.0,306.0,306.0,306.0,332.0,376.0,432.0,490.0,539.0,572.0,585.0,585.0,585.0,585.0,585.0,585.0,585.0,585.0,585.0,585.0,585.0,585.0,585.0,585.0,585.0,585.0,585.0,585.0,604.0,632.0,663.0,688.0,703.0,704.0,704.0,704.0,704.0,704.0,704.0,704.0,704.0,704.0,704.0,704.0,704.0,704.0,704.0,704.0,704.0,704.0,704.0,704.0,718.0,730.0,734.0,735.0,736.0,737.0,737.0,737.0,737.0,737.0,737.0,737.0,737.0,737.0,737.0,737.0,96,December 7,Macon
0.0077808557362575,1.2997605078810688,0.7744471616606333,1.707773670148366,1.707773670148366,0.5115809514553334,1.1231798047702368,4.33160101760361,4.33160101760361,0.5871420300997376,1.410819404805532,3.751446991156117,3.751446991156117,0.6279351377897807,1.4192681396861275,3.343831102061228,3.343831102061228,0.640188275843492,0.567492152943972,13.533333333333333,-0.14857957702137095,0.14857957702137095,181.18226600985227,5.2,5.300000000000001,5.3,5.3,5.0600000000000005,4.833333333333333,4.614285714285715,4.4625,4.311111111111111,4.14,3.972727272727272,3.7750000000000004,3.638461538461539,3.5642857142857136,3.5533333333333332,3.65625,3.7823529411764705,3.9166666666666665,3.9947368421052634,4.105,4.1761904761904765,4.259090909090909,4.27391304347826,4.208333333333333,4.112,4.01923076923077,3.92962962962963,3.842857142857143,3.7551724137931033,3.6333333333333333,3.5451612903225804,3.45625,3.3848484848484848,3.3205882352941183,3.2885714285714287,3.2555555555555555,3.2027027027027026,3.1578947368421053,3.117948717948718,3.09,3.029268292682927,2.9785714285714286,2.934883720930233,2.8863636363636367,2.8444444444444446,2.8000000000000003,2.759574468085106,2.6916666666666664,2.608163265306122,2.5300000000000002,2.447058823529412,2.353846153846154,2.2660377358490567,2.2092592592592593,2.1763636363636363,2.1607142857142856,2.150877192982456,2.1586206896551725,2.1677966101694914,2.1933333333333334,2.242622950819672,2.3016129032258066,2.3428571428571434,2.3953125,2.444615384615384,2.490909090909091,2.5507462686567166,2.604411764705883,2.6594202898550723,2.724285714285714,2.7802816901408454,2.8194444444444446,2.8493150684931505,2.867567567567568,2.8813333333333335,2.8828947368421054,2.85974025974026,2.8333333333333335,2.8000000000000003,2.7700000000000005,2.730864197530864,2.7036585365853663,2.6891566265060245,2.673809523809524,2.652941176470588,2.6337209302325584,2.617241379310345,2.622727272727273,2.6393258426966293,2.66,2.6813186813186816,2.7097826086956527,2.739784946236559,2.7829787234042556,2.8115789473684205,2.8312500000000003,2.849484536082474,2.868367346938775,2.874747474747475,2.878,2.873267326732673,2.877450980392157,2.868932038834952,2.866346153846154,2.873333333333333,2.8896226415094337,2.905607476635514,2.910185185185185,2.906422018348624,2.9081818181818178,2.924324324324324,2.9544642857142853,2.9778761061946897,3.006140350877193,3.032173913043478,3.0629310344827587,3.0982905982905984,3.1313559322033897,3.151260504201681,3.169166666666667,3.1801652892561982,3.1918032786885244,3.1983739837398373,3.2,3.2072000000000003,3.2261904761904763,3.2464566929133865,3.2750000000000004,45.5,546.0,0.0,0.0,0.0,0.0,0.0,0.0,0.0,0.0,0.0,0.0,0.0,0.0,0.0,0.0,0.0,0.0,18.0,42.0,66.0,86.0,96.0,97.0,97.0,97.0,97.0,97.0,97.0,97.0,97.0,97.0,97.0,97.0,97.0,97.0,97.0,97.0,97.0,97.0,97.0,97.0,97.0,98.0,99.0,100.0,101.0,102.0,102.0,102.0,102.0,102.0,102.0,102.0,102.0,102.0,102.0,102.0,102.0,102.0,102.0,102.0,102.0,102.0,102.0,102.0,130.0,176.0,234.0,294.0,347.0,385.0,403.0,403.0,403.0,403.0,403.0,403.0,403.0,403.0,403.0,403.0,403.0,403.0,403.0,403.0,403.0,403.0,403.0,403.0,429.0,473.0,529.0,587.0,636.0,669.0,682.0,682.0,682.0,682.0,682.0,682.0,682.0,682.0,682.0,682.0,682.0,682.0,682.0,682.0,682.0,682.0,682.0,682.0,701.0,729.0,760.0,785.0,800.0,801.0,801.0,801.0,801.0,801.0,801.0,801.0,801.0,801.0,801.0,801.0,97,December 8,Macon
0.0077808557362575,1.2997605078810688,0.7744471616606333,1.707773670148366,1.707773670148366,0.5115809514553334,1.1231798047702368,4.33160101760361,4.33160101760361,0.5871420300997376,1.410819404805532,3.751446991156117,3.751446991156117,0.6279351377897807,1.4192681396861275,3.343831102061228,3.343831102061228,0.640188275843492,0.567492152943972,11.725,-0.11919991877347959,0.11919991877347959,187.43425728500355,6.2,6.15,6.0,5.925,5.66,5.516666666666667,5.3,5.175000000000001,5.066666666666667,4.96,4.945454545454546,4.983333333333333,5.176923076923078,5.392857142857143,5.546666666666667,5.6625,5.752941176470588,5.861111111111111,5.957894736842105,6.0,5.971428571428571,5.886363636363637,5.78695652173913,5.7250000000000005,5.704,5.692307692307692,5.677777777777777,5.664285714285713,5.610344827586205,5.546666666666666,5.474193548387095,5.409375000000001,5.339393939393939,5.258823529411764,5.1742857142857135,5.074999999999999,4.991891891891891,4.928947368421052,4.889743589743588,4.897499999999999,4.919512195121951,4.949999999999999,4.960465116279069,4.988636363636363,5.002222222222222,5.02391304347826,5.014893617021277,4.966666666666668,4.90204081632653,4.838,4.774509803921568,4.711538461538461,4.647169811320754,4.562962962962962,4.496363636363635,4.428571428571429,4.370175438596491,4.31551724137931,4.279661016949152,4.243333333333333,4.195081967213114,4.151612903225806,4.111111111111111,4.078125,4.024615384615385,3.977272727272727,3.9343283582089557,3.8882352941176466,3.8463768115942027,3.8028571428571425,3.761971830985915,3.702777777777778,3.632876712328767,3.566216216216216,3.496,3.418421052631578,3.344155844155843,3.291025641025641,3.254430379746835,3.2299999999999995,3.2098765432098766,3.202439024390244,3.1963855421686747,3.2023809523809526,3.225882352941176,3.256976744186047,3.2758620689655173,3.3034090909090916,3.3292134831460674,3.3533333333333335,3.387912087912088,3.4184782608695654,3.4505376344086027,3.490425531914894,3.5242105263157897,3.545833333333334,3.5608247422680415,3.56734693877551,3.5707070707070705,3.565,3.5405940594059406,3.5137254901960784,3.4815533980582525,3.451923076923077,3.4152380952380947,3.387735849056604,3.3700934579439252,3.3518518518518516,3.329357798165138,3.3081818181818186,3.2891891891891896,3.2875000000000005,3.2946902654867256,3.305263157894737,3.3165217391304345,3.3336206896551723,3.352136752136752,3.3813559322033897,3.399159663865546,3.4100000000000006,3.419834710743802,3.430327868852459,3.430894308943089,3.429032258064516,3.4208000000000003,3.41984126984127,3.408661417322835,3.40234375,36.666666666666664,440.0,0.0,0.0,0.0,0.0,0.0,0.0,0.0,0.0,0.0,0.0,0.0,0.0,0.0,0.0,0.0,0.0,38.0,109.0,202.0,304.0,400.0,478.0,528.0,546.0,546.0,546.0,546.0,546.0,546.0,546.0,546.0,546.0,546.0,546.0,546.0,546.0,546.0,546.0,546.0,546.0,564.0,588.0,612.0,632.0,642.0,643.0,643.0,643.0,643.0,643.0,643.0,643.0,643.0,643.0,643.0,643.0,643.0,643.0,643.0,643.0,643.0,643.0,643.0,643.0,643.0,644.0,645.0,646.0,647.0,648.0,648.0,648.0,648.0,648.0,648.0,648.0,648.0,648.0,648.0,648.0,648.0,648.0,648.0,648.0,648.0,648.0,648.0,648.0,676.0,722.0,780.0,840.0,893.0,931.0,949.0,949.0,949.0,949.0,949.0,949.0,949.0,949.0,949.0,949.0,949.0,949.0,949.0,949.0,949.0,949.0,949.0,949.0,975.0,1019.0,1075.0,1133.0,1182.0,1215.0,1228.0,1228.0,1228.0,1228.0,1228.0,1228.0,1228.0,1228.0,1228.0,1228.0,98,December 9,Macon
0.0077808557362575,1.2997605078810688,0.7744471616606333,1.707773670148366,1.707773670148366,0.5115809514553334,1.1231798047702368,4.33160101760361,4.33160101760361,0.5871420300997376,1.410819404805532,3.751446991156117,3.751446991156117,0.6279351377897807,1.4192681396861275,3.343831102061228,3.343831102061228,0.640188275843492,0.567492152943972,18.933333333333334,-0.04834020570793192,0.04834020570793192,202.5132042253521,0.9,1.35,2.1333333333333333,2.9500000000000006,3.5199999999999996,3.85,4.042857142857143,4.1875,4.311111111111111,4.51,4.6000000000000005,4.608333333333333,4.676923076923076,4.735714285714287,4.886666666666668,5.112500000000001,5.394117647058824,5.705555555555556,6.031578947368422,6.265000000000001,6.409523809523809,6.468181818181819,6.4434782608695675,6.441666666666666,6.4319999999999995,6.4192307692307695,6.392592592592592,6.367857142857143,6.306896551724139,6.256666666666667,6.183870967741936,6.125,6.066666666666667,6.005882352941177,5.9714285714285715,5.955555555555557,5.9972972972972975,6.055263157894737,6.097435897435898,6.13,6.15609756097561,6.192857142857142,6.227906976744185,6.24090909090909,6.2222222222222205,6.176086956521738,6.121276595744679,6.083333333333333,6.065306122448979,6.052,6.037254901960784,6.023076923076922,5.986792452830189,5.944444444444444,5.896363636363636,5.851785714285714,5.803508771929825,5.748275862068965,5.689830508474575,5.621666666666666,5.562295081967213,5.514516129032256,5.48095238095238,5.4765625,5.481538461538462,5.492424242424242,5.491044776119403,5.501470588235294,5.5028985507246375,5.51,5.497183098591549,5.458333333333333,5.4082191780821915,5.358108108108108,5.308000000000001,5.257894736842105,5.206493506493506,5.141025641025641,5.087341772151898,5.032500000000001,4.983950617283951,4.93780487804878,4.904819277108434,4.871428571428571,4.829411764705882,4.790697674418604,4.754022988505747,4.722727272727273,4.676404494382021,4.634444444444444,4.595604395604395,4.554347826086956,4.516129032258064,4.476595744680851,4.438947368421052,4.3875,4.3278350515463915,4.270408163265306,4.21010101010101,4.144,4.08019801980198,4.0323529411764705,3.997087378640776,3.9711538461538463,3.948571428571429,3.9358490566037734,3.9242990654205605,3.922222222222222,3.9339449541284406,3.9518181818181817,3.9603603603603608,3.975892857142857,3.9902654867256637,4.003508771929825,4.025217391304348,4.043965517241379,4.064102564102564,4.090677966101695,4.112605042016806,4.125,4.132231404958677,4.132786885245902,4.130894308943089,4.1217741935483865,4.097600000000001,4.071428571428571,4.0409448818897635,4.0125,3.5833333333333335,43.0,0.0,0.0,0.0,0.0,0.0,0.0,0.0,0.0,0.0,0.0,0.0,0.0,0.0,0.0,0.0,0.0,34.0,95.0,173.0,256.0,333.0,394.0,430.0,440.0,440.0,440.0,440.0,440.0,440.0,440.0,440.0,440.0,440.0,440.0,440.0,440.0,440.0,440.0,440.0,440.0,478.0,549.0,642.0,744.0,840.0,918.0,968.0,986.0,986.0,986.0,986.0,986.0,986.0,986.0,986.0,986.0,986.0,986.0,986.0,986.0,986.0,986.0,986.0,986.0,1004.0,1028.0,1052.0,1072.0,1082.0,1083.0,1083.0,1083.0,1083.0,1083.0,1083.0,1083.0,1083.0,1083.0,1083.0,1083.0,1083.0,1083.0,1083.0,1083.0,1083.0,1083.0,1083.0,1083.0,1083.0,1084.0,1085.0,1086.0,1087.0,1088.0,1088.0,1088.0,1088.0,1088.0,1088.0,1088.0,1088.0,1088.0,1088.0,1088.0,1088.0,1088.0,1088.0,1088.0,1088.0,1088.0,1088.0,1088.0,1116.0,1162.0,1220.0,1280.0,1333.0,1371.0,1389.0,1389.0,1389.0,1389.0,1389.0,1389.0,1389.0,1389.0,1389.0,1389.0,99,December 10,Macon
0.0077808557362575,1.2997605078810688,0.7744471616606333,1.707773670148366,1.707773670148366,0.5115809514553334,1.1231798047702368,4.33160101760361,4.33160101760361,0.5871420300997376,1.410819404805532,3.751446991156117,3.751446991156117,0.6279351377897807,1.4192681396861275,3.343831102061228,3.343831102061228,0.640188275843492,0.567492152943972,13.258333333333333,-0.1832287349423213,0.1832287349423213,173.80892520427403,6.5,6.25,5.933333333333334,6.075,5.9399999999999995,5.633333333333333,5.214285714285714,5.0375,4.9,4.8100000000000005,4.645454545454545,4.333333333333333,4.076923076923077,3.8214285714285716,3.6999999999999997,3.50625,3.3588235294117648,3.238888888888889,3.1578947368421053,3.0549999999999997,2.9476190476190474,2.8727272727272726,2.778260869565217,2.6999999999999997,2.628,2.5961538461538463,2.6370370370370364,2.7357142857142853,2.8413793103448275,2.9299999999999997,3.0032258064516126,3.071875,3.139393939393939,3.2323529411764707,3.2971428571428567,3.336111111111111,3.394594594594595,3.4500000000000006,3.541025641025641,3.665,3.817073170731707,3.988095238095238,4.172093023255814,4.320454545454546,4.431111111111111,4.502173913043479,4.531914893617022,4.570833333333334,4.604081632653061,4.6339999999999995,4.654901960784314,4.675000000000001,4.673584905660378,4.675925925925926,4.663636363636364,4.6571428571428575,4.649122807017544,4.637931034482759,4.640677966101695,4.653333333333333,4.7,4.756451612903226,4.803174603174603,4.84375,4.88,4.922727272727272,4.964179104477611,4.991176470588236,4.9971014492753625,4.984285714285715,4.964788732394366,4.955555555555555,4.958904109589041,4.964864864864865,4.969333333333333,4.973684210526316,4.962337662337662,4.946153846153846,4.925316455696203,4.90625,4.883950617283951,4.856097560975609,4.825301204819278,4.786904761904761,4.754117647058823,4.72906976744186,4.7137931034482765,4.719318181818181,4.7314606741573035,4.747777777777777,4.754945054945055,4.770652173913044,4.779569892473118,4.792553191489362,4.7905263157894735,4.76875,4.738144329896907,4.707142857142857,4.675757575757576,4.644,4.610891089108911,4.566666666666666,4.531067961165048,4.49423076923077,4.461904761904762,4.431132075471699,4.4102803738317755,4.388888888888889,4.360550458715596,4.334545454545455,4.309909909909909,4.289285714285714,4.256637168141593,4.22719298245614,4.2,4.1706896551724135,4.143589743589744,4.115254237288136,4.088235294117647,4.05,4.00495867768595,3.9614754098360656,3.915447154471545,3.864516129032258,3.8152,3.7785714285714285,3.751968503937008,3.7328125,50.333333333333336,604.0,0.0,0.0,0.0,0.0,0.0,0.0,0.0,0.0,0.0,0.0,0.0,0.0,0.0,0.0,0.0,0.0,15.0,29.0,39.0,41.0,42.0,43.0,43.0,43.0,43.0,43.0,43.0,43.0,43.0,43.0,43.0,43.0,43.0,43.0,43.0,43.0,43.0,43.0,43.0,43.0,77.0,138.0,216.0,299.0,376.0,437.0,473.0,483.0,483.0,483.0,483.0,483.0,483.0,483.0,483.0,483.0,483.0,483.0,483.0,483.0,483.0,483.0,483.0,483.0,521.0,592.0,685.0,787.0,883.0,961.0,1011.0,1029.0,1029.0,1029.0,1029.0,1029.0,1029.0,1029.0,1029.0,1029.0,1029.0,1029.0,1029.0,1029.0,1029.0,1029.0,1029.0,1029.0,1047.0,1071.0,1095.0,1115.0,1125.0,1126.0,1126.0,1126.0,1126.0,1126.0,1126.0,1126.0,1126.0,1126.0,1126.0,1126.0,1126.0,1126.0,1126.0,1126.0,1126.0,1126.0,1126.0,1126.0,1126.0,1127.0,1128.0,1129.0,1130.0,1131.0,1131.0,1131.0,1131.0,1131.0,1131.0,1131.0,1131.0,1131.0,1131.0,1131.0,100,December 11,Macon
