Laine de verre¤TTP_TMateriau_Cond,North¤TTP_TOuverture_Uw,North¤TTP_TOuverture_Sw,North¤TTP_TOuverture_Largeur,North¤TTP_TOuverture_Hauteur,South¤TTP_TOuverture_Uw,South¤TTP_TOuverture_Sw,South¤TTP_TOuverture_Largeur,South¤TTP_TOuverture_Hauteur,East¤TTP_TOuverture_Uw,East¤TTP_TOuverture_Sw,East¤TTP_TOuverture_Largeur,East¤TTP_TOuverture_Hauteur,West¤TTP_TOuverture_Uw,West¤TTP_TOuverture_Sw,West¤TTP_TOuverture_Largeur,West¤TTP_TOuverture_Hauteur,Zone 1¤TTP_TinfiltrationZone,¤TMeteo,Text-average,Bias,Bias_Absolute,HLC,Text-1,Text-2,Text-3,Text-4,Text-5,Text-6,Text-7,Text-8,Text-9,Text-10,Text-11,Text-12,Text-13,Text-14,Text-15,Text-16,Text-17,Text-18,Text-19,Text-20,Text-21,Text-22,Text-23,Text-24,Text-25,Text-26,Text-27,Text-28,Text-29,Text-30,Text-31,Text-32,Text-33,Text-34,Text-35,Text-36,Text-37,Text-38,Text-39,Text-40,Text-41,Text-42,Text-43,Text-44,Text-45,Text-46,Text-47,Text-48,Text-49,Text-50,Text-51,Text-52,Text-53,Text-54,Text-55,Text-56,Text-57,Text-58,Text-59,Text-60,Text-61,Text-62,Text-63,Text-64,Text-65,Text-66,Text-67,Text-68,Text-69,Text-70,Text-71,Text-72,Text-73,Text-74,Text-75,Text-76,Text-77,Text-78,Text-79,Text-80,Text-81,Text-82,Text-83,Text-84,Text-85,Text-86,Text-87,Text-88,Text-89,Text-90,Text-91,Text-92,Text-93,Text-94,Text-95,Text-96,Text-97,Text-98,Text-99,Text-100,Text-101,Text-102,Text-103,Text-104,Text-105,Text-106,Text-107,Text-108,Text-109,Text-110,Text-111,Text-112,Text-113,Text-114,Text-115,Text-116,Text-117,Text-118,Text-119,Text-120,Text-121,Text-122,Text-123,Text-124,Text-125,Text-126,Text-127,Text-128,GHR_mean,GHR_sum,GHR-sum-1,GHR-sum-2,GHR-sum-3,GHR-sum-4,GHR-sum-5,GHR-sum-6,GHR-sum-7,GHR-sum-8,GHR-sum-9,GHR-sum-10,GHR-sum-11,GHR-sum-12,GHR-sum-13,GHR-sum-14,GHR-sum-15,GHR-sum-16,GHR-sum-17,GHR-sum-18,GHR-sum-19,GHR-sum-20,GHR-sum-21,GHR-sum-22,GHR-sum-23,GHR-sum-24,GHR-sum-25,GHR-sum-26,GHR-sum-27,GHR-sum-28,GHR-sum-29,GHR-sum-30,GHR-sum-31,GHR-sum-32,GHR-sum-33,GHR-sum-34,GHR-sum-35,GHR-sum-36,GHR-sum-37,GHR-sum-38,GHR-sum-39,GHR-sum-40,GHR-sum-41,GHR-sum-42,GHR-sum-43,GHR-sum-44,GHR-sum-45,GHR-sum-46,GHR-sum-47,GHR-sum-48,GHR-sum-49,GHR-sum-50,GHR-sum-51,GHR-sum-52,GHR-sum-53,GHR-sum-54,GHR-sum-55,GHR-sum-56,GHR-sum-57,GHR-sum-58,GHR-sum-59,GHR-sum-60,GHR-sum-61,GHR-sum-62,GHR-sum-63,GHR-sum-64,GHR-sum-65,GHR-sum-66,GHR-sum-67,GHR-sum-68,GHR-sum-69,GHR-sum-70,GHR-sum-71,GHR-sum-72,GHR-sum-73,GHR-sum-74,GHR-sum-75,GHR-sum-76,GHR-sum-77,GHR-sum-78,GHR-sum-79,GHR-sum-80,GHR-sum-81,GHR-sum-82,GHR-sum-83,GHR-sum-84,GHR-sum-85,GHR-sum-86,GHR-sum-87,GHR-sum-88,GHR-sum-89,GHR-sum-90,GHR-sum-91,GHR-sum-92,GHR-sum-93,GHR-sum-94,GHR-sum-95,GHR-sum-96,GHR-sum-97,GHR-sum-98,GHR-sum-99,GHR-sum-100,GHR-sum-101,GHR-sum-102,GHR-sum-103,GHR-sum-104,GHR-sum-105,GHR-sum-106,GHR-sum-107,GHR-sum-108,GHR-sum-109,GHR-sum-110,GHR-sum-111,GHR-sum-112,GHR-sum-113,GHR-sum-114,GHR-sum-115,GHR-sum-116,GHR-sum-117,GHR-sum-118,GHR-sum-119,GHR-sum-120,GHR-sum-121,GHR-sum-122,GHR-sum-123,GHR-sum-124,GHR-sum-125,GHR-sum-126,GHR-sum-127,GHR-sum-128,day_index,Date,Climate_zone
0.0025178897142416165,1.034517982612715,1.0486812209857863,2.831262201662029,2.831262201662029,0.6548483919591235,0.5858903920765259,5.089451138595578,5.089451138595578,0.7620527850757088,1.1763982538071849,3.280794508976022,3.280794508976022,0.4792697518974395,0.9661892155655648,1.9212511952352358,1.9212511952352358,0.305074895624565,0.1455328671205004,8.233333333333333,0.1559927662758793,0.1559927662758793,195.13157894736844,11.1,10.899999999999999,10.166666666666666,9.5,9.100000000000001,8.9,8.914285714285715,9.1125,8.1,7.289999999999999,6.627272727272726,6.074999999999999,5.607692307692307,5.207142857142856,4.859999999999999,4.55625,4.288235294117647,4.05,3.8368421052631576,3.6449999999999996,3.471428571428571,3.313636363636363,3.169565217391304,3.0375,2.9159999999999995,2.8038461538461537,2.6999999999999997,2.603571428571428,2.5137931034482754,2.4299999999999997,2.351612903225806,2.278125,2.209090909090909,2.1441176470588235,2.0828571428571427,2.025,1.9702702702702701,1.9184210526315788,1.869230769230769,1.8225000000000002,1.7780487804878047,1.7357142857142855,1.6953488372093022,1.6568181818181815,1.6199999999999999,1.584782608695652,1.551063829787234,1.51875,1.4877551020408162,1.4579999999999997,1.4294117647058822,1.4019230769230768,1.3754716981132074,1.3499999999999999,1.3254545454545452,1.3017857142857143,1.2789473684210524,1.2568965517241377,1.235593220338983,1.2149999999999999,1.1950819672131145,1.175806451612903,1.157142857142857,1.1390625,1.1215384615384614,1.1045454545454545,1.0880597014925373,1.0720588235294117,1.0565217391304347,1.0414285714285714,1.0267605633802817,1.0125000000000002,0.9986301369863012,0.9851351351351351,0.9719999999999999,0.9592105263157894,0.9467532467532467,0.9346153846153845,0.9227848101265822,0.9112500000000001,0.8999999999999999,0.8890243902439023,0.8783132530120481,0.8678571428571428,0.8576470588235293,0.8476744186046511,0.8379310344827585,0.828409090909091,0.8191011235955056,0.8099999999999999,0.801098901098901,0.792391304347826,0.7838709677419354,0.775531914893617,0.7673684210526315,0.759375,0.7515463917525772,0.7438775510204081,0.7363636363636363,0.7289999999999999,0.7217821782178216,0.7147058823529411,0.707766990291262,0.7009615384615385,0.6942857142857142,0.6877358490566037,0.6813084112149532,0.6749999999999999,0.6688073394495412,0.6627272727272726,0.6567567567567567,0.6508928571428572,0.6451327433628318,0.6394736842105262,0.6339130434782608,0.6284482758620689,0.623076923076923,0.6177966101694915,0.6126050420168067,0.6075,0.6024793388429751,0.5975409836065573,0.5926829268292683,0.5879032258064515,0.5831999999999999,0.5785714285714285,0.574015748031496,0.56953125,1.3333333333333333,16.0,0.0,0.0,0.0,0.0,0.0,0.0,0.0,0.0,0.0,0.0,0.0,0.0,0.0,0.0,0.0,0.0,0.0,0.0,0.0,0.0,0.0,0.0,0.0,0.0,0.0,0.0,0.0,0.0,0.0,0.0,0.0,0.0,0.0,0.0,0.0,0.0,0.0,0.0,0.0,0.0,0.0,0.0,0.0,0.0,0.0,0.0,0.0,0.0,0.0,0.0,0.0,0.0,0.0,0.0,0.0,0.0,0.0,0.0,0.0,0.0,0.0,0.0,0.0,0.0,0.0,0.0,0.0,0.0,0.0,0.0,0.0,0.0,0.0,0.0,0.0,0.0,0.0,0.0,0.0,0.0,0.0,0.0,0.0,0.0,0.0,0.0,0.0,0.0,0.0,0.0,0.0,0.0,0.0,0.0,0.0,0.0,0.0,0.0,0.0,0.0,0.0,0.0,0.0,0.0,0.0,0.0,0.0,0.0,0.0,0.0,0.0,0.0,0.0,0.0,0.0,0.0,0.0,0.0,0.0,0.0,0.0,0.0,0.0,0.0,0.0,0.0,0.0,0.0,1,January 1,Macon
0.0025178897142416165,1.034517982612715,1.0486812209857863,2.831262201662029,2.831262201662029,0.6548483919591235,0.5858903920765259,5.089451138595578,5.089451138595578,0.7620527850757088,1.1763982538071849,3.280794508976022,3.280794508976022,0.4792697518974395,0.9661892155655648,1.9212511952352358,1.9212511952352358,0.305074895624565,0.1455328671205004,6.033333333333332,-0.33811303710298235,0.33811303710298235,111.72651933701658,13.6,12.45,11.666666666666666,11.1,10.82,10.699999999999998,10.571428571428571,10.5375,10.588888888888889,10.61,10.718181818181817,10.799999999999999,10.853846153846153,10.942857142857145,10.966666666666667,10.99375,11.088235294117645,11.18888888888889,11.310526315789474,11.379999999999999,11.395238095238094,11.354545454545455,11.317391304347826,11.283333333333331,11.276000000000002,11.253846153846155,11.159259259259262,11.028571428571428,10.90689655172414,10.806666666666668,10.748387096774195,10.740625000000001,10.415151515151516,10.108823529411767,9.820000000000002,9.547222222222224,9.289189189189191,9.044736842105266,8.812820512820513,8.592500000000001,8.382926829268294,8.183333333333335,7.993023255813955,7.811363636363637,7.637777777777779,7.471739130434785,7.31276595744681,7.160416666666667,7.014285714285715,6.874000000000002,6.739215686274511,6.609615384615386,6.484905660377359,6.3648148148148165,6.24909090909091,6.137500000000001,6.02982456140351,5.925862068965519,5.82542372881356,5.728333333333334,5.634426229508198,5.543548387096775,5.455555555555557,5.370312500000001,5.287692307692309,5.207575757575759,5.129850746268658,5.054411764705883,4.981159420289856,4.910000000000001,4.840845070422536,4.773611111111112,4.708219178082192,4.644594594594596,4.582666666666667,4.522368421052632,4.463636363636364,4.406410256410258,4.350632911392406,4.296250000000001,4.243209876543211,4.191463414634147,4.140963855421687,4.091666666666667,4.043529411764706,3.996511627906978,3.9505747126436788,3.9056818181818187,3.861797752808989,3.81888888888889,3.7769230769230773,3.7358695652173917,3.6956989247311833,3.6563829787234052,3.6178947368421057,3.5802083333333337,3.5432989690721652,3.507142857142858,3.471717171717172,3.4370000000000003,3.4029702970297033,3.369607843137256,3.3368932038834958,3.304807692307693,3.273333333333334,3.24245283018868,3.212149532710281,3.182407407407408,3.153211009174312,3.1245454545454554,3.096396396396397,3.0687500000000005,3.041592920353983,3.0149122807017554,2.9886956521739134,2.962931034482759,2.937606837606838,2.9127118644067806,2.8882352941176475,2.864166666666667,2.8404958677685954,2.8172131147540993,2.7943089430894315,2.7717741935483873,2.7496000000000005,2.7277777777777787,2.7062992125984255,2.6851562500000004,66.08333333333333,793.0,0.0,0.0,0.0,0.0,0.0,0.0,0.0,0.0,0.0,0.0,0.0,0.0,0.0,0.0,0.0,0.0,2.0,4.0,7.0,10.0,13.0,14.0,16.0,16.0,16.0,16.0,16.0,16.0,16.0,16.0,16.0,16.0,16.0,16.0,16.0,16.0,16.0,16.0,16.0,16.0,16.0,16.0,16.0,16.0,16.0,16.0,16.0,16.0,16.0,16.0,16.0,16.0,16.0,16.0,16.0,16.0,16.0,16.0,16.0,16.0,16.0,16.0,16.0,16.0,16.0,16.0,16.0,16.0,16.0,16.0,16.0,16.0,16.0,16.0,16.0,16.0,16.0,16.0,16.0,16.0,16.0,16.0,16.0,16.0,16.0,16.0,16.0,16.0,16.0,16.0,16.0,16.0,16.0,16.0,16.0,16.0,16.0,16.0,16.0,16.0,16.0,16.0,16.0,16.0,16.0,16.0,16.0,16.0,16.0,16.0,16.0,16.0,16.0,16.0,16.0,16.0,16.0,16.0,16.0,16.0,16.0,16.0,16.0,16.0,16.0,16.0,16.0,16.0,2,January 2,Macon
0.0025178897142416165,1.034517982612715,1.0486812209857863,2.831262201662029,2.831262201662029,0.6548483919591235,0.5858903920765259,5.089451138595578,5.089451138595578,0.7620527850757088,1.1763982538071849,3.280794508976022,3.280794508976022,0.4792697518974395,0.9661892155655648,1.9212511952352358,1.9212511952352358,0.305074895624565,0.1455328671205004,13.966666666666665,-0.05160249522107471,0.05160249522107471,160.0894988066826,6.4,5.7,5.366666666666667,5.300000000000001,5.4,5.5,5.6,5.825,5.955555555555555,6.04,6.190909090909091,6.333333333333333,6.569230769230769,6.742857142857143,6.973333333333334,7.25,7.6647058823529415,8.1,8.510526315789473,8.895,9.285714285714286,9.65,9.96086956521739,10.15,10.288,10.326923076923077,10.318518518518518,10.285714285714283,10.26551724137931,10.26,10.24516129032258,10.246875,10.26969696969697,10.285294117647059,10.328571428571427,10.366666666666667,10.397297297297298,10.442105263157893,10.464102564102562,10.4875,10.539024390243902,10.595238095238095,10.662790697674417,10.709090909090909,10.73111111111111,10.72608695652174,10.721276595744682,10.716666666666667,10.724489795918368,10.723999999999998,10.684313725490195,10.623076923076924,10.564150943396228,10.514814814814816,10.487272727272728,10.487499999999999,10.303508771929826,10.12586206896552,9.954237288135594,9.788333333333336,9.627868852459018,9.472580645161292,9.322222222222223,9.1765625,9.035384615384617,8.89848484848485,8.765671641791046,8.636764705882356,8.511594202898552,8.39,8.271830985915495,8.156944444444443,8.045205479452056,7.936486486486487,7.8306666666666676,7.727631578947371,7.627272727272728,7.52948717948718,7.434177215189874,7.34125,7.250617283950618,7.16219512195122,7.0759036144578324,6.991666666666669,6.909411764705883,6.829069767441862,6.750574712643679,6.673863636363635,6.598876404494383,6.525555555555556,6.453846153846155,6.383695652173915,6.315053763440861,6.247872340425532,6.182105263157895,6.117708333333333,6.054639175257733,5.992857142857144,5.932323232323233,5.873000000000002,5.814851485148515,5.757843137254903,5.701941747572816,5.647115384615384,5.593333333333334,5.54056603773585,5.488785046728973,5.437962962962964,5.388073394495414,5.33909090909091,5.290990990990991,5.2437499999999995,5.197345132743363,5.151754385964913,5.106956521739131,5.0629310344827605,5.0196581196581205,4.977118644067797,4.935294117647059,4.894166666666666,4.853719008264464,4.813934426229509,4.77479674796748,4.736290322580647,4.6984,4.661111111111111,4.6244094488188985,4.58828125,2.0,24.0,0.0,0.0,0.0,0.0,0.0,0.0,0.0,0.0,0.0,0.0,0.0,0.0,0.0,0.0,0.0,0.0,56.0,157.0,288.0,432.0,571.0,689.0,767.0,793.0,793.0,793.0,793.0,793.0,793.0,793.0,793.0,793.0,793.0,793.0,793.0,793.0,793.0,793.0,793.0,793.0,795.0,797.0,800.0,803.0,806.0,807.0,809.0,809.0,809.0,809.0,809.0,809.0,809.0,809.0,809.0,809.0,809.0,809.0,809.0,809.0,809.0,809.0,809.0,809.0,809.0,809.0,809.0,809.0,809.0,809.0,809.0,809.0,809.0,809.0,809.0,809.0,809.0,809.0,809.0,809.0,809.0,809.0,809.0,809.0,809.0,809.0,809.0,809.0,809.0,809.0,809.0,809.0,809.0,809.0,809.0,809.0,809.0,809.0,809.0,809.0,809.0,809.0,809.0,809.0,809.0,809.0,809.0,809.0,809.0,809.0,809.0,809.0,809.0,809.0,809.0,809.0,809.0,809.0,809.0,809.0,809.0,809.0,809.0,809.0,809.0,809.0,809.0,809.0,3,January 3,Macon
0.0025178897142416165,1.034517982612715,1.0486812209857863,2.831262201662029,2.831262201662029,0.6548483919591235,0.5858903920765259,5.089451138595578,5.089451138595578,0.7620527850757088,1.1763982538071849,3.280794508976022,3.280794508976022,0.4792697518974395,0.9661892155655648,1.9212511952352358,1.9212511952352358,0.305074895624565,0.1455328671205004,15.9,-0.10938726439933642,0.10938726439933642,150.33542976939202,1.3,1.15,1.1333333333333335,1.125,1.18,1.2666666666666668,1.4714285714285715,1.6500000000000001,1.788888888888889,1.8800000000000001,2.0272727272727273,2.1750000000000003,2.3384615384615386,2.4857142857142853,2.6733333333333333,2.91875,3.111764705882353,3.2666666666666666,3.3684210526315796,3.5149999999999992,3.6714285714285713,3.8227272727272723,3.9695652173913043,4.104166666666667,4.196,4.226923076923077,4.2444444444444445,4.2749999999999995,4.327586206896552,4.383333333333335,4.441935483870967,4.534374999999999,4.609090909090909,4.673529411764706,4.76,4.847222222222222,4.97027027027027,5.076315789473685,5.207692307692307,5.3625,5.580487804878049,5.816666666666667,6.051162790697674,6.281818181818182,6.522222222222224,6.756521739130435,6.970212765957446,7.127083333333334,7.259183673469387,7.34,7.394117647058825,7.432692307692308,7.475471698113209,7.524074074074075,7.5654545454545445,7.614285714285714,7.673684210526316,7.727586206896552,7.796610169491526,7.861666666666667,7.921311475409837,7.988709677419356,8.041269841269841,8.09375,8.163076923076924,8.234848484848484,8.313432835820896,8.37794117647059,8.426086956521738,8.455714285714285,8.484507042253522,8.5125,8.547945205479452,8.577027027027027,8.578666666666667,8.564473684210528,8.55064935064935,8.542307692307693,8.548101265822785,8.5725,8.466666666666667,8.363414634146343,8.262650602409638,8.164285714285715,8.068235294117647,7.974418604651164,7.882758620689656,7.793181818181818,7.70561797752809,7.620000000000001,7.536263736263736,7.454347826086957,7.3741935483870975,7.295744680851064,7.218947368421054,7.14375,7.070103092783505,6.99795918367347,6.927272727272727,6.8580000000000005,6.790099009900991,6.723529411764707,6.6582524271844665,6.5942307692307685,6.531428571428571,6.469811320754718,6.4093457943925225,6.3500000000000005,6.291743119266056,6.234545454545455,6.178378378378379,6.123214285714285,6.069026548672566,6.015789473684211,5.9634782608695645,5.912068965517242,5.861538461538462,5.811864406779661,5.7630252100840345,5.715,5.667768595041322,5.621311475409836,5.575609756097561,5.530645161290323,5.486400000000001,5.442857142857143,5.4,5.3578125,37.333333333333336,448.0,0.0,0.0,0.0,0.0,0.0,0.0,0.0,0.0,0.0,0.0,0.0,0.0,0.0,0.0,0.0,1.0,11.0,13.0,16.0,19.0,21.0,22.0,24.0,24.0,24.0,24.0,24.0,24.0,24.0,24.0,24.0,24.0,24.0,24.0,24.0,24.0,24.0,24.0,24.0,24.0,80.0,181.0,312.0,456.0,595.0,713.0,791.0,817.0,817.0,817.0,817.0,817.0,817.0,817.0,817.0,817.0,817.0,817.0,817.0,817.0,817.0,817.0,817.0,817.0,819.0,821.0,824.0,827.0,830.0,831.0,833.0,833.0,833.0,833.0,833.0,833.0,833.0,833.0,833.0,833.0,833.0,833.0,833.0,833.0,833.0,833.0,833.0,833.0,833.0,833.0,833.0,833.0,833.0,833.0,833.0,833.0,833.0,833.0,833.0,833.0,833.0,833.0,833.0,833.0,833.0,833.0,833.0,833.0,833.0,833.0,833.0,833.0,833.0,833.0,833.0,833.0,833.0,833.0,833.0,833.0,833.0,833.0,833.0,833.0,833.0,833.0,833.0,833.0,4,January 4,Macon
0.0025178897142416165,1.034517982612715,1.0486812209857863,2.831262201662029,2.831262201662029,0.6548483919591235,0.5858903920765259,5.089451138595578,5.089451138595578,0.7620527850757088,1.1763982538071849,3.280794508976022,3.280794508976022,0.4792697518974395,0.9661892155655648,1.9212511952352358,1.9212511952352358,0.305074895624565,0.1455328671205004,18.725,-0.03634018607221418,0.03634018607221418,162.66577659101026,-1.4999999999999998,-1.2999999999999998,-1.0999999999999999,-0.625,-0.07999999999999993,0.2833333333333333,0.6285714285714287,0.9750000000000001,1.277777777777778,1.55,1.863636363636364,2.1416666666666666,2.392307692307692,2.5285714285714285,2.7266666666666666,2.9187499999999997,3.076470588235294,3.1500000000000004,3.1526315789473682,3.1399999999999997,3.119047619047619,3.1363636363636362,3.134782608695652,3.1208333333333336,3.0480000000000005,2.9692307692307693,2.9000000000000004,2.835714285714286,2.7862068965517244,2.7499999999999996,2.7483870967741937,2.753125,2.757575757575758,2.7558823529411764,2.777142857142857,2.8055555555555554,2.845945945945946,2.8868421052631574,2.9487179487179485,3.04,3.1170731707317074,3.1833333333333336,3.230232558139535,3.3000000000000003,3.377777777777778,3.4565217391304355,3.536170212765958,3.6125000000000003,3.669387755102041,3.696,3.7156862745098045,3.742307692307693,3.7811320754716986,3.8222222222222224,3.8654545454545453,3.9285714285714284,3.9824561403508767,4.031034482758621,4.093220338983051,4.156666666666667,4.242622950819673,4.319354838709677,4.412698412698413,4.521875,4.672307692307693,4.836363636363636,5.001492537313433,5.166176470588234,5.339130434782609,5.510000000000001,5.669014084507042,5.791666666666667,5.898630136986302,5.971621621621622,6.0266666666666655,6.071052631578947,6.118181818181818,6.1692307692307695,6.215189873417723,6.266249999999999,6.324691358024692,6.379268292682927,6.444578313253012,6.507142857142856,6.565882352941175,6.630232558139534,6.683908045977011,6.737500000000001,6.803370786516854,6.8711111111111105,6.943956043956043,7.0065217391304335,7.056989247311828,7.0936170212765965,7.129473684210527,7.164583333333333,7.205154639175259,7.240816326530613,7.255555555555556,7.257999999999998,7.26039603960396,7.266666666666666,7.283495145631069,7.314423076923077,7.244761904761905,7.176415094339623,7.109345794392524,7.043518518518518,6.978899082568808,6.915454545454545,6.853153153153155,6.791964285714286,6.731858407079646,6.67280701754386,6.614782608695653,6.557758620689655,6.501709401709402,6.4466101694915245,6.392436974789917,6.339166666666667,6.2867768595041325,6.2352459016393444,6.184552845528455,6.134677419354838,6.0856,6.037301587301587,5.989763779527561,5.94296875,9.666666666666666,116.0,0.0,0.0,0.0,0.0,0.0,0.0,0.0,0.0,0.0,0.0,0.0,0.0,0.0,0.0,0.0,2.0,45.0,112.0,194.0,279.0,354.0,410.0,441.0,448.0,448.0,448.0,448.0,448.0,448.0,448.0,448.0,448.0,448.0,448.0,448.0,448.0,448.0,448.0,448.0,449.0,459.0,461.0,464.0,467.0,469.0,470.0,472.0,472.0,472.0,472.0,472.0,472.0,472.0,472.0,472.0,472.0,472.0,472.0,472.0,472.0,472.0,472.0,472.0,472.0,528.0,629.0,760.0,904.0,1043.0,1161.0,1239.0,1265.0,1265.0,1265.0,1265.0,1265.0,1265.0,1265.0,1265.0,1265.0,1265.0,1265.0,1265.0,1265.0,1265.0,1265.0,1265.0,1265.0,1267.0,1269.0,1272.0,1275.0,1278.0,1279.0,1281.0,1281.0,1281.0,1281.0,1281.0,1281.0,1281.0,1281.0,1281.0,1281.0,1281.0,1281.0,1281.0,1281.0,1281.0,1281.0,1281.0,1281.0,1281.0,1281.0,1281.0,1281.0,1281.0,1281.0,1281.0,1281.0,1281.0,1281.0,1281.0,1281.0,1281.0,1281.0,1281.0,1281.0,5,January 5,Macon
0.0025178897142416165,1.034517982612715,1.0486812209857863,2.831262201662029,2.831262201662029,0.6548483919591235,0.5858903920765259,5.089451138595578,5.089451138595578,0.7620527850757088,1.1763982538071849,3.280794508976022,3.280794508976022,0.4792697518974395,0.9661892155655648,1.9212511952352358,1.9212511952352358,0.305074895624565,0.1455328671205004,16.166666666666664,-0.011304783309718031,0.011304783309718031,166.8917525773196,3.2,2.8000000000000003,2.1,1.5750000000000002,1.1,0.7166666666666668,0.5857142857142857,0.675,0.9333333333333336,1.23,1.5090909090909093,1.6666666666666667,1.7538461538461534,1.8285714285714285,1.9066666666666665,1.9375,2.0058823529411764,1.9777777777777779,1.9368421052631581,1.8900000000000001,1.7857142857142858,1.6772727272727275,1.582608695652174,1.4708333333333334,1.352,1.2576923076923079,1.1851851851851853,1.1714285714285715,1.2034482758620688,1.2333333333333336,1.2806451612903227,1.3468749999999998,1.418181818181818,1.4941176470588236,1.5942857142857145,1.6944444444444446,1.7945945945945947,1.860526315789474,1.9538461538461542,2.05,2.1365853658536587,2.1904761904761907,2.2139534883720935,2.229545454545455,2.2400000000000007,2.2673913043478264,2.2851063829787237,2.2958333333333334,2.275510204081633,2.2500000000000004,2.2274509803921574,2.205769230769231,2.1905660377358496,2.1814814814814816,2.1909090909090914,2.2035714285714287,2.2157894736842105,2.2241379310344827,2.2457627118644066,2.2716666666666665,2.304918032786885,2.338709677419355,2.3857142857142852,2.4515625000000005,2.509230769230769,2.56060606060606,2.5999999999999996,2.654411764705882,2.714492753623188,2.7757142857142854,2.8380281690140845,2.898611111111111,2.9465753424657533,2.974324324324324,2.997333333333333,3.025,3.061038961038961,3.0987179487179484,3.137974683544304,3.1912499999999993,3.238271604938271,3.2817073170731703,3.334939759036144,3.3892857142857133,3.4599999999999995,3.5244186046511623,3.601149425287356,3.689772727272727,3.808988764044943,3.938888888888888,4.07032967032967,4.202173913043477,4.3408602150537625,4.478723404255318,4.608421052631578,4.711458333333333,4.8030927835051545,4.869387755102041,4.922222222222222,4.967,5.013861386138613,5.06372549019608,5.109708737864079,5.1596153846153845,5.215238095238096,5.2679245283018865,5.328971962616824,5.3879629629629635,5.444036697247708,5.504545454545456,5.556756756756758,5.608928571428572,5.670796460176992,5.73421052631579,5.801739130434784,5.861206896551726,5.911111111111112,5.950000000000001,5.988235294117647,6.025833333333335,6.067768595041324,6.105737704918034,6.126829268292684,6.137903225806452,6.148800000000002,6.162698412698414,6.185039370078741,6.21875,12.5,150.0,0.0,0.0,0.0,0.0,0.0,0.0,0.0,0.0,0.0,0.0,0.0,0.0,0.0,0.0,0.0,3.0,26.0,52.0,79.0,101.0,113.0,114.0,116.0,116.0,116.0,116.0,116.0,116.0,116.0,116.0,116.0,116.0,116.0,116.0,116.0,116.0,116.0,116.0,116.0,118.0,161.0,228.0,310.0,395.0,470.0,526.0,557.0,564.0,564.0,564.0,564.0,564.0,564.0,564.0,564.0,564.0,564.0,564.0,564.0,564.0,564.0,564.0,564.0,565.0,575.0,577.0,580.0,583.0,585.0,586.0,588.0,588.0,588.0,588.0,588.0,588.0,588.0,588.0,588.0,588.0,588.0,588.0,588.0,588.0,588.0,588.0,588.0,588.0,644.0,745.0,876.0,1020.0,1159.0,1277.0,1355.0,1381.0,1381.0,1381.0,1381.0,1381.0,1381.0,1381.0,1381.0,1381.0,1381.0,1381.0,1381.0,1381.0,1381.0,1381.0,1381.0,1381.0,1383.0,1385.0,1388.0,1391.0,1394.0,1395.0,1397.0,1397.0,1397.0,1397.0,1397.0,1397.0,1397.0,1397.0,1397.0,1397.0,6,January 6,Macon
0.0025178897142416165,1.034517982612715,1.0486812209857863,2.831262201662029,2.831262201662029,0.6548483919591235,0.5858903920765259,5.089451138595578,5.089451138595578,0.7620527850757088,1.1763982538071849,3.280794508976022,3.280794508976022,0.4792697518974395,0.9661892155655648,1.9212511952352358,1.9212511952352358,0.305074895624565,0.1455328671205004,20.366666666666667,-0.002635334817446369,0.002635334817446369,168.35515548281506,-2.1,-3.0,-3.733333333333333,-4.1000000000000005,-4.220000000000001,-4.35,-4.428571428571429,-4.387499999999999,-4.266666666666667,-4.08,-3.754545454545455,-3.4583333333333335,-3.138461538461539,-2.7357142857142853,-2.3400000000000003,-1.9375000000000004,-1.5529411764705883,-1.2222222222222223,-0.9526315789473685,-0.7300000000000001,-0.523809523809524,-0.26818181818181835,-0.013043478260869634,0.18749999999999992,0.3079999999999999,0.3884615384615385,0.3999999999999999,0.38571428571428573,0.3448275862068966,0.29333333333333333,0.2774193548387096,0.30937499999999984,0.3909090909090909,0.49411764705882344,0.602857142857143,0.6805555555555555,0.7378378378378377,0.7921052631578945,0.8487179487179484,0.8875,0.9414634146341464,0.9547619047619048,0.9604651162790697,0.9613636363636363,0.933333333333333,0.8999999999999998,0.8702127659574467,0.8291666666666666,0.7816326530612244,0.7440000000000001,0.7156862745098039,0.7173076923076922,0.7433962264150942,0.7685185185185183,0.8036363636363635,0.8500000000000002,0.9,0.9534482758620689,1.0220338983050847,1.0916666666666666,1.1622950819672129,1.2129032258064516,1.2809523809523808,1.3515625,1.4169230769230767,1.4621212121212122,1.4880597014925374,1.5088235294117647,1.526086956521739,1.5542857142857143,1.5760563380281696,1.5930555555555557,1.5890410958904109,1.5810810810810811,1.5746666666666669,1.568421052631579,1.5662337662337664,1.5679487179487182,1.5822784810126587,1.59875,1.614814814814815,1.6280487804878048,1.6506024096385543,1.6761904761904762,1.7070588235294124,1.7383720930232565,1.7793103448275867,1.8340909090909092,1.8831460674157305,1.9277777777777778,1.9637362637362636,2.010869565217391,2.06236559139785,2.114893617021277,2.168421052631579,2.2208333333333337,2.2639175257731963,2.2918367346938777,2.3161616161616165,2.3440000000000003,2.3782178217821786,2.4137254901960787,2.4504854368932047,2.498076923076923,2.5409523809523806,2.5811320754716984,2.6289719626168226,2.677777777777778,2.739449541284404,2.7963636363636373,2.8630630630630636,2.9392857142857136,3.039823008849557,3.1491228070175437,3.2600000000000002,3.3715517241379307,3.488888888888889,3.6059322033898304,3.7168067226890757,3.8066666666666666,3.887603305785124,3.9483606557377042,3.9983739837398375,4.041935483870967,4.087199999999999,4.1349206349206336,4.179527559055117,4.227343749999999,2.1666666666666665,26.0,0.0,0.0,0.0,0.0,0.0,0.0,0.0,0.0,0.0,0.0,0.0,0.0,0.0,0.0,0.0,4.0,31.0,62.0,94.0,123.0,143.0,148.0,150.0,150.0,150.0,150.0,150.0,150.0,150.0,150.0,150.0,150.0,150.0,150.0,150.0,150.0,150.0,150.0,150.0,153.0,176.0,202.0,229.0,251.0,263.0,264.0,266.0,266.0,266.0,266.0,266.0,266.0,266.0,266.0,266.0,266.0,266.0,266.0,266.0,266.0,266.0,266.0,266.0,268.0,311.0,378.0,460.0,545.0,620.0,676.0,707.0,714.0,714.0,714.0,714.0,714.0,714.0,714.0,714.0,714.0,714.0,714.0,714.0,714.0,714.0,714.0,714.0,715.0,725.0,727.0,730.0,733.0,735.0,736.0,738.0,738.0,738.0,738.0,738.0,738.0,738.0,738.0,738.0,738.0,738.0,738.0,738.0,738.0,738.0,738.0,738.0,738.0,794.0,895.0,1026.0,1170.0,1309.0,1427.0,1505.0,1531.0,1531.0,1531.0,1531.0,1531.0,1531.0,1531.0,1531.0,1531.0,7,January 7,Macon
0.0025178897142416165,1.034517982612715,1.0486812209857863,2.831262201662029,2.831262201662029,0.6548483919591235,0.5858903920765259,5.089451138595578,5.089451138595578,0.7620527850757088,1.1763982538071849,3.280794508976022,3.280794508976022,0.4792697518974395,0.9661892155655648,1.9212511952352358,1.9212511952352358,0.305074895624565,0.1455328671205004,22.766666666666666,0.00014832110912963288,0.00014832110912963288,168.8250366032211,-6.8,-6.7,-6.7,-6.575,-6.300000000000001,-5.8500000000000005,-5.3,-4.85,-4.433333333333334,-4.220000000000001,-4.136363636363637,-4.091666666666667,-3.9615384615384617,-3.8000000000000003,-3.6,-3.3937500000000003,-3.1588235294117646,-2.977777777777778,-2.794736842105263,-2.6300000000000003,-2.4857142857142858,-2.372727272727273,-2.2869565217391306,-2.229166666666667,-2.2239999999999998,-2.2884615384615388,-2.3962962962962964,-2.4964285714285714,-2.5724137931034488,-2.6533333333333333,-2.725806451612903,-2.76875,-2.7848484848484847,-2.773529411764706,-2.7085714285714286,-2.638888888888889,-2.5486486486486486,-2.4157894736842103,-2.2717948717948717,-2.1125,-1.9487804878048782,-1.7976190476190477,-1.6651162790697673,-1.5477272727272728,-1.4333333333333336,-1.2913043478260873,-1.1446808510638298,-1.0208333333333333,-0.9346938775510205,-0.8680000000000001,-0.8372549019607843,-0.8211538461538462,-0.8207547169811321,-0.8277777777777777,-0.8163636363636363,-0.7785714285714287,-0.712280701754386,-0.6327586206896554,-0.5491525423728815,-0.4833333333333334,-0.4295081967213116,-0.3774193548387098,-0.3238095238095239,-0.2812500000000001,-0.22923076923076932,-0.2030303030303031,-0.18208955223880607,-0.16470588235294123,-0.1666666666666667,-0.17285714285714288,-0.17746478873239438,-0.19027777777777785,-0.2082191780821918,-0.22027027027027032,-0.2266666666666667,-0.21315789473684213,-0.18311688311688312,-0.15384615384615385,-0.11772151898734183,-0.07375000000000001,-0.027160493827160518,0.021951219512195055,0.08192771084337347,0.14285714285714277,0.204705882352941,0.25232558139534866,0.31264367816091937,0.37499999999999994,0.4337078651685393,0.4777777777777778,0.5076923076923077,0.533695652173913,0.556989247311828,0.5882978723404256,0.6147368421052632,0.6375000000000001,0.6443298969072165,0.6479591836734695,0.6525252525252526,0.657,0.6643564356435643,0.6745098039215688,0.6941747572815534,0.7153846153846154,0.7361904761904763,0.7547169811320756,0.7803738317757011,0.8083333333333336,0.8403669724770644,0.872727272727273,0.9126126126126127,0.9633928571428572,1.0097345132743365,1.0526315789473684,1.0886956521739133,1.1336206896551724,1.1820512820512823,1.2313559322033902,1.2815126050420174,1.3308333333333333,1.372727272727273,1.4024590163934425,1.4292682926829272,1.4588709677419358,1.4936000000000003,1.5293650793650797,1.5661417322834648,1.6117187499999999,1.6666666666666667,20.0,0.0,0.0,0.0,0.0,0.0,0.0,0.0,0.0,0.0,0.0,0.0,0.0,0.0,0.0,0.0,5.0,13.0,15.0,18.0,21.0,23.0,24.0,26.0,26.0,26.0,26.0,26.0,26.0,26.0,26.0,26.0,26.0,26.0,26.0,26.0,26.0,26.0,26.0,26.0,30.0,57.0,88.0,120.0,149.0,169.0,174.0,176.0,176.0,176.0,176.0,176.0,176.0,176.0,176.0,176.0,176.0,176.0,176.0,176.0,176.0,176.0,176.0,176.0,179.0,202.0,228.0,255.0,277.0,289.0,290.0,292.0,292.0,292.0,292.0,292.0,292.0,292.0,292.0,292.0,292.0,292.0,292.0,292.0,292.0,292.0,292.0,292.0,294.0,337.0,404.0,486.0,571.0,646.0,702.0,733.0,740.0,740.0,740.0,740.0,740.0,740.0,740.0,740.0,740.0,740.0,740.0,740.0,740.0,740.0,740.0,740.0,741.0,751.0,753.0,756.0,759.0,761.0,762.0,764.0,764.0,764.0,764.0,764.0,764.0,764.0,764.0,764.0,764.0,8,January 8,Macon
0.0025178897142416165,1.034517982612715,1.0486812209857863,2.831262201662029,2.831262201662029,0.6548483919591235,0.5858903920765259,5.089451138595578,5.089451138595578,0.7620527850757088,1.1763982538071849,3.280794508976022,3.280794508976022,0.4792697518974395,0.9661892155655648,1.9212511952352358,1.9212511952352358,0.305074895624565,0.1455328671205004,25.0,-0.008511058451816917,0.008511058451816917,167.36333333333332,-8.6,-8.749999999999998,-8.799999999999997,-8.7,-8.459999999999999,-8.25,-7.999999999999999,-7.7375,-7.466666666666665,-7.220000000000001,-6.972727272727272,-6.724999999999999,-6.430769230769229,-6.2142857142857135,-5.9799999999999995,-5.725,-5.411764705882352,-5.105555555555555,-4.899999999999999,-4.774999999999999,-4.685714285714285,-4.631818181818181,-4.67391304347826,-4.745833333333334,-4.828,-4.896153846153846,-4.962962962962962,-5.007142857142857,-5.0137931034482754,-4.966666666666667,-4.870967741935484,-4.771875,-4.66060606060606,-4.591176470588236,-4.554285714285714,-4.527777777777779,-4.47027027027027,-4.397368421052632,-4.305128205128206,-4.205,-4.087804878048781,-3.988095238095238,-3.883720930232558,-3.7840909090909096,-3.6911111111111117,-3.6108695652173917,-3.5425531914893624,-3.4875000000000003,-3.4591836734693877,-3.468,-3.501960784313726,-3.534615384615385,-3.556603773584906,-3.5833333333333335,-3.607272727272728,-3.6160714285714284,-3.6105263157894734,-3.589655172413793,-3.5372881355932204,-3.4816666666666674,-3.413114754098361,-3.3177419354838706,-3.2142857142857144,-3.0999999999999996,-2.9815384615384612,-2.869696969696969,-2.7686567164179103,-2.676470588235294,-2.585507246376812,-2.475714285714286,-2.3619718309859157,-2.2624999999999997,-2.1876712328767125,-2.1256756756756756,-2.0880000000000005,-2.060526315789474,-2.0441558441558447,-2.0333333333333337,-2.010126582278481,-1.96875,-1.9074074074074074,-1.8365853658536588,-1.7626506024096387,-1.701190476190476,-1.648235294117647,-1.5965116279069766,-1.54367816091954,-1.4988636363636365,-1.4471910112359552,-1.4144444444444444,-1.3857142857142855,-1.3597826086956522,-1.3483870967741933,-1.3404255319148932,-1.3315789473684208,-1.3291666666666666,-1.3309278350515463,-1.3285714285714285,-1.322222222222222,-1.3009999999999997,-1.2673267326732671,-1.234313725490196,-1.1961165048543687,-1.1519230769230768,-1.1057142857142856,-1.0575471698113206,-1.0009345794392523,-0.9435185185185183,-0.8853211009174312,-0.838181818181818,-0.781081081081081,-0.7223214285714287,-0.6663716814159292,-0.6219298245614036,-0.5886956521739131,-0.5586206896551724,-0.5307692307692308,-0.4966101694915254,-0.4663865546218487,-0.4391666666666667,-0.4247933884297521,-0.4131147540983607,-0.40081300813008136,-0.3887096774193549,-0.37440000000000007,-0.357936507936508,-0.33385826771653554,-0.30859375,11.833333333333334,142.0,0.0,0.0,0.0,0.0,0.0,0.0,0.0,0.0,0.0,0.0,0.0,0.0,0.0,0.0,0.0,6.0,8.0,10.0,12.0,15.0,17.0,18.0,20.0,20.0,20.0,20.0,20.0,20.0,20.0,20.0,20.0,20.0,20.0,20.0,20.0,20.0,20.0,20.0,20.0,25.0,33.0,35.0,38.0,41.0,43.0,44.0,46.0,46.0,46.0,46.0,46.0,46.0,46.0,46.0,46.0,46.0,46.0,46.0,46.0,46.0,46.0,46.0,46.0,50.0,77.0,108.0,140.0,169.0,189.0,194.0,196.0,196.0,196.0,196.0,196.0,196.0,196.0,196.0,196.0,196.0,196.0,196.0,196.0,196.0,196.0,196.0,196.0,199.0,222.0,248.0,275.0,297.0,309.0,310.0,312.0,312.0,312.0,312.0,312.0,312.0,312.0,312.0,312.0,312.0,312.0,312.0,312.0,312.0,312.0,312.0,312.0,314.0,357.0,424.0,506.0,591.0,666.0,722.0,753.0,760.0,760.0,760.0,760.0,760.0,760.0,760.0,760.0,760.0,9,January 9,Macon
0.0025178897142416165,1.034517982612715,1.0486812209857863,2.831262201662029,2.831262201662029,0.6548483919591235,0.5858903920765259,5.089451138595578,5.089451138595578,0.7620527850757088,1.1763982538071849,3.280794508976022,3.280794508976022,0.4792697518974395,0.9661892155655648,1.9212511952352358,1.9212511952352358,0.305074895624565,0.1455328671205004,18.675,0.04110491465599086,0.04110491465599086,175.73850959393127,-2.3,-2.4,-2.2333333333333334,-2.2,-2.12,-2.016666666666667,-1.9285714285714286,-1.975,-1.8444444444444446,-1.8,-1.7727272727272727,-1.6833333333333333,-1.623076923076923,-1.6714285714285715,-1.78,-1.8375,-1.9,-1.9888888888888887,-2.1105263157894734,-2.335,-2.6238095238095234,-2.9,-3.1260869565217386,-3.341666666666667,-3.552,-3.7576923076923077,-3.9481481481481477,-4.107142857142857,-4.224137931034482,-4.323333333333333,-4.393548387096775,-4.440624999999999,-4.466666666666666,-4.48235294117647,-4.482857142857143,-4.469444444444444,-4.4270270270270276,-4.3999999999999995,-4.356410256410257,-4.295,-4.199999999999999,-4.097619047619047,-4.030232558139534,-3.9931818181818177,-3.968888888888889,-3.9586956521739136,-3.993617021276596,-4.04375,-4.1000000000000005,-4.15,-4.2,-4.2384615384615385,-4.2566037735849065,-4.2444444444444445,-4.203636363636364,-4.158928571428571,-4.105263157894737,-4.074137931034483,-4.061016949152542,-4.053333333333333,-4.026229508196722,-3.988709677419355,-3.9380952380952383,-3.88125,-3.812307692307692,-3.753030303030303,-3.6895522388059705,-3.6279411764705887,-3.5695652173913044,-3.5185714285714287,-3.4746478873239437,-3.4388888888888887,-3.4205479452054792,-3.4270270270270276,-3.4506666666666668,-3.473684210526316,-3.48961038961039,-3.5089743589743594,-3.5265822784810124,-3.533749999999999,-3.5308641975308643,-3.517073170731707,-3.480722891566265,-3.4416666666666664,-3.392941176470589,-3.3244186046511626,-3.249425287356322,-3.165909090909091,-3.0786516853932584,-2.9955555555555557,-2.9197802197802196,-2.85,-2.7806451612903227,-2.6968085106382977,-2.609473684210527,-2.532291666666667,-2.4731958762886603,-2.423469387755102,-2.3919191919191922,-2.3680000000000003,-2.352475247524753,-2.3411764705882354,-2.3203883495145634,-2.285576923076923,-2.235238095238095,-2.177358490566038,-2.1168224299065423,-2.0657407407407407,-2.021100917431193,-1.9772727272727275,-1.9324324324324327,-1.89375,-1.8495575221238938,-1.8201754385964912,-1.7939130434782609,-1.7698275862068966,-1.7572649572649575,-1.747457627118644,-1.7369747899159664,-1.7316666666666665,-1.7297520661157024,-1.7245901639344263,-1.716260162601626,-1.695967741935484,-1.6656,-1.635714285714286,-1.6015748031496064,-1.5625,4.583333333333333,55.0,0.0,0.0,0.0,0.0,0.0,0.0,0.0,0.0,0.0,0.0,0.0,0.0,0.0,0.0,0.0,7.0,33.0,65.0,97.0,124.0,140.0,140.0,142.0,142.0,142.0,142.0,142.0,142.0,142.0,142.0,142.0,142.0,142.0,142.0,142.0,142.0,142.0,142.0,142.0,148.0,150.0,152.0,154.0,157.0,159.0,160.0,162.0,162.0,162.0,162.0,162.0,162.0,162.0,162.0,162.0,162.0,162.0,162.0,162.0,162.0,162.0,162.0,162.0,167.0,175.0,177.0,180.0,183.0,185.0,186.0,188.0,188.0,188.0,188.0,188.0,188.0,188.0,188.0,188.0,188.0,188.0,188.0,188.0,188.0,188.0,188.0,188.0,192.0,219.0,250.0,282.0,311.0,331.0,336.0,338.0,338.0,338.0,338.0,338.0,338.0,338.0,338.0,338.0,338.0,338.0,338.0,338.0,338.0,338.0,338.0,338.0,341.0,364.0,390.0,417.0,439.0,451.0,452.0,454.0,454.0,454.0,454.0,454.0,454.0,454.0,454.0,454.0,454.0,10,January 10,Macon
0.0025178897142416165,1.034517982612715,1.0486812209857863,2.831262201662029,2.831262201662029,0.6548483919591235,0.5858903920765259,5.089451138595578,5.089451138595578,0.7620527850757088,1.1763982538071849,3.280794508976022,3.280794508976022,0.4792697518974395,0.9661892155655648,1.9212511952352358,1.9212511952352358,0.305074895624565,0.1455328671205004,13.191666666666665,0.06560223703867812,0.06560223703867812,179.87365761212888,3.0,3.15,3.1999999999999997,3.2249999999999996,3.22,3.0500000000000003,3.071428571428572,3.0875,3.111111111111111,3.17,3.2454545454545456,3.275,3.315384615384615,3.3785714285714277,3.413333333333333,3.44375,3.3823529411764706,3.3388888888888886,3.2263157894736842,3.1049999999999995,2.9095238095238094,2.709090909090909,2.5304347826086957,2.3000000000000003,2.116,1.9384615384615385,1.796296296296296,1.6571428571428568,1.5379310344827584,1.4366666666666665,1.3451612903225802,1.2312500000000002,1.1696969696969697,1.0941176470588236,1.02,0.9722222222222224,0.9216216216216219,0.836842105263158,0.7307692307692308,0.6450000000000001,0.5585365853658537,0.46190476190476193,0.3511627906976745,0.19318181818181826,0.0022222222222222933,-0.18695652173913047,-0.3553191489361701,-0.5208333333333334,-0.6857142857142856,-0.85,-1.007843137254902,-1.15,-1.2698113207547166,-1.3796296296296293,-1.4727272727272724,-1.551785714285714,-1.6175438596491225,-1.675862068965517,-1.7237288135593218,-1.7616666666666667,-1.7803278688524589,-1.8064516129032262,-1.8206349206349208,-1.821875,-1.7999999999999998,-1.771212121212121,-1.762686567164179,-1.7720588235294112,-1.7884057971014486,-1.8128571428571425,-1.8661971830985915,-1.9291666666666663,-1.995890410958904,-2.0581081081081076,-2.1199999999999997,-2.173684210526315,-2.212987012987013,-2.2307692307692304,-2.2278481012658227,-2.22125,-2.2074074074074077,-2.208536585365853,-2.2216867469879515,-2.2380952380952377,-2.2399999999999998,-2.2337209302325576,-2.217241379310345,-2.1954545454545453,-2.1640449438202247,-2.138888888888889,-2.1098901098901095,-2.081521739130434,-2.0548387096774188,-2.032978723404255,-2.0157894736842104,-2.0041666666666664,-2.0051546391752577,-2.024489795918367,-2.056565656565656,-2.0879999999999996,-2.113861386138614,-2.142156862745098,-2.168932038834951,-2.1874999999999996,-2.198095238095238,-2.1999999999999997,-2.18411214953271,-2.1657407407407403,-2.1394495412844035,-2.097272727272727,-2.0495495495495497,-1.994642857142857,-1.9362831858407081,-1.8807017543859648,-1.8304347826086953,-1.784482758620689,-1.7384615384615383,-1.6805084745762713,-1.6193277310924368,-1.5658333333333334,-1.5264462809917356,-1.4942622950819673,-1.4764227642276422,-1.4645161290322577,-1.4591999999999998,-1.457142857142857,-1.447244094488189,-1.42578125,3.1666666666666665,38.0,0.0,0.0,0.0,0.0,0.0,0.0,0.0,0.0,0.0,0.0,0.0,0.0,0.0,0.0,0.0,8.0,24.0,37.0,47.0,50.0,52.0,53.0,55.0,55.0,55.0,55.0,55.0,55.0,55.0,55.0,55.0,55.0,55.0,55.0,55.0,55.0,55.0,55.0,55.0,62.0,88.0,120.0,152.0,179.0,195.0,195.0,197.0,197.0,197.0,197.0,197.0,197.0,197.0,197.0,197.0,197.0,197.0,197.0,197.0,197.0,197.0,197.0,197.0,203.0,205.0,207.0,209.0,212.0,214.0,215.0,217.0,217.0,217.0,217.0,217.0,217.0,217.0,217.0,217.0,217.0,217.0,217.0,217.0,217.0,217.0,217.0,217.0,222.0,230.0,232.0,235.0,238.0,240.0,241.0,243.0,243.0,243.0,243.0,243.0,243.0,243.0,243.0,243.0,243.0,243.0,243.0,243.0,243.0,243.0,243.0,243.0,247.0,274.0,305.0,337.0,366.0,386.0,391.0,393.0,393.0,393.0,393.0,393.0,393.0,393.0,393.0,393.0,393.0,11,January 11,Macon
0.0025178897142416165,1.034517982612715,1.0486812209857863,2.831262201662029,2.831262201662029,0.6548483919591235,0.5858903920765259,5.089451138595578,5.089451138595578,0.7620527850757088,1.1763982538071849,3.280794508976022,3.280794508976022,0.4792697518974395,0.9661892155655648,1.9212511952352358,1.9212511952352358,0.305074895624565,0.1455328671205004,11.741666666666665,-0.17574562982048375,0.17574562982048375,139.13413768630235,7.6,7.3,6.7,6.425000000000001,6.4,6.333333333333333,6.3,6.1,5.888888888888889,5.6899999999999995,5.554545454545455,5.516666666666667,5.515384615384614,5.628571428571427,5.766666666666666,5.91875,6.035294117647059,6.177777777777777,6.231578947368421,6.255,6.242857142857143,6.272727272727272,6.27391304347826,6.1625000000000005,6.0360000000000005,5.93076923076923,5.833333333333333,5.742857142857142,5.655172413793103,5.54,5.464516129032258,5.39375,5.33030303030303,5.2823529411764705,5.2457142857142856,5.199999999999999,5.162162162162162,5.136842105263159,5.105128205128205,5.075,5.009756097560976,4.952380952380952,4.865116279069767,4.7727272727272725,4.644444444444445,4.510869565217392,4.385106382978723,4.23125,4.097959183673469,3.9659999999999997,3.8509803921568624,3.736538461538461,3.6320754716981134,3.537037037037037,3.4472727272727273,3.3446428571428575,3.271929824561403,3.1913793103448276,3.111864406779661,3.048333333333333,2.9836065573770494,2.898387096774193,2.8000000000000003,2.7140625000000003,2.6276923076923073,2.5348484848484847,2.4328358208955225,2.3,2.144927536231884,1.9899999999999998,1.8478873239436617,1.7069444444444446,1.565753424657534,1.4243243243243242,1.2866666666666666,1.1592105263157895,1.0467532467532468,0.9410256410256411,0.8468354430379748,0.7625000000000001,0.6876543209876544,0.6182926829268294,0.5566265060240965,0.5023809523809526,0.46235294117647074,0.41744186046511644,0.381609195402299,0.3556818181818183,0.34719101123595514,0.3444444444444446,0.3274725274725276,0.2978260869565218,0.2634408602150539,0.223404255319149,0.16210526315789486,0.09375000000000015,0.022680412371134107,-0.0448979591836734,-0.11212121212121208,-0.17299999999999996,-0.22277227722772278,-0.2558823529411764,-0.27281553398058245,-0.2865384615384615,-0.29428571428571426,-0.3132075471698113,-0.34112149532710273,-0.37129629629629624,-0.38990825688073394,-0.4018181818181818,-0.4054054054054055,-0.40446428571428567,-0.395575221238938,-0.3912280701754386,-0.3834782608695652,-0.3758620689655172,-0.36923076923076925,-0.36610169491525424,-0.3663865546218488,-0.37083333333333335,-0.3851239669421488,-0.41393442622950827,-0.45284552845528464,-0.49112903225806465,-0.5248,-0.5603174603174604,-0.594488188976378,-0.621875,49.666666666666664,596.0,0.0,0.0,0.0,0.0,0.0,0.0,0.0,0.0,0.0,0.0,0.0,0.0,0.0,0.0,0.0,9.0,23.0,30.0,32.0,34.0,36.0,36.0,38.0,38.0,38.0,38.0,38.0,38.0,38.0,38.0,38.0,38.0,38.0,38.0,38.0,38.0,38.0,38.0,38.0,46.0,62.0,75.0,85.0,88.0,90.0,91.0,93.0,93.0,93.0,93.0,93.0,93.0,93.0,93.0,93.0,93.0,93.0,93.0,93.0,93.0,93.0,93.0,93.0,100.0,126.0,158.0,190.0,217.0,233.0,233.0,235.0,235.0,235.0,235.0,235.0,235.0,235.0,235.0,235.0,235.0,235.0,235.0,235.0,235.0,235.0,235.0,235.0,241.0,243.0,245.0,247.0,250.0,252.0,253.0,255.0,255.0,255.0,255.0,255.0,255.0,255.0,255.0,255.0,255.0,255.0,255.0,255.0,255.0,255.0,255.0,255.0,260.0,268.0,270.0,273.0,276.0,278.0,279.0,281.0,281.0,281.0,281.0,281.0,281.0,281.0,281.0,281.0,281.0,12,January 12,Macon
0.0025178897142416165,1.034517982612715,1.0486812209857863,2.831262201662029,2.831262201662029,0.6548483919591235,0.5858903920765259,5.089451138595578,5.089451138595578,0.7620527850757088,1.1763982538071849,3.280794508976022,3.280794508976022,0.4792697518974395,0.9661892155655648,1.9212511952352358,1.9212511952352358,0.305074895624565,0.1455328671205004,13.991666666666667,-0.07347947463650495,0.07347947463650495,156.39666468135798,6.0,5.7,5.133333333333334,4.425,4.1,3.8166666666666664,3.6999999999999997,3.625,3.5555555555555554,3.45,3.436363636363636,3.5833333333333335,3.7846153846153845,4.185714285714285,4.553333333333332,4.9,5.123529411764705,5.277777777777778,5.3999999999999995,5.470000000000001,5.566666666666667,5.7,5.834782608695652,5.920833333333334,5.9879999999999995,6.026923076923078,6.007407407407408,5.992857142857145,6.00344827586207,6.003333333333335,6.006451612903227,5.965624999999999,5.912121212121212,5.852941176470587,5.805714285714285,5.786111111111111,5.778378378378378,5.813157894736843,5.861538461538462,5.92,5.968292682926829,6.030952380952381,6.058139534883721,6.072727272727272,6.071111111111111,6.089130434782608,6.093617021276596,6.041666666666667,5.979591836734694,5.925999999999999,5.874509803921569,5.824999999999999,5.775471698113208,5.70925925925926,5.663636363636364,5.619642857142857,5.578947368421052,5.54655172413793,5.520338983050848,5.488333333333333,5.4606557377049185,5.4403225806451605,5.415873015873015,5.3921875,5.346153846153846,5.304545454545454,5.243283582089552,5.177941176470588,5.088405797101449,4.994285714285714,4.904225352112675,4.794444444444444,4.697260273972603,4.6,4.513333333333334,4.426315789473684,4.345454545454546,4.27051282051282,4.19873417721519,4.1175,4.05679012345679,3.9902439024390235,3.924096385542168,3.869047619047619,3.8129411764705887,3.7418604651162783,3.660919540229885,3.588636363636364,3.5157303370786512,3.4377777777777774,3.3527472527472524,3.244565217391304,3.1193548387096777,2.9936170212765956,2.876842105263157,2.7604166666666665,2.643298969072165,2.525510204081632,2.41010101010101,2.302,2.204950495049505,2.112745098039216,2.0291262135922334,1.9528846153846156,1.8838095238095238,1.818867924528302,1.7598130841121495,1.706481481481482,1.664220183486239,1.6181818181818186,1.5792792792792796,1.548214285714286,1.5309734513274338,1.5184210526315791,1.4947826086956524,1.4612068965517244,1.4239316239316244,1.3822033898305088,1.3235294117647063,1.2591666666666668,1.1925619834710746,1.1286885245901639,1.065040650406504,1.006451612903226,0.9568,0.9206349206349206,0.8976377952755906,0.87734375,27.416666666666668,329.0,0.0,0.0,0.0,0.0,0.0,0.0,0.0,0.0,0.0,0.0,0.0,0.0,0.0,0.0,0.0,11.0,67.0,151.0,253.0,360.0,459.0,537.0,583.0,596.0,596.0,596.0,596.0,596.0,596.0,596.0,596.0,596.0,596.0,596.0,596.0,596.0,596.0,596.0,596.0,605.0,619.0,626.0,628.0,630.0,632.0,632.0,634.0,634.0,634.0,634.0,634.0,634.0,634.0,634.0,634.0,634.0,634.0,634.0,634.0,634.0,634.0,634.0,634.0,642.0,658.0,671.0,681.0,684.0,686.0,687.0,689.0,689.0,689.0,689.0,689.0,689.0,689.0,689.0,689.0,689.0,689.0,689.0,689.0,689.0,689.0,689.0,689.0,696.0,722.0,754.0,786.0,813.0,829.0,829.0,831.0,831.0,831.0,831.0,831.0,831.0,831.0,831.0,831.0,831.0,831.0,831.0,831.0,831.0,831.0,831.0,831.0,837.0,839.0,841.0,843.0,846.0,848.0,849.0,851.0,851.0,851.0,851.0,851.0,851.0,851.0,851.0,851.0,851.0,13,January 13,Macon
0.0025178897142416165,1.034517982612715,1.0486812209857863,2.831262201662029,2.831262201662029,0.6548483919591235,0.5858903920765259,5.089451138595578,5.089451138595578,0.7620527850757088,1.1763982538071849,3.280794508976022,3.280794508976022,0.4792697518974395,0.9661892155655648,1.9212511952352358,1.9212511952352358,0.305074895624565,0.1455328671205004,10.816666666666665,-0.23282446928924552,0.23282446928924552,129.49922958397536,6.0,5.95,5.566666666666666,5.35,5.540000000000001,5.516666666666667,5.442857142857143,5.6125,5.722222222222222,5.84,5.845454545454544,5.841666666666668,5.869230769230769,5.928571428571429,5.993333333333334,6.0625,6.064705882352941,6.055555555555555,5.994736842105263,5.9,5.8238095238095235,5.827272727272727,5.869565217391305,5.925,5.928,5.907692307692307,5.837037037037037,5.710714285714286,5.610344827586207,5.503333333333334,5.4225806451612915,5.35,5.278787878787878,5.197058823529412,5.142857142857143,5.144444444444445,5.172972972972973,5.284210526315791,5.397435897435898,5.515,5.592682926829268,5.647619047619048,5.693023255813954,5.718181818181818,5.757777777777778,5.817391304347825,5.880851063829788,5.922916666666667,5.957142857142856,5.978,5.9686274509803905,5.961538461538462,5.967924528301886,5.9685185185185174,5.97090909090909,5.948214285714286,5.917543859649122,5.882758620689654,5.854237288135593,5.841666666666667,5.836065573770491,5.856451612903225,5.885714285714285,5.921875,5.952307692307692,5.992424242424242,6.01044776119403,6.020588235294118,6.020289855072463,6.032857142857141,6.036619718309858,6.002777777777776,5.961643835616438,5.9256756756756745,5.890666666666667,5.85657894736842,5.822077922077923,5.775641025641025,5.743037974683544,5.71125,5.681481481481481,5.657317073170732,5.637349397590362,5.613095238095237,5.591764705882353,5.575581395348837,5.55632183908046,5.5375000000000005,5.502247191011237,5.47,5.423076923076923,5.372826086956521,5.3043010752688176,5.231914893617021,5.162105263157894,5.077083333333333,5.0010309278350515,4.924489795918367,4.855555555555555,4.786,4.7207920792079205,4.659803921568627,4.600970873786407,4.5346153846153845,4.483809523809524,4.428301886792452,4.372897196261682,4.325925925925925,4.277981651376146,4.218181818181818,4.15045045045045,4.0892857142857135,4.027433628318584,3.9614035087719297,3.8895652173913042,3.7991379310344824,3.694871794871795,3.589830508474576,3.4915966386554618,3.3933333333333326,3.2942148760330574,3.1942622950819666,3.0959349593495937,3.0032258064516126,2.9192000000000005,2.838888888888889,2.765354330708661,2.6976562499999996,56.75,681.0,0.0,0.0,0.0,0.0,0.0,0.0,0.0,0.0,0.0,0.0,0.0,0.0,0.0,0.0,0.0,12.0,53.0,108.0,170.0,231.0,282.0,316.0,329.0,329.0,329.0,329.0,329.0,329.0,329.0,329.0,329.0,329.0,329.0,329.0,329.0,329.0,329.0,329.0,329.0,340.0,396.0,480.0,582.0,689.0,788.0,866.0,912.0,925.0,925.0,925.0,925.0,925.0,925.0,925.0,925.0,925.0,925.0,925.0,925.0,925.0,925.0,925.0,925.0,934.0,948.0,955.0,957.0,959.0,961.0,961.0,963.0,963.0,963.0,963.0,963.0,963.0,963.0,963.0,963.0,963.0,963.0,963.0,963.0,963.0,963.0,963.0,963.0,971.0,987.0,1000.0,1010.0,1013.0,1015.0,1016.0,1018.0,1018.0,1018.0,1018.0,1018.0,1018.0,1018.0,1018.0,1018.0,1018.0,1018.0,1018.0,1018.0,1018.0,1018.0,1018.0,1018.0,1025.0,1051.0,1083.0,1115.0,1142.0,1158.0,1158.0,1160.0,1160.0,1160.0,1160.0,1160.0,1160.0,1160.0,1160.0,1160.0,1160.0,14,January 14,Macon
0.0025178897142416165,1.034517982612715,1.0486812209857863,2.831262201662029,2.831262201662029,0.6548483919591235,0.5858903920765259,5.089451138595578,5.089451138595578,0.7620527850757088,1.1763982538071849,3.280794508976022,3.280794508976022,0.4792697518974395,0.9661892155655648,1.9212511952352358,1.9212511952352358,0.305074895624565,0.1455328671205004,11.291666666666664,-0.2637851733967577,0.2637851733967577,124.2730627306273,3.6,3.35,3.1999999999999997,3.25,3.3,3.3833333333333333,3.400000000000001,3.45,3.4777777777777783,3.5400000000000005,3.754545454545455,4.016666666666667,4.361538461538462,4.721428571428571,5.146666666666666,5.475,5.752941176470587,5.96111111111111,6.136842105263158,6.315,6.471428571428571,6.577272727272728,6.626086956521739,6.600000000000001,6.5760000000000005,6.550000000000001,6.485185185185185,6.421428571428572,6.417241379310345,6.383333333333334,6.338709677419355,6.3531249999999995,6.36060606060606,6.376470588235293,6.362857142857142,6.347222222222222,6.343243243243243,6.352631578947369,6.366666666666667,6.385,6.378048780487805,6.366666666666667,6.3325581395348856,6.281818181818181,6.237777777777778,6.230434782608695,6.242553191489362,6.2625,6.257142857142858,6.240000000000001,6.196078431372549,6.121153846153846,6.058490566037737,5.990740740740741,5.936363636363637,5.885714285714286,5.835087719298246,5.777586206896552,5.735593220338983,5.7266666666666675,5.7344262295081965,5.793548387096774,5.855555555555556,5.921875,5.964615384615385,5.993939393939394,6.017910447761195,6.029411764705882,6.050724637681159,6.0857142857142845,6.123943661971831,6.148611111111112,6.168493150684931,6.179729729729731,6.170666666666666,6.163157894736842,6.164935064935065,6.162820512820512,6.162025316455696,6.14375,6.119753086419753,6.092682926829268,6.069879518072288,6.058333333333333,6.051764705882353,6.063953488372093,6.0827586206896544,6.106818181818183,6.126966292134832,6.1544444444444455,6.165934065934066,6.1717391304347835,6.169892473118279,6.177659574468084,6.178947368421053,6.152083333333334,6.11958762886598,6.0908163265306134,6.062626262626262,6.035,6.0069306930693065,5.969607843137255,5.9427184466019405,5.9163461538461535,5.8914285714285715,5.870754716981132,5.853271028037383,5.832407407407407,5.8137614678899086,5.799090909090908,5.781981981981982,5.765178571428572,5.735398230088496,5.707894736842106,5.668695652173913,5.626724137931035,5.570085470085471,5.510169491525423,5.452100840336134,5.381666666666666,5.318181818181819,5.254098360655738,5.195934959349594,5.137096774193548,5.081600000000001,5.029365079365079,4.978740157480314,4.921875,66.33333333333333,796.0,0.0,0.0,0.0,0.0,0.0,0.0,0.0,0.0,0.0,0.0,0.0,0.0,0.0,0.0,0.0,13.0,75.0,170.0,286.0,408.0,520.0,608.0,663.0,681.0,681.0,681.0,681.0,681.0,681.0,681.0,681.0,681.0,681.0,681.0,681.0,681.0,681.0,681.0,681.0,693.0,734.0,789.0,851.0,912.0,963.0,997.0,1010.0,1010.0,1010.0,1010.0,1010.0,1010.0,1010.0,1010.0,1010.0,1010.0,1010.0,1010.0,1010.0,1010.0,1010.0,1010.0,1010.0,1021.0,1077.0,1161.0,1263.0,1370.0,1469.0,1547.0,1593.0,1606.0,1606.0,1606.0,1606.0,1606.0,1606.0,1606.0,1606.0,1606.0,1606.0,1606.0,1606.0,1606.0,1606.0,1606.0,1606.0,1615.0,1629.0,1636.0,1638.0,1640.0,1642.0,1642.0,1644.0,1644.0,1644.0,1644.0,1644.0,1644.0,1644.0,1644.0,1644.0,1644.0,1644.0,1644.0,1644.0,1644.0,1644.0,1644.0,1644.0,1652.0,1668.0,1681.0,1691.0,1694.0,1696.0,1697.0,1699.0,1699.0,1699.0,1699.0,1699.0,1699.0,1699.0,1699.0,1699.0,1699.0,15,January 15,Macon
0.0025178897142416165,1.034517982612715,1.0486812209857863,2.831262201662029,2.831262201662029,0.6548483919591235,0.5858903920765259,5.089451138595578,5.089451138595578,0.7620527850757088,1.1763982538071849,3.280794508976022,3.280794508976022,0.4792697518974395,0.9661892155655648,1.9212511952352358,1.9212511952352358,0.305074895624565,0.1455328671205004,7.433333333333333,-0.09895490191911249,0.09895490191911249,152.09641255605382,8.200000000000001,8.200000000000001,8.266666666666667,8.200000000000001,8.260000000000002,8.350000000000001,8.371428571428572,8.4,8.544444444444444,8.73,8.827272727272728,8.941666666666668,9.13846153846154,9.37142857142857,9.6,9.775,9.835294117647058,9.827777777777776,9.76315789473684,9.639999999999999,9.485714285714286,9.268181818181818,9.052173913043477,8.825000000000001,8.616,8.403846153846153,8.200000000000001,8.028571428571428,7.872413793103448,7.736666666666666,7.6,7.48125,7.366666666666666,7.270588235294117,7.231428571428571,7.222222222222222,7.256756756756757,7.313157894736841,7.410256410256411,7.484999999999999,7.5512195121951216,7.597619047619048,7.637209302325581,7.684090909090909,7.726666666666667,7.749999999999999,7.748936170212766,7.712500000000001,7.677551020408163,7.642,7.586274509803921,7.53076923076923,7.50754716981132,7.468518518518518,7.423636363636364,7.4125000000000005,7.398245614035088,7.389655172413793,7.364406779661016,7.338333333333333,7.31967213114754,7.309677419354839,7.303174603174603,7.3,7.281538461538462,7.260606060606061,7.2253731343283585,7.179411764705883,7.137681159420289,7.12,7.115492957746478,7.116666666666666,7.1013698630137,7.078378378378379,7.0373333333333346,6.9750000000000005,6.920779220779222,6.862820512820515,6.813924050632912,6.7675,6.7209876543209885,6.6695121951219525,6.628915662650603,6.611904761904763,6.607058823529412,6.6395348837209305,6.67471264367816,6.713636363636363,6.735955056179775,6.74888888888889,6.758241758241759,6.758695652173913,6.7666666666666675,6.785106382978724,6.806315789473684,6.817708333333333,6.82577319587629,6.827551020408165,6.814141414141415,6.802000000000001,6.797029702970298,6.78921568627451,6.78252427184466,6.762499999999999,6.738095238095238,6.711320754716982,6.68785046728972,6.673148148148148,6.662385321100917,6.666363636363636,6.675675675675675,6.689285714285715,6.7,6.716666666666667,6.7208695652173915,6.720689655172414,6.714529914529915,6.716101694915253,6.712605042016807,6.6866666666666665,6.656198347107439,6.6286885245901646,6.6016260162601625,6.575,6.548000000000001,6.5134920634920634,6.487401574803149,6.461718749999999,35.416666666666664,425.0,0.0,0.0,0.0,0.0,0.0,0.0,0.0,0.0,0.0,0.0,0.0,0.0,0.0,0.0,0.0,14.0,83.0,191.0,324.0,465.0,597.0,703.0,772.0,796.0,796.0,796.0,796.0,796.0,796.0,796.0,796.0,796.0,796.0,796.0,796.0,796.0,796.0,796.0,796.0,809.0,871.0,966.0,1082.0,1204.0,1316.0,1404.0,1459.0,1477.0,1477.0,1477.0,1477.0,1477.0,1477.0,1477.0,1477.0,1477.0,1477.0,1477.0,1477.0,1477.0,1477.0,1477.0,1477.0,1489.0,1530.0,1585.0,1647.0,1708.0,1759.0,1793.0,1806.0,1806.0,1806.0,1806.0,1806.0,1806.0,1806.0,1806.0,1806.0,1806.0,1806.0,1806.0,1806.0,1806.0,1806.0,1806.0,1806.0,1817.0,1873.0,1957.0,2059.0,2166.0,2265.0,2343.0,2389.0,2402.0,2402.0,2402.0,2402.0,2402.0,2402.0,2402.0,2402.0,2402.0,2402.0,2402.0,2402.0,2402.0,2402.0,2402.0,2402.0,2411.0,2425.0,2432.0,2434.0,2436.0,2438.0,2438.0,2440.0,2440.0,2440.0,2440.0,2440.0,2440.0,2440.0,2440.0,2440.0,2440.0,16,January 16,Macon
0.0025178897142416165,1.034517982612715,1.0486812209857863,2.831262201662029,2.831262201662029,0.6548483919591235,0.5858903920765259,5.089451138595578,5.089451138595578,0.7620527850757088,1.1763982538071849,3.280794508976022,3.280794508976022,0.4792697518974395,0.9661892155655648,1.9212511952352358,1.9212511952352358,0.305074895624565,0.1455328671205004,9.125,-0.21779307061394984,0.21779307061394984,132.03652968036528,13.3,12.5,11.733333333333334,11.25,10.940000000000001,10.649999999999999,10.4,10.2875,10.222222222222221,10.209999999999999,10.290909090909091,10.4,10.546153846153846,10.742857142857144,10.993333333333334,11.3,11.552941176470588,11.716666666666665,11.852631578947367,11.879999999999999,11.828571428571427,11.745454545454544,11.626086956521737,11.483333333333334,11.352,11.23076923076923,11.125925925925925,11.014285714285716,10.927586206896553,10.856666666666666,10.78064516129032,10.712499999999999,10.681818181818182,10.673529411764704,10.648571428571428,10.636111111111111,10.65945945945946,10.705263157894736,10.75897435897436,10.8,10.8,10.773809523809524,10.723255813953488,10.645454545454545,10.551111111111112,10.42391304347826,10.293617021276594,10.154166666666667,10.020408163265307,9.882,9.745098039215685,9.623076923076924,9.507547169811321,9.401851851851852,9.294545454545453,9.196428571428571,9.1,9.013793103448275,8.96101694915254,8.926666666666668,8.919672131147541,8.92741935483871,8.96190476190476,8.984375,9.003076923076923,9.010606060606062,9.014925373134329,9.025,9.033333333333335,9.030000000000001,9.011267605633805,8.969444444444443,8.92876712328767,8.88783783783784,8.833333333333334,8.778947368421052,8.746753246753247,8.703846153846156,8.656962025316455,8.63375,8.608641975308641,8.587804878048779,8.555421686746989,8.522619047619047,8.49529411764706,8.474418604651163,8.456321839080461,8.44090909090909,8.414606741573031,8.386666666666667,8.348351648351649,8.302173913043477,8.259139784946239,8.234042553191491,8.218947368421054,8.208333333333334,8.185567010309278,8.157142857142857,8.115151515151515,8.057,8.004950495049505,7.950000000000001,7.901941747572815,7.855769230769231,7.809523809523809,7.759433962264151,7.717757009345794,7.694444444444445,7.680733944954129,7.696363636363637,7.714414414414415,7.735714285714287,7.744247787610619,7.745614035087719,7.7443478260869565,7.7362068965517246,7.734188034188035,7.740677966101695,7.749579831932773,7.7508333333333335,7.749586776859505,7.74344262295082,7.725203252032521,7.708064516129032,7.6968000000000005,7.6833333333333345,7.670866141732284,7.647656250000001,40.916666666666664,491.0,0.0,0.0,0.0,0.0,0.0,0.0,0.0,0.0,0.0,0.0,0.0,0.0,0.0,0.0,0.0,16.0,62.0,127.0,204.0,283.0,353.0,401.0,423.0,425.0,425.0,425.0,425.0,425.0,425.0,425.0,425.0,425.0,425.0,425.0,425.0,425.0,425.0,425.0,425.0,439.0,508.0,616.0,749.0,890.0,1022.0,1128.0,1197.0,1221.0,1221.0,1221.0,1221.0,1221.0,1221.0,1221.0,1221.0,1221.0,1221.0,1221.0,1221.0,1221.0,1221.0,1221.0,1221.0,1234.0,1296.0,1391.0,1507.0,1629.0,1741.0,1829.0,1884.0,1902.0,1902.0,1902.0,1902.0,1902.0,1902.0,1902.0,1902.0,1902.0,1902.0,1902.0,1902.0,1902.0,1902.0,1902.0,1902.0,1914.0,1955.0,2010.0,2072.0,2133.0,2184.0,2218.0,2231.0,2231.0,2231.0,2231.0,2231.0,2231.0,2231.0,2231.0,2231.0,2231.0,2231.0,2231.0,2231.0,2231.0,2231.0,2231.0,2231.0,2242.0,2298.0,2382.0,2484.0,2591.0,2690.0,2768.0,2814.0,2827.0,2827.0,2827.0,2827.0,2827.0,2827.0,2827.0,2827.0,2827.0,17,January 17,Macon
0.0025178897142416165,1.034517982612715,1.0486812209857863,2.831262201662029,2.831262201662029,0.6548483919591235,0.5858903920765259,5.089451138595578,5.089451138595578,0.7620527850757088,1.1763982538071849,3.280794508976022,3.280794508976022,0.4792697518974395,0.9661892155655648,1.9212511952352358,1.9212511952352358,0.305074895624565,0.1455328671205004,5.533333333333332,-0.4463933934791297,0.4463933934791297,93.44879518072291,10.3,9.95,9.766666666666667,9.925,9.820000000000002,9.966666666666667,10.242857142857144,10.412500000000001,10.444444444444443,10.41,10.354545454545454,10.275,10.261538461538462,10.314285714285717,10.346666666666668,10.375,10.370588235294118,10.31111111111111,10.310526315789476,10.330000000000002,10.352380952380955,10.381818181818183,10.460869565217392,10.575000000000001,10.684000000000001,10.723076923076924,10.703703703703704,10.671428571428573,10.637931034482756,10.589999999999998,10.535483870967742,10.503125,10.478787878787879,10.46764705882353,10.485714285714286,10.516666666666666,10.564864864864864,10.636842105263156,10.735897435897433,10.864999999999998,10.980487804878049,11.064285714285713,11.139534883720929,11.168181818181816,11.159999999999998,11.13478260869565,11.089361702127658,11.029166666666667,10.97142857142857,10.915999999999999,10.866666666666665,10.81153846153846,10.767924528301885,10.731481481481481,10.69090909090909,10.653571428571427,10.636842105263158,10.632758620689653,10.61864406779661,10.611666666666666,10.62622950819672,10.654838709677417,10.688888888888888,10.715625,10.716923076923075,10.701515151515153,10.670149253731344,10.620588235294116,10.55942028985507,10.475714285714284,10.388732394366196,10.294444444444444,10.202739726027396,10.106756756756756,10.010666666666665,9.923684210526314,9.840259740259738,9.762820512820513,9.683544303797467,9.61,9.537037037037036,9.470731707317071,9.427710843373495,9.397619047619045,9.38705882352941,9.38720930232558,9.406896551724138,9.418181818181818,9.426966292134832,9.427777777777777,9.426373626373627,9.429347826086955,9.431182795698923,9.424468085106383,9.406315789473684,9.370833333333332,9.336082474226803,9.301020408163266,9.255555555555555,9.209999999999999,9.18118811881188,9.144117647058822,9.103883495145631,9.08173076923077,9.058095238095238,9.037735849056602,9.00841121495327,8.978703703703703,8.95321100917431,8.932727272727272,8.914414414414413,8.898214285714285,8.873451327433628,8.847368421052632,8.81304347826087,8.772413793103448,8.734188034188033,8.710169491525424,8.694117647058823,8.681666666666667,8.659504132231405,8.6327868852459,8.595121951219513,8.544354838709678,8.4984,8.450000000000001,8.40708661417323,8.365625,66.33333333333333,796.0,0.0,0.0,0.0,0.0,0.0,0.0,0.0,0.0,0.0,0.0,0.0,0.0,0.0,0.0,0.0,17.0,69.0,142.0,227.0,315.0,395.0,454.0,485.0,491.0,491.0,491.0,491.0,491.0,491.0,491.0,491.0,491.0,491.0,491.0,491.0,491.0,491.0,491.0,491.0,507.0,553.0,618.0,695.0,774.0,844.0,892.0,914.0,916.0,916.0,916.0,916.0,916.0,916.0,916.0,916.0,916.0,916.0,916.0,916.0,916.0,916.0,916.0,916.0,930.0,999.0,1107.0,1240.0,1381.0,1513.0,1619.0,1688.0,1712.0,1712.0,1712.0,1712.0,1712.0,1712.0,1712.0,1712.0,1712.0,1712.0,1712.0,1712.0,1712.0,1712.0,1712.0,1712.0,1725.0,1787.0,1882.0,1998.0,2120.0,2232.0,2320.0,2375.0,2393.0,2393.0,2393.0,2393.0,2393.0,2393.0,2393.0,2393.0,2393.0,2393.0,2393.0,2393.0,2393.0,2393.0,2393.0,2393.0,2405.0,2446.0,2501.0,2563.0,2624.0,2675.0,2709.0,2722.0,2722.0,2722.0,2722.0,2722.0,2722.0,2722.0,2722.0,2722.0,2722.0,18,January 18,Macon
0.0025178897142416165,1.034517982612715,1.0486812209857863,2.831262201662029,2.831262201662029,0.6548483919591235,0.5858903920765259,5.089451138595578,5.089451138595578,0.7620527850757088,1.1763982538071849,3.280794508976022,3.280794508976022,0.4792697518974395,0.9661892155655648,1.9212511952352358,1.9212511952352358,0.305074895624565,0.1455328671205004,4.266666666666667,-0.2776445867890993,0.2776445867890993,121.93359375000004,15.8,15.950000000000001,15.433333333333332,14.775000000000002,13.959999999999999,13.366666666666667,12.957142857142857,12.750000000000002,12.555555555555555,12.43,12.318181818181818,12.200000000000003,12.215384615384616,12.328571428571431,12.520000000000001,12.75625,12.964705882352943,13.138888888888891,13.278947368421054,13.38,13.461904761904764,13.463636363636367,13.41304347826087,13.333333333333334,13.212,13.073076923076924,12.937037037037037,12.846428571428573,12.727586206896552,12.66,12.635483870967741,12.603125000000002,12.545454545454547,12.473529411764709,12.397142857142859,12.31388888888889,12.254054054054055,12.221052631578948,12.184615384615384,12.15,12.104878048780488,12.038095238095238,11.997674418604651,11.968181818181819,11.942222222222222,11.921739130434782,11.927659574468084,11.954166666666666,11.981632653061222,11.976,11.941176470588236,11.899999999999999,11.858490566037736,11.809259259259258,11.756363636363634,11.716071428571428,11.680701754385964,11.653448275862068,11.64406779661017,11.643333333333333,11.654098360655738,11.680645161290322,11.725396825396825,11.790624999999999,11.849230769230768,11.889393939393939,11.925373134328359,11.932352941176468,11.915942028985507,11.888571428571428,11.847887323943661,11.797222222222222,11.74794520547945,11.7,11.655999999999997,11.607894736842104,11.567532467532466,11.532051282051281,11.493670886075948,11.4575,11.435802469135801,11.423170731707316,11.403614457831326,11.389285714285712,11.390588235294118,11.402325581395347,11.418390804597701,11.429545454545455,11.422471910112359,11.403333333333332,11.372527472527471,11.328260869565215,11.2752688172043,11.205319148936168,11.132631578947368,11.054166666666665,10.977319587628866,10.896938775510202,10.816161616161615,10.741999999999997,10.67029702970297,10.602941176470589,10.53398058252427,10.46923076923077,10.404761904761903,10.34528301886792,10.303738317757007,10.27222222222222,10.255963302752292,10.248181818181818,10.255855855855856,10.257142857142856,10.256637168141593,10.25,10.241739130434782,10.237068965517242,10.23162393162393,10.219491525423729,10.198319327731094,10.163333333333334,10.12892561983471,10.094262295081966,10.051219512195122,10.008064516129032,9.978399999999999,9.942063492063493,9.903149606299213,9.87890625,38.5,462.0,0.0,0.0,0.0,0.0,0.0,0.0,0.0,0.0,0.0,0.0,0.0,0.0,0.0,0.0,0.0,18.0,90.0,198.0,329.0,468.0,598.0,703.0,771.0,796.0,796.0,796.0,796.0,796.0,796.0,796.0,796.0,796.0,796.0,796.0,796.0,796.0,796.0,796.0,796.0,813.0,865.0,938.0,1023.0,1111.0,1191.0,1250.0,1281.0,1287.0,1287.0,1287.0,1287.0,1287.0,1287.0,1287.0,1287.0,1287.0,1287.0,1287.0,1287.0,1287.0,1287.0,1287.0,1287.0,1303.0,1349.0,1414.0,1491.0,1570.0,1640.0,1688.0,1710.0,1712.0,1712.0,1712.0,1712.0,1712.0,1712.0,1712.0,1712.0,1712.0,1712.0,1712.0,1712.0,1712.0,1712.0,1712.0,1712.0,1726.0,1795.0,1903.0,2036.0,2177.0,2309.0,2415.0,2484.0,2508.0,2508.0,2508.0,2508.0,2508.0,2508.0,2508.0,2508.0,2508.0,2508.0,2508.0,2508.0,2508.0,2508.0,2508.0,2508.0,2521.0,2583.0,2678.0,2794.0,2916.0,3028.0,3116.0,3171.0,3189.0,3189.0,3189.0,3189.0,3189.0,3189.0,3189.0,3189.0,3189.0,19,January 19,Macon
0.0025178897142416165,1.034517982612715,1.0486812209857863,2.831262201662029,2.831262201662029,0.6548483919591235,0.5858903920765259,5.089451138595578,5.089451138595578,0.7620527850757088,1.1763982538071849,3.280794508976022,3.280794508976022,0.4792697518974395,0.9661892155655648,1.9212511952352358,1.9212511952352358,0.305074895624565,0.1455328671205004,6.45833333333333,-0.5594710288946642,0.5594710288946642,74.36129032258069,13.9,13.95,13.666666666666666,13.299999999999999,12.78,12.466666666666667,12.371428571428575,12.375,12.355555555555558,12.470000000000002,12.618181818181819,12.758333333333333,12.923076923076925,13.142857142857142,13.366666666666665,13.59375,13.71764705882353,13.81111111111111,13.873684210526317,13.964999999999998,14.09047619047619,14.154545454545454,14.191304347826087,14.245833333333332,14.307999999999998,14.376923076923076,14.377777777777778,14.32142857142857,14.19655172413793,14.069999999999997,13.954838709677418,13.871875,13.784848484848483,13.711764705882352,13.639999999999999,13.56388888888889,13.532432432432433,13.539473684210526,13.58205128205128,13.65,13.714634146341465,13.77142857142857,13.818604651162792,13.852272727272727,13.880000000000003,13.871739130434783,13.838297872340425,13.789583333333335,13.718367346938777,13.636000000000001,13.55294117647059,13.492307692307694,13.415094339622645,13.364814814814817,13.338181818181818,13.307142857142859,13.261403508771929,13.206896551724139,13.14915254237288,13.086666666666668,13.037704918032787,13.00483870967742,12.96984126984127,12.9359375,12.895384615384614,12.840909090909092,12.802985074626866,12.772058823529413,12.743478260869566,12.71857142857143,12.711267605633804,12.718055555555557,12.726027397260273,12.712162162162162,12.678666666666667,12.640789473684212,12.602597402597404,12.558974358974359,12.512658227848103,12.475,12.440740740740742,12.412195121951221,12.396385542168677,12.386904761904763,12.385882352941179,12.396511627906976,12.420689655172414,12.460227272727273,12.495505617977527,12.517777777777779,12.537362637362639,12.535869565217391,12.517204301075271,12.490425531914898,12.453684210526317,12.409375000000002,12.3659793814433,12.323469387755102,12.283838383838383,12.241000000000001,12.203960396039605,12.170588235294119,12.13495145631068,12.100961538461538,12.078095238095239,12.062264150943397,12.041121495327104,12.024074074074075,12.019266055045874,12.022727272727275,12.029729729729734,12.033035714285715,12.022123893805311,12.001754385964915,11.97217391304348,11.931896551724138,11.884615384615385,11.823728813559324,11.760504201680675,11.692499999999999,11.625619834710745,11.555737704918034,11.485365853658536,11.420161290322582,11.356800000000002,11.296825396825398,11.235433070866142,11.17734375,70.41666666666667,845.0,0.0,0.0,0.0,0.0,0.0,0.0,0.0,0.0,0.0,0.0,0.0,0.0,0.0,0.0,0.0,20.0,69.0,140.0,224.0,308.0,380.0,431.0,457.0,462.0,462.0,462.0,462.0,462.0,462.0,462.0,462.0,462.0,462.0,462.0,462.0,462.0,462.0,462.0,462.0,480.0,552.0,660.0,791.0,930.0,1060.0,1165.0,1233.0,1258.0,1258.0,1258.0,1258.0,1258.0,1258.0,1258.0,1258.0,1258.0,1258.0,1258.0,1258.0,1258.0,1258.0,1258.0,1258.0,1275.0,1327.0,1400.0,1485.0,1573.0,1653.0,1712.0,1743.0,1749.0,1749.0,1749.0,1749.0,1749.0,1749.0,1749.0,1749.0,1749.0,1749.0,1749.0,1749.0,1749.0,1749.0,1749.0,1749.0,1765.0,1811.0,1876.0,1953.0,2032.0,2102.0,2150.0,2172.0,2174.0,2174.0,2174.0,2174.0,2174.0,2174.0,2174.0,2174.0,2174.0,2174.0,2174.0,2174.0,2174.0,2174.0,2174.0,2174.0,2188.0,2257.0,2365.0,2498.0,2639.0,2771.0,2877.0,2946.0,2970.0,2970.0,2970.0,2970.0,2970.0,2970.0,2970.0,2970.0,2970.0,20,January 20,Macon
0.0025178897142416165,1.034517982612715,1.0486812209857863,2.831262201662029,2.831262201662029,0.6548483919591235,0.5858903920765259,5.089451138595578,5.089451138595578,0.7620527850757088,1.1763982538071849,3.280794508976022,3.280794508976022,0.4792697518974395,0.9661892155655648,1.9212511952352358,1.9212511952352358,0.305074895624565,0.1455328671205004,8.183333333333335,-0.5107431395449853,0.5107431395449853,82.5865580448065,12.0,12.5,13.233333333333334,13.8,13.959999999999999,14.083333333333334,14.0,14.0,13.966666666666665,13.99,14.009090909090908,13.933333333333332,13.969230769230766,13.957142857142857,13.953333333333331,13.95,13.941176470588236,13.93888888888889,13.921052631578947,13.854999999999999,13.790476190476191,13.745454545454544,13.713043478260868,13.737499999999999,13.744000000000002,13.753846153846155,13.72962962962963,13.674999999999999,13.572413793103449,13.483333333333333,13.429032258064517,13.396875000000001,13.36060606060606,13.36470588235294,13.385714285714286,13.411111111111111,13.451351351351352,13.518421052631581,13.594871794871796,13.680000000000001,13.729268292682926,13.76904761904762,13.79767441860465,13.840909090909093,13.902222222222223,13.936956521739134,13.959574468085107,13.991666666666669,14.02857142857143,14.07,14.076470588235296,14.051923076923078,13.98867924528302,13.922222222222224,13.860000000000003,13.814285714285715,13.764912280701754,13.722413793103449,13.679661016949153,13.633333333333335,13.613114754098362,13.616129032258067,13.641269841269844,13.6828125,13.723076923076922,13.75909090909091,13.789552238805971,13.811764705882354,13.830434782608696,13.825714285714287,13.804225352112677,13.772222222222224,13.724657534246576,13.66891891891892,13.612000000000002,13.569736842105266,13.515584415584419,13.479487179487181,13.459493670886078,13.436250000000001,13.402469135802471,13.36219512195122,13.319277108433738,13.272619047619045,13.235294117647058,13.209302325581396,13.181609195402299,13.154545454545454,13.122471910112358,13.08,13.049450549450553,13.023913043478261,12.999999999999998,12.97872340425532,12.970526315789474,12.972916666666668,12.976288659793815,12.96326530612245,12.935353535353537,12.903999999999998,12.87227722772277,12.836274509803923,12.798058252427184,12.766346153846156,12.737142857142858,12.712264150943396,12.697196261682244,12.687037037037037,12.68348623853211,12.689090909090911,12.705405405405404,12.733928571428569,12.759292035398232,12.774561403508773,12.787826086956523,12.78448275862069,12.767521367521367,12.744067796610171,12.712605042016808,12.675,12.63801652892562,12.601639344262296,12.567479674796747,12.530645161290321,12.4984,12.46904761904762,12.43779527559055,12.407812499999999,78.83333333333333,946.0,0.0,0.0,0.0,0.0,0.0,0.0,0.0,0.0,0.0,0.0,0.0,0.0,0.0,0.0,0.0,21.0,96.0,210.0,349.0,497.0,635.0,746.0,818.0,845.0,845.0,845.0,845.0,845.0,845.0,845.0,845.0,845.0,845.0,845.0,845.0,845.0,845.0,845.0,845.0,865.0,914.0,985.0,1069.0,1153.0,1225.0,1276.0,1302.0,1307.0,1307.0,1307.0,1307.0,1307.0,1307.0,1307.0,1307.0,1307.0,1307.0,1307.0,1307.0,1307.0,1307.0,1307.0,1307.0,1325.0,1397.0,1505.0,1636.0,1775.0,1905.0,2010.0,2078.0,2103.0,2103.0,2103.0,2103.0,2103.0,2103.0,2103.0,2103.0,2103.0,2103.0,2103.0,2103.0,2103.0,2103.0,2103.0,2103.0,2120.0,2172.0,2245.0,2330.0,2418.0,2498.0,2557.0,2588.0,2594.0,2594.0,2594.0,2594.0,2594.0,2594.0,2594.0,2594.0,2594.0,2594.0,2594.0,2594.0,2594.0,2594.0,2594.0,2594.0,2610.0,2656.0,2721.0,2798.0,2877.0,2947.0,2995.0,3017.0,3019.0,3019.0,3019.0,3019.0,3019.0,3019.0,3019.0,3019.0,3019.0,21,January 21,Macon
0.0025178897142416165,1.034517982612715,1.0486812209857863,2.831262201662029,2.831262201662029,0.6548483919591235,0.5858903920765259,5.089451138595578,5.089451138595578,0.7620527850757088,1.1763982538071849,3.280794508976022,3.280794508976022,0.4792697518974395,0.9661892155655648,1.9212511952352358,1.9212511952352358,0.305074895624565,0.1455328671205004,7.008333333333335,-0.02628049433364718,0.02628049433364718,164.36385255648037,10.2,9.649999999999999,9.666666666666666,9.8,9.7,9.783333333333333,9.799999999999999,9.7875,9.766666666666666,9.7,9.6,9.508333333333335,9.484615384615385,9.464285714285714,9.5,9.59375,9.717647058823529,9.861111111111109,9.994736842105262,10.184999999999999,10.361904761904762,10.52272727272727,10.608695652173912,10.6625,10.716,10.803846153846155,10.94814814814815,11.110714285714284,11.231034482758618,11.346666666666666,11.416129032258064,11.496875,11.563636363636363,11.641176470588235,11.714285714285714,11.752777777777776,11.824324324324325,11.876315789473685,11.928205128205128,11.977500000000001,12.021951219512196,12.066666666666666,12.102325581395348,12.113636363636367,12.122222222222225,12.136956521739135,12.155319148936174,12.200000000000001,12.23469387755102,12.27,12.286274509803922,12.284615384615389,12.254716981132077,12.229629629629633,12.221818181818183,12.225,12.224561403508773,12.246551724137932,12.277966101694918,12.31166666666667,12.35409836065574,12.412903225806454,12.47777777777778,12.5484375,12.596923076923078,12.639393939393942,12.674626865671645,12.719117647058827,12.775362318840582,12.814285714285717,12.845070422535214,12.881944444444445,12.92191780821918,12.964864864864868,12.984000000000002,12.981578947368424,12.951948051948055,12.91923076923077,12.88860759493671,12.86875,12.845679012345679,12.826829268292682,12.80722891566265,12.784523809523813,12.78,12.791860465116281,12.819540229885057,12.859090909090908,12.897752808988763,12.933333333333334,12.964835164835165,12.99021739130435,13.012903225806452,13.01808510638298,13.010526315789477,12.994791666666666,12.96701030927835,12.932653061224489,12.896969696969697,12.872,12.837623762376237,12.816666666666666,12.807766990291263,12.796153846153846,12.776190476190477,12.750943396226416,12.723364485981309,12.692592592592591,12.668807339449542,12.653636363636364,12.636936936936937,12.620535714285714,12.6,12.571052631578947,12.551304347826088,12.535344827586208,12.52051282051282,12.507627118644066,12.505042016806724,12.51083333333333,12.517355371900825,12.510655737704917,12.491869918699187,12.470161290322581,12.448,12.422222222222222,12.394488188976378,12.371875,11.416666666666666,137.0,0.0,0.0,0.0,0.0,0.0,0.0,0.0,0.0,0.0,0.0,0.0,0.0,0.0,0.0,0.0,23.0,102.0,224.0,375.0,537.0,693.0,824.0,912.0,946.0,946.0,946.0,946.0,946.0,946.0,946.0,946.0,946.0,946.0,946.0,946.0,946.0,946.0,946.0,946.0,967.0,1042.0,1156.0,1295.0,1443.0,1581.0,1692.0,1764.0,1791.0,1791.0,1791.0,1791.0,1791.0,1791.0,1791.0,1791.0,1791.0,1791.0,1791.0,1791.0,1791.0,1791.0,1791.0,1791.0,1811.0,1860.0,1931.0,2015.0,2099.0,2171.0,2222.0,2248.0,2253.0,2253.0,2253.0,2253.0,2253.0,2253.0,2253.0,2253.0,2253.0,2253.0,2253.0,2253.0,2253.0,2253.0,2253.0,2253.0,2271.0,2343.0,2451.0,2582.0,2721.0,2851.0,2956.0,3024.0,3049.0,3049.0,3049.0,3049.0,3049.0,3049.0,3049.0,3049.0,3049.0,3049.0,3049.0,3049.0,3049.0,3049.0,3049.0,3049.0,3066.0,3118.0,3191.0,3276.0,3364.0,3444.0,3503.0,3534.0,3540.0,3540.0,3540.0,3540.0,3540.0,3540.0,3540.0,3540.0,3540.0,22,January 22,Macon
0.0025178897142416165,1.034517982612715,1.0486812209857863,2.831262201662029,2.831262201662029,0.6548483919591235,0.5858903920765259,5.089451138595578,5.089451138595578,0.7620527850757088,1.1763982538071849,3.280794508976022,3.280794508976022,0.4792697518974395,0.9661892155655648,1.9212511952352358,1.9212511952352358,0.305074895624565,0.1455328671205004,3.3583333333333307,-0.5985382145755174,0.5985382145755174,67.76674937965267,13.7,13.7,13.5,13.2,12.98,12.85,12.62857142857143,12.35,12.088888888888889,11.84,11.69090909090909,11.574999999999998,11.538461538461537,11.628571428571428,11.73333333333333,11.83125,11.94705882352941,12.038888888888888,12.094736842105263,12.169999999999998,12.238095238095237,12.309090909090907,12.321739130434782,12.283333333333331,12.2,12.08076923076923,11.99259259259259,11.928571428571427,11.837931034482759,11.783333333333333,11.722580645161292,11.659375,11.596969696969696,11.523529411764704,11.44,11.358333333333334,11.300000000000002,11.244736842105263,11.212820512820514,11.2075,11.21951219512195,11.245238095238093,11.272093023255813,11.329545454545455,11.386666666666668,11.44130434782609,11.463829787234046,11.472916666666668,11.483673469387757,11.514000000000001,11.576470588235296,11.65192307692308,11.707547169811322,11.762962962962966,11.794545454545455,11.83392857142857,11.866666666666669,11.90689655172414,11.945762711864408,11.965,12.004918032786886,12.033870967741938,12.063492063492063,12.0921875,12.118461538461537,12.145454545454546,12.16716417910448,12.173529411764706,12.178260869565218,12.18714285714286,12.198591549295777,12.227777777777778,12.250684931506848,12.274324324324324,12.285333333333334,12.284210526315789,12.263636363636364,12.246153846153847,12.240506329113925,12.242499999999998,12.241975308641976,12.257317073170734,12.279518072289159,12.303571428571429,12.334117647058825,12.376744186046512,12.424137931034481,12.476136363636364,12.512359550561799,12.544444444444444,12.571428571428571,12.605434782608697,12.648387096774194,12.678723404255319,12.703157894736842,12.732291666666667,12.763917525773197,12.797959183673472,12.814141414141414,12.813999999999998,12.793069306930692,12.769607843137255,12.747572815533978,12.733653846153848,12.717142857142857,12.703773584905663,12.689719626168227,12.67314814814815,12.67064220183486,12.680909090909092,12.7036036036036,12.735714285714286,12.767256637168142,12.796491228070177,12.822608695652173,12.843965517241378,12.863247863247862,12.86864406779661,12.863865546218488,12.8525,12.831404958677686,12.804918032786887,12.777235772357724,12.758064516129032,12.7312,12.715079365079365,12.708661417322833,12.7,81.5,978.0,0.0,0.0,0.0,0.0,0.0,0.0,0.0,0.0,0.0,0.0,0.0,0.0,0.0,0.0,0.0,24.0,49.0,75.0,100.0,122.0,133.0,135.0,136.0,137.0,137.0,137.0,137.0,137.0,137.0,137.0,137.0,137.0,137.0,137.0,137.0,137.0,137.0,137.0,137.0,160.0,239.0,361.0,512.0,674.0,830.0,961.0,1049.0,1083.0,1083.0,1083.0,1083.0,1083.0,1083.0,1083.0,1083.0,1083.0,1083.0,1083.0,1083.0,1083.0,1083.0,1083.0,1083.0,1104.0,1179.0,1293.0,1432.0,1580.0,1718.0,1829.0,1901.0,1928.0,1928.0,1928.0,1928.0,1928.0,1928.0,1928.0,1928.0,1928.0,1928.0,1928.0,1928.0,1928.0,1928.0,1928.0,1928.0,1948.0,1997.0,2068.0,2152.0,2236.0,2308.0,2359.0,2385.0,2390.0,2390.0,2390.0,2390.0,2390.0,2390.0,2390.0,2390.0,2390.0,2390.0,2390.0,2390.0,2390.0,2390.0,2390.0,2390.0,2408.0,2480.0,2588.0,2719.0,2858.0,2988.0,3093.0,3161.0,3186.0,3186.0,3186.0,3186.0,3186.0,3186.0,3186.0,3186.0,3186.0,23,January 23,Macon
0.0025178897142416165,1.034517982612715,1.0486812209857863,2.831262201662029,2.831262201662029,0.6548483919591235,0.5858903920765259,5.089451138595578,5.089451138595578,0.7620527850757088,1.1763982538071849,3.280794508976022,3.280794508976022,0.4792697518974395,0.9661892155655648,1.9212511952352358,1.9212511952352358,0.305074895624565,0.1455328671205004,5.008333333333333,-0.298858143221014,0.298858143221014,118.35274542429285,15.1,14.399999999999999,14.433333333333332,14.549999999999999,14.76,14.83333333333333,14.728571428571428,14.674999999999999,14.61111111111111,14.649999999999997,14.727272727272725,14.941666666666665,15.138461538461538,15.335714285714285,15.499999999999998,15.68125,15.794117647058826,15.838888888888894,15.863157894736844,15.904999999999998,15.91904761904762,15.913636363636364,15.873913043478263,15.791666666666666,15.708000000000002,15.630769230769232,15.537037037037036,15.421428571428573,15.306896551724138,15.203333333333331,15.077419354838709,14.931249999999999,14.781818181818183,14.629411764705884,14.502857142857144,14.386111111111111,14.2972972972973,14.257894736842108,14.230769230769234,14.2075,14.197560975609756,14.183333333333334,14.158139534883723,14.145454545454548,14.133333333333336,14.12608695652174,14.093617021276598,14.0375,13.95918367346939,13.862,13.780392156862746,13.711538461538462,13.628301886792453,13.564814814814817,13.49818181818182,13.430357142857144,13.36315789473684,13.289655172413795,13.210169491525424,13.131666666666668,13.067213114754098,13.00483870967742,12.957142857142859,12.9265625,12.907692307692306,12.89848484848485,12.891044776119402,12.904411764705882,12.918840579710144,12.932857142857143,12.926760563380284,12.912500000000001,12.9,12.901351351351352,12.925333333333334,12.959210526315792,12.980519480519481,13.002564102564104,13.008860759493672,13.02125,13.02962962962963,13.043902439024391,13.057831325301205,13.058333333333334,13.074117647058824,13.082558139534882,13.091954022988507,13.101136363636364,13.108988764044941,13.117777777777777,13.123076923076924,13.117391304347825,13.110752688172042,13.107446808510637,13.106315789473683,13.118749999999999,13.126804123711338,13.135714285714286,13.135353535353534,13.126,13.1019801980198,13.080392156862745,13.067961165048544,13.061538461538463,13.053333333333333,13.05754716981132,13.067289719626169,13.078703703703704,13.095412844036696,13.121818181818183,13.152252252252254,13.186607142857142,13.208849557522123,13.228070175438596,13.243478260869566,13.264655172413793,13.293162393162392,13.311864406779662,13.326050420168066,13.344166666666668,13.364462809917354,13.38688524590164,13.395121951219513,13.390322580645162,13.3688,13.345238095238095,13.32283464566929,13.307031250000001,34.0,408.0,0.0,0.0,0.0,0.0,0.0,0.0,0.0,0.0,0.0,0.0,0.0,0.0,0.0,0.0,0.0,26.0,108.0,233.0,387.0,552.0,710.0,844.0,938.0,978.0,978.0,978.0,978.0,978.0,978.0,978.0,978.0,978.0,978.0,978.0,978.0,978.0,978.0,978.0,978.0,1002.0,1027.0,1053.0,1078.0,1100.0,1111.0,1113.0,1114.0,1115.0,1115.0,1115.0,1115.0,1115.0,1115.0,1115.0,1115.0,1115.0,1115.0,1115.0,1115.0,1115.0,1115.0,1115.0,1115.0,1138.0,1217.0,1339.0,1490.0,1652.0,1808.0,1939.0,2027.0,2061.0,2061.0,2061.0,2061.0,2061.0,2061.0,2061.0,2061.0,2061.0,2061.0,2061.0,2061.0,2061.0,2061.0,2061.0,2061.0,2082.0,2157.0,2271.0,2410.0,2558.0,2696.0,2807.0,2879.0,2906.0,2906.0,2906.0,2906.0,2906.0,2906.0,2906.0,2906.0,2906.0,2906.0,2906.0,2906.0,2906.0,2906.0,2906.0,2906.0,2926.0,2975.0,3046.0,3130.0,3214.0,3286.0,3337.0,3363.0,3368.0,3368.0,3368.0,3368.0,3368.0,3368.0,3368.0,3368.0,3368.0,24,January 24,Macon
0.0025178897142416165,1.034517982612715,1.0486812209857863,2.831262201662029,2.831262201662029,0.6548483919591235,0.5858903920765259,5.089451138595578,5.089451138595578,0.7620527850757088,1.1763982538071849,3.280794508976022,3.280794508976022,0.4792697518974395,0.9661892155655648,1.9212511952352358,1.9212511952352358,0.305074895624565,0.1455328671205004,7.8916666666666675,-0.5123663151783883,0.5123663151783883,82.31256599788806,10.6,10.8,11.266666666666666,11.65,11.72,11.649999999999999,11.5,11.3625,11.344444444444443,11.469999999999999,11.600000000000001,11.749999999999998,11.907692307692306,12.064285714285713,12.219999999999999,12.350000000000001,12.41764705882353,12.511111111111111,12.657894736842104,12.815000000000001,12.952380952380954,13.122727272727275,13.273913043478263,13.370833333333332,13.44,13.450000000000001,13.488888888888889,13.539285714285715,13.610344827586207,13.663333333333334,13.677419354838712,13.696875,13.70909090909091,13.747058823529413,13.797142857142859,13.894444444444446,13.991891891891893,14.094736842105267,14.189743589743593,14.294999999999998,14.375609756097564,14.428571428571429,14.472093023255816,14.522727272727275,14.56,14.58695652173913,14.595744680851064,14.581250000000002,14.56326530612245,14.546000000000001,14.517647058823531,14.475000000000001,14.430188679245285,14.388888888888888,14.332727272727274,14.262500000000001,14.187719298245614,14.108620689655174,14.042372881355934,13.98,13.932786885245902,13.914516129032258,13.903174603174604,13.89375,13.892307692307693,13.887878787878789,13.876119402985076,13.872058823529413,13.868115942028988,13.867142857142856,13.849295774647887,13.815277777777778,13.765753424657534,13.702702702702704,13.649333333333335,13.603947368421052,13.548051948051945,13.505128205128203,13.459493670886076,13.4125,13.365432098765432,13.313414634146339,13.256626506024096,13.199999999999998,13.152941176470588,13.106976744186044,13.07126436781609,13.04772727272727,13.032584269662918,13.024444444444443,13.017582417582416,13.026086956521738,13.03548387096774,13.044680851063825,13.038947368421049,13.027083333333332,13.016494845360825,13.016326530612243,13.033333333333333,13.058,13.073267326732674,13.089215686274509,13.093203883495143,13.101923076923075,13.107619047619044,13.117924528301886,13.12803738317757,13.127777777777778,13.139449541284401,13.145454545454543,13.152252252252252,13.158928571428572,13.164601769911503,13.171052631578945,13.17478260869565,13.169827586206894,13.164102564102562,13.16101694915254,13.159663865546216,13.169166666666666,13.175206611570246,13.181967213114753,13.18130081300813,13.173387096774194,13.153599999999999,13.135714285714283,13.1251968503937,13.11953125,83.5,1002.0,0.0,0.0,0.0,0.0,0.0,0.0,0.0,0.0,0.0,0.0,0.0,0.0,0.0,0.0,0.0,25.0,72.0,138.0,214.0,288.0,350.0,390.0,407.0,408.0,408.0,408.0,408.0,408.0,408.0,408.0,408.0,408.0,408.0,408.0,408.0,408.0,408.0,408.0,408.0,434.0,516.0,641.0,795.0,960.0,1118.0,1252.0,1346.0,1386.0,1386.0,1386.0,1386.0,1386.0,1386.0,1386.0,1386.0,1386.0,1386.0,1386.0,1386.0,1386.0,1386.0,1386.0,1386.0,1410.0,1435.0,1461.0,1486.0,1508.0,1519.0,1521.0,1522.0,1523.0,1523.0,1523.0,1523.0,1523.0,1523.0,1523.0,1523.0,1523.0,1523.0,1523.0,1523.0,1523.0,1523.0,1523.0,1523.0,1546.0,1625.0,1747.0,1898.0,2060.0,2216.0,2347.0,2435.0,2469.0,2469.0,2469.0,2469.0,2469.0,2469.0,2469.0,2469.0,2469.0,2469.0,2469.0,2469.0,2469.0,2469.0,2469.0,2469.0,2490.0,2565.0,2679.0,2818.0,2966.0,3104.0,3215.0,3287.0,3314.0,3314.0,3314.0,3314.0,3314.0,3314.0,3314.0,3314.0,3314.0,25,January 25,Macon
0.0025178897142416165,1.034517982612715,1.0486812209857863,2.831262201662029,2.831262201662029,0.6548483919591235,0.5858903920765259,5.089451138595578,5.089451138595578,0.7620527850757088,1.1763982538071849,3.280794508976022,3.280794508976022,0.4792697518974395,0.9661892155655648,1.9212511952352358,1.9212511952352358,0.305074895624565,0.1455328671205004,6.508333333333333,-0.1983026985697035,0.1983026985697035,135.32650448143406,10.6,10.35,10.4,10.55,10.72,10.716666666666667,10.628571428571428,10.537500000000001,10.5,10.5,10.57272727272727,10.658333333333331,10.792307692307691,10.907142857142857,10.94,11.025000000000002,11.058823529411764,11.144444444444444,11.24736842105263,11.309999999999999,11.338095238095239,11.368181818181817,11.4,11.383333333333335,11.352,11.33846153846154,11.37037037037037,11.421428571428574,11.441379310344827,11.436666666666667,11.40967741935484,11.378125,11.372727272727273,11.408823529411768,11.451428571428572,11.505555555555556,11.567567567567568,11.634210526315792,11.705128205128204,11.77,11.812195121951222,11.866666666666669,11.946511627906977,12.034090909090908,12.115555555555556,12.21521739130435,12.308510638297875,12.377083333333333,12.43265306122449,12.458000000000002,12.498039215686276,12.54423076923077,12.601886792452833,12.65,12.676363636363638,12.705357142857142,12.72982456140351,12.76896551724138,12.815254237288135,12.890000000000002,12.965573770491803,13.045161290322582,13.120634920634922,13.203125,13.27076923076923,13.321212121212122,13.365671641791046,13.414705882352942,13.455072463768117,13.488571428571431,13.509859154929577,13.515277777777776,13.517808219178082,13.52027027027027,13.514666666666667,13.498684210526317,13.480519480519478,13.464102564102562,13.436708860759493,13.398749999999998,13.356790123456792,13.310975609756095,13.273493975903612,13.238095238095235,13.212941176470586,13.208139534883719,13.20804597701149,13.20909090909091,13.21573033707865,13.219999999999997,13.218681318681318,13.222826086956522,13.226881720430107,13.232978723404253,13.226315789473684,13.207291666666668,13.176288659793814,13.134693877551019,13.099999999999998,13.071,13.033663366336635,13.005882352941176,12.975728155339803,12.944230769230769,12.91238095238095,12.876415094339619,12.83644859813084,12.796296296296294,12.763302752293576,12.73090909090909,12.706306306306304,12.69107142857143,12.682300884955751,12.67894736842105,12.676521739130433,12.686206896551724,12.696581196581196,12.706779661016949,12.705042016806722,12.69833333333333,12.692561983471075,12.695081967213113,12.711382113821136,12.733870967741934,12.7488,12.764285714285714,12.770078740157478,12.7796875,36.916666666666664,443.0,0.0,0.0,0.0,0.0,0.0,0.0,0.0,0.0,0.0,0.0,0.0,0.0,0.0,0.0,0.0,29.0,114.0,242.0,399.0,567.0,728.0,864.0,960.0,1002.0,1002.0,1002.0,1002.0,1002.0,1002.0,1002.0,1002.0,1002.0,1002.0,1002.0,1002.0,1002.0,1002.0,1002.0,1002.0,1027.0,1074.0,1140.0,1216.0,1290.0,1352.0,1392.0,1409.0,1410.0,1410.0,1410.0,1410.0,1410.0,1410.0,1410.0,1410.0,1410.0,1410.0,1410.0,1410.0,1410.0,1410.0,1410.0,1410.0,1436.0,1518.0,1643.0,1797.0,1962.0,2120.0,2254.0,2348.0,2388.0,2388.0,2388.0,2388.0,2388.0,2388.0,2388.0,2388.0,2388.0,2388.0,2388.0,2388.0,2388.0,2388.0,2388.0,2388.0,2412.0,2437.0,2463.0,2488.0,2510.0,2521.0,2523.0,2524.0,2525.0,2525.0,2525.0,2525.0,2525.0,2525.0,2525.0,2525.0,2525.0,2525.0,2525.0,2525.0,2525.0,2525.0,2525.0,2525.0,2548.0,2627.0,2749.0,2900.0,3062.0,3218.0,3349.0,3437.0,3471.0,3471.0,3471.0,3471.0,3471.0,3471.0,3471.0,3471.0,3471.0,26,January 26,Macon
0.0025178897142416165,1.034517982612715,1.0486812209857863,2.831262201662029,2.831262201662029,0.6548483919591235,0.5858903920765259,5.089451138595578,5.089451138595578,0.7620527850757088,1.1763982538071849,3.280794508976022,3.280794508976022,0.4792697518974395,0.9661892155655648,1.9212511952352358,1.9212511952352358,0.305074895624565,0.1455328671205004,9.425,-0.4173779861800783,0.4173779861800783,98.34659593280279,14.2,13.7,13.466666666666667,13.125,12.9,12.600000000000001,12.371428571428572,12.1375,11.966666666666667,11.84,11.654545454545456,11.549999999999999,11.49230769230769,11.457142857142856,11.539999999999997,11.66875,11.811764705882352,11.955555555555556,12.126315789473683,12.269999999999998,12.395238095238096,12.5,12.552173913043475,12.520833333333334,12.443999999999999,12.353846153846153,12.285185185185183,12.239285714285716,12.210344827586205,12.160000000000002,12.093548387096773,12.025,11.969696969696969,11.926470588235293,11.908571428571427,11.899999999999999,11.913513513513514,11.926315789473685,11.912820512820513,11.9225,11.914634146341463,11.930952380952382,11.958139534883719,11.97045454545455,11.968888888888891,11.969565217391308,11.972340425531916,11.952083333333334,11.924489795918367,11.906000000000004,11.911764705882353,11.928846153846155,11.930188679245285,11.918518518518521,11.894545454545455,11.867857142857144,11.856140350877192,11.868965517241381,11.886440677966103,11.911666666666669,11.942622950819674,11.977419354838712,12.015873015873018,12.0515625,12.073846153846155,12.104545454545455,12.15223880597015,12.205882352941178,12.256521739130438,12.320000000000002,12.380281690140846,12.425,12.461643835616439,12.47837837837838,12.505333333333335,12.536842105263158,12.57662337662338,12.610256410256412,12.629113924050635,12.65,12.6679012345679,12.696341463414633,12.730120481927713,12.78452380952381,12.840000000000002,12.898837209302322,12.955172413793102,13.017045454545455,13.068539325842698,13.10777777777778,13.142857142857146,13.181521739130435,13.213978494623657,13.241489361702126,13.259999999999998,13.266666666666666,13.271134020618556,13.275510204081632,13.273737373737372,13.264000000000001,13.252475247524753,13.242156862745096,13.223300970873785,13.196153846153845,13.165714285714284,13.132075471698114,13.104672897196263,13.078703703703702,13.060550458715596,13.058181818181817,13.05945945945946,13.061607142857142,13.068141592920355,13.072807017543859,13.073043478260871,13.077586206896552,13.082051282051282,13.088135593220338,13.084033613445378,13.07,13.046280991735538,13.01393442622951,12.9869918699187,12.964516129032257,12.9352,12.913492063492063,12.88976377952756,12.864843749999999,67.5,810.0,0.0,0.0,0.0,0.0,0.0,0.0,0.0,0.0,0.0,0.0,0.0,0.0,0.0,0.0,0.0,29.0,77.0,144.0,224.0,306.0,377.0,424.0,443.0,443.0,443.0,443.0,443.0,443.0,443.0,443.0,443.0,443.0,443.0,443.0,443.0,443.0,443.0,443.0,443.0,472.0,557.0,685.0,842.0,1010.0,1171.0,1307.0,1403.0,1445.0,1445.0,1445.0,1445.0,1445.0,1445.0,1445.0,1445.0,1445.0,1445.0,1445.0,1445.0,1445.0,1445.0,1445.0,1445.0,1470.0,1517.0,1583.0,1659.0,1733.0,1795.0,1835.0,1852.0,1853.0,1853.0,1853.0,1853.0,1853.0,1853.0,1853.0,1853.0,1853.0,1853.0,1853.0,1853.0,1853.0,1853.0,1853.0,1853.0,1879.0,1961.0,2086.0,2240.0,2405.0,2563.0,2697.0,2791.0,2831.0,2831.0,2831.0,2831.0,2831.0,2831.0,2831.0,2831.0,2831.0,2831.0,2831.0,2831.0,2831.0,2831.0,2831.0,2831.0,2855.0,2880.0,2906.0,2931.0,2953.0,2964.0,2966.0,2967.0,2968.0,2968.0,2968.0,2968.0,2968.0,2968.0,2968.0,2968.0,2968.0,27,January 27,Macon
0.0025178897142416165,1.034517982612715,1.0486812209857863,2.831262201662029,2.831262201662029,0.6548483919591235,0.5858903920765259,5.089451138595578,5.089451138595578,0.7620527850757088,1.1763982538071849,3.280794508976022,3.280794508976022,0.4792697518974395,0.9661892155655648,1.9212511952352358,1.9212511952352358,0.305074895624565,0.1455328671205004,11.841666666666667,-0.10357834913668021,0.10357834913668021,151.3159746657284,7.8,7.5,7.0,6.925,7.019999999999999,6.933333333333333,6.971428571428571,7.012499999999999,7.044444444444443,7.029999999999999,7.009090909090909,6.983333333333333,6.953846153846153,6.871428571428572,6.846666666666667,6.975,7.152941176470588,7.383333333333334,7.6000000000000005,7.824999999999998,8.10952380952381,8.35909090909091,8.56086956521739,8.779166666666667,8.996,9.157692307692308,9.299999999999999,9.4,9.489655172413793,9.543333333333331,9.590322580645159,9.61875,9.64848484848485,9.67941176470588,9.682857142857141,9.702777777777778,9.732432432432432,9.76578947368421,9.84102564102564,9.934999999999999,10.036585365853659,10.140476190476189,10.25813953488372,10.36590909090909,10.466666666666665,10.558695652173911,10.625531914893616,10.65,10.648979591836733,10.638,10.635294117647058,10.642307692307694,10.656603773584907,10.657407407407407,10.64727272727273,10.633928571428571,10.626315789473685,10.624137931034484,10.635593220338983,10.651666666666669,10.68032786885246,10.708064516129031,10.71904761904762,10.743749999999999,10.756923076923076,10.784848484848483,10.819402985074625,10.844117647058823,10.859420289855073,10.875714285714285,10.892957746478872,10.894444444444444,10.89041095890411,10.891891891891891,10.909333333333333,10.93421052631579,10.948051948051948,10.952564102564104,10.948101265822784,10.94125,10.944444444444443,10.964634146341462,10.987951807228916,11.016666666666667,11.049411764705882,11.084883720930234,11.122988505747127,11.159090909090908,11.185393258426966,11.217777777777778,11.262637362637363,11.31195652173913,11.359139784946237,11.415957446808513,11.470526315789476,11.513541666666669,11.550515463917524,11.572448979591837,11.602020202020201,11.635000000000002,11.674257425742576,11.708823529411767,11.732038834951457,11.756730769230769,11.779047619047619,11.809433962264153,11.843925233644859,11.894444444444446,11.945871559633028,12.000000000000002,12.052252252252254,12.108928571428574,12.157522123893806,12.196491228070176,12.23217391304348,12.270689655172415,12.304273504273505,12.333898305084748,12.356302521008404,12.369166666666667,12.380165289256196,12.390983606557377,12.396747967479675,12.395967741935484,12.393600000000001,12.392063492063494,12.383464566929135,12.36796875,25.416666666666668,305.0,0.0,0.0,0.0,0.0,0.0,0.0,0.0,0.0,0.0,0.0,0.0,0.0,0.0,0.0,0.0,32.0,109.0,219.0,350.0,488.0,617.0,720.0,786.0,810.0,810.0,810.0,810.0,810.0,810.0,810.0,810.0,810.0,810.0,810.0,810.0,810.0,810.0,810.0,810.0,839.0,887.0,954.0,1034.0,1116.0,1187.0,1234.0,1253.0,1253.0,1253.0,1253.0,1253.0,1253.0,1253.0,1253.0,1253.0,1253.0,1253.0,1253.0,1253.0,1253.0,1253.0,1253.0,1253.0,1282.0,1367.0,1495.0,1652.0,1820.0,1981.0,2117.0,2213.0,2255.0,2255.0,2255.0,2255.0,2255.0,2255.0,2255.0,2255.0,2255.0,2255.0,2255.0,2255.0,2255.0,2255.0,2255.0,2255.0,2280.0,2327.0,2393.0,2469.0,2543.0,2605.0,2645.0,2662.0,2663.0,2663.0,2663.0,2663.0,2663.0,2663.0,2663.0,2663.0,2663.0,2663.0,2663.0,2663.0,2663.0,2663.0,2663.0,2663.0,2689.0,2771.0,2896.0,3050.0,3215.0,3373.0,3507.0,3601.0,3641.0,3641.0,3641.0,3641.0,3641.0,3641.0,3641.0,3641.0,3641.0,28,January 28,Macon
0.0025178897142416165,1.034517982612715,1.0486812209857863,2.831262201662029,2.831262201662029,0.6548483919591235,0.5858903920765259,5.089451138595578,5.089451138595578,0.7620527850757088,1.1763982538071849,3.280794508976022,3.280794508976022,0.4792697518974395,0.9661892155655648,1.9212511952352358,1.9212511952352358,0.305074895624565,0.1455328671205004,8.15,-0.22143798641196383,0.22143798641196383,131.4212678936605,7.2,6.7,6.5,6.425,6.68,6.7,6.8,6.8875,6.9222222222222225,7.010000000000001,7.163636363636363,7.383333333333333,7.553846153846154,7.6571428571428575,7.713333333333334,7.8062499999999995,7.794117647058823,7.794444444444443,7.7789473684210515,7.779999999999997,7.795238095238093,7.822727272727271,7.799999999999999,7.770833333333333,7.771999999999999,7.75,7.685185185185184,7.649999999999999,7.641379310344825,7.603333333333333,7.59032258064516,7.58125,7.572727272727272,7.552941176470589,7.53142857142857,7.508333333333332,7.4837837837837835,7.439473684210526,7.415384615384617,7.452500000000001,7.5146341463414625,7.604761904761904,7.695348837209302,7.795454545454546,7.9288888888888875,8.052173913043477,8.157446808510636,8.275,8.395918367346939,8.491999999999999,8.580392156862745,8.648076923076923,8.71132075471698,8.755555555555556,8.796363636363637,8.826785714285714,8.857894736842105,8.889655172413793,8.905084745762714,8.930000000000003,8.960655737704922,8.993548387096777,9.052380952380956,9.1234375,9.2,9.278787878787881,9.36716417910448,9.450000000000003,9.52898550724638,9.602857142857145,9.660563380281692,9.690277777777776,9.702739726027396,9.70810810810811,9.718666666666667,9.735526315789475,9.75714285714286,9.76923076923077,9.773417721518989,9.775,9.780246913580248,9.789024390243902,9.807228915662652,9.828571428571431,9.858823529411765,9.888372093023259,9.905747126436784,9.932954545454546,9.951685393258428,9.981111111111112,10.015384615384617,10.042391304347827,10.06236559139785,10.082978723404256,10.104210526315791,10.113541666666666,10.118556701030927,10.127551020408163,10.148484848484848,10.175,10.193069306930694,10.203921568627452,10.20776699029126,10.209615384615384,10.219047619047616,10.241509433962266,10.266355140186915,10.295370370370371,10.327522935779816,10.361818181818183,10.398198198198198,10.433035714285714,10.460176991150442,10.492105263157896,10.533913043478261,10.579310344827586,10.623076923076924,10.674576271186442,10.72436974789916,10.765000000000002,10.800826446280993,10.824590163934428,10.854471544715446,10.88709677419355,10.924800000000001,10.958730158730159,10.983464566929136,11.009374999999999,55.75,669.0,0.0,0.0,0.0,0.0,0.0,0.0,0.0,0.0,0.0,0.0,0.0,0.0,0.0,0.0,0.0,26.0,67.0,120.0,177.0,231.0,275.0,300.0,303.0,305.0,305.0,305.0,305.0,305.0,305.0,305.0,305.0,305.0,305.0,305.0,305.0,305.0,305.0,305.0,305.0,337.0,414.0,524.0,655.0,793.0,922.0,1025.0,1091.0,1115.0,1115.0,1115.0,1115.0,1115.0,1115.0,1115.0,1115.0,1115.0,1115.0,1115.0,1115.0,1115.0,1115.0,1115.0,1115.0,1144.0,1192.0,1259.0,1339.0,1421.0,1492.0,1539.0,1558.0,1558.0,1558.0,1558.0,1558.0,1558.0,1558.0,1558.0,1558.0,1558.0,1558.0,1558.0,1558.0,1558.0,1558.0,1558.0,1558.0,1587.0,1672.0,1800.0,1957.0,2125.0,2286.0,2422.0,2518.0,2560.0,2560.0,2560.0,2560.0,2560.0,2560.0,2560.0,2560.0,2560.0,2560.0,2560.0,2560.0,2560.0,2560.0,2560.0,2560.0,2585.0,2632.0,2698.0,2774.0,2848.0,2910.0,2950.0,2967.0,2968.0,2968.0,2968.0,2968.0,2968.0,2968.0,2968.0,2968.0,2968.0,29,January 29,Macon
0.0025178897142416165,1.034517982612715,1.0486812209857863,2.831262201662029,2.831262201662029,0.6548483919591235,0.5858903920765259,5.089451138595578,5.089451138595578,0.7620527850757088,1.1763982538071849,3.280794508976022,3.280794508976022,0.4792697518974395,0.9661892155655648,1.9212511952352358,1.9212511952352358,0.305074895624565,0.1455328671205004,8.841666666666667,-0.45565749918479864,0.45565749918479864,91.88501413760599,10.3,10.45,10.3,10.125,9.98,9.933333333333335,9.814285714285715,9.7125,9.655555555555555,9.739999999999998,10.036363636363635,10.391666666666666,10.684615384615386,10.928571428571429,11.113333333333335,11.20625,11.282352941176471,11.35,11.43157894736842,11.455000000000002,11.414285714285715,11.354545454545454,11.247826086956522,11.120833333333332,10.964,10.78076923076923,10.60740740740741,10.450000000000001,10.355172413793106,10.236666666666668,10.145161290322582,10.0625,9.975757575757575,9.911764705882355,9.877142857142857,9.875000000000002,9.867567567567567,9.844736842105263,9.810256410256411,9.794999999999998,9.741463414634147,9.695238095238095,9.64418604651163,9.602272727272728,9.568888888888889,9.543478260869565,9.495744680851065,9.445833333333333,9.412244897959184,9.368,9.301960784313726,9.25192307692308,9.216981132075473,9.166666666666666,9.13090909090909,9.098214285714286,9.066666666666666,9.029310344827586,8.991525423728813,8.953333333333335,8.914754098360655,8.864516129032257,8.826984126984128,8.828125,8.846153846153847,8.883333333333333,8.922388059701493,8.969117647058823,9.039130434782608,9.104285714285716,9.159154929577467,9.223611111111111,9.291780821917808,9.344594594594595,9.393333333333333,9.428947368421055,9.462337662337662,9.483333333333334,9.50253164556962,9.515,9.528395061728395,9.542682926829267,9.545783132530122,9.555952380952382,9.570588235294117,9.587209302325581,9.622988505747127,9.668181818181818,9.717977528089886,9.770000000000001,9.829670329670328,9.88586956521739,9.939784946236559,9.990425531914894,10.029473684210526,10.047916666666667,10.053608247422678,10.05408163265306,10.058585858585857,10.068,10.08118811881188,10.087254901960785,10.087378640776699,10.085576923076925,10.086666666666668,10.090566037735849,10.101869158878504,10.115740740740739,10.13669724770642,10.157272727272725,10.168468468468467,10.1875,10.2,10.221052631578946,10.246086956521737,10.265517241379309,10.279487179487177,10.294067796610168,10.309243697478989,10.314999999999998,10.317355371900826,10.32295081967213,10.338211382113819,10.35806451612903,10.371199999999998,10.378571428571426,10.380314960629919,10.380468749999999,76.83333333333333,922.0,0.0,0.0,0.0,0.0,0.0,0.0,0.0,0.0,0.0,0.0,0.0,0.0,0.0,0.0,0.0,32.0,99.0,195.0,308.0,423.0,526.0,604.0,651.0,669.0,669.0,669.0,669.0,669.0,669.0,669.0,669.0,669.0,669.0,669.0,669.0,669.0,669.0,669.0,669.0,695.0,736.0,789.0,846.0,900.0,944.0,969.0,972.0,974.0,974.0,974.0,974.0,974.0,974.0,974.0,974.0,974.0,974.0,974.0,974.0,974.0,974.0,974.0,974.0,1006.0,1083.0,1193.0,1324.0,1462.0,1591.0,1694.0,1760.0,1784.0,1784.0,1784.0,1784.0,1784.0,1784.0,1784.0,1784.0,1784.0,1784.0,1784.0,1784.0,1784.0,1784.0,1784.0,1784.0,1813.0,1861.0,1928.0,2008.0,2090.0,2161.0,2208.0,2227.0,2227.0,2227.0,2227.0,2227.0,2227.0,2227.0,2227.0,2227.0,2227.0,2227.0,2227.0,2227.0,2227.0,2227.0,2227.0,2227.0,2256.0,2341.0,2469.0,2626.0,2794.0,2955.0,3091.0,3187.0,3229.0,3229.0,3229.0,3229.0,3229.0,3229.0,3229.0,3229.0,3229.0,30,January 30,Macon
0.0025178897142416165,1.034517982612715,1.0486812209857863,2.831262201662029,2.831262201662029,0.6548483919591235,0.5858903920765259,5.089451138595578,5.089451138595578,0.7620527850757088,1.1763982538071849,3.280794508976022,3.280794508976022,0.4792697518974395,0.9661892155655648,1.9212511952352358,1.9212511952352358,0.305074895624565,0.1455328671205004,10.141666666666667,-0.2177855576801008,0.2177855576801008,132.037797863599,6.5,6.65,6.366666666666667,6.4,6.3,6.333333333333333,6.3428571428571425,6.4625,6.7555555555555555,6.94,7.172727272727272,7.391666666666666,7.6692307692307695,7.928571428571429,8.133333333333333,8.3,8.464705882352941,8.661111111111113,8.85263157894737,8.970000000000002,9.052380952380954,9.122727272727273,9.200000000000001,9.275,9.315999999999999,9.365384615384615,9.38888888888889,9.396428571428572,9.39655172413793,9.406666666666666,9.396774193548385,9.384374999999999,9.378787878787879,9.411764705882353,9.514285714285714,9.647222222222222,9.77027027027027,9.88421052631579,9.98205128205128,10.0475,10.107317073170732,10.164285714285715,10.227906976744187,10.265909090909092,10.273333333333332,10.269565217391303,10.240425531914893,10.197916666666666,10.136734693877552,10.058,9.980392156862745,9.907692307692308,9.866037735849057,9.809259259259258,9.765454545454544,9.725,9.680701754385964,9.648275862068965,9.632203389830508,9.634999999999998,9.634426229508195,9.624193548387096,9.606349206349204,9.6,9.569230769230769,9.542424242424241,9.51194029850746,9.48676470588235,9.466666666666663,9.451428571428568,9.421126760563377,9.38888888888889,9.367123287671232,9.337837837837837,9.293333333333331,9.259210526315787,9.235064935064932,9.199999999999998,9.174683544303795,9.15125,9.128395061728394,9.101219512195122,9.073493975903611,9.045238095238094,9.016470588235292,8.97906976744186,8.950574712643675,8.95,8.96179775280899,8.987777777777778,9.015384615384614,9.04891304347826,9.099999999999998,9.14787234042553,9.188421052631577,9.236458333333333,9.28762886597938,9.327551020408162,9.364646464646464,9.392,9.417821782178217,9.434313725490194,9.449514563106794,9.459615384615384,9.470476190476191,9.482075471698112,9.48504672897196,9.493518518518519,9.505504587155963,9.519090909090908,9.547747747747747,9.583928571428572,9.623893805309734,9.665789473684208,9.71391304347826,9.759482758620688,9.803418803418804,9.84491525423729,9.877310924369748,9.893333333333334,9.89917355371901,9.900819672131146,9.905691056910568,9.914516129032258,9.9264,9.932539682539682,9.933858267716536,9.93359375,52.166666666666664,626.0,0.0,0.0,0.0,0.0,0.0,0.0,0.0,0.0,0.0,0.0,0.0,0.0,0.0,0.0,0.0,36.0,121.0,245.0,394.0,550.0,695.0,811.0,888.0,922.0,922.0,922.0,922.0,922.0,922.0,922.0,922.0,922.0,922.0,922.0,922.0,922.0,922.0,922.0,922.0,954.0,1021.0,1117.0,1230.0,1345.0,1448.0,1526.0,1573.0,1591.0,1591.0,1591.0,1591.0,1591.0,1591.0,1591.0,1591.0,1591.0,1591.0,1591.0,1591.0,1591.0,1591.0,1591.0,1591.0,1617.0,1658.0,1711.0,1768.0,1822.0,1866.0,1891.0,1894.0,1896.0,1896.0,1896.0,1896.0,1896.0,1896.0,1896.0,1896.0,1896.0,1896.0,1896.0,1896.0,1896.0,1896.0,1896.0,1896.0,1928.0,2005.0,2115.0,2246.0,2384.0,2513.0,2616.0,2682.0,2706.0,2706.0,2706.0,2706.0,2706.0,2706.0,2706.0,2706.0,2706.0,2706.0,2706.0,2706.0,2706.0,2706.0,2706.0,2706.0,2735.0,2783.0,2850.0,2930.0,3012.0,3083.0,3130.0,3149.0,3149.0,3149.0,3149.0,3149.0,3149.0,3149.0,3149.0,3149.0,3149.0,31,January 31,Macon
0.0025178897142416165,1.034517982612715,1.0486812209857863,2.831262201662029,2.831262201662029,0.6548483919591235,0.5858903920765259,5.089451138595578,5.089451138595578,0.7620527850757088,1.1763982538071849,3.280794508976022,3.280794508976022,0.4792697518974395,0.9661892155655648,1.9212511952352358,1.9212511952352358,0.305074895624565,0.1455328671205004,9.316666666666665,-0.16998024569941242,0.16998024569941242,140.1073345259392,7.399999999999999,6.949999999999999,6.366666666666666,6.225,6.279999999999999,6.333333333333333,6.371428571428572,6.4875,6.744444444444444,7.08,7.363636363636363,7.650000000000001,7.823076923076922,8.0,8.226666666666667,8.40625,8.535294117647059,8.644444444444444,8.673684210526314,8.68,8.714285714285714,8.759090909090908,8.778260869565218,8.754166666666668,8.664000000000001,8.592307692307692,8.488888888888889,8.417857142857143,8.331034482758621,8.27,8.209677419354838,8.18125,8.209090909090909,8.220588235294118,8.257142857142858,8.3,8.372972972972974,8.450000000000001,8.515384615384615,8.5725,8.634146341463415,8.714285714285714,8.797674418604652,8.852272727272727,8.893333333333333,8.930434782608694,8.972340425531916,9.014583333333333,9.040816326530612,9.072,9.090196078431372,9.099999999999998,9.10566037735849,9.116666666666665,9.116363636363635,9.114285714285714,9.115789473684211,9.139655172413793,9.205084745762711,9.29,9.37049180327869,9.446774193548388,9.514285714285714,9.5625,9.607692307692307,9.65151515151515,9.7,9.73235294117647,9.744927536231884,9.75,9.738028169014084,9.716666666666665,9.682191780821917,9.635135135135133,9.588000000000001,9.543421052631578,9.519480519480519,9.484615384615385,9.458227848101266,9.43375,9.406172839506173,9.386585365853657,9.378313253012047,9.383333333333333,9.385882352941175,9.38139534883721,9.371264367816092,9.369318181818182,9.34943820224719,9.332222222222223,9.312087912087911,9.295652173913043,9.28279569892473,9.273404255319148,9.25263157894737,9.230208333333332,9.215463917525772,9.194897959183672,9.162626262626263,9.137999999999998,9.12079207920792,9.095098039215685,9.076699029126214,9.059615384615386,9.042857142857141,9.022641509433962,9.001869158878504,8.980555555555556,8.958715596330274,8.93,8.90810810810811,8.908035714285715,8.917699115044247,8.93859649122807,8.960869565217392,8.98793103448276,9.029059829059829,9.067796610169491,9.100840336134452,9.139999999999999,9.181818181818182,9.214754098360656,9.245528455284555,9.268548387096775,9.290400000000002,9.304761904761904,9.318110236220473,9.327343749999999,47.416666666666664,569.0,0.0,0.0,0.0,0.0,0.0,0.0,0.0,0.0,0.0,0.0,0.0,0.0,0.0,0.0,0.0,33.0,96.0,185.0,291.0,402.0,501.0,574.0,614.0,626.0,626.0,626.0,626.0,626.0,626.0,626.0,626.0,626.0,626.0,626.0,626.0,626.0,626.0,626.0,626.0,662.0,747.0,871.0,1020.0,1176.0,1321.0,1437.0,1514.0,1548.0,1548.0,1548.0,1548.0,1548.0,1548.0,1548.0,1548.0,1548.0,1548.0,1548.0,1548.0,1548.0,1548.0,1548.0,1548.0,1580.0,1647.0,1743.0,1856.0,1971.0,2074.0,2152.0,2199.0,2217.0,2217.0,2217.0,2217.0,2217.0,2217.0,2217.0,2217.0,2217.0,2217.0,2217.0,2217.0,2217.0,2217.0,2217.0,2217.0,2243.0,2284.0,2337.0,2394.0,2448.0,2492.0,2517.0,2520.0,2522.0,2522.0,2522.0,2522.0,2522.0,2522.0,2522.0,2522.0,2522.0,2522.0,2522.0,2522.0,2522.0,2522.0,2522.0,2522.0,2554.0,2631.0,2741.0,2872.0,3010.0,3139.0,3242.0,3308.0,3332.0,3332.0,3332.0,3332.0,3332.0,3332.0,3332.0,3332.0,3332.0,32,February 1,Macon
0.0025178897142416165,1.034517982612715,1.0486812209857863,2.831262201662029,2.831262201662029,0.6548483919591235,0.5858903920765259,5.089451138595578,5.089451138595578,0.7620527850757088,1.1763982538071849,3.280794508976022,3.280794508976022,0.4792697518974395,0.9661892155655648,1.9212511952352358,1.9212511952352358,0.305074895624565,0.1455328671205004,11.908333333333333,-0.012831695515042225,0.012831695515042225,166.63400979706088,4.1,4.6,4.7,4.525,4.18,4.016666666666667,3.942857142857143,4.2,4.544444444444444,4.95,5.3545454545454545,5.766666666666666,6.099999999999999,6.45,6.813333333333333,7.18125,7.470588235294117,7.694444444444445,7.873684210526315,8.02,8.147619047619047,8.218181818181817,8.230434782608695,8.225,8.192,8.126923076923076,8.018518518518519,7.939285714285714,7.889655172413793,7.846666666666667,7.806451612903226,7.7906249999999995,7.821212121212122,7.888235294117648,7.954285714285714,8.033333333333333,8.083783783783785,8.142105263157895,8.225641025641027,8.2975,8.353658536585366,8.404761904761905,8.423255813953489,8.431818181818182,8.453333333333335,8.480434782608697,8.495744680851065,8.489583333333334,8.448979591836734,8.416000000000002,8.364705882352942,8.328846153846154,8.283018867924529,8.25,8.216363636363637,8.2,8.215789473684211,8.222413793103449,8.24406779661017,8.270000000000001,8.314754098360655,8.362903225806452,8.404761904761905,8.442187500000001,8.483076923076922,8.536363636363637,8.592537313432835,8.630882352941176,8.660869565217391,8.688571428571427,8.719718309859156,8.751388888888888,8.772602739726027,8.797297297297296,8.813333333333333,8.823684210526315,8.83116883116883,8.842307692307692,8.845569620253164,8.8475,8.851851851851851,8.871951219512194,8.92168674698795,8.985714285714286,9.04705882352941,9.105813953488372,9.158620689655171,9.197727272727272,9.234831460674156,9.271111111111113,9.310989010989012,9.339130434782607,9.35268817204301,9.36063829787234,9.355789473684212,9.34375,9.321649484536081,9.289795918367348,9.257575757575758,9.226999999999999,9.211881188118811,9.188235294117646,9.170873786407768,9.154807692307692,9.136190476190476,9.123584905660378,9.119626168224299,9.125925925925925,9.130275229357798,9.129090909090909,9.123423423423423,9.124107142857143,9.110619469026549,9.099122807017542,9.085217391304345,9.074137931034482,9.065811965811964,9.060169491525423,9.045378151260502,9.029166666666667,9.019008264462808,9.004098360655735,8.979674796747966,8.961290322580643,8.948799999999997,8.929365079365079,8.915748031496062,8.903125,7.333333333333333,88.0,0.0,0.0,0.0,0.0,0.0,0.0,0.0,0.0,0.0,0.0,0.0,0.0,0.0,0.0,0.0,34.0,95.0,177.0,273.0,373.0,463.0,528.0,562.0,569.0,569.0,569.0,569.0,569.0,569.0,569.0,569.0,569.0,569.0,569.0,569.0,569.0,569.0,569.0,569.0,602.0,665.0,754.0,860.0,971.0,1070.0,1143.0,1183.0,1195.0,1195.0,1195.0,1195.0,1195.0,1195.0,1195.0,1195.0,1195.0,1195.0,1195.0,1195.0,1195.0,1195.0,1195.0,1195.0,1231.0,1316.0,1440.0,1589.0,1745.0,1890.0,2006.0,2083.0,2117.0,2117.0,2117.0,2117.0,2117.0,2117.0,2117.0,2117.0,2117.0,2117.0,2117.0,2117.0,2117.0,2117.0,2117.0,2117.0,2149.0,2216.0,2312.0,2425.0,2540.0,2643.0,2721.0,2768.0,2786.0,2786.0,2786.0,2786.0,2786.0,2786.0,2786.0,2786.0,2786.0,2786.0,2786.0,2786.0,2786.0,2786.0,2786.0,2786.0,2812.0,2853.0,2906.0,2963.0,3017.0,3061.0,3086.0,3089.0,3091.0,3091.0,3091.0,3091.0,3091.0,3091.0,3091.0,3091.0,3091.0,33,February 2,Macon
0.0025178897142416165,1.034517982612715,1.0486812209857863,2.831262201662029,2.831262201662029,0.6548483919591235,0.5858903920765259,5.089451138595578,5.089451138595578,0.7620527850757088,1.1763982538071849,3.280794508976022,3.280794508976022,0.4792697518974395,0.9661892155655648,1.9212511952352358,1.9212511952352358,0.305074895624565,0.1455328671205004,14.708333333333332,-0.23297933756696165,0.23297933756696165,129.47308781869688,4.0,4.35,4.566666666666666,4.625,4.5,4.333333333333333,4.214285714285714,4.1375,4.199999999999999,4.37,4.663636363636364,5.025,5.315384615384615,5.528571428571429,5.793333333333334,6.06875,6.341176470588236,6.533333333333334,6.6421052631578945,6.6899999999999995,6.7333333333333325,6.7,6.660869565217391,6.558333333333334,6.46,6.407692307692307,6.351851851851852,6.267857142857143,6.1482758620689655,6.05,5.967741935483871,5.96875,6.00909090909091,6.0852941176470585,6.18,6.294444444444444,6.397297297297297,6.518421052631578,6.656410256410257,6.807499999999999,6.936585365853658,7.045238095238096,7.139534883720929,7.222727272727273,7.3,7.35217391304348,7.376595744680852,7.391666666666666,7.391836734693877,7.374,7.331372549019608,7.301923076923076,7.286792452830189,7.274074074074075,7.261818181818182,7.2625,7.2894736842105265,7.337931034482758,7.3864406779661005,7.443333333333333,7.483606557377049,7.529032258064516,7.590476190476189,7.645312499999999,7.690769230769231,7.733333333333333,7.755223880597015,7.770588235294118,7.794202898550724,7.821428571428571,7.840845070422536,7.845833333333333,7.827397260273973,7.813513513513514,7.786666666666667,7.769736842105263,7.745454545454547,7.72948717948718,7.712658227848101,7.7075000000000005,7.724691358024692,7.735365853658536,7.756626506024096,7.78095238095238,7.818823529411765,7.859302325581393,7.895402298850573,7.928409090909091,7.964044943820224,8.00888888888889,8.056043956043956,8.090217391304348,8.118279569892472,8.144680851063828,8.173684210526314,8.203125,8.224742268041236,8.248979591836735,8.266666666666666,8.28,8.29108910891089,8.304901960784314,8.3126213592233,8.319230769230769,8.327619047619047,8.34811320754717,8.391588785046729,8.446296296296296,8.499082568807339,8.55,8.596396396396395,8.632142857142856,8.666371681415928,8.7,8.736521739130435,8.763793103448275,8.779487179487178,8.790677966101695,8.791596638655461,8.786666666666664,8.773553719008264,8.752459016393443,8.730894308943089,8.71048387096774,8.702399999999999,8.687301587301587,8.67716535433071,8.66796875,66.16666666666667,794.0,0.0,0.0,0.0,0.0,0.0,0.0,0.0,0.0,0.0,0.0,0.0,0.0,0.0,0.0,0.0,19.0,37.0,56.0,72.0,81.0,83.0,85.0,86.0,88.0,88.0,88.0,88.0,88.0,88.0,88.0,88.0,88.0,88.0,88.0,88.0,88.0,88.0,88.0,88.0,122.0,183.0,265.0,361.0,461.0,551.0,616.0,650.0,657.0,657.0,657.0,657.0,657.0,657.0,657.0,657.0,657.0,657.0,657.0,657.0,657.0,657.0,657.0,657.0,690.0,753.0,842.0,948.0,1059.0,1158.0,1231.0,1271.0,1283.0,1283.0,1283.0,1283.0,1283.0,1283.0,1283.0,1283.0,1283.0,1283.0,1283.0,1283.0,1283.0,1283.0,1283.0,1283.0,1319.0,1404.0,1528.0,1677.0,1833.0,1978.0,2094.0,2171.0,2205.0,2205.0,2205.0,2205.0,2205.0,2205.0,2205.0,2205.0,2205.0,2205.0,2205.0,2205.0,2205.0,2205.0,2205.0,2205.0,2237.0,2304.0,2400.0,2513.0,2628.0,2731.0,2809.0,2856.0,2874.0,2874.0,2874.0,2874.0,2874.0,2874.0,2874.0,2874.0,2874.0,34,February 3,Macon
0.0025178897142416165,1.034517982612715,1.0486812209857863,2.831262201662029,2.831262201662029,0.6548483919591235,0.5858903920765259,5.089451138595578,5.089451138595578,0.7620527850757088,1.1763982538071849,3.280794508976022,3.280794508976022,0.4792697518974395,0.9661892155655648,1.9212511952352358,1.9212511952352358,0.305074895624565,0.1455328671205004,15.05,-0.15631412931093314,0.15631412931093314,142.4141749723145,2.8,2.75,2.766666666666667,2.8500000000000005,3.06,3.1333333333333333,3.142857142857143,3.1375,3.0555555555555554,3.0,3.036363636363636,3.225,3.523076923076923,3.814285714285714,4.046666666666666,4.14375,4.170588235294117,4.155555555555556,4.1947368421052635,4.244999999999999,4.271428571428571,4.2727272727272725,4.260869565217392,4.258333333333334,4.248,4.265384615384615,4.292592592592592,4.310714285714285,4.3,4.273333333333334,4.248387096774194,4.228125,4.242424242424242,4.291176470588235,4.385714285714286,4.513888888888889,4.62972972972973,4.726315789473685,4.848717948717948,4.9825,5.121951219512196,5.233333333333333,5.311627906976745,5.363636363636364,5.413333333333334,5.42608695652174,5.43404255319149,5.408333333333334,5.381632653061224,5.3759999999999994,5.366666666666666,5.340384615384616,5.29245283018868,5.253703703703703,5.221818181818182,5.235714285714287,5.271929824561403,5.3293103448275865,5.398305084745763,5.480000000000001,5.555737704918032,5.643548387096775,5.742857142857143,5.8515625,5.947692307692307,6.031818181818182,6.107462686567164,6.176470588235295,6.242028985507246,6.291428571428572,6.322535211267605,6.347222222222222,6.361643835616439,6.363513513513513,6.348,6.340789473684211,6.342857142857143,6.346153846153846,6.349367088607594,6.36125,6.391358024691357,6.436585365853658,6.481927710843373,6.533333333333334,6.5729411764705885,6.61627906976744,6.671264367816092,6.721590909090909,6.765168539325842,6.806666666666667,6.832967032967033,6.854347826086957,6.881720430107527,6.911702127659574,6.935789473684211,6.948958333333334,6.944329896907216,6.942857142857143,6.93131313131313,6.927,6.916831683168317,6.912745098039215,6.907766990291262,6.911538461538461,6.932380952380952,6.94811320754717,6.97196261682243,6.998148148148148,7.034862385321101,7.073636363636362,7.109009009009008,7.141964285714285,7.176991150442477,7.219298245614035,7.263478260869564,7.2974137931034475,7.326495726495725,7.354237288135593,7.384033613445377,7.414166666666666,7.438016528925619,7.463934426229508,7.484552845528453,7.501612903225806,7.516799999999999,7.534126984126983,7.5464566929133845,7.557812499999999,54.083333333333336,649.0,0.0,0.0,0.0,0.0,0.0,0.0,0.0,0.0,0.0,0.0,0.0,0.0,0.0,0.0,0.0,38.0,116.0,227.0,357.0,491.0,612.0,707.0,768.0,794.0,794.0,794.0,794.0,794.0,794.0,794.0,794.0,794.0,794.0,794.0,794.0,794.0,794.0,794.0,794.0,813.0,831.0,850.0,866.0,875.0,877.0,879.0,880.0,882.0,882.0,882.0,882.0,882.0,882.0,882.0,882.0,882.0,882.0,882.0,882.0,882.0,882.0,882.0,882.0,916.0,977.0,1059.0,1155.0,1255.0,1345.0,1410.0,1444.0,1451.0,1451.0,1451.0,1451.0,1451.0,1451.0,1451.0,1451.0,1451.0,1451.0,1451.0,1451.0,1451.0,1451.0,1451.0,1451.0,1484.0,1547.0,1636.0,1742.0,1853.0,1952.0,2025.0,2065.0,2077.0,2077.0,2077.0,2077.0,2077.0,2077.0,2077.0,2077.0,2077.0,2077.0,2077.0,2077.0,2077.0,2077.0,2077.0,2077.0,2113.0,2198.0,2322.0,2471.0,2627.0,2772.0,2888.0,2965.0,2999.0,2999.0,2999.0,2999.0,2999.0,2999.0,2999.0,2999.0,2999.0,35,February 4,Macon
0.0025178897142416165,1.034517982612715,1.0486812209857863,2.831262201662029,2.831262201662029,0.6548483919591235,0.5858903920765259,5.089451138595578,5.089451138595578,0.7620527850757088,1.1763982538071849,3.280794508976022,3.280794508976022,0.4792697518974395,0.9661892155655648,1.9212511952352358,1.9212511952352358,0.305074895624565,0.1455328671205004,12.116666666666667,0.02096194840837827,0.02096194840837827,172.33837689133426,5.2,4.7,3.8333333333333335,3.1500000000000004,2.54,2.1166666666666667,1.7142857142857142,1.4000000000000001,1.188888888888889,1.05,1.0545454545454547,1.1583333333333332,1.3076923076923077,1.5428571428571427,1.7933333333333332,2.05,2.264705882352941,2.466666666666667,2.6368421052631583,2.7750000000000004,2.8809523809523814,2.9909090909090916,3.0782608695652174,3.0541666666666667,3.0440000000000005,3.030769230769231,3.022222222222222,3.0249999999999995,3.055172413793103,3.07,3.074193548387097,3.075,3.0545454545454547,3.0382352941176474,3.0485714285714285,3.111111111111111,3.2189189189189187,3.3342105263157893,3.4358974358974352,3.4900000000000007,3.517073170731707,3.526190476190476,3.55813953488372,3.5954545454545452,3.622222222222222,3.63695652173913,3.6446808510638293,3.65625,3.663265306122449,3.6839999999999997,3.709803921568627,3.7307692307692304,3.735849056603773,3.731481481481481,3.7272727272727266,3.7250000000000005,3.7421052631578946,3.779310344827586,3.8440677966101693,3.9299999999999993,4.00983606557377,4.079032258064516,4.165079365079365,4.259375,4.358461538461538,4.440909090909091,4.502985074626865,4.548529411764706,4.592753623188406,4.612857142857143,4.629577464788733,4.623611111111111,4.616438356164383,4.622972972972972,4.626666666666667,4.618421052631579,4.594805194805196,4.576923076923077,4.563291139240507,4.58125,4.614814814814815,4.663414634146341,4.720481927710843,4.786904761904762,4.8494117647058825,4.92093023255814,5.001149425287357,5.088636363636363,5.167415730337078,5.237777777777778,5.302197802197802,5.361956521739131,5.419354838709678,5.464893617021277,5.49684210526316,5.523958333333333,5.543298969072166,5.553061224489796,5.549494949494951,5.552000000000001,5.561386138613863,5.571568627450981,5.581553398058254,5.598076923076923,5.628571428571429,5.670754716981132,5.7130841121495335,5.760185185185186,5.79816513761468,5.839090909090911,5.8891891891891905,5.935714285714285,5.976991150442479,6.0166666666666675,6.044347826086956,6.0681034482758625,6.096581196581197,6.127118644067798,6.152941176470589,6.17,6.172727272727274,6.177868852459016,6.174796747967481,6.177419354838711,6.175200000000002,6.17777777777778,6.17952755905512,6.188281249999999,17.833333333333332,214.0,0.0,0.0,0.0,0.0,0.0,0.0,0.0,0.0,0.0,0.0,0.0,0.0,0.0,0.0,0.0,33.0,99.0,193.0,304.0,418.0,518.0,592.0,634.0,649.0,649.0,649.0,649.0,649.0,649.0,649.0,649.0,649.0,649.0,649.0,649.0,649.0,649.0,649.0,649.0,687.0,765.0,876.0,1006.0,1140.0,1261.0,1356.0,1417.0,1443.0,1443.0,1443.0,1443.0,1443.0,1443.0,1443.0,1443.0,1443.0,1443.0,1443.0,1443.0,1443.0,1443.0,1443.0,1443.0,1462.0,1480.0,1499.0,1515.0,1524.0,1526.0,1528.0,1529.0,1531.0,1531.0,1531.0,1531.0,1531.0,1531.0,1531.0,1531.0,1531.0,1531.0,1531.0,1531.0,1531.0,1531.0,1531.0,1531.0,1565.0,1626.0,1708.0,1804.0,1904.0,1994.0,2059.0,2093.0,2100.0,2100.0,2100.0,2100.0,2100.0,2100.0,2100.0,2100.0,2100.0,2100.0,2100.0,2100.0,2100.0,2100.0,2100.0,2100.0,2133.0,2196.0,2285.0,2391.0,2502.0,2601.0,2674.0,2714.0,2726.0,2726.0,2726.0,2726.0,2726.0,2726.0,2726.0,2726.0,2726.0,36,February 5,Macon
0.0025178897142416165,1.034517982612715,1.0486812209857863,2.831262201662029,2.831262201662029,0.6548483919591235,0.5858903920765259,5.089451138595578,5.089451138595578,0.7620527850757088,1.1763982538071849,3.280794508976022,3.280794508976022,0.4792697518974395,0.9661892155655648,1.9212511952352358,1.9212511952352358,0.305074895624565,0.1455328671205004,7.933333333333335,-0.1234467720737588,0.1234467720737588,147.96218487394952,8.9,8.5,7.933333333333333,7.549999999999999,6.82,6.166666666666667,5.742857142857142,5.3875,5.066666666666666,4.779999999999999,4.718181818181818,4.808333333333333,4.961538461538462,5.114285714285714,5.319999999999999,5.54375,5.735294117647059,5.922222222222222,6.126315789473684,6.300000000000001,6.404761904761905,6.431818181818183,6.4,6.345833333333334,6.3,6.2192307692307685,6.066666666666667,5.889285714285714,5.6896551724137945,5.500000000000001,5.300000000000002,5.109375,4.9393939393939394,4.788235294117648,4.682857142857143,4.616666666666667,4.575675675675676,4.576315789473685,4.594871794871795,4.6275,4.653658536585366,4.683333333333334,4.706976744186047,4.7227272727272736,4.728888888888889,4.741304347826088,4.7468085106382985,4.7,4.661224489795918,4.622000000000001,4.586274509803921,4.557692307692308,4.545283018867925,4.525925925925927,4.501818181818182,4.476785714285714,4.440350877192983,4.406896551724138,4.389830508474576,4.405,4.449180327868853,4.5,4.544444444444443,4.5609375000000005,4.56153846153846,4.551515151515151,4.556716417910448,4.5661764705882355,4.569565217391304,4.565714285714284,4.557746478873238,4.552777777777777,4.545205479452054,4.547297297297297,4.553333333333334,4.556578947368421,4.549350649350649,4.535897435897435,4.5227848101265815,4.5112499999999995,4.5135802469135795,4.530487804878049,4.567469879518072,4.620238095238095,4.669411764705882,4.711627906976744,4.766666666666666,4.8284090909090915,4.894382022471911,4.948888888888889,4.98901098901099,5.017391304347826,5.04516129032258,5.055319148936169,5.063157894736841,5.054166666666667,5.044329896907216,5.044897959183674,5.043434343434344,5.033,5.0108910891089105,4.993137254901961,4.978640776699029,4.988461538461539,5.010476190476191,5.04433962264151,5.085046728971962,5.133333333333332,5.178899082568806,5.231818181818181,5.291891891891891,5.358035714285713,5.417699115044247,5.471052631578948,5.52,5.565517241379309,5.609401709401708,5.644067796610169,5.668067226890756,5.688333333333333,5.702479338842974,5.709016393442623,5.704878048780486,5.705645161290322,5.711999999999998,5.719047619047617,5.725984251968503,5.738281249999999,53.666666666666664,644.0,0.0,0.0,0.0,0.0,0.0,0.0,0.0,0.0,0.0,0.0,0.0,0.0,0.0,0.0,0.0,21.0,48.0,85.0,130.0,175.0,206.0,211.0,212.0,214.0,214.0,214.0,214.0,214.0,214.0,214.0,214.0,214.0,214.0,214.0,214.0,214.0,214.0,214.0,214.0,247.0,313.0,407.0,518.0,632.0,732.0,806.0,848.0,863.0,863.0,863.0,863.0,863.0,863.0,863.0,863.0,863.0,863.0,863.0,863.0,863.0,863.0,863.0,863.0,901.0,979.0,1090.0,1220.0,1354.0,1475.0,1570.0,1631.0,1657.0,1657.0,1657.0,1657.0,1657.0,1657.0,1657.0,1657.0,1657.0,1657.0,1657.0,1657.0,1657.0,1657.0,1657.0,1657.0,1676.0,1694.0,1713.0,1729.0,1738.0,1740.0,1742.0,1743.0,1745.0,1745.0,1745.0,1745.0,1745.0,1745.0,1745.0,1745.0,1745.0,1745.0,1745.0,1745.0,1745.0,1745.0,1745.0,1745.0,1779.0,1840.0,1922.0,2018.0,2118.0,2208.0,2273.0,2307.0,2314.0,2314.0,2314.0,2314.0,2314.0,2314.0,2314.0,2314.0,2314.0,37,February 6,Macon
0.0025178897142416165,1.034517982612715,1.0486812209857863,2.831262201662029,2.831262201662029,0.6548483919591235,0.5858903920765259,5.089451138595578,5.089451138595578,0.7620527850757088,1.1763982538071849,3.280794508976022,3.280794508976022,0.4792697518974395,0.9661892155655648,1.9212511952352358,1.9212511952352358,0.305074895624565,0.1455328671205004,8.225,-0.47162640391439425,0.47162640391439425,89.18946301925025,9.5,9.25,9.200000000000001,8.85,8.76,8.700000000000001,8.757142857142856,8.825,8.844444444444443,8.76,8.854545454545455,9.049999999999999,9.276923076923076,9.62142857142857,9.88,10.09375,10.3,10.450000000000001,10.536842105263156,10.625,10.652380952380954,10.618181818181819,10.578260869565218,10.558333333333334,10.491999999999997,10.399999999999999,10.266666666666666,10.12857142857143,9.913793103448276,9.680000000000001,9.470967741935485,9.265625,9.06060606060606,8.858823529411765,8.722857142857142,8.641666666666667,8.59189189189189,8.552631578947366,8.543589743589743,8.552499999999998,8.558536585365854,8.571428571428571,8.6,8.622727272727273,8.620000000000001,8.584782608695653,8.52340425531915,8.452083333333333,8.385714285714286,8.302,8.180392156862746,8.044230769230769,7.89433962264151,7.7481481481481485,7.594545454545455,7.444642857142857,7.3052631578947365,7.175862068965518,7.0728813559322035,6.993333333333335,6.9295081967213115,6.891935483870968,6.866666666666667,6.8515625,6.833846153846155,6.81969696969697,6.802985074626866,6.782352941176471,6.756521739130434,6.735714285714286,6.711267605633803,6.652777777777778,6.6000000000000005,6.547297297297297,6.497333333333334,6.4526315789473685,6.41948051948052,6.3820512820512825,6.341772151898734,6.3012500000000005,6.253086419753086,6.2073170731707314,6.173493975903615,6.163095238095239,6.174117647058823,6.190697674418605,6.203448275862068,6.196590909090909,6.178651685393258,6.153333333333332,6.13956043956044,6.129347826086956,6.1150537634408595,6.0957446808510625,6.073684210526315,6.054166666666667,6.03298969072165,6.019387755102041,6.009090909090909,5.997000000000001,5.977227722772277,5.9529411764705875,5.929126213592232,5.9067307692307685,5.895238095238096,5.895283018867924,5.911214953271027,5.939814814814814,5.966055045871559,5.987272727272726,6.018918918918918,6.0562499999999995,6.097345132743363,6.12982456140351,6.151304347826087,6.163793103448276,6.176068376068375,6.17457627118644,6.171428571428571,6.154999999999999,6.138016528925619,6.129508196721311,6.119512195121952,6.102419354838709,6.076,6.053174603174603,6.033070866141733,6.0328125,83.0,996.0,0.0,0.0,0.0,0.0,0.0,0.0,0.0,0.0,0.0,0.0,0.0,0.0,0.0,0.0,0.0,37.0,103.0,194.0,302.0,414.0,515.0,590.0,631.0,644.0,644.0,644.0,644.0,644.0,644.0,644.0,644.0,644.0,644.0,644.0,644.0,644.0,644.0,644.0,644.0,665.0,692.0,729.0,774.0,819.0,850.0,855.0,856.0,858.0,858.0,858.0,858.0,858.0,858.0,858.0,858.0,858.0,858.0,858.0,858.0,858.0,858.0,858.0,858.0,891.0,957.0,1051.0,1162.0,1276.0,1376.0,1450.0,1492.0,1507.0,1507.0,1507.0,1507.0,1507.0,1507.0,1507.0,1507.0,1507.0,1507.0,1507.0,1507.0,1507.0,1507.0,1507.0,1507.0,1545.0,1623.0,1734.0,1864.0,1998.0,2119.0,2214.0,2275.0,2301.0,2301.0,2301.0,2301.0,2301.0,2301.0,2301.0,2301.0,2301.0,2301.0,2301.0,2301.0,2301.0,2301.0,2301.0,2301.0,2320.0,2338.0,2357.0,2373.0,2382.0,2384.0,2386.0,2387.0,2389.0,2389.0,2389.0,2389.0,2389.0,2389.0,2389.0,2389.0,2389.0,38,February 7,Macon
0.0025178897142416165,1.034517982612715,1.0486812209857863,2.831262201662029,2.831262201662029,0.6548483919591235,0.5858903920765259,5.089451138595578,5.089451138595578,0.7620527850757088,1.1763982538071849,3.280794508976022,3.280794508976022,0.4792697518974395,0.9661892155655648,1.9212511952352358,1.9212511952352358,0.305074895624565,0.1455328671205004,9.708333333333332,-0.5162520594756219,0.5162520594756219,81.65665236051503,10.1,10.649999999999999,10.533333333333333,10.225,9.68,9.3,9.028571428571428,8.962499999999999,8.966666666666665,9.08,9.299999999999999,9.575,9.830769230769231,10.02142857142857,10.166666666666666,10.268749999999999,10.335294117647058,10.383333333333333,10.43157894736842,10.469999999999999,10.50952380952381,10.563636363636364,10.634782608695652,10.674999999999999,10.628,10.565384615384614,10.511111111111111,10.414285714285715,10.344827586206899,10.28,10.241935483870968,10.2125,10.175757575757576,10.111764705882353,10.102857142857143,10.133333333333333,10.183783783783785,10.286842105263158,10.36923076923077,10.4425,10.519512195121951,10.57857142857143,10.613953488372092,10.65227272727273,10.664444444444445,10.647826086956522,10.627659574468083,10.616666666666667,10.581632653061224,10.532,10.458823529411767,10.380769230769232,10.258490566037734,10.12222222222222,9.996363636363636,9.869642857142855,9.740350877192983,9.610344827586207,9.516949152542376,9.455,9.411475409836067,9.374193548387098,9.355555555555556,9.3484375,9.34,9.336363636363638,9.343283582089555,9.34705882352941,9.334782608695653,9.30142857142857,9.250704225352111,9.193055555555555,9.138356164383563,9.071621621621622,8.978666666666667,8.875,8.761038961038961,8.648717948717948,8.530379746835443,8.413749999999999,8.303703703703704,8.2,8.114457831325302,8.045238095238096,7.987058823529411,7.94767441860465,7.917241379310345,7.894318181818182,7.869662921348314,7.847777777777779,7.824175824175826,7.797826086956522,7.767741935483871,7.741489361702128,7.712631578947367,7.658333333333334,7.608247422680414,7.558163265306124,7.51010101010101,7.466,7.430693069306931,7.392156862745098,7.351456310679611,7.310576923076923,7.263809523809523,7.218867924528303,7.183177570093458,7.16574074074074,7.165137614678898,7.169090909090908,7.17027027027027,7.15625,7.133628318584071,7.105263157894738,7.086086956521739,7.069827586206896,7.05042735042735,7.027118644067797,7.001680672268907,6.9783333333333335,6.953719008264462,6.935245901639345,6.919512195121952,6.90241935483871,6.8792,6.852380952380952,6.825984251968503,6.80078125,91.75,1101.0,0.0,0.0,0.0,0.0,0.0,0.0,0.0,0.0,0.0,0.0,0.0,0.0,0.0,0.0,0.0,48.0,143.0,276.0,432.0,595.0,747.0,872.0,957.0,996.0,996.0,996.0,996.0,996.0,996.0,996.0,996.0,996.0,996.0,996.0,996.0,996.0,996.0,996.0,996.0,1033.0,1099.0,1190.0,1298.0,1410.0,1511.0,1586.0,1627.0,1640.0,1640.0,1640.0,1640.0,1640.0,1640.0,1640.0,1640.0,1640.0,1640.0,1640.0,1640.0,1640.0,1640.0,1640.0,1640.0,1661.0,1688.0,1725.0,1770.0,1815.0,1846.0,1851.0,1852.0,1854.0,1854.0,1854.0,1854.0,1854.0,1854.0,1854.0,1854.0,1854.0,1854.0,1854.0,1854.0,1854.0,1854.0,1854.0,1854.0,1887.0,1953.0,2047.0,2158.0,2272.0,2372.0,2446.0,2488.0,2503.0,2503.0,2503.0,2503.0,2503.0,2503.0,2503.0,2503.0,2503.0,2503.0,2503.0,2503.0,2503.0,2503.0,2503.0,2503.0,2541.0,2619.0,2730.0,2860.0,2994.0,3115.0,3210.0,3271.0,3297.0,3297.0,3297.0,3297.0,3297.0,3297.0,3297.0,3297.0,3297.0,39,February 8,Macon
0.0025178897142416165,1.034517982612715,1.0486812209857863,2.831262201662029,2.831262201662029,0.6548483919591235,0.5858903920765259,5.089451138595578,5.089451138595578,0.7620527850757088,1.1763982538071849,3.280794508976022,3.280794508976022,0.4792697518974395,0.9661892155655648,1.9212511952352358,1.9212511952352358,0.305074895624565,0.1455328671205004,10.808333333333332,-0.05309189635579022,0.05309189635579022,159.83808789514262,6.5,6.65,6.433333333333334,6.4,6.3,6.433333333333334,6.671428571428572,7.05,7.377777777777778,7.669999999999999,7.872727272727274,8.066666666666666,8.176923076923078,8.314285714285713,8.486666666666666,8.63125,8.764705882352942,8.88888888888889,8.994736842105263,9.045000000000002,9.02857142857143,9.045454545454547,9.121739130434785,9.179166666666667,9.216000000000001,9.292307692307693,9.329629629629629,9.328571428571431,9.265517241379312,9.203333333333335,9.14516129032258,9.125,9.121212121212121,9.15,9.217142857142857,9.311111111111112,9.408108108108108,9.489473684210527,9.558974358974359,9.614999999999998,9.658536585365853,9.695238095238095,9.732558139534884,9.76590909090909,9.8,9.841304347826087,9.891489361702128,9.927083333333334,9.918367346938776,9.9,9.884313725490196,9.84423076923077,9.81698113207547,9.790740740740741,9.778181818181817,9.769642857142857,9.756140350877196,9.725862068965517,9.727118644067799,9.751666666666665,9.788524590163934,9.858064516129032,9.915873015873014,9.96875,10.024615384615384,10.069696969696968,10.1,10.132352941176471,10.14782608695652,10.144285714285713,10.138028169014083,10.1375,10.120547945205479,10.093243243243244,10.049333333333333,10.001315789473683,9.922077922077921,9.83205128205128,9.748101265822784,9.6625,9.574074074074074,9.484146341463415,9.419277108433734,9.376190476190475,9.345882352941175,9.319767441860465,9.306896551724137,9.302272727272728,9.296629213483145,9.294444444444444,9.299999999999999,9.303260869565216,9.294623655913977,9.270212765957446,9.232631578947368,9.189583333333333,9.148453608247422,9.097959183673469,9.027272727272727,8.948,8.86039603960396,8.773529411764704,8.681553398058252,8.590384615384616,8.503809523809524,8.421698113207547,8.353271028037383,8.29722222222222,8.24954128440367,8.216363636363637,8.19009009009009,8.169642857142858,8.147787610619469,8.128070175438596,8.10695652173913,8.08362068965517,8.057264957264957,8.033898305084746,8.008403361344538,7.9625,7.919834710743802,7.877049180327869,7.8357723577235765,7.797580645161289,7.7664,7.732539682539683,7.696850393700787,7.6609375,15.833333333333334,190.0,0.0,0.0,0.0,0.0,0.0,0.0,0.0,0.0,0.0,0.0,0.0,0.0,0.0,0.0,0.0,52.0,156.0,301.0,472.0,650.0,817.0,956.0,1053.0,1101.0,1101.0,1101.0,1101.0,1101.0,1101.0,1101.0,1101.0,1101.0,1101.0,1101.0,1101.0,1101.0,1101.0,1101.0,1101.0,1149.0,1244.0,1377.0,1533.0,1696.0,1848.0,1973.0,2058.0,2097.0,2097.0,2097.0,2097.0,2097.0,2097.0,2097.0,2097.0,2097.0,2097.0,2097.0,2097.0,2097.0,2097.0,2097.0,2097.0,2134.0,2200.0,2291.0,2399.0,2511.0,2612.0,2687.0,2728.0,2741.0,2741.0,2741.0,2741.0,2741.0,2741.0,2741.0,2741.0,2741.0,2741.0,2741.0,2741.0,2741.0,2741.0,2741.0,2741.0,2762.0,2789.0,2826.0,2871.0,2916.0,2947.0,2952.0,2953.0,2955.0,2955.0,2955.0,2955.0,2955.0,2955.0,2955.0,2955.0,2955.0,2955.0,2955.0,2955.0,2955.0,2955.0,2955.0,2955.0,2988.0,3054.0,3148.0,3259.0,3373.0,3473.0,3547.0,3589.0,3604.0,3604.0,3604.0,3604.0,3604.0,3604.0,3604.0,3604.0,3604.0,40,February 9,Macon
0.0025178897142416165,1.034517982612715,1.0486812209857863,2.831262201662029,2.831262201662029,0.6548483919591235,0.5858903920765259,5.089451138595578,5.089451138595578,0.7620527850757088,1.1763982538071849,3.280794508976022,3.280794508976022,0.4792697518974395,0.9661892155655648,1.9212511952352358,1.9212511952352358,0.305074895624565,0.1455328671205004,9.333333333333334,-0.5375444312796209,0.5375444312796209,78.0625,8.6,8.75,8.700000000000001,8.425,8.3,8.216666666666667,8.157142857142857,8.350000000000001,8.455555555555556,8.55,8.545454545454545,8.524999999999999,8.538461538461537,8.692857142857141,8.893333333333333,9.068750000000001,9.223529411764707,9.316666666666666,9.368421052631579,9.315000000000001,9.21904761904762,9.104545454545455,8.965217391304348,8.858333333333334,8.764,8.688461538461539,8.588888888888889,8.507142857142856,8.417241379310346,8.373333333333333,8.364516129032259,8.40625,8.454545454545457,8.508823529411766,8.54857142857143,8.594444444444447,8.61891891891892,8.657894736842108,8.715384615384616,8.7675,8.819512195121952,8.87142857142857,8.918604651162791,8.943181818181818,8.937777777777777,8.947826086956523,8.987234042553192,9.018749999999999,9.040816326530612,9.084,9.107843137254902,9.111538461538462,9.0811320754717,9.05,9.020000000000001,9.010714285714286,9.010526315789473,9.029310344827586,9.071186440677964,9.129999999999999,9.191803278688525,9.245161290322578,9.29206349206349,9.331249999999999,9.363076923076923,9.39090909090909,9.419402985074628,9.445588235294117,9.472463768115942,9.504285714285714,9.54225352112676,9.570833333333333,9.56986301369863,9.562162162162162,9.556,9.532894736842106,9.518181818181818,9.503846153846153,9.498734177215189,9.49625,9.490123456790124,9.471951219512196,9.475903614457833,9.496428571428572,9.525882352941178,9.57906976744186,9.624137931034483,9.665909090909091,9.710112359550562,9.746666666666668,9.772527472527473,9.8,9.81505376344086,9.815957446808511,9.814736842105262,9.817708333333334,9.808247422680411,9.790816326530612,9.760606060606062,9.727,9.669306930693068,9.602941176470589,9.540776699029125,9.476923076923077,9.41047619047619,9.342452830188678,9.293457943925233,9.261111111111111,9.238532110091743,9.219090909090909,9.209909909909909,9.207142857142857,9.20353982300885,9.20263157894737,9.207826086956521,9.211206896551724,9.205128205128203,9.1864406779661,9.157142857142853,9.123333333333335,9.090909090909092,9.050819672131146,8.99430894308943,8.930645161290322,8.859999999999998,8.789682539682536,8.714960629921258,8.640625,100.41666666666667,1205.0,0.0,0.0,0.0,0.0,0.0,0.0,0.0,0.0,0.0,0.0,0.0,0.0,0.0,0.0,0.0,16.0,41.0,79.0,123.0,163.0,186.0,188.0,188.0,190.0,190.0,190.0,190.0,190.0,190.0,190.0,190.0,190.0,190.0,190.0,190.0,190.0,190.0,190.0,190.0,242.0,346.0,491.0,662.0,840.0,1007.0,1146.0,1243.0,1291.0,1291.0,1291.0,1291.0,1291.0,1291.0,1291.0,1291.0,1291.0,1291.0,1291.0,1291.0,1291.0,1291.0,1291.0,1291.0,1339.0,1434.0,1567.0,1723.0,1886.0,2038.0,2163.0,2248.0,2287.0,2287.0,2287.0,2287.0,2287.0,2287.0,2287.0,2287.0,2287.0,2287.0,2287.0,2287.0,2287.0,2287.0,2287.0,2287.0,2324.0,2390.0,2481.0,2589.0,2701.0,2802.0,2877.0,2918.0,2931.0,2931.0,2931.0,2931.0,2931.0,2931.0,2931.0,2931.0,2931.0,2931.0,2931.0,2931.0,2931.0,2931.0,2931.0,2931.0,2952.0,2979.0,3016.0,3061.0,3106.0,3137.0,3142.0,3143.0,3145.0,3145.0,3145.0,3145.0,3145.0,3145.0,3145.0,3145.0,3145.0,41,February 10,Macon
0.0025178897142416165,1.034517982612715,1.0486812209857863,2.831262201662029,2.831262201662029,0.6548483919591235,0.5858903920765259,5.089451138595578,5.089451138595578,0.7620527850757088,1.1763982538071849,3.280794508976022,3.280794508976022,0.4792697518974395,0.9661892155655648,1.9212511952352358,1.9212511952352358,0.305074895624565,0.1455328671205004,10.45,-0.12970437727234924,0.12970437727234924,146.90590111642746,7.7,8.4,8.933333333333334,9.625,10.280000000000001,10.65,10.942857142857141,11.075,11.055555555555555,11.03,10.89090909090909,10.725,10.63076923076923,10.664285714285713,10.8,11.00625,11.18235294117647,11.277777777777777,11.273684210526316,11.159999999999998,11.028571428571427,10.868181818181817,10.77391304347826,10.695833333333333,10.611999999999998,10.546153846153846,10.474074074074075,10.37142857142857,10.282758620689656,10.199999999999998,10.122580645161289,10.109375,10.084848484848486,10.064705882352941,10.020000000000001,9.972222222222221,9.937837837837838,9.957894736842105,10.002564102564103,10.044999999999998,10.085365853658537,10.104761904761906,10.109302325581394,10.068181818181818,10.006666666666668,9.934782608695652,9.848936170212765,9.777083333333335,9.710204081632654,9.652000000000001,9.580392156862747,9.517307692307693,9.449056603773585,9.405555555555555,9.381818181818181,9.387500000000001,9.398245614035089,9.413793103448278,9.422033898305086,9.435000000000002,9.436065573770493,9.446774193548388,9.469841269841272,9.490625000000001,9.512307692307692,9.534848484848485,9.555223880597017,9.561764705882355,9.549275362318841,9.547142857142859,9.564788732394367,9.577777777777778,9.584931506849315,9.606756756756756,9.616000000000001,9.61184210526316,9.584415584415586,9.556410256410258,9.529113924050636,9.51625,9.509876543209877,9.517073170731708,9.540963855421689,9.577380952380954,9.616470588235295,9.65,9.679310344827588,9.70340909090909,9.72247191011236,9.738888888888889,9.756043956043957,9.771739130434783,9.788172043010753,9.808510638297872,9.833684210526318,9.852083333333333,9.848453608247425,9.839795918367347,9.832323232323235,9.812000000000001,9.7980198019802,9.784313725490197,9.777669902912622,9.773076923076925,9.765714285714287,9.749056603773585,9.749532710280373,9.762962962962964,9.783486238532111,9.822727272727274,9.855855855855856,9.886607142857143,9.919469026548674,9.946491228070174,9.965217391304346,9.985344827586207,9.995726495726496,9.99491525423729,9.992436974789918,9.993333333333332,9.984297520661158,9.968852459016391,9.94308943089431,9.91451612903226,9.8664,9.811111111111112,9.759055118110238,9.705468750000001,30.916666666666668,371.0,0.0,0.0,0.0,0.0,0.0,0.0,0.0,0.0,0.0,0.0,0.0,0.0,0.0,0.0,0.0,55.0,167.0,323.0,507.0,702.0,886.0,1039.0,1148.0,1205.0,1205.0,1205.0,1205.0,1205.0,1205.0,1205.0,1205.0,1205.0,1205.0,1205.0,1205.0,1205.0,1205.0,1205.0,1205.0,1221.0,1246.0,1284.0,1328.0,1368.0,1391.0,1393.0,1393.0,1395.0,1395.0,1395.0,1395.0,1395.0,1395.0,1395.0,1395.0,1395.0,1395.0,1395.0,1395.0,1395.0,1395.0,1395.0,1395.0,1447.0,1551.0,1696.0,1867.0,2045.0,2212.0,2351.0,2448.0,2496.0,2496.0,2496.0,2496.0,2496.0,2496.0,2496.0,2496.0,2496.0,2496.0,2496.0,2496.0,2496.0,2496.0,2496.0,2496.0,2544.0,2639.0,2772.0,2928.0,3091.0,3243.0,3368.0,3453.0,3492.0,3492.0,3492.0,3492.0,3492.0,3492.0,3492.0,3492.0,3492.0,3492.0,3492.0,3492.0,3492.0,3492.0,3492.0,3492.0,3529.0,3595.0,3686.0,3794.0,3906.0,4007.0,4082.0,4123.0,4136.0,4136.0,4136.0,4136.0,4136.0,4136.0,4136.0,4136.0,4136.0,42,February 11,Macon
0.0025178897142416165,1.034517982612715,1.0486812209857863,2.831262201662029,2.831262201662029,0.6548483919591235,0.5858903920765259,5.089451138595578,5.089451138595578,0.7620527850757088,1.1763982538071849,3.280794508976022,3.280794508976022,0.4792697518974395,0.9661892155655648,1.9212511952352358,1.9212511952352358,0.305074895624565,0.1455328671205004,8.116666666666667,-0.4930394036416011,0.4930394036416011,85.57494866529774,12.0,12.2,12.033333333333333,12.049999999999999,12.16,12.333333333333334,12.457142857142857,12.4375,12.377777777777778,12.42,12.336363636363636,12.258333333333333,12.176923076923076,12.178571428571429,12.213333333333333,12.231250000000001,12.164705882352942,12.011111111111113,11.805263157894736,11.629999999999999,11.428571428571427,11.213636363636363,11.039130434782606,10.904166666666663,10.776,10.711538461538462,10.685185185185185,10.72142857142857,10.796551724137931,10.853333333333332,10.912903225806453,10.946874999999999,10.945454545454544,10.941176470588234,10.899999999999999,10.844444444444441,10.808108108108108,10.81578947368421,10.864102564102565,10.945,11.01951219512195,11.064285714285713,11.067441860465117,11.020454545454545,10.962222222222222,10.886956521739132,10.840425531914894,10.799999999999999,10.755102040816327,10.718,10.676470588235293,10.617307692307692,10.564150943396228,10.512962962962964,10.463636363636367,10.450000000000001,10.429824561403509,10.412068965517241,10.379661016949152,10.345,10.318032786885245,10.324193548387099,10.346031746031748,10.3671875,10.387692307692308,10.395454545454546,10.394029850746268,10.363235294117647,10.318840579710146,10.26714285714286,10.205633802816903,10.152777777777779,10.102739726027398,10.058108108108108,10.004000000000001,9.955263157894738,9.902597402597404,9.866666666666667,9.844303797468356,9.8425,9.844444444444445,9.85,9.850602409638554,9.854761904761906,9.850588235294119,9.853488372093025,9.865517241379312,9.876136363636363,9.887640449438202,9.899999999999999,9.910989010989011,9.911956521739132,9.898924731182797,9.893617021276597,9.903157894736845,9.909374999999999,9.911340206185567,9.924489795918367,9.928282828282828,9.922,9.8980198019802,9.873529411764707,9.849514563106798,9.836538461538462,9.82857142857143,9.8311320754717,9.846728971962618,9.872222222222222,9.900000000000002,9.923636363636362,9.944144144144143,9.960714285714287,9.973451327433628,9.98421052631579,9.995652173913046,10.00603448275862,10.017094017094015,10.031355932203388,10.049579831932771,10.0625,10.057851239669422,10.049180327868854,10.041463414634148,10.023387096774194,10.010399999999999,9.997619047619049,9.990551181102363,9.98515625,83.83333333333333,1006.0,2.0,2.0,2.0,2.0,2.0,2.0,2.0,2.0,2.0,2.0,2.0,2.0,2.0,2.0,2.0,29.0,71.0,130.0,200.0,272.0,332.0,366.0,371.0,373.0,373.0,373.0,373.0,373.0,373.0,373.0,373.0,373.0,373.0,373.0,373.0,373.0,373.0,373.0,373.0,428.0,540.0,696.0,880.0,1075.0,1259.0,1412.0,1521.0,1578.0,1578.0,1578.0,1578.0,1578.0,1578.0,1578.0,1578.0,1578.0,1578.0,1578.0,1578.0,1578.0,1578.0,1578.0,1578.0,1594.0,1619.0,1657.0,1701.0,1741.0,1764.0,1766.0,1766.0,1768.0,1768.0,1768.0,1768.0,1768.0,1768.0,1768.0,1768.0,1768.0,1768.0,1768.0,1768.0,1768.0,1768.0,1768.0,1768.0,1820.0,1924.0,2069.0,2240.0,2418.0,2585.0,2724.0,2821.0,2869.0,2869.0,2869.0,2869.0,2869.0,2869.0,2869.0,2869.0,2869.0,2869.0,2869.0,2869.0,2869.0,2869.0,2869.0,2869.0,2917.0,3012.0,3145.0,3301.0,3464.0,3616.0,3741.0,3826.0,3865.0,3865.0,3865.0,3865.0,3865.0,3865.0,3865.0,3865.0,3865.0,43,February 12,Macon
0.0025178897142416165,1.034517982612715,1.0486812209857863,2.831262201662029,2.831262201662029,0.6548483919591235,0.5858903920765259,5.089451138595578,5.089451138595578,0.7620527850757088,1.1763982538071849,3.280794508976022,3.280794508976022,0.4792697518974395,0.9661892155655648,1.9212511952352358,1.9212511952352358,0.305074895624565,0.1455328671205004,10.249999999999998,-0.4876314876892844,0.4876314876892844,86.4878048780488,7.8,8.1,8.266666666666667,8.524999999999999,8.719999999999999,8.983333333333333,9.357142857142858,9.837499999999999,10.277777777777777,10.59,10.836363636363636,11.049999999999999,11.16923076923077,11.264285714285716,11.293333333333335,11.3875,11.441176470588236,11.527777777777779,11.489473684210527,11.460000000000003,11.442857142857143,11.454545454545457,11.443478260869565,11.466666666666667,11.488,11.523076923076921,11.52962962962963,11.549999999999999,11.586206896551724,11.639999999999999,11.690322580645162,11.709375,11.715151515151515,11.74705882352941,11.74,11.730555555555556,11.716216216216216,11.728947368421052,11.753846153846155,11.772499999999999,11.75609756097561,11.699999999999998,11.616279069767442,11.54090909090909,11.44888888888889,11.345652173913043,11.25744680851064,11.185416666666669,11.114285714285714,11.073999999999998,11.052941176470586,11.065384615384612,11.1,11.125925925925923,11.154545454545453,11.169642857142858,11.164912280701753,11.158620689655171,11.13050847457627,11.093333333333332,11.067213114754097,11.067741935483868,11.093650793650793,11.140625,11.184615384615384,11.210606060606061,11.210447761194029,11.177941176470586,11.137681159420287,11.085714285714282,11.052112676056336,11.02222222222222,10.98904109589041,10.960810810810809,10.929333333333332,10.885526315789473,10.845454545454544,10.806410256410254,10.768354430379746,10.755,10.737037037037036,10.720731707317071,10.693975903614456,10.66547619047619,10.642352941176469,10.64302325581395,10.655172413793101,10.667045454545455,10.678651685393259,10.68111111111111,10.676923076923076,10.651086956521738,10.615053763440859,10.573404255319147,10.524210526315787,10.48125,10.44020618556701,10.403061224489795,10.358585858585858,10.318,10.274257425742574,10.24313725490196,10.222330097087378,10.217307692307694,10.215238095238096,10.216037735849058,10.213084112149533,10.212962962962964,10.206422018348624,10.205454545454545,10.21171171171171,10.216964285714287,10.223008849557523,10.22982456140351,10.235652173913044,10.233620689655172,10.22051282051282,10.213559322033896,10.21848739495798,10.220833333333333,10.2198347107438,10.227868852459016,10.228455284552847,10.220967741935485,10.1992,10.176984126984127,10.155118110236216,10.142187500000002,94.75,1137.0,4.0,4.0,4.0,4.0,4.0,4.0,4.0,4.0,4.0,4.0,4.0,4.0,4.0,4.0,4.0,56.0,153.0,286.0,442.0,605.0,758.0,883.0,967.0,1008.0,1010.0,1010.0,1010.0,1010.0,1010.0,1010.0,1010.0,1010.0,1010.0,1010.0,1010.0,1010.0,1010.0,1010.0,1010.0,1037.0,1079.0,1138.0,1208.0,1280.0,1340.0,1374.0,1379.0,1381.0,1381.0,1381.0,1381.0,1381.0,1381.0,1381.0,1381.0,1381.0,1381.0,1381.0,1381.0,1381.0,1381.0,1381.0,1381.0,1436.0,1548.0,1704.0,1888.0,2083.0,2267.0,2420.0,2529.0,2586.0,2586.0,2586.0,2586.0,2586.0,2586.0,2586.0,2586.0,2586.0,2586.0,2586.0,2586.0,2586.0,2586.0,2586.0,2586.0,2602.0,2627.0,2665.0,2709.0,2749.0,2772.0,2774.0,2774.0,2776.0,2776.0,2776.0,2776.0,2776.0,2776.0,2776.0,2776.0,2776.0,2776.0,2776.0,2776.0,2776.0,2776.0,2776.0,2776.0,2828.0,2932.0,3077.0,3248.0,3426.0,3593.0,3732.0,3829.0,3877.0,3877.0,3877.0,3877.0,3877.0,3877.0,3877.0,3877.0,3877.0,44,February 13,Macon
0.0025178897142416165,1.034517982612715,1.0486812209857863,2.831262201662029,2.831262201662029,0.6548483919591235,0.5858903920765259,5.089451138595578,5.089451138595578,0.7620527850757088,1.1763982538071849,3.280794508976022,3.280794508976022,0.4792697518974395,0.9661892155655648,1.9212511952352358,1.9212511952352358,0.305074895624565,0.1455328671205004,12.066666666666665,-0.3070602367049828,0.3070602367049828,116.96823204419891,6.4,6.7,6.933333333333333,7.025,6.88,6.816666666666666,6.885714285714285,7.0,7.055555555555555,7.12,7.2727272727272725,7.566666666666667,7.830769230769231,8.085714285714285,8.273333333333333,8.425,8.51764705882353,8.577777777777778,8.584210526315792,8.610000000000001,8.623809523809525,8.640909090909092,8.647826086956524,8.658333333333333,8.624,8.615384615384615,8.614814814814816,8.639285714285716,8.66896551724138,8.723333333333334,8.816129032258065,8.953125,9.099999999999998,9.226470588235292,9.342857142857142,9.455555555555556,9.54054054054054,9.618421052631579,9.671794871794871,9.75,9.812195121951218,9.888095238095238,9.909302325581393,9.93181818181818,9.957777777777777,9.995652173913042,10.021276595744679,10.0625,10.102040816326529,10.148,10.178431372549017,10.215384615384616,10.260377358490565,10.314814814814813,10.367272727272724,10.401785714285714,10.428070175438597,10.468965517241378,10.486440677966101,10.501666666666665,10.513114754098359,10.540322580645158,10.574603174603173,10.6046875,10.61230769230769,10.593939393939394,10.556716417910447,10.523529411764704,10.478260869565213,10.424285714285713,10.378873239436619,10.343055555555557,10.306849315068494,10.29054054054054,10.286666666666667,10.305263157894736,10.338961038961038,10.366666666666664,10.396202531645567,10.41625,10.42222222222222,10.426829268292682,10.41566265060241,10.397619047619045,10.38705882352941,10.395348837209301,10.421839080459767,10.463636363636363,10.503370786516856,10.53,10.537362637362635,10.520652173913042,10.497849462365592,10.46595744680851,10.447368421052628,10.43125,10.412371134020619,10.396938775510204,10.378787878787879,10.350999999999999,10.325742574257427,10.300980392156866,10.276699029126213,10.271153846153847,10.261904761904763,10.25377358490566,10.237383177570095,10.219444444444445,10.205504587155964,10.21,10.223423423423423,10.236607142857142,10.249557522123895,10.255263157894738,10.255652173913044,10.238793103448277,10.213675213675213,10.183898305084748,10.147899159663867,10.116666666666667,10.086776859504132,10.059836065573773,10.026829268292685,9.996774193548388,9.964,9.941269841269841,9.926771653543307,9.925,73.75,885.0,5.0,5.0,5.0,5.0,5.0,5.0,5.0,5.0,5.0,5.0,5.0,5.0,5.0,5.0,5.0,62.0,170.0,319.0,493.0,675.0,845.0,986.0,1086.0,1138.0,1142.0,1142.0,1142.0,1142.0,1142.0,1142.0,1142.0,1142.0,1142.0,1142.0,1142.0,1142.0,1142.0,1142.0,1142.0,1194.0,1291.0,1424.0,1580.0,1743.0,1896.0,2021.0,2105.0,2146.0,2148.0,2148.0,2148.0,2148.0,2148.0,2148.0,2148.0,2148.0,2148.0,2148.0,2148.0,2148.0,2148.0,2148.0,2148.0,2175.0,2217.0,2276.0,2346.0,2418.0,2478.0,2512.0,2517.0,2519.0,2519.0,2519.0,2519.0,2519.0,2519.0,2519.0,2519.0,2519.0,2519.0,2519.0,2519.0,2519.0,2519.0,2519.0,2519.0,2574.0,2686.0,2842.0,3026.0,3221.0,3405.0,3558.0,3667.0,3724.0,3724.0,3724.0,3724.0,3724.0,3724.0,3724.0,3724.0,3724.0,3724.0,3724.0,3724.0,3724.0,3724.0,3724.0,3724.0,3740.0,3765.0,3803.0,3847.0,3887.0,3910.0,3912.0,3912.0,3914.0,3914.0,3914.0,3914.0,3914.0,3914.0,3914.0,3914.0,3914.0,45,February 14,Macon
0.0025178897142416165,1.034517982612715,1.0486812209857863,2.831262201662029,2.831262201662029,0.6548483919591235,0.5858903920765259,5.089451138595578,5.089451138595578,0.7620527850757088,1.1763982538071849,3.280794508976022,3.280794508976022,0.4792697518974395,0.9661892155655648,1.9212511952352358,1.9212511952352358,0.305074895624565,0.1455328671205004,13.6,-0.1091601036149059,0.1091601036149059,150.3737745098039,2.4000000000000004,2.35,2.4,2.5250000000000004,2.7,2.883333333333334,3.1714285714285717,3.3625000000000003,3.7000000000000006,4.15,4.5636363636363635,4.949999999999999,5.223076923076923,5.485714285714287,5.6400000000000015,5.8125,5.882352941176471,5.966666666666667,6.078947368421052,6.210000000000001,6.323809523809525,6.3909090909090915,6.430434782608697,6.441666666666666,6.44,6.461538461538463,6.496296296296297,6.525000000000001,6.517241379310346,6.5166666666666675,6.541935483870969,6.58125,6.609090909090909,6.641176470588235,6.702857142857143,6.816666666666666,6.929729729729729,7.047368421052631,7.146153846153845,7.234999999999999,7.302439024390243,7.357142857142856,7.388372093023255,7.427272727272726,7.459999999999998,7.493478260869564,7.521276595744679,7.55,7.555102040816325,7.571999999999999,7.592156862745098,7.625,7.660377358490565,7.709259259259259,7.779999999999999,7.876785714285714,7.980701754385964,8.074137931034482,8.162711864406779,8.249999999999998,8.321311475409834,8.388709677419353,8.441269841269838,8.509375,8.567692307692308,8.634848484848485,8.667164179104477,8.7,8.734782608695651,8.777142857142856,8.8112676056338,8.855555555555556,8.898630136986302,8.945945945945944,8.982666666666665,9.023684210526316,9.07012987012987,9.12307692307692,9.174683544303795,9.21375,9.246913580246913,9.290243902439023,9.316867469879517,9.341666666666665,9.363529411764706,9.396511627906975,9.434482758620687,9.469318181818181,9.487640449438201,9.486666666666666,9.471428571428572,9.458695652173912,9.436559139784944,9.407446808510636,9.384210526315787,9.367708333333335,9.350515463917526,9.347959183673469,9.354545454545455,9.378,9.412871287128713,9.443137254901961,9.474757281553396,9.499038461538461,9.512380952380953,9.524528301886791,9.52429906542056,9.518518518518519,9.518348623853212,9.532727272727273,9.561261261261263,9.601785714285715,9.64070796460177,9.669298245614035,9.682608695652176,9.676724137931034,9.665811965811967,9.647457627118644,9.63949579831933,9.633333333333333,9.624793388429751,9.618852459016393,9.610569105691058,9.594354838709679,9.580000000000002,9.565873015873017,9.55196850393701,9.553125000000001,39.916666666666664,479.0,2.0,2.0,2.0,2.0,2.0,2.0,2.0,2.0,2.0,2.0,2.0,2.0,2.0,2.0,2.0,48.0,134.0,254.0,396.0,542.0,675.0,779.0,848.0,882.0,887.0,887.0,887.0,887.0,887.0,887.0,887.0,887.0,887.0,887.0,887.0,887.0,887.0,887.0,887.0,944.0,1052.0,1201.0,1375.0,1557.0,1727.0,1868.0,1968.0,2020.0,2024.0,2024.0,2024.0,2024.0,2024.0,2024.0,2024.0,2024.0,2024.0,2024.0,2024.0,2024.0,2024.0,2024.0,2024.0,2076.0,2173.0,2306.0,2462.0,2625.0,2778.0,2903.0,2987.0,3028.0,3030.0,3030.0,3030.0,3030.0,3030.0,3030.0,3030.0,3030.0,3030.0,3030.0,3030.0,3030.0,3030.0,3030.0,3030.0,3057.0,3099.0,3158.0,3228.0,3300.0,3360.0,3394.0,3399.0,3401.0,3401.0,3401.0,3401.0,3401.0,3401.0,3401.0,3401.0,3401.0,3401.0,3401.0,3401.0,3401.0,3401.0,3401.0,3401.0,3456.0,3568.0,3724.0,3908.0,4103.0,4287.0,4440.0,4549.0,4606.0,4606.0,4606.0,4606.0,4606.0,4606.0,4606.0,4606.0,4606.0,46,February 15,Macon
0.0025178897142416165,1.034517982612715,1.0486812209857863,2.831262201662029,2.831262201662029,0.6548483919591235,0.5858903920765259,5.089451138595578,5.089451138595578,0.7620527850757088,1.1763982538071849,3.280794508976022,3.280794508976022,0.4792697518974395,0.9661892155655648,1.9212511952352358,1.9212511952352358,0.305074895624565,0.1455328671205004,11.416666666666664,-0.06700799114401353,0.06700799114401353,157.48905109489053,4.6,3.3499999999999996,2.966666666666667,3.15,3.3200000000000003,3.433333333333333,3.6714285714285717,3.7625,3.866666666666667,3.91,4.000000000000001,4.208333333333334,4.407692307692309,4.592857142857143,4.799999999999999,4.9875,5.147058823529412,5.322222222222221,5.442105263157894,5.4799999999999995,5.457142857142857,5.449999999999999,5.38695652173913,5.304166666666666,5.188,5.076923076923077,4.981481481481482,4.907142857142857,4.855172413793102,4.8199999999999985,4.822580645161289,4.8187500000000005,4.866666666666666,4.964705882352941,5.071428571428571,5.186111111111111,5.275675675675675,5.371052631578946,5.433333333333333,5.5075,5.54390243902439,5.588095238095238,5.6465116279069765,5.71590909090909,5.779999999999999,5.823913043478262,5.855319148936172,5.872916666666668,5.883673469387755,5.9060000000000015,5.935294117647058,5.961538461538462,5.967924528301887,5.977777777777779,6.001818181818182,6.033928571428571,6.059649122807017,6.087931034482759,6.133898305084746,6.211666666666667,6.2901639344262295,6.37258064516129,6.444444444444445,6.5109375,6.564615384615386,6.610606060606061,6.64179104477612,6.677941176470589,6.7101449275362315,6.742857142857143,6.771830985915493,6.801388888888888,6.815068493150685,6.836486486486487,6.86,6.892105263157897,6.925974025974028,6.969230769230771,7.027848101265825,7.1049999999999995,7.1876543209876536,7.2634146341463435,7.336144578313254,7.408333333333336,7.4694117647058835,7.5279069767441875,7.5758620689655185,7.635227272727274,7.687640449438203,7.746666666666667,7.780219780219783,7.814130434782611,7.849462365591399,7.890425531914896,7.925263157894739,7.967708333333334,8.009278350515464,8.054081632653062,8.090909090909093,8.131000000000002,8.175247524752477,8.22450980392157,8.272815533980586,8.311538461538463,8.345714285714287,8.387735849056606,8.416822429906544,8.444444444444445,8.469724770642204,8.503636363636364,8.541441441441442,8.576785714285714,8.599115044247787,8.606140350877194,8.601739130434783,8.599137931034484,8.58888888888889,8.572881355932205,8.561344537815128,8.555000000000001,8.547933884297521,8.552459016393444,8.564227642276421,8.589516129032257,8.624,8.654761904761905,8.686614173228344,8.712499999999999,39.5,474.0,1.0,1.0,1.0,1.0,1.0,1.0,1.0,1.0,1.0,1.0,1.0,1.0,1.0,1.0,1.0,29.0,80.0,154.0,243.0,333.0,409.0,458.0,477.0,478.0,480.0,480.0,480.0,480.0,480.0,480.0,480.0,480.0,480.0,480.0,480.0,480.0,480.0,480.0,480.0,526.0,612.0,732.0,874.0,1020.0,1153.0,1257.0,1326.0,1360.0,1365.0,1365.0,1365.0,1365.0,1365.0,1365.0,1365.0,1365.0,1365.0,1365.0,1365.0,1365.0,1365.0,1365.0,1365.0,1422.0,1530.0,1679.0,1853.0,2035.0,2205.0,2346.0,2446.0,2498.0,2502.0,2502.0,2502.0,2502.0,2502.0,2502.0,2502.0,2502.0,2502.0,2502.0,2502.0,2502.0,2502.0,2502.0,2502.0,2554.0,2651.0,2784.0,2940.0,3103.0,3256.0,3381.0,3465.0,3506.0,3508.0,3508.0,3508.0,3508.0,3508.0,3508.0,3508.0,3508.0,3508.0,3508.0,3508.0,3508.0,3508.0,3508.0,3508.0,3535.0,3577.0,3636.0,3706.0,3778.0,3838.0,3872.0,3877.0,3879.0,3879.0,3879.0,3879.0,3879.0,3879.0,3879.0,3879.0,3879.0,47,February 16,Macon
0.0025178897142416165,1.034517982612715,1.0486812209857863,2.831262201662029,2.831262201662029,0.6548483919591235,0.5858903920765259,5.089451138595578,5.089451138595578,0.7620527850757088,1.1763982538071849,3.280794508976022,3.280794508976022,0.4792697518974395,0.9661892155655648,1.9212511952352358,1.9212511952352358,0.305074895624565,0.1455328671205004,10.033333333333333,-0.4894585189967093,0.4894585189967093,86.17940199335548,7.1,6.449999999999999,6.266666666666666,6.199999999999999,6.26,6.416666666666667,6.6571428571428575,6.737499999999999,6.722222222222222,6.739999999999999,6.8999999999999995,7.141666666666667,7.392307692307692,7.614285714285714,7.819999999999999,7.9375,8.047058823529412,8.094444444444445,8.078947368421053,8.084999999999999,8.042857142857144,8.009090909090908,7.956521739130435,7.862500000000001,7.732,7.515384615384615,7.31851851851852,7.189285714285715,7.0793103448275865,6.9766666666666675,6.916129032258064,6.8375,6.7727272727272725,6.7,6.6485714285714295,6.644444444444445,6.648648648648648,6.657894736842105,6.684615384615384,6.7125,6.736585365853658,6.7738095238095255,6.793023255813954,6.779545454545455,6.74,6.708695652173914,6.651063829787234,6.583333333333333,6.49795918367347,6.414,6.337254901960784,6.271153846153846,6.216981132075473,6.172222222222222,6.14909090909091,6.123214285714285,6.128070175438597,6.163793103448277,6.206779661016949,6.256666666666667,6.2934426229508205,6.335483870967742,6.358730158730159,6.390625,6.4,6.415151515151516,6.4402985074626855,6.473529411764706,6.504347826086956,6.522857142857143,6.533802816901408,6.536111111111111,6.534246575342466,6.540540540540541,6.5520000000000005,6.561842105263158,6.558441558441559,6.5576923076923075,6.567088607594938,6.582499999999999,6.593827160493827,6.607317073170731,6.633734939759035,6.683333333333332,6.734117647058823,6.788372093023256,6.8356321839080465,6.879545454545456,6.914606741573033,6.944444444444445,6.963736263736264,6.98695652173913,7.0075268817204295,7.028723404255318,7.047368421052632,7.066666666666666,7.074226804123712,7.087755102040815,7.1030303030303035,7.125,7.148514851485149,7.179411764705882,7.2223300970873785,7.279807692307693,7.341904761904762,7.399056603773586,7.454205607476634,7.5092592592592595,7.555963302752294,7.6009090909090915,7.637837837837838,7.683928571428571,7.7247787610619465,7.771052631578947,7.797391304347825,7.824137931034482,7.852136752136753,7.884745762711865,7.912605042016807,7.946666666666666,7.980165289256199,8.01639344262295,8.046341463414633,8.079032258064515,8.1152,8.155555555555555,8.19527559055118,8.22734375,113.25,1359.0,12.0,12.0,12.0,12.0,12.0,12.0,12.0,12.0,12.0,12.0,12.0,12.0,12.0,12.0,12.0,42.0,93.0,165.0,251.0,340.0,416.0,465.0,483.0,485.0,486.0,486.0,486.0,486.0,486.0,486.0,486.0,486.0,486.0,486.0,486.0,486.0,486.0,486.0,486.0,514.0,565.0,639.0,728.0,818.0,894.0,943.0,962.0,963.0,965.0,965.0,965.0,965.0,965.0,965.0,965.0,965.0,965.0,965.0,965.0,965.0,965.0,965.0,965.0,1011.0,1097.0,1217.0,1359.0,1505.0,1638.0,1742.0,1811.0,1845.0,1850.0,1850.0,1850.0,1850.0,1850.0,1850.0,1850.0,1850.0,1850.0,1850.0,1850.0,1850.0,1850.0,1850.0,1850.0,1907.0,2015.0,2164.0,2338.0,2520.0,2690.0,2831.0,2931.0,2983.0,2987.0,2987.0,2987.0,2987.0,2987.0,2987.0,2987.0,2987.0,2987.0,2987.0,2987.0,2987.0,2987.0,2987.0,2987.0,3039.0,3136.0,3269.0,3425.0,3588.0,3741.0,3866.0,3950.0,3991.0,3993.0,3993.0,3993.0,3993.0,3993.0,3993.0,3993.0,3993.0,48,February 17,Macon
0.0025178897142416165,1.034517982612715,1.0486812209857863,2.831262201662029,2.831262201662029,0.6548483919591235,0.5858903920765259,5.089451138595578,5.089451138595578,0.7620527850757088,1.1763982538071849,3.280794508976022,3.280794508976022,0.4792697518974395,0.9661892155655648,1.9212511952352358,1.9212511952352358,0.305074895624565,0.1455328671205004,6.666666666666666,-0.5402103080568721,0.5402103080568721,77.6125,11.4,10.8,10.433333333333332,9.925,9.739999999999998,9.916666666666668,10.142857142857144,10.350000000000001,10.58888888888889,10.680000000000001,10.763636363636365,10.825000000000001,10.853846153846156,10.835714285714285,10.906666666666666,10.937499999999998,10.958823529411763,10.95,10.873684210526315,10.774999999999999,10.642857142857142,10.531818181818181,10.47391304347826,10.395833333333334,10.264,10.092307692307692,9.937037037037035,9.796428571428573,9.682758620689654,9.599999999999998,9.551612903225804,9.48125,9.393939393939394,9.320588235294116,9.297142857142857,9.31111111111111,9.340540540540538,9.371052631578946,9.405128205128202,9.4125,9.421951219512193,9.409523809523808,9.372093023255813,9.345454545454544,9.297777777777776,9.254347826086954,9.202127659574467,9.129166666666668,9.03673469387755,8.897999999999998,8.766666666666666,8.669230769230769,8.581132075471697,8.496296296296295,8.434545454545454,8.362499999999999,8.298245614035087,8.229310344827587,8.172881355932203,8.145,8.12295081967213,8.104838709677418,8.098412698412698,8.09375,8.087692307692306,8.090909090909092,8.083582089552241,8.055882352941177,8.011594202898552,7.972857142857143,7.916901408450705,7.854166666666667,7.77945205479452,7.705405405405404,7.636000000000002,7.573684210526317,7.5194805194805205,7.471794871794871,7.4392405063291145,7.404999999999999,7.392592592592592,7.402439024390244,7.418072289156629,7.439285714285715,7.451764705882354,7.46860465116279,7.472413793103447,7.482954545454546,7.477528089887641,7.476666666666667,7.4835164835164845,7.496739130434783,7.5086021505376355,7.511702127659573,7.509473684210527,7.501041666666666,7.489690721649484,7.48469387755102,7.483838383838385,7.482,7.47029702970297,7.46078431372549,7.459223300970874,7.4625,7.462857142857143,7.465094339622643,7.4775700934579445,7.508333333333333,7.540366972477065,7.575454545454545,7.605405405405405,7.633035714285714,7.653982300884955,7.671052631578948,7.680000000000001,7.692241379310344,7.702564102564103,7.713559322033897,7.722689075630252,7.7325,7.733057851239669,7.738524590163935,7.745528455284553,7.758064516129032,7.772,7.792063492063493,7.822047244094488,7.8640625,88.33333333333333,1060.0,9.0,9.0,9.0,9.0,9.0,9.0,9.0,9.0,9.0,9.0,9.0,9.0,9.0,9.0,10.0,77.0,201.0,370.0,567.0,775.0,975.0,1149.0,1281.0,1356.0,1368.0,1368.0,1368.0,1368.0,1368.0,1368.0,1368.0,1368.0,1368.0,1368.0,1368.0,1368.0,1368.0,1368.0,1368.0,1398.0,1449.0,1521.0,1607.0,1696.0,1772.0,1821.0,1839.0,1841.0,1842.0,1842.0,1842.0,1842.0,1842.0,1842.0,1842.0,1842.0,1842.0,1842.0,1842.0,1842.0,1842.0,1842.0,1842.0,1870.0,1921.0,1995.0,2084.0,2174.0,2250.0,2299.0,2318.0,2319.0,2321.0,2321.0,2321.0,2321.0,2321.0,2321.0,2321.0,2321.0,2321.0,2321.0,2321.0,2321.0,2321.0,2321.0,2321.0,2367.0,2453.0,2573.0,2715.0,2861.0,2994.0,3098.0,3167.0,3201.0,3206.0,3206.0,3206.0,3206.0,3206.0,3206.0,3206.0,3206.0,3206.0,3206.0,3206.0,3206.0,3206.0,3206.0,3206.0,3263.0,3371.0,3520.0,3694.0,3876.0,4046.0,4187.0,4287.0,4339.0,4343.0,4343.0,4343.0,4343.0,4343.0,4343.0,4343.0,4343.0,49,February 18,Macon
0.0025178897142416165,1.034517982612715,1.0486812209857863,2.831262201662029,2.831262201662029,0.6548483919591235,0.5858903920765259,5.089451138595578,5.089451138595578,0.7620527850757088,1.1763982538071849,3.280794508976022,3.280794508976022,0.4792697518974395,0.9661892155655648,1.9212511952352358,1.9212511952352358,0.305074895624565,0.1455328671205004,4.125000000000002,-0.6669299631384942,0.6669299631384942,56.222222222222186,12.0,12.1,11.9,11.7,11.48,11.4,11.342857142857143,11.3625,11.38888888888889,11.56,11.645454545454548,11.774999999999999,11.930769230769227,12.099999999999998,12.219999999999999,12.38125,12.511764705882353,12.549999999999999,12.61578947368421,12.645,12.642857142857142,12.622727272727273,12.599999999999998,12.554166666666667,12.508000000000003,12.419230769230769,12.318518518518518,12.178571428571429,12.06896551724138,12.026666666666667,12.009677419354839,12.003125,12.01818181818182,12.002941176470587,11.991428571428571,11.977777777777778,11.956756756756757,11.921052631578947,11.92051282051282,11.9075,11.892682926829268,11.866666666666667,11.811627906976744,11.745454545454544,11.662222222222224,11.586956521739133,11.536170212765958,11.475,11.385714285714286,11.274,11.168627450980393,11.069230769230769,10.983018867924528,10.912962962962965,10.861818181818183,10.798214285714286,10.72456140350877,10.658620689655173,10.622033898305085,10.608333333333336,10.604918032786887,10.603225806451615,10.604761904761906,10.590625,10.578461538461537,10.553030303030303,10.511940298507461,10.47794117647059,10.430434782608696,10.385714285714288,10.335211267605635,10.270833333333334,10.193150684931506,10.083783783783785,9.978666666666667,9.896052631578948,9.819480519480521,9.744871794871797,9.686075949367089,9.62,9.559259259259258,9.495121951219513,9.439759036144578,9.404761904761907,9.374117647058824,9.346511627906978,9.327586206896553,9.310227272727273,9.292134831460674,9.28111111111111,9.262637362637363,9.229347826086956,9.183870967741937,9.142553191489363,9.08842105263158,9.029166666666667,8.960824742268041,8.892857142857142,8.828282828282829,8.769,8.715841584158417,8.667647058823531,8.63106796116505,8.59326923076923,8.572380952380952,8.568867924528302,8.570093457943925,8.575925925925928,8.575229357798166,8.57818181818182,8.571171171171171,8.569642857142856,8.55575221238938,8.54561403508772,8.541739130434783,8.543103448275861,8.543589743589745,8.53728813559322,8.526890756302521,8.511666666666665,8.494214876033059,8.481967213114753,8.473170731707317,8.463709677419354,8.4464,8.43095238095238,8.42204724409449,8.417187499999999,116.91666666666667,1403.0,16.0,16.0,16.0,16.0,16.0,16.0,16.0,16.0,16.0,16.0,16.0,16.0,16.0,16.0,19.0,75.0,176.0,315.0,477.0,646.0,803.0,931.0,1020.0,1067.0,1076.0,1076.0,1076.0,1076.0,1076.0,1076.0,1076.0,1076.0,1076.0,1076.0,1076.0,1076.0,1076.0,1076.0,1077.0,1144.0,1268.0,1437.0,1634.0,1842.0,2042.0,2216.0,2348.0,2423.0,2435.0,2435.0,2435.0,2435.0,2435.0,2435.0,2435.0,2435.0,2435.0,2435.0,2435.0,2435.0,2435.0,2435.0,2435.0,2465.0,2516.0,2588.0,2674.0,2763.0,2839.0,2888.0,2906.0,2908.0,2909.0,2909.0,2909.0,2909.0,2909.0,2909.0,2909.0,2909.0,2909.0,2909.0,2909.0,2909.0,2909.0,2909.0,2909.0,2937.0,2988.0,3062.0,3151.0,3241.0,3317.0,3366.0,3385.0,3386.0,3388.0,3388.0,3388.0,3388.0,3388.0,3388.0,3388.0,3388.0,3388.0,3388.0,3388.0,3388.0,3388.0,3388.0,3388.0,3434.0,3520.0,3640.0,3782.0,3928.0,4061.0,4165.0,4234.0,4268.0,4273.0,4273.0,4273.0,4273.0,4273.0,4273.0,4273.0,4273.0,50,February 19,Macon
0.0025178897142416165,1.034517982612715,1.0486812209857863,2.831262201662029,2.831262201662029,0.6548483919591235,0.5858903920765259,5.089451138595578,5.089451138595578,0.7620527850757088,1.1763982538071849,3.280794508976022,3.280794508976022,0.4792697518974395,0.9661892155655648,1.9212511952352358,1.9212511952352358,0.305074895624565,0.1455328671205004,7.733333333333332,-0.5776474914201667,0.5776474914201667,71.29310344827587,10.1,10.3,10.333333333333334,10.275,10.24,10.033333333333333,9.842857142857143,9.7,9.633333333333333,9.78,9.954545454545455,10.191666666666666,10.530769230769229,10.864285714285714,11.2,11.6125,12.005882352941176,12.366666666666667,12.578947368421053,12.76,12.890476190476193,12.990909090909092,13.047826086956523,13.033333333333333,12.992000000000003,12.961538461538462,12.907407407407407,12.842857142857143,12.765517241379312,12.706666666666669,12.651612903225807,12.615625,12.584848484848488,12.6,12.597142857142856,12.613888888888889,12.645945945945948,12.689473684210528,12.720512820512823,12.772499999999999,12.817073170731707,12.826190476190474,12.848837209302326,12.85681818181818,12.851111111111113,12.83695652173913,12.821276595744683,12.793749999999998,12.765306122448978,12.714,12.654901960784313,12.573076923076924,12.50566037735849,12.474074074074077,12.456363636363639,12.444642857142856,12.445614035087718,12.429310344827586,12.415254237288135,12.4,12.38032786885246,12.351612903225806,12.344444444444445,12.329687499999999,12.313846153846153,12.29090909090909,12.249253731343284,12.200000000000001,12.13913043478261,12.082857142857142,12.04225352112676,11.994444444444444,11.927397260273972,11.844594594594595,11.76533333333333,11.689473684210526,11.622077922077922,11.565384615384616,11.521518987341773,11.46875,11.408641975308642,11.353658536585366,11.319277108433734,11.301190476190477,11.290588235294118,11.28139534883721,11.274712643678162,11.256818181818181,11.240449438202248,11.214444444444446,11.176923076923076,11.144565217391303,11.102150537634408,11.061702127659574,11.016842105263157,10.961458333333333,10.895876288659792,10.80612244897959,10.719191919191918,10.649,10.583168316831681,10.518627450980391,10.466019417475726,10.407692307692308,10.353333333333332,10.296226415094338,10.245794392523363,10.21111111111111,10.179816513761468,10.15090909090909,10.128828828828826,10.108035714285714,10.086725663716813,10.071052631578947,10.049565217391303,10.016379310344826,9.97350427350427,9.933898305084744,9.884033613445377,9.83,9.768595041322312,9.707377049180325,9.648780487804878,9.594354838709675,9.544799999999997,9.499206349206347,9.46299212598425,9.42578125,98.5,1182.0,14.0,14.0,14.0,14.0,14.0,14.0,14.0,14.0,14.0,14.0,14.0,14.0,14.0,14.0,19.0,90.0,218.0,391.0,592.0,804.0,1008.0,1186.0,1322.0,1401.0,1417.0,1417.0,1417.0,1417.0,1417.0,1417.0,1417.0,1417.0,1417.0,1417.0,1417.0,1417.0,1417.0,1417.0,1420.0,1476.0,1577.0,1716.0,1878.0,2047.0,2204.0,2332.0,2421.0,2468.0,2477.0,2477.0,2477.0,2477.0,2477.0,2477.0,2477.0,2477.0,2477.0,2477.0,2477.0,2477.0,2477.0,2477.0,2478.0,2545.0,2669.0,2838.0,3035.0,3243.0,3443.0,3617.0,3749.0,3824.0,3836.0,3836.0,3836.0,3836.0,3836.0,3836.0,3836.0,3836.0,3836.0,3836.0,3836.0,3836.0,3836.0,3836.0,3836.0,3866.0,3917.0,3989.0,4075.0,4164.0,4240.0,4289.0,4307.0,4309.0,4310.0,4310.0,4310.0,4310.0,4310.0,4310.0,4310.0,4310.0,4310.0,4310.0,4310.0,4310.0,4310.0,4310.0,4310.0,4338.0,4389.0,4463.0,4552.0,4642.0,4718.0,4767.0,4786.0,4787.0,4789.0,4789.0,4789.0,4789.0,4789.0,4789.0,4789.0,4789.0,51,February 20,Macon
0.0025178897142416165,1.034517982612715,1.0486812209857863,2.831262201662029,2.831262201662029,0.6548483919591235,0.5858903920765259,5.089451138595578,5.089451138595578,0.7620527850757088,1.1763982538071849,3.280794508976022,3.280794508976022,0.4792697518974395,0.9661892155655648,1.9212511952352358,1.9212511952352358,0.305074895624565,0.1455328671205004,8.024999999999999,-0.010669658895729532,0.010669658895729532,166.99896157840087,6.0,6.15,6.166666666666667,6.1000000000000005,6.2,6.216666666666666,6.3,6.45,6.666666666666667,7.0,7.345454545454545,7.825,8.253846153846153,8.607142857142858,8.9,9.125,9.317647058823528,9.544444444444444,9.726315789473684,9.879999999999999,9.995238095238095,10.05909090909091,10.060869565217393,10.045833333333334,10.048,10.065384615384618,10.07777777777778,10.078571428571427,10.079310344827585,10.043333333333333,10.0,9.959375,9.933333333333332,9.96764705882353,10.017142857142858,10.094444444444443,10.216216216216216,10.34736842105263,10.48974358974359,10.672500000000001,10.858536585365854,11.04047619047619,11.165116279069768,11.279545454545454,11.373333333333333,11.454347826086956,11.514893617021277,11.539583333333333,11.548979591836737,11.562000000000001,11.560784313725488,11.551923076923076,11.533962264150942,11.524074074074074,11.514545454545454,11.514285714285714,11.515789473684212,11.543103448275861,11.559322033898304,11.586666666666668,11.62295081967213,11.666129032258064,11.701587301587303,11.75,11.793846153846154,11.815151515151515,11.844776119402983,11.864705882352938,11.87536231884058,11.879999999999999,11.883098591549293,11.877777777777778,11.871232876712329,11.848648648648648,11.82,11.775,11.738961038961039,11.726923076923077,11.724050632911391,11.725,11.734567901234568,11.731707317073171,11.730120481927711,11.727380952380953,11.721176470588235,11.708139534883719,11.710344827586205,11.70681818181818,11.702247191011235,11.692222222222222,11.668131868131868,11.63804347826087,11.598924731182796,11.562765957446807,11.537894736842103,11.507291666666665,11.461855670103093,11.40408163265306,11.348484848484848,11.295,11.247524752475247,11.207843137254903,11.17766990291262,11.140384615384615,11.097142857142858,11.05754716981132,11.033644859813084,11.022222222222224,11.016513761467891,11.011818181818182,11.00900900900901,10.997321428571428,10.986725663716815,10.968421052631578,10.940869565217392,10.917241379310346,10.885470085470086,10.85508474576271,10.821008403361343,10.778333333333334,10.727272727272727,10.65655737704918,10.58780487804878,10.53225806451613,10.48,10.428571428571429,10.386614173228345,10.33984375,15.5,186.0,2.0,2.0,2.0,2.0,2.0,2.0,2.0,2.0,2.0,2.0,2.0,2.0,2.0,2.0,8.0,70.0,181.0,332.0,509.0,694.0,868.0,1012.0,1114.0,1170.0,1184.0,1184.0,1184.0,1184.0,1184.0,1184.0,1184.0,1184.0,1184.0,1184.0,1184.0,1184.0,1184.0,1184.0,1189.0,1260.0,1388.0,1561.0,1762.0,1974.0,2178.0,2356.0,2492.0,2571.0,2587.0,2587.0,2587.0,2587.0,2587.0,2587.0,2587.0,2587.0,2587.0,2587.0,2587.0,2587.0,2587.0,2587.0,2590.0,2646.0,2747.0,2886.0,3048.0,3217.0,3374.0,3502.0,3591.0,3638.0,3647.0,3647.0,3647.0,3647.0,3647.0,3647.0,3647.0,3647.0,3647.0,3647.0,3647.0,3647.0,3647.0,3647.0,3648.0,3715.0,3839.0,4008.0,4205.0,4413.0,4613.0,4787.0,4919.0,4994.0,5006.0,5006.0,5006.0,5006.0,5006.0,5006.0,5006.0,5006.0,5006.0,5006.0,5006.0,5006.0,5006.0,5006.0,5006.0,5036.0,5087.0,5159.0,5245.0,5334.0,5410.0,5459.0,5477.0,5479.0,5480.0,5480.0,5480.0,5480.0,5480.0,5480.0,5480.0,5480.0,52,February 21,Macon
0.0025178897142416165,1.034517982612715,1.0486812209857863,2.831262201662029,2.831262201662029,0.6548483919591235,0.5858903920765259,5.089451138595578,5.089451138595578,0.7620527850757088,1.1763982538071849,3.280794508976022,3.280794508976022,0.4792697518974395,0.9661892155655648,1.9212511952352358,1.9212511952352358,0.305074895624565,0.1455328671205004,8.416666666666666,-0.5530477218337947,0.5530477218337947,75.44554455445545,7.8,7.55,7.7,7.950000000000001,8.239999999999998,8.25,8.228571428571428,8.175,8.322222222222223,8.64,9.045454545454545,9.575,10.092307692307694,10.564285714285717,10.946666666666667,11.26875,11.447058823529414,11.522222222222224,11.505263157894738,11.46,11.338095238095239,11.18636363636364,10.986956521739131,10.774999999999999,10.584000000000001,10.41923076923077,10.262962962962964,10.107142857142858,9.986206896551725,9.863333333333333,9.764516129032257,9.69375,9.654545454545456,9.664705882352942,9.697142857142858,9.791666666666668,9.88918918918919,9.976315789473684,10.053846153846154,10.115,10.170731707317074,10.247619047619047,10.311627906976746,10.368181818181817,10.411111111111113,10.432608695652174,10.425531914893616,10.410416666666668,10.404081632653062,10.405999999999999,10.405882352941175,10.399999999999999,10.394339622641509,10.368518518518519,10.338181818181816,10.30892857142857,10.287719298245614,10.301724137931032,10.325423728813558,10.366666666666667,10.43606557377049,10.512903225806449,10.598412698412698,10.7109375,10.827692307692306,10.943939393939393,11.025373134328357,11.101470588235292,11.165217391304347,11.22142857142857,11.264788732394365,11.284722222222221,11.294520547945206,11.306756756756755,11.309333333333333,11.30657894736842,11.297402597402597,11.293589743589742,11.289873417721518,11.2925,11.296296296296296,11.318292682926828,11.332530120481927,11.354761904761904,11.383529411764705,11.417441860465116,11.445977011494252,11.484090909090908,11.519101123595506,11.537777777777777,11.56263736263736,11.580434782608695,11.591397849462366,11.597872340425532,11.603157894736842,11.602083333333333,11.6,11.585714285714284,11.566666666666666,11.535,11.509900990099013,11.502941176470587,11.502912621359222,11.50576923076923,11.515238095238095,11.51509433962264,11.515887850467289,11.51574074074074,11.512844036697249,11.504545454545454,11.508108108108107,11.507142857142856,11.505309734513274,11.499122807017542,11.481739130434782,11.45948275862069,11.42991452991453,11.402542372881356,11.384033613445377,11.360833333333336,11.325619834710743,11.280327868852458,11.236585365853658,11.194354838709678,11.1568,11.125396825396827,11.101574803149605,11.071875,120.58333333333333,1447.0,21.0,21.0,21.0,21.0,21.0,21.0,21.0,21.0,21.0,21.0,21.0,21.0,21.0,21.0,29.0,38.0,57.0,90.0,133.0,175.0,201.0,202.0,204.0,205.0,207.0,207.0,207.0,207.0,207.0,207.0,207.0,207.0,207.0,207.0,207.0,207.0,207.0,207.0,213.0,275.0,386.0,537.0,714.0,899.0,1073.0,1217.0,1319.0,1375.0,1389.0,1389.0,1389.0,1389.0,1389.0,1389.0,1389.0,1389.0,1389.0,1389.0,1389.0,1389.0,1389.0,1389.0,1394.0,1465.0,1593.0,1766.0,1967.0,2179.0,2383.0,2561.0,2697.0,2776.0,2792.0,2792.0,2792.0,2792.0,2792.0,2792.0,2792.0,2792.0,2792.0,2792.0,2792.0,2792.0,2792.0,2792.0,2795.0,2851.0,2952.0,3091.0,3253.0,3422.0,3579.0,3707.0,3796.0,3843.0,3852.0,3852.0,3852.0,3852.0,3852.0,3852.0,3852.0,3852.0,3852.0,3852.0,3852.0,3852.0,3852.0,3852.0,3853.0,3920.0,4044.0,4213.0,4410.0,4618.0,4818.0,4992.0,5124.0,5199.0,5211.0,5211.0,5211.0,5211.0,5211.0,5211.0,5211.0,5211.0,53,February 22,Macon
0.0025178897142416165,1.034517982612715,1.0486812209857863,2.831262201662029,2.831262201662029,0.6548483919591235,0.5858903920765259,5.089451138595578,5.089451138595578,0.7620527850757088,1.1763982538071849,3.280794508976022,3.280794508976022,0.4792697518974395,0.9661892155655648,1.9212511952352358,1.9212511952352358,0.305074895624565,0.1455328671205004,5.225,-0.2256060228123086,0.2256060228123086,130.71770334928232,11.5,11.35,10.933333333333332,10.774999999999999,10.680000000000001,10.549999999999999,10.557142857142859,10.625,10.744444444444444,10.860000000000001,10.89090909090909,10.891666666666666,10.86153846153846,10.864285714285714,10.826666666666664,10.83125,10.905882352941177,10.988888888888887,11.063157894736841,11.19,11.304761904761905,11.363636363636363,11.334782608695654,11.237500000000002,11.1,10.953846153846154,10.844444444444445,10.767857142857142,10.720689655172414,10.640000000000002,10.558064516129033,10.471874999999999,10.442424242424243,10.473529411764705,10.548571428571428,10.683333333333334,10.835135135135136,10.989473684210527,11.125641025641027,11.25,11.324390243902439,11.359523809523811,11.355813953488372,11.338636363636365,11.284444444444444,11.213043478260868,11.114893617021279,11.00625,10.90408163265306,10.812000000000001,10.721568627450981,10.628846153846155,10.552830188679245,10.474074074074075,10.407272727272726,10.355357142857143,10.321052631578947,10.31551724137931,10.323728813559322,10.370000000000001,10.419672131147541,10.464516129032257,10.504761904761907,10.5359375,10.564615384615385,10.607575757575757,10.643283582089552,10.675,10.69855072463768,10.708571428571426,10.7,10.686111111111112,10.678082191780822,10.675675675675675,10.672,10.664473684210527,10.657142857142857,10.635897435897435,10.611392405063292,10.5875,10.569135802469136,10.575609756097561,10.589156626506025,10.61547619047619,10.662352941176472,10.715116279069768,10.77471264367816,10.854545454545455,10.938202247191011,11.022222222222222,11.081318681318681,11.13695652173913,11.183870967741935,11.225531914893615,11.257894736842102,11.272916666666667,11.28041237113402,11.289795918367348,11.29191919191919,11.29,11.28316831683168,11.280392156862746,11.27766990291262,11.279807692307692,11.282857142857143,11.299999999999999,11.311214953271028,11.328703703703702,11.35137614678899,11.378181818181817,11.400900900900899,11.43125,11.45929203539823,11.474561403508773,11.494782608695651,11.509482758620688,11.518803418803415,11.52457627118644,11.52941176470588,11.529166666666667,11.52809917355372,11.5172131147541,11.502439024390243,11.477419354838709,11.457600000000001,11.452380952380953,11.452755905511811,11.455468750000001,48.5,582.0,3.0,3.0,3.0,3.0,3.0,3.0,3.0,3.0,3.0,3.0,3.0,3.0,3.0,3.0,13.0,89.0,223.0,401.0,608.0,826.0,1036.0,1216.0,1350.0,1429.0,1450.0,1450.0,1450.0,1450.0,1450.0,1450.0,1450.0,1450.0,1450.0,1450.0,1450.0,1450.0,1450.0,1450.0,1458.0,1467.0,1486.0,1519.0,1562.0,1604.0,1630.0,1631.0,1633.0,1634.0,1636.0,1636.0,1636.0,1636.0,1636.0,1636.0,1636.0,1636.0,1636.0,1636.0,1636.0,1636.0,1636.0,1636.0,1642.0,1704.0,1815.0,1966.0,2143.0,2328.0,2502.0,2646.0,2748.0,2804.0,2818.0,2818.0,2818.0,2818.0,2818.0,2818.0,2818.0,2818.0,2818.0,2818.0,2818.0,2818.0,2818.0,2818.0,2823.0,2894.0,3022.0,3195.0,3396.0,3608.0,3812.0,3990.0,4126.0,4205.0,4221.0,4221.0,4221.0,4221.0,4221.0,4221.0,4221.0,4221.0,4221.0,4221.0,4221.0,4221.0,4221.0,4221.0,4224.0,4280.0,4381.0,4520.0,4682.0,4851.0,5008.0,5136.0,5225.0,5272.0,5281.0,5281.0,5281.0,5281.0,5281.0,5281.0,5281.0,5281.0,54,February 23,Macon
0.0025178897142416165,1.034517982612715,1.0486812209857863,2.831262201662029,2.831262201662029,0.6548483919591235,0.5858903920765259,5.089451138595578,5.089451138595578,0.7620527850757088,1.1763982538071849,3.280794508976022,3.280794508976022,0.4792697518974395,0.9661892155655648,1.9212511952352358,1.9212511952352358,0.305074895624565,0.1455328671205004,5.341666666666667,-0.6373409438747217,0.6373409438747217,61.21684867394696,11.5,11.05,10.166666666666666,9.8,9.64,9.683333333333334,9.742857142857144,9.825,10.066666666666666,10.28,10.472727272727273,10.708333333333334,10.93846153846154,11.185714285714285,11.413333333333332,11.6375,11.870588235294118,12.088888888888889,12.299999999999999,12.5,12.623809523809525,12.713636363636363,12.76086956521739,12.741666666666665,12.692,12.634615384615385,12.540740740740741,12.460714285714285,12.386206896551723,12.303333333333333,12.248387096774193,12.2125,12.196969696969697,12.188235294117648,12.16,12.125,12.08108108108108,12.049999999999999,12.005128205128205,11.9775,11.980487804878049,11.99047619047619,12.0,12.036363636363633,12.071111111111112,12.082608695652173,12.053191489361705,11.989583333333334,11.90408163265306,11.812000000000001,11.737254901960785,11.678846153846155,11.635849056603774,11.574074074074076,11.510909090909092,11.444642857142856,11.410526315789474,11.412068965517241,11.440677966101696,11.506666666666668,11.585245901639345,11.667741935483871,11.741269841269842,11.809375,11.84769230769231,11.862121212121211,11.852238805970151,11.833823529411765,11.791304347826088,11.737142857142857,11.664788732394367,11.584722222222222,11.508219178082191,11.437837837837838,11.367999999999999,11.296052631578947,11.235064935064935,11.171794871794871,11.116455696202532,11.071250000000001,11.03827160493827,11.02560975609756,11.02289156626506,11.047619047619047,11.075294117647058,11.1,11.121839080459768,11.1375,11.151685393258427,11.176666666666666,11.196703296703296,11.214130434782609,11.225806451612904,11.227659574468083,11.215789473684211,11.200000000000001,11.188659793814432,11.181632653061222,11.173737373737373,11.163,11.152475247524753,11.131372549019607,11.107766990291262,11.084615384615384,11.065714285714286,11.066037735849056,11.071962616822429,11.087962962962964,11.120183486238533,11.157272727272728,11.200000000000001,11.258928571428571,11.321238938053098,11.384210526315789,11.42782608695652,11.46896551724138,11.503418803418803,11.533898305084747,11.557142857142857,11.566666666666666,11.570247933884298,11.575409836065573,11.574796747967481,11.570967741935483,11.563200000000002,11.558730158730162,11.55433070866142,11.55390625,125.83333333333333,1510.0,26.0,26.0,26.0,26.0,26.0,26.0,26.0,26.0,26.0,26.0,26.0,26.0,26.0,26.0,38.0,70.0,128.0,211.0,311.0,414.0,505.0,568.0,598.0,605.0,608.0,608.0,608.0,608.0,608.0,608.0,608.0,608.0,608.0,608.0,608.0,608.0,608.0,608.0,618.0,694.0,828.0,1006.0,1213.0,1431.0,1641.0,1821.0,1955.0,2034.0,2055.0,2055.0,2055.0,2055.0,2055.0,2055.0,2055.0,2055.0,2055.0,2055.0,2055.0,2055.0,2055.0,2055.0,2063.0,2072.0,2091.0,2124.0,2167.0,2209.0,2235.0,2236.0,2238.0,2239.0,2241.0,2241.0,2241.0,2241.0,2241.0,2241.0,2241.0,2241.0,2241.0,2241.0,2241.0,2241.0,2241.0,2241.0,2247.0,2309.0,2420.0,2571.0,2748.0,2933.0,3107.0,3251.0,3353.0,3409.0,3423.0,3423.0,3423.0,3423.0,3423.0,3423.0,3423.0,3423.0,3423.0,3423.0,3423.0,3423.0,3423.0,3423.0,3428.0,3499.0,3627.0,3800.0,4001.0,4213.0,4417.0,4595.0,4731.0,4810.0,4826.0,4826.0,4826.0,4826.0,4826.0,4826.0,4826.0,4826.0,55,February 24,Macon
0.0025178897142416165,1.034517982612715,1.0486812209857863,2.831262201662029,2.831262201662029,0.6548483919591235,0.5858903920765259,5.089451138595578,5.089451138595578,0.7620527850757088,1.1763982538071849,3.280794508976022,3.280794508976022,0.4792697518974395,0.9661892155655648,1.9212511952352358,1.9212511952352358,0.305074895624565,0.1455328671205004,5.4,-0.0039531039728514916,0.0039531039728514916,168.13271604938268,8.6,9.05,8.933333333333335,8.975,9.14,9.250000000000002,9.328571428571427,9.325000000000001,9.344444444444443,9.49,9.727272727272727,9.966666666666667,10.284615384615384,10.514285714285714,10.699999999999998,10.90625,11.111764705882353,11.383333333333333,11.636842105263158,11.915,12.119047619047619,12.259090909090911,12.291304347826088,12.3125,12.28,12.215384615384616,12.074074074074076,11.953571428571431,11.851724137931036,11.786666666666669,11.732258064516133,11.690625,11.700000000000001,11.714705882352941,11.734285714285713,11.777777777777779,11.829729729729731,11.897368421052633,11.966666666666669,12.0425,12.129268292682928,12.216666666666667,12.306976744186045,12.397727272727273,12.457777777777778,12.504347826086958,12.531914893617019,12.527083333333332,12.506122448979593,12.48,12.433333333333334,12.392307692307694,12.352830188679246,12.307407407407405,12.276363636363637,12.255357142857141,12.245614035087721,12.239655172413793,12.222033898305085,12.200000000000001,12.172131147540984,12.151612903225805,12.122222222222222,12.103124999999999,12.103076923076921,12.107575757575757,12.111940298507465,12.133823529411767,12.155072463768116,12.161428571428571,12.140845070422536,12.097222222222221,12.038356164383561,11.974324324324325,11.921333333333333,11.878947368421054,11.846753246753247,11.801282051282051,11.754430379746834,11.705,11.677777777777777,11.675609756097561,11.69277108433735,11.736904761904762,11.790588235294118,11.847674418604651,11.898850574712641,11.946590909090911,11.973033707865168,11.982222222222223,11.973626373626375,11.958695652173914,11.925806451612901,11.884042553191488,11.828421052631578,11.766666666666666,11.70721649484536,11.652040816326531,11.596969696969698,11.539999999999997,11.49108910891089,11.440196078431372,11.39514563106796,11.357692307692307,11.329523809523808,11.31698113207547,11.31214953271028,11.328703703703702,11.347706422018348,11.364545454545452,11.379279279279276,11.389285714285714,11.398230088495575,11.415789473684208,11.429565217391305,11.441379310344828,11.448717948717949,11.44830508474576,11.436974789915965,11.422499999999998,11.411570247933884,11.404098360655736,11.395934959349594,11.38548387096774,11.3752,11.356349206349206,11.33543307086614,11.314843750000001,18.5,222.0,2.0,2.0,2.0,2.0,2.0,2.0,2.0,2.0,2.0,2.0,2.0,2.0,2.0,2.0,15.0,95.0,232.0,414.0,625.0,847.0,1061.0,1249.0,1395.0,1486.0,1512.0,1512.0,1512.0,1512.0,1512.0,1512.0,1512.0,1512.0,1512.0,1512.0,1512.0,1512.0,1512.0,1512.0,1524.0,1556.0,1614.0,1697.0,1797.0,1900.0,1991.0,2054.0,2084.0,2091.0,2094.0,2094.0,2094.0,2094.0,2094.0,2094.0,2094.0,2094.0,2094.0,2094.0,2094.0,2094.0,2094.0,2094.0,2104.0,2180.0,2314.0,2492.0,2699.0,2917.0,3127.0,3307.0,3441.0,3520.0,3541.0,3541.0,3541.0,3541.0,3541.0,3541.0,3541.0,3541.0,3541.0,3541.0,3541.0,3541.0,3541.0,3541.0,3549.0,3558.0,3577.0,3610.0,3653.0,3695.0,3721.0,3722.0,3724.0,3725.0,3727.0,3727.0,3727.0,3727.0,3727.0,3727.0,3727.0,3727.0,3727.0,3727.0,3727.0,3727.0,3727.0,3727.0,3733.0,3795.0,3906.0,4057.0,4234.0,4419.0,4593.0,4737.0,4839.0,4895.0,4909.0,4909.0,4909.0,4909.0,4909.0,4909.0,4909.0,4909.0,56,February 25,Macon
0.0025178897142416165,1.034517982612715,1.0486812209857863,2.831262201662029,2.831262201662029,0.6548483919591235,0.5858903920765259,5.089451138595578,5.089451138595578,0.7620527850757088,1.1763982538071849,3.280794508976022,3.280794508976022,0.4792697518974395,0.9661892155655648,1.9212511952352358,1.9212511952352358,0.305074895624565,0.1455328671205004,9.233333333333334,-0.6583443119407327,0.6583443119407327,57.67148014440433,4.7,5.050000000000001,5.266666666666667,5.7250000000000005,6.380000000000001,7.083333333333335,7.7857142857142865,8.5,9.144444444444446,9.750000000000002,10.245454545454548,10.816666666666668,11.438461538461537,11.94285714285714,12.319999999999999,12.68125,13.0,13.216666666666667,13.34736842105263,13.36,13.233333333333333,13.077272727272724,12.88695652173913,12.708333333333334,12.543999999999999,12.426923076923076,12.288888888888888,12.174999999999999,12.09310344827586,12.016666666666667,11.945161290322579,11.862499999999999,11.79090909090909,11.761764705882351,11.771428571428572,11.794444444444444,11.856756756756756,11.9,11.935897435897436,11.9875,12.046341463414635,12.14047619047619,12.234883720930236,12.347727272727274,12.433333333333335,12.49347826086957,12.504255319148939,12.510416666666666,12.489795918367347,12.452,12.372549019607845,12.301923076923078,12.239622641509435,12.196296296296298,12.158181818181822,12.126785714285715,12.124561403508773,12.12586206896552,12.130508474576272,12.15,12.175409836065574,12.211290322580645,12.249206349206352,12.292187499999999,12.343076923076923,12.395454545454546,12.450746268656717,12.507352941176471,12.544927536231887,12.574285714285715,12.59154929577465,12.587499999999999,12.572602739726026,12.554054054054054,12.521333333333333,12.492105263157896,12.463636363636365,12.430769230769233,12.407594936708863,12.39125,12.382716049382717,12.376829268292683,12.362650602409637,12.345238095238095,12.323529411764707,12.306976744186045,12.283908045977013,12.268181818181818,12.266292134831462,12.267777777777779,12.26923076923077,12.283695652173915,12.297849462365594,12.301063829787234,12.284210526315789,12.25,12.204123711340205,12.154081632653062,12.112121212121213,12.078000000000001,12.05148514851485,12.014705882352942,11.976699029126213,11.93653846153846,11.913333333333332,11.90943396226415,11.92056074766355,11.95277777777778,11.992660550458716,12.035454545454547,12.073873873873872,12.109821428571427,12.12920353982301,12.135087719298246,12.126956521739134,12.113793103448277,12.086324786324788,12.051694915254236,12.005882352941176,11.955,11.905785123966943,11.859836065573772,11.813821138211383,11.766129032258064,11.7248,11.68174603174603,11.643307086614172,11.610937499999999,129.58333333333334,1555.0,30.0,30.0,30.0,30.0,30.0,30.0,30.0,30.0,30.0,30.0,30.0,30.0,30.0,30.0,41.0,50.0,71.0,109.0,158.0,206.0,239.0,247.0,249.0,250.0,252.0,252.0,252.0,252.0,252.0,252.0,252.0,252.0,252.0,252.0,252.0,252.0,252.0,252.0,265.0,345.0,482.0,664.0,875.0,1097.0,1311.0,1499.0,1645.0,1736.0,1762.0,1762.0,1762.0,1762.0,1762.0,1762.0,1762.0,1762.0,1762.0,1762.0,1762.0,1762.0,1762.0,1762.0,1774.0,1806.0,1864.0,1947.0,2047.0,2150.0,2241.0,2304.0,2334.0,2341.0,2344.0,2344.0,2344.0,2344.0,2344.0,2344.0,2344.0,2344.0,2344.0,2344.0,2344.0,2344.0,2344.0,2344.0,2354.0,2430.0,2564.0,2742.0,2949.0,3167.0,3377.0,3557.0,3691.0,3770.0,3791.0,3791.0,3791.0,3791.0,3791.0,3791.0,3791.0,3791.0,3791.0,3791.0,3791.0,3791.0,3791.0,3791.0,3799.0,3808.0,3827.0,3860.0,3903.0,3945.0,3971.0,3972.0,3974.0,3975.0,3977.0,3977.0,3977.0,3977.0,3977.0,3977.0,3977.0,3977.0,57,February 26,Macon
0.0025178897142416165,1.034517982612715,1.0486812209857863,2.831262201662029,2.831262201662029,0.6548483919591235,0.5858903920765259,5.089451138595578,5.089451138595578,0.7620527850757088,1.1763982538071849,3.280794508976022,3.280794508976022,0.4792697518974395,0.9661892155655648,1.9212511952352358,1.9212511952352358,0.305074895624565,0.1455328671205004,10.35,-0.11199448985354604,0.11199448985354604,149.89533011272144,9.3,9.25,9.033333333333333,8.975,9.059999999999999,9.233333333333333,9.471428571428572,9.7375,10.033333333333333,10.28,10.463636363636363,10.725,10.992307692307692,11.257142857142856,11.44,11.6125,11.758823529411766,11.833333333333334,11.784210526315789,11.665000000000001,11.452380952380953,11.222727272727273,10.969565217391304,10.745833333333332,10.503999999999998,10.307692307692308,10.137037037037036,10.028571428571428,9.993103448275862,10.013333333333334,10.07741935483871,10.184375,10.309090909090909,10.452941176470588,10.588571428571429,10.769444444444444,10.98918918918919,11.186842105263159,11.351282051282052,11.52,11.68048780487805,11.804761904761905,11.895348837209303,11.93409090909091,11.906666666666666,11.860869565217392,11.793617021276594,11.727083333333333,11.66326530612245,11.62,11.562745098039214,11.515384615384615,11.483018867924526,11.45185185185185,11.42181818181818,11.383928571428571,11.350877192982454,11.341379310344827,11.354237288135593,11.375,11.41967213114754,11.453225806451613,11.482539682539683,11.521875000000001,11.566153846153846,11.633333333333333,11.701492537313435,11.78235294117647,11.846376811594203,11.894285714285715,11.909859154929576,11.922222222222222,11.916438356164383,11.89864864864865,11.852,11.810526315789474,11.774025974025975,11.750000000000002,11.729113924050631,11.7125,11.716049382716049,11.721951219512196,11.730120481927711,11.748809523809523,11.771764705882353,11.80232558139535,11.83448275862069,11.870454545454544,11.912359550561797,11.955555555555556,12.0010989010989,12.04782608695652,12.08064516129032,12.107446808510637,12.125263157894736,12.127083333333331,12.120618556701032,12.11122448979592,12.090909090909088,12.073,12.055445544554454,12.034313725490193,12.02038834951456,12.01153846153846,12.008571428571427,12.007547169811321,11.999999999999998,11.989814814814814,11.976146788990825,11.966363636363633,11.95135135135135,11.941964285714286,11.943362831858407,11.947368421052632,11.951304347826087,11.965517241379308,11.97948717948718,11.984745762711864,11.973949579831931,11.949166666666667,11.914876033057848,11.87704918032787,11.845528455284551,11.820161290322579,11.800799999999997,11.773015873015872,11.744094488188974,11.713281249999998,18.166666666666668,218.0,2.0,2.0,2.0,2.0,2.0,2.0,2.0,2.0,2.0,2.0,2.0,2.0,2.0,2.0,19.0,102.0,243.0,429.0,644.0,870.0,1088.0,1281.0,1432.0,1527.0,1557.0,1557.0,1557.0,1557.0,1557.0,1557.0,1557.0,1557.0,1557.0,1557.0,1557.0,1557.0,1557.0,1557.0,1568.0,1577.0,1598.0,1636.0,1685.0,1733.0,1766.0,1774.0,1776.0,1777.0,1779.0,1779.0,1779.0,1779.0,1779.0,1779.0,1779.0,1779.0,1779.0,1779.0,1779.0,1779.0,1779.0,1779.0,1792.0,1872.0,2009.0,2191.0,2402.0,2624.0,2838.0,3026.0,3172.0,3263.0,3289.0,3289.0,3289.0,3289.0,3289.0,3289.0,3289.0,3289.0,3289.0,3289.0,3289.0,3289.0,3289.0,3289.0,3301.0,3333.0,3391.0,3474.0,3574.0,3677.0,3768.0,3831.0,3861.0,3868.0,3871.0,3871.0,3871.0,3871.0,3871.0,3871.0,3871.0,3871.0,3871.0,3871.0,3871.0,3871.0,3871.0,3871.0,3881.0,3957.0,4091.0,4269.0,4476.0,4694.0,4904.0,5084.0,5218.0,5297.0,5318.0,5318.0,5318.0,5318.0,5318.0,5318.0,5318.0,5318.0,58,February 27,Macon
0.0025178897142416165,1.034517982612715,1.0486812209857863,2.831262201662029,2.831262201662029,0.6548483919591235,0.5858903920765259,5.089451138595578,5.089451138595578,0.7620527850757088,1.1763982538071849,3.280794508976022,3.280794508976022,0.4792697518974395,0.9661892155655648,1.9212511952352358,1.9212511952352358,0.305074895624565,0.1455328671205004,17.35,-0.053100145230388536,0.053100145230388536,159.83669548511043,-0.5,-0.95,-1.2333333333333334,-1.225,-1.2599999999999998,-1.2666666666666666,-1.0714285714285714,-0.775,-0.4888888888888888,-0.13999999999999999,0.2909090909090909,0.7416666666666667,1.2153846153846157,1.5571428571428574,1.9200000000000002,2.25,2.623529411764706,3.0611111111111113,3.5,3.9349999999999996,4.314285714285714,4.636363636363636,4.939130434782608,5.195833333333334,5.36,5.5076923076923086,5.622222222222222,5.735714285714286,5.862068965517241,6.003333333333332,6.161290322580644,6.33125,6.515151515151516,6.691176470588236,6.8514285714285705,7.038888888888889,7.232432432432433,7.428947368421053,7.597435897435898,7.7625,7.917073170731708,8.040476190476191,8.106976744186046,8.136363636363637,8.115555555555556,8.078260869565218,8.021276595744682,7.970833333333334,7.904081632653061,7.854000000000001,7.811764705882354,7.798076923076923,7.820754716981134,7.872222222222223,7.947272727272729,8.046428571428573,8.156140350877193,8.277586206896553,8.394915254237288,8.540000000000001,8.709836065573771,8.867741935483872,9.006349206349208,9.1484375,9.286153846153844,9.401515151515152,9.495522388059705,9.555882352941177,9.572463768115941,9.575714285714287,9.563380281690142,9.55,9.536986301369863,9.536486486486485,9.525333333333332,9.519736842105264,9.523376623376622,9.52692307692308,9.530379746835445,9.5275,9.52716049382716,9.542682926829269,9.573493975903615,9.60952380952381,9.662352941176472,9.706976744186049,9.748275862068967,9.79659090909091,9.848314606741573,9.916666666666666,9.985714285714286,10.064130434782609,10.130107526881721,10.18404255319149,10.213684210526317,10.240625,10.253608247422681,10.257142857142858,10.23838383838384,10.223,10.210891089108909,10.2078431372549,10.206796116504854,10.208653846153847,10.225714285714284,10.24433962264151,10.264485981308411,10.292592592592591,10.323853211009173,10.360909090909091,10.399099099099098,10.440178571428572,10.485840707964602,10.532456140350876,10.580869565217391,10.630172413793103,10.668376068376066,10.701694915254237,10.727731092436972,10.740833333333335,10.74710743801653,10.750819672131147,10.745528455284553,10.741935483870968,10.738399999999999,10.731746031746031,10.73070866141732,10.733593749999999,16.25,195.0,1.0,1.0,1.0,1.0,1.0,1.0,1.0,1.0,1.0,1.0,1.0,1.0,1.0,1.0,10.0,17.0,37.0,74.0,122.0,171.0,206.0,214.0,216.0,217.0,219.0,219.0,219.0,219.0,219.0,219.0,219.0,219.0,219.0,219.0,219.0,219.0,219.0,219.0,236.0,319.0,460.0,646.0,861.0,1087.0,1305.0,1498.0,1649.0,1744.0,1774.0,1774.0,1774.0,1774.0,1774.0,1774.0,1774.0,1774.0,1774.0,1774.0,1774.0,1774.0,1774.0,1774.0,1785.0,1794.0,1815.0,1853.0,1902.0,1950.0,1983.0,1991.0,1993.0,1994.0,1996.0,1996.0,1996.0,1996.0,1996.0,1996.0,1996.0,1996.0,1996.0,1996.0,1996.0,1996.0,1996.0,1996.0,2009.0,2089.0,2226.0,2408.0,2619.0,2841.0,3055.0,3243.0,3389.0,3480.0,3506.0,3506.0,3506.0,3506.0,3506.0,3506.0,3506.0,3506.0,3506.0,3506.0,3506.0,3506.0,3506.0,3506.0,3518.0,3550.0,3608.0,3691.0,3791.0,3894.0,3985.0,4048.0,4078.0,4085.0,4088.0,4088.0,4088.0,4088.0,4088.0,4088.0,4088.0,4088.0,59,February 28,Macon
0.0025178897142416165,1.034517982612715,1.0486812209857863,2.831262201662029,2.831262201662029,0.6548483919591235,0.5858903920765259,5.089451138595578,5.089451138595578,0.7620527850757088,1.1763982538071849,3.280794508976022,3.280794508976022,0.4792697518974395,0.9661892155655648,1.9212511952352358,1.9212511952352358,0.305074895624565,0.1455328671205004,16.216666666666665,-0.08546757719078639,0.08546757719078639,154.37307297019527,-3.5,-4.0,-4.2,-4.050000000000001,-3.8,-3.466666666666667,-3.185714285714286,-2.8000000000000003,-2.3333333333333335,-1.85,-1.3545454545454545,-0.9416666666666668,-0.5153846153846154,-0.17857142857142877,0.13999999999999962,0.37499999999999994,0.5411764705882351,0.6222222222222222,0.684210526315789,0.7599999999999998,0.7904761904761906,0.8272727272727274,0.8695652173913043,0.8541666666666666,0.8,0.7153846153846154,0.6222222222222222,0.5571428571428569,0.4896551724137931,0.42999999999999994,0.4193548387096772,0.446875,0.4878787878787878,0.5617647058823529,0.677142857142857,0.8166666666666667,0.981081081081081,1.1131578947368421,1.264102564102564,1.4125,1.5878048780487803,1.7999999999999998,2.0232558139534884,2.254545454545455,2.468888888888889,2.6630434782608696,2.853191489361702,3.025,3.1530612244897958,3.2739999999999996,3.378431372549019,3.4826923076923078,3.5943396226415096,3.714814814814815,3.8454545454545452,3.983928571428571,4.131578947368421,4.275862068965517,4.41186440677966,4.5649999999999995,4.72295081967213,4.8838709677419345,5.028571428571428,5.171875,5.309230769230769,5.427272727272727,5.508955223880597,5.5661764705882355,5.589855072463768,5.6014285714285705,5.598591549295774,5.598611111111111,5.586301369863014,5.583783783783784,5.585333333333333,5.605263157894737,5.649350649350649,5.712820512820512,5.792405063291138,5.88875,5.992592592592594,6.104878048780488,6.2144578313253005,6.344047619047619,6.491764705882352,6.63139534883721,6.757471264367815,6.886363636363637,7.012359550561797,7.122222222222222,7.216483516483516,7.285869565217391,7.32258064516129,7.348936170212767,7.363157894736842,7.376041666666667,7.388659793814433,7.410204081632654,7.423232323232323,7.439999999999999,7.463366336633663,7.486274509803921,7.508737864077671,7.525961538461539,7.544761904761905,7.5754716981132075,7.6177570093457945,7.663888888888888,7.722935779816513,7.775454545454546,7.825225225225227,7.880357142857143,7.938053097345133,8.008771929824562,8.08,8.158620689655173,8.227350427350427,8.286440677966102,8.326050420168068,8.363333333333333,8.389256198347107,8.407377049180326,8.407317073170733,8.409677419354841,8.414400000000002,8.42619047619048,8.43937007874016,8.454687499999999,58.25,699.0,7.0,7.0,7.0,7.0,7.0,7.0,7.0,7.0,7.0,7.0,7.0,7.0,7.0,7.0,16.0,21.0,38.0,72.0,118.0,164.0,195.0,199.0,201.0,201.0,202.0,202.0,202.0,202.0,202.0,202.0,202.0,202.0,202.0,202.0,202.0,202.0,202.0,202.0,211.0,218.0,238.0,275.0,323.0,372.0,407.0,415.0,417.0,418.0,420.0,420.0,420.0,420.0,420.0,420.0,420.0,420.0,420.0,420.0,420.0,420.0,420.0,420.0,437.0,520.0,661.0,847.0,1062.0,1288.0,1506.0,1699.0,1850.0,1945.0,1975.0,1975.0,1975.0,1975.0,1975.0,1975.0,1975.0,1975.0,1975.0,1975.0,1975.0,1975.0,1975.0,1975.0,1986.0,1995.0,2016.0,2054.0,2103.0,2151.0,2184.0,2192.0,2194.0,2195.0,2197.0,2197.0,2197.0,2197.0,2197.0,2197.0,2197.0,2197.0,2197.0,2197.0,2197.0,2197.0,2197.0,2197.0,2210.0,2290.0,2427.0,2609.0,2820.0,3042.0,3256.0,3444.0,3590.0,3681.0,3707.0,3707.0,3707.0,3707.0,3707.0,3707.0,3707.0,3707.0,60,March 1,Macon
0.0025178897142416165,1.034517982612715,1.0486812209857863,2.831262201662029,2.831262201662029,0.6548483919591235,0.5858903920765259,5.089451138595578,5.089451138595578,0.7620527850757088,1.1763982538071849,3.280794508976022,3.280794508976022,0.4792697518974395,0.9661892155655648,1.9212511952352358,1.9212511952352358,0.305074895624565,0.1455328671205004,8.41666666666667,-0.05852611327483512,0.05852611327483512,158.92079207920784,9.0,9.3,9.6,9.8,9.739999999999998,9.6,9.485714285714286,9.45,9.233333333333333,9.01,8.863636363636363,8.725,8.684615384615386,8.614285714285716,8.486666666666668,8.33125,8.188235294117646,8.011111111111111,7.768421052631578,7.544999999999999,7.2714285714285705,6.968181818181818,6.626086956521739,6.254166666666667,5.864,5.4653846153846155,5.092592592592593,4.7821428571428575,4.520689655172415,4.3100000000000005,4.122580645161291,3.990625,3.912121212121212,3.870588235294118,3.8628571428571425,3.855555555555556,3.8756756756756756,3.884210526315789,3.902564102564103,3.9025000000000007,3.885365853658537,3.8404761904761906,3.7930232558139534,3.7568181818181814,3.704444444444444,3.6586956521739125,3.619148936170212,3.554166666666667,3.471428571428572,3.3740000000000006,3.2725490196078426,3.1865384615384613,3.0999999999999996,3.0185185185185186,2.965454545454545,2.935714285714286,2.9157894736842103,2.9172413793103447,2.9457627118644063,2.9916666666666667,3.0557377049180325,3.103225806451613,3.1650793650793654,3.2281250000000004,3.3107692307692305,3.41969696969697,3.538805970149254,3.666176470588235,3.7855072463768114,3.8942857142857146,4.002816901408451,4.101388888888889,4.1726027397260275,4.2405405405405405,4.2986666666666675,4.3578947368421055,4.4233766233766225,4.496153846153846,4.577215189873418,4.665000000000001,4.760493827160494,4.854878048780488,4.944578313253013,5.047619047619048,5.155294117647059,5.266279069767442,5.366666666666666,5.467045454545455,5.564044943820225,5.647777777777779,5.705494505494506,5.745652173913043,5.7612903225806456,5.768085106382979,5.7642105263157895,5.7625,5.751546391752578,5.74795918367347,5.747474747474748,5.761000000000001,5.793069306930694,5.840196078431373,5.8999999999999995,5.973076923076923,6.052380952380952,6.1386792452830194,6.22336448598131,6.324074074074074,6.439449541284405,6.549090909090909,6.648648648648648,6.7508928571428575,6.851327433628319,6.939473684210527,7.015652173913044,7.072413793103449,7.103418803418805,7.126271186440678,7.139495798319328,7.151666666666667,7.163636363636363,7.1827868852459025,7.195121951219513,7.210483870967743,7.2312,7.251587301587302,7.271653543307087,7.2875,4.166666666666667,50.0,2.0,2.0,2.0,2.0,2.0,2.0,2.0,2.0,2.0,2.0,2.0,2.0,2.0,2.0,17.0,53.0,119.0,214.0,329.0,448.0,554.0,632.0,676.0,694.0,701.0,701.0,701.0,701.0,701.0,701.0,701.0,701.0,701.0,701.0,701.0,701.0,701.0,701.0,710.0,715.0,732.0,766.0,812.0,858.0,889.0,893.0,895.0,895.0,896.0,896.0,896.0,896.0,896.0,896.0,896.0,896.0,896.0,896.0,896.0,896.0,896.0,896.0,905.0,912.0,932.0,969.0,1017.0,1066.0,1101.0,1109.0,1111.0,1112.0,1114.0,1114.0,1114.0,1114.0,1114.0,1114.0,1114.0,1114.0,1114.0,1114.0,1114.0,1114.0,1114.0,1114.0,1131.0,1214.0,1355.0,1541.0,1756.0,1982.0,2200.0,2393.0,2544.0,2639.0,2669.0,2669.0,2669.0,2669.0,2669.0,2669.0,2669.0,2669.0,2669.0,2669.0,2669.0,2669.0,2669.0,2669.0,2680.0,2689.0,2710.0,2748.0,2797.0,2845.0,2878.0,2886.0,2888.0,2889.0,2891.0,2891.0,2891.0,2891.0,2891.0,2891.0,2891.0,2891.0,61,November 2,Macon
0.0025178897142416165,1.034517982612715,1.0486812209857863,2.831262201662029,2.831262201662029,0.6548483919591235,0.5858903920765259,5.089451138595578,5.089451138595578,0.7620527850757088,1.1763982538071849,3.280794508976022,3.280794508976022,0.4792697518974395,0.9661892155655648,1.9212511952352358,1.9212511952352358,0.305074895624565,0.1455328671205004,10.508333333333333,-0.27326728579965504,0.27326728579965504,122.67248215701824,6.3,6.3,6.1000000000000005,5.675000000000001,5.0600000000000005,4.733333333333333,4.671428571428572,4.6875,4.944444444444445,5.2,5.4363636363636365,5.766666666666667,6.107692307692308,6.492857142857142,6.833333333333333,7.2,7.5470588235294125,7.916666666666667,8.215789473684211,8.445,8.58095238095238,8.663636363636364,8.682608695652174,8.674999999999999,8.687999999999999,8.723076923076924,8.777777777777779,8.835714285714285,8.858620689655172,8.860000000000001,8.858064516129033,8.86875,8.827272727272728,8.773529411764708,8.734285714285713,8.691666666666666,8.678378378378378,8.65263157894737,8.602564102564102,8.5375,8.473170731707317,8.39047619047619,8.274418604651164,8.161363636363635,8.02,7.858695652173914,7.672340425531916,7.464583333333334,7.240816326530613,7.006000000000001,6.7784313725490195,6.578846153846153,6.401886792452831,6.250000000000001,6.10909090909091,5.998214285714286,5.917543859649123,5.858620689655174,5.820338983050847,5.783333333333333,5.763934426229508,5.738709677419355,5.720634920634921,5.692187499999999,5.653846153846154,5.598484848484849,5.54179104477612,5.492647058823529,5.433333333333334,5.378571428571429,5.328169014084508,5.26111111111111,5.182191780821918,5.093243243243243,5.001333333333333,4.919736842105263,4.837662337662338,4.758974358974359,4.700000000000001,4.6575,4.622222222222223,4.602439024390244,4.602409638554217,4.6154761904761905,4.64235294117647,4.658139534883722,4.6850574712643684,4.713636363636364,4.757303370786517,4.8211111111111125,4.893406593406594,4.9728260869565215,5.04731182795699,5.114893617021277,5.183157894736843,5.244791666666667,5.28659793814433,5.3265306122448965,5.359595959595959,5.394,5.433663366336633,5.479411764705882,5.5320388349514555,5.590384615384616,5.6552380952380945,5.719811320754717,5.781308411214952,5.853703703703703,5.930275229357798,6.01,6.081981981981982,6.154464285714286,6.224778761061946,6.285087719298246,6.325217391304347,6.3517241379310345,6.358974358974359,6.359322033898305,6.35126050420168,6.345,6.331404958677685,6.323770491803279,6.3186991869918705,6.324999999999999,6.3464,6.38015873015873,6.424409448818897,6.4796875,67.08333333333333,805.0,11.0,11.0,11.0,11.0,11.0,11.0,11.0,11.0,11.0,11.0,11.0,11.0,11.0,11.0,11.0,28.0,34.0,42.0,50.0,52.0,54.0,56.0,58.0,59.0,61.0,61.0,61.0,61.0,61.0,61.0,61.0,61.0,61.0,61.0,61.0,61.0,61.0,61.0,76.0,112.0,178.0,273.0,388.0,507.0,613.0,691.0,735.0,753.0,760.0,760.0,760.0,760.0,760.0,760.0,760.0,760.0,760.0,760.0,760.0,760.0,760.0,760.0,769.0,774.0,791.0,825.0,871.0,917.0,948.0,952.0,954.0,954.0,955.0,955.0,955.0,955.0,955.0,955.0,955.0,955.0,955.0,955.0,955.0,955.0,955.0,955.0,964.0,971.0,991.0,1028.0,1076.0,1125.0,1160.0,1168.0,1170.0,1171.0,1173.0,1173.0,1173.0,1173.0,1173.0,1173.0,1173.0,1173.0,1173.0,1173.0,1173.0,1173.0,1173.0,1173.0,1190.0,1273.0,1414.0,1600.0,1815.0,2041.0,2259.0,2452.0,2603.0,2698.0,2728.0,2728.0,2728.0,2728.0,2728.0,2728.0,2728.0,2728.0,62,November 3,Macon
0.0025178897142416165,1.034517982612715,1.0486812209857863,2.831262201662029,2.831262201662029,0.6548483919591235,0.5858903920765259,5.089451138595578,5.089451138595578,0.7620527850757088,1.1763982538071849,3.280794508976022,3.280794508976022,0.4792697518974395,0.9661892155655648,1.9212511952352358,1.9212511952352358,0.305074895624565,0.1455328671205004,7.308333333333333,-0.043351148627105277,0.043351148627105277,161.48232611174464,11.0,10.5,10.200000000000001,9.8,9.34,9.033333333333333,8.814285714285715,8.75,8.68888888888889,8.64,8.727272727272727,8.899999999999999,9.099999999999998,9.292857142857143,9.386666666666665,9.5125,9.605882352941178,9.683333333333334,9.657894736842104,9.615,9.557142857142857,9.463636363636363,9.330434782608695,9.195833333333333,9.08,8.973076923076924,8.851851851851851,8.692857142857141,8.482758620689655,8.303333333333333,8.174193548387096,8.068750000000001,8.036363636363635,8.020588235294117,8.014285714285714,8.052777777777779,8.110810810810811,8.200000000000001,8.287179487179488,8.397499999999999,8.512195121951219,8.647619047619047,8.76279069767442,8.854545454545455,8.90888888888889,8.941304347826087,8.944680851063831,8.935416666666667,8.93673469387755,8.95,8.974509803921569,9.001923076923077,9.011320754716982,9.00925925925926,9.005454545454546,9.008928571428571,8.982456140350877,8.948275862068966,8.922033898305084,8.893333333333334,8.881967213114756,8.862903225806452,8.82857142857143,8.784375,8.74,8.683333333333334,8.604477611940299,8.526470588235295,8.428985507246377,8.317142857142859,8.187323943661971,8.041666666666666,7.883561643835616,7.716216216216216,7.552,7.405263157894736,7.2727272727272725,7.156410256410257,7.046835443037975,6.957499999999999,6.888888888888889,6.835365853658536,6.796385542168675,6.758333333333334,6.732941176470588,6.703488372093023,6.679310344827585,6.6477272727272725,6.608988764044943,6.557777777777778,6.5054945054945055,6.458695652173914,6.404301075268817,6.353191489361703,6.3052631578947365,6.244791666666667,6.175257731958761,6.097959183673469,6.0181818181818185,5.946000000000001,5.873267326732672,5.802941176470589,5.747572815533981,5.704807692307692,5.667619047619048,5.642452830188678,5.632710280373831,5.633333333333333,5.644954128440368,5.6481818181818175,5.66036036036036,5.674107142857143,5.699999999999999,5.742105263157894,5.791304347826088,5.846551724137932,5.898290598290599,5.944915254237288,5.992436974789917,6.035,6.06198347107438,6.087704918032786,6.108130081300813,6.12983870967742,6.156,6.1873015873015875,6.224409448818898,6.26640625,23.25,279.0,0.0,0.0,0.0,0.0,0.0,0.0,0.0,0.0,0.0,0.0,0.0,0.0,0.0,0.0,0.0,16.0,78.0,176.0,300.0,435.0,566.0,676.0,753.0,794.0,805.0,805.0,805.0,805.0,805.0,805.0,805.0,805.0,805.0,805.0,805.0,805.0,805.0,805.0,805.0,822.0,828.0,836.0,844.0,846.0,848.0,850.0,852.0,853.0,855.0,855.0,855.0,855.0,855.0,855.0,855.0,855.0,855.0,855.0,855.0,855.0,855.0,855.0,870.0,906.0,972.0,1067.0,1182.0,1301.0,1407.0,1485.0,1529.0,1547.0,1554.0,1554.0,1554.0,1554.0,1554.0,1554.0,1554.0,1554.0,1554.0,1554.0,1554.0,1554.0,1554.0,1554.0,1563.0,1568.0,1585.0,1619.0,1665.0,1711.0,1742.0,1746.0,1748.0,1748.0,1749.0,1749.0,1749.0,1749.0,1749.0,1749.0,1749.0,1749.0,1749.0,1749.0,1749.0,1749.0,1749.0,1749.0,1758.0,1765.0,1785.0,1822.0,1870.0,1919.0,1954.0,1962.0,1964.0,1965.0,1967.0,1967.0,1967.0,1967.0,1967.0,1967.0,1967.0,1967.0,63,November 4,Macon
0.0025178897142416165,1.034517982612715,1.0486812209857863,2.831262201662029,2.831262201662029,0.6548483919591235,0.5858903920765259,5.089451138595578,5.089451138595578,0.7620527850757088,1.1763982538071849,3.280794508976022,3.280794508976022,0.4792697518974395,0.9661892155655648,1.9212511952352358,1.9212511952352358,0.305074895624565,0.1455328671205004,9.641666666666667,-0.25464000294928474,0.25464000294928474,125.81676750216074,11.0,10.25,9.666666666666666,9.4,9.08,8.933333333333334,8.871428571428572,8.8875,8.922222222222224,8.9,8.981818181818182,9.2,9.423076923076923,9.685714285714285,9.866666666666667,10.05625,10.24705882352941,10.399999999999999,10.531578947368422,10.66,10.785714285714286,10.886363636363637,10.934782608695652,10.945833333333333,10.948000000000002,10.911538461538461,10.86296296296296,10.782142857142858,10.66896551724138,10.563333333333333,10.464516129032257,10.396875,10.33030303030303,10.26764705882353,10.248571428571429,10.263888888888891,10.297297297297298,10.336842105263159,10.346153846153847,10.372499999999999,10.390243902439025,10.404761904761905,10.376744186046512,10.340909090909092,10.297777777777778,10.236956521739131,10.155319148936172,10.070833333333335,9.99387755102041,9.92,9.837254901960785,9.732692307692307,9.59811320754717,9.47777777777778,9.383636363636365,9.301785714285714,9.26140350877193,9.231034482758622,9.20677966101695,9.21,9.226229508196722,9.262903225806452,9.3,9.353124999999999,9.410769230769231,9.483333333333334,9.544776119402986,9.59264705882353,9.617391304347827,9.62857142857143,9.621126760563381,9.605555555555556,9.597260273972603,9.597297297297297,9.605333333333332,9.615789473684211,9.614285714285714,9.605128205128207,9.594936708860759,9.59,9.564197530864199,9.532926829268293,9.507228915662651,9.479761904761906,9.464705882352941,9.444186046511629,9.412643678160919,9.373863636363636,9.334831460674156,9.286666666666665,9.221978021978021,9.157608695652174,9.078494623655912,8.988297872340425,8.884210526315789,8.767708333333333,8.641237113402061,8.507142857142856,8.374747474747474,8.255,8.145544554455444,8.048039215686273,7.9553398058252425,7.877884615384615,7.816190476190477,7.766037735849057,7.727102803738317,7.688888888888889,7.660550458715595,7.629090909090908,7.601801801801801,7.56875,7.530088495575221,7.481578947368421,7.432173913043479,7.3870689655172415,7.3358974358974365,7.28728813559322,7.241176470588234,7.1850000000000005,7.121487603305786,7.051639344262295,6.979674796747967,6.913709677419355,6.8472,6.782539682539682,6.72992125984252,6.6875,54.0,648.0,4.0,4.0,4.0,4.0,4.0,4.0,4.0,4.0,4.0,4.0,4.0,4.0,4.0,4.0,4.0,19.0,53.0,100.0,154.0,208.0,253.0,279.0,282.0,283.0,283.0,283.0,283.0,283.0,283.0,283.0,283.0,283.0,283.0,283.0,283.0,283.0,283.0,283.0,283.0,299.0,361.0,459.0,583.0,718.0,849.0,959.0,1036.0,1077.0,1088.0,1088.0,1088.0,1088.0,1088.0,1088.0,1088.0,1088.0,1088.0,1088.0,1088.0,1088.0,1088.0,1088.0,1088.0,1105.0,1111.0,1119.0,1127.0,1129.0,1131.0,1133.0,1135.0,1136.0,1138.0,1138.0,1138.0,1138.0,1138.0,1138.0,1138.0,1138.0,1138.0,1138.0,1138.0,1138.0,1138.0,1138.0,1153.0,1189.0,1255.0,1350.0,1465.0,1584.0,1690.0,1768.0,1812.0,1830.0,1837.0,1837.0,1837.0,1837.0,1837.0,1837.0,1837.0,1837.0,1837.0,1837.0,1837.0,1837.0,1837.0,1837.0,1846.0,1851.0,1868.0,1902.0,1948.0,1994.0,2025.0,2029.0,2031.0,2031.0,2032.0,2032.0,2032.0,2032.0,2032.0,2032.0,2032.0,2032.0,64,November 5,Macon
0.0025178897142416165,1.034517982612715,1.0486812209857863,2.831262201662029,2.831262201662029,0.6548483919591235,0.5858903920765259,5.089451138595578,5.089451138595578,0.7620527850757088,1.1763982538071849,3.280794508976022,3.280794508976022,0.4792697518974395,0.9661892155655648,1.9212511952352358,1.9212511952352358,0.305074895624565,0.1455328671205004,9.0,-0.0747871686852732,0.0747871686852732,156.1759259259259,9.8,9.55,9.333333333333334,8.925,8.62,8.583333333333334,8.557142857142855,8.5125,8.399999999999999,8.26,8.200000000000001,8.225,8.26923076923077,8.307142857142859,8.440000000000001,8.587500000000002,8.63529411764706,8.694444444444446,8.789473684210527,8.890000000000002,9.000000000000002,9.113636363636365,9.195652173913045,9.291666666666666,9.360000000000001,9.365384615384615,9.333333333333334,9.307142857142859,9.255172413793105,9.22,9.196774193548388,9.190625,9.190909090909091,9.176470588235293,9.194285714285716,9.261111111111113,9.337837837837837,9.436842105263157,9.512820512820511,9.5975,9.68780487804878,9.766666666666667,9.839534883720932,9.913636363636364,9.988888888888887,10.054347826086955,10.095744680851062,10.11875,10.136734693877552,10.134,10.123529411764705,10.09423076923077,10.045283018867922,9.998148148148145,9.95272727272727,9.923214285714286,9.89298245614035,9.863793103448275,9.859322033898303,9.874999999999998,9.901639344262295,9.932258064516127,9.944444444444443,9.967187500000001,9.984615384615385,10.0,9.988059701492537,9.970588235294116,9.947826086956521,9.912857142857142,9.86338028169014,9.811111111111112,9.763013698630138,9.716216216216216,9.662666666666667,9.593421052631578,9.502597402597402,9.420512820512819,9.355696202531645,9.29875,9.27037037037037,9.248780487804876,9.231325301204818,9.233333333333334,9.24470588235294,9.270930232558138,9.297701149425286,9.336363636363636,9.378651685393258,9.43222222222222,9.478021978021976,9.514130434782606,9.533333333333333,9.542553191489361,9.537894736842103,9.527083333333334,9.521649484536082,9.522448979591836,9.529292929292929,9.537999999999998,9.537623762376237,9.531372549019608,9.524271844660191,9.521153846153847,9.501904761904761,9.478301886792453,9.458878504672896,9.437962962962963,9.426605504587156,9.410909090909092,9.386486486486485,9.35625,9.325663716814159,9.287719298245612,9.236521739130433,9.185344827586206,9.122222222222224,9.05,8.966386554621849,8.8725,8.770247933884297,8.661475409836065,8.553658536585365,8.455645161290322,8.3656,8.284920634920633,8.20787401574803,8.14296875,25.333333333333332,304.0,2.0,2.0,2.0,2.0,2.0,2.0,2.0,2.0,2.0,2.0,2.0,2.0,2.0,2.0,2.0,15.0,68.0,153.0,258.0,369.0,473.0,559.0,618.0,646.0,650.0,650.0,650.0,650.0,650.0,650.0,650.0,650.0,650.0,650.0,650.0,650.0,650.0,650.0,650.0,665.0,699.0,746.0,800.0,854.0,899.0,925.0,928.0,929.0,929.0,929.0,929.0,929.0,929.0,929.0,929.0,929.0,929.0,929.0,929.0,929.0,929.0,929.0,929.0,945.0,1007.0,1105.0,1229.0,1364.0,1495.0,1605.0,1682.0,1723.0,1734.0,1734.0,1734.0,1734.0,1734.0,1734.0,1734.0,1734.0,1734.0,1734.0,1734.0,1734.0,1734.0,1734.0,1734.0,1751.0,1757.0,1765.0,1773.0,1775.0,1777.0,1779.0,1781.0,1782.0,1784.0,1784.0,1784.0,1784.0,1784.0,1784.0,1784.0,1784.0,1784.0,1784.0,1784.0,1784.0,1784.0,1784.0,1799.0,1835.0,1901.0,1996.0,2111.0,2230.0,2336.0,2414.0,2458.0,2476.0,2483.0,2483.0,2483.0,2483.0,2483.0,2483.0,2483.0,2483.0,65,November 6,Macon
0.0025178897142416165,1.034517982612715,1.0486812209857863,2.831262201662029,2.831262201662029,0.6548483919591235,0.5858903920765259,5.089451138595578,5.089451138595578,0.7620527850757088,1.1763982538071849,3.280794508976022,3.280794508976022,0.4792697518974395,0.9661892155655648,1.9212511952352358,1.9212511952352358,0.305074895624565,0.1455328671205004,6.716666666666669,-0.28108793056813247,0.28108793056813247,121.35235732009924,9.2,8.649999999999999,8.533333333333333,8.274999999999999,8.26,8.25,8.114285714285714,8.1875,8.322222222222223,8.48,8.763636363636364,9.083333333333334,9.384615384615385,9.592857142857142,9.786666666666665,9.9,10.058823529411764,10.149999999999999,10.163157894736841,10.16,10.157142857142857,10.145454545454543,10.086956521739129,10.041666666666668,10.032,10.003846153846155,9.962962962962964,9.882142857142858,9.796551724137931,9.75,9.706451612903226,9.659375,9.593939393939394,9.517647058823528,9.462857142857144,9.436111111111112,9.418918918918921,9.40263157894737,9.425641025641026,9.459999999999999,9.458536585365854,9.464285714285714,9.488372093023257,9.518181818181818,9.555555555555557,9.597826086956522,9.627659574468087,9.666666666666666,9.693877551020408,9.690000000000001,9.666666666666666,9.646153846153847,9.611320754716981,9.585185185185185,9.565454545454546,9.555357142857144,9.549122807017545,9.534482758620692,9.53898305084746,9.573333333333332,9.614754098360658,9.670967741935485,9.714285714285715,9.7640625,9.81846153846154,9.866666666666667,9.911940298507464,9.958823529411763,10.007246376811596,10.050000000000002,10.077464788732396,10.093055555555557,10.105479452054794,10.104054054054057,10.097333333333335,10.077631578947368,10.044155844155846,10.011538461538462,9.97974683544304,9.95875,9.937037037037038,9.915853658536586,9.912048192771085,9.92261904761905,9.941176470588237,9.96279069767442,9.971264367816094,9.987499999999999,10.000000000000002,10.011111111111113,10.002197802197802,9.98913043478261,9.97204301075269,9.945744680851066,9.90842105263158,9.86875,9.831958762886599,9.79591836734694,9.754545454545456,9.701,9.63069306930693,9.566666666666668,9.515533980582525,9.470192307692308,9.446666666666667,9.428301886792452,9.413084112149534,9.412962962962963,9.420183486238532,9.43909090909091,9.45855855855856,9.487499999999999,9.519469026548673,9.560526315789472,9.595652173913043,9.623275862068963,9.637606837606839,9.64406779661017,9.639495798319329,9.629999999999999,9.624793388429753,9.624590163934426,9.629268292682926,9.63548387096774,9.6344,9.628571428571428,9.622047244094489,9.618749999999999,56.833333333333336,682.0,7.0,7.0,7.0,7.0,7.0,7.0,7.0,7.0,7.0,7.0,7.0,7.0,7.0,7.0,7.0,19.0,52.0,104.0,165.0,224.0,272.0,301.0,308.0,309.0,311.0,311.0,311.0,311.0,311.0,311.0,311.0,311.0,311.0,311.0,311.0,311.0,311.0,311.0,311.0,324.0,377.0,462.0,567.0,678.0,782.0,868.0,927.0,955.0,959.0,959.0,959.0,959.0,959.0,959.0,959.0,959.0,959.0,959.0,959.0,959.0,959.0,959.0,959.0,974.0,1008.0,1055.0,1109.0,1163.0,1208.0,1234.0,1237.0,1238.0,1238.0,1238.0,1238.0,1238.0,1238.0,1238.0,1238.0,1238.0,1238.0,1238.0,1238.0,1238.0,1238.0,1238.0,1238.0,1254.0,1316.0,1414.0,1538.0,1673.0,1804.0,1914.0,1991.0,2032.0,2043.0,2043.0,2043.0,2043.0,2043.0,2043.0,2043.0,2043.0,2043.0,2043.0,2043.0,2043.0,2043.0,2043.0,2043.0,2060.0,2066.0,2074.0,2082.0,2084.0,2086.0,2088.0,2090.0,2091.0,2093.0,2093.0,2093.0,2093.0,2093.0,2093.0,2093.0,2093.0,66,November 7,Macon
0.0025178897142416165,1.034517982612715,1.0486812209857863,2.831262201662029,2.831262201662029,0.6548483919591235,0.5858903920765259,5.089451138595578,5.089451138595578,0.7620527850757088,1.1763982538071849,3.280794508976022,3.280794508976022,0.4792697518974395,0.9661892155655648,1.9212511952352358,1.9212511952352358,0.305074895624565,0.1455328671205004,12.758333333333333,-0.06165161697741166,0.06165161697741166,158.39320705421292,7.0,6.9,6.866666666666667,7.025,7.4,7.8999999999999995,8.257142857142856,8.537500000000001,8.755555555555555,8.999999999999998,9.254545454545454,9.566666666666666,9.876923076923077,10.221428571428573,10.553333333333336,10.80625,11.052941176470588,11.255555555555556,11.410526315789474,11.520000000000001,11.590476190476192,11.590909090909092,11.521739130434783,11.424999999999999,11.335999999999999,11.211538461538463,11.103703703703705,10.975000000000003,10.879310344827585,10.790000000000001,10.67741935483871,10.615625,10.578787878787878,10.558823529411764,10.588571428571429,10.644444444444446,10.708108108108108,10.75,10.794871794871794,10.815000000000001,10.858536585365854,10.87857142857143,10.867441860465117,10.850000000000001,10.833333333333334,10.81304347826087,10.770212765957446,10.733333333333334,10.714285714285714,10.686,10.650980392156864,10.59423076923077,10.53396226415094,10.494444444444444,10.456363636363635,10.416071428571428,10.364912280701754,10.306896551724138,10.26101694915254,10.231666666666666,10.208196721311474,10.185483870967742,10.187301587301585,10.196874999999999,10.184615384615384,10.177272727272726,10.182089552238805,10.191176470588236,10.205797101449274,10.224285714285712,10.235211267605631,10.252777777777778,10.263013698630138,10.252702702702702,10.229333333333333,10.207894736842105,10.176623376623375,10.151282051282049,10.130379746835441,10.116249999999999,10.104938271604938,10.08780487804878,10.08433734939759,10.102380952380951,10.125882352941176,10.160465116279068,10.186206896551722,10.217045454545454,10.251685393258429,10.28222222222222,10.31098901098901,10.341304347826085,10.373118279569892,10.401063829787232,10.417894736842104,10.426041666666666,10.431958762886598,10.427551020408163,10.419191919191919,10.401,10.37227722772277,10.344117647058823,10.316504854368931,10.297115384615385,10.277142857142856,10.257547169811321,10.25140186915888,10.25648148148148,10.267889908256882,10.281818181818183,10.285585585585588,10.295535714285714,10.302654867256637,10.30877192982456,10.299130434782608,10.286206896551725,10.27008547008547,10.246610169491525,10.214285714285717,10.18,10.14793388429752,10.116393442622952,10.08048780487805,10.034677419354837,9.9752,9.920634920634921,9.876377952755908,9.83671875,1.8333333333333333,22.0,1.0,1.0,1.0,1.0,1.0,1.0,1.0,1.0,1.0,1.0,1.0,1.0,1.0,1.0,1.0,11.0,64.0,151.0,261.0,379.0,491.0,582.0,644.0,676.0,683.0,683.0,683.0,683.0,683.0,683.0,683.0,683.0,683.0,683.0,683.0,683.0,683.0,683.0,683.0,695.0,728.0,780.0,841.0,900.0,948.0,977.0,984.0,985.0,987.0,987.0,987.0,987.0,987.0,987.0,987.0,987.0,987.0,987.0,987.0,987.0,987.0,987.0,987.0,1000.0,1053.0,1138.0,1243.0,1354.0,1458.0,1544.0,1603.0,1631.0,1635.0,1635.0,1635.0,1635.0,1635.0,1635.0,1635.0,1635.0,1635.0,1635.0,1635.0,1635.0,1635.0,1635.0,1635.0,1650.0,1684.0,1731.0,1785.0,1839.0,1884.0,1910.0,1913.0,1914.0,1914.0,1914.0,1914.0,1914.0,1914.0,1914.0,1914.0,1914.0,1914.0,1914.0,1914.0,1914.0,1914.0,1914.0,1914.0,1930.0,1992.0,2090.0,2214.0,2349.0,2480.0,2590.0,2667.0,2708.0,2719.0,2719.0,2719.0,2719.0,2719.0,2719.0,2719.0,2719.0,67,November 8,Macon
0.0025178897142416165,1.034517982612715,1.0486812209857863,2.831262201662029,2.831262201662029,0.6548483919591235,0.5858903920765259,5.089451138595578,5.089451138595578,0.7620527850757088,1.1763982538071849,3.280794508976022,3.280794508976022,0.4792697518974395,0.9661892155655648,1.9212511952352358,1.9212511952352358,0.305074895624565,0.1455328671205004,11.733333333333334,-0.019945268741921714,0.019945268741921714,165.43323863636363,8.700000000000001,8.850000000000001,8.833333333333334,8.775,8.74,8.766666666666667,8.557142857142859,8.45,8.4,8.45,8.463636363636363,8.466666666666667,8.476923076923075,8.557142857142855,8.613333333333333,8.6,8.535294117647059,8.427777777777777,8.310526315789474,8.209999999999999,8.09047619047619,8.0,7.908695652173913,7.854166666666667,7.82,7.78076923076923,7.7444444444444445,7.735714285714286,7.775862068965517,7.863333333333333,7.945161290322581,8.025,8.1,8.191176470588236,8.294285714285715,8.425,8.564864864864866,8.726315789473684,8.892307692307694,9.035,9.18048780487805,9.311904761904762,9.425581395348837,9.520454545454545,9.59777777777778,9.641304347826088,9.648936170212767,9.639583333333333,9.630612244897959,9.6,9.574509803921568,9.534615384615385,9.50943396226415,9.485185185185186,9.445454545454545,9.432142857142859,9.431578947368424,9.439655172413794,9.476271186440679,9.528333333333334,9.585245901639345,9.629032258064516,9.674603174603174,9.704687499999999,9.74923076923077,9.778787878787881,9.788059701492537,9.79264705882353,9.797101449275363,9.798571428571428,9.78450704225352,9.773611111111112,9.773972602739725,9.767567567567568,9.756,9.728947368421052,9.6987012987013,9.682051282051281,9.665822784810127,9.647499999999999,9.620987654320988,9.589024390243903,9.565060240963856,9.552380952380952,9.543529411764707,9.534883720930234,9.54367816091954,9.557954545454546,9.5561797752809,9.557777777777778,9.568131868131868,9.581521739130435,9.598924731182796,9.619148936170212,9.633684210526315,9.653125000000001,9.667010309278352,9.66530612244898,9.653535353535354,9.643,9.624752475247526,9.61078431372549,9.600000000000001,9.59423076923077,9.59047619047619,9.582075471698113,9.58411214953271,9.60277777777778,9.625688073394496,9.657272727272726,9.68198198198198,9.710714285714285,9.742477876106195,9.771052631578947,9.798260869565217,9.826724137931034,9.856410256410255,9.883050847457625,9.900840336134452,9.911666666666667,9.920661157024794,9.921311475409837,9.91869918699187,9.908064516129032,9.8888,9.869841269841269,9.851181102362203,9.8390625,1.6666666666666667,20.0,0.0,0.0,0.0,0.0,0.0,0.0,0.0,0.0,0.0,0.0,0.0,0.0,0.0,0.0,0.0,9.0,9.0,11.0,13.0,15.0,17.0,19.0,19.0,21.0,22.0,22.0,22.0,22.0,22.0,22.0,22.0,22.0,22.0,22.0,22.0,22.0,22.0,22.0,22.0,32.0,85.0,172.0,282.0,400.0,512.0,603.0,665.0,697.0,704.0,704.0,704.0,704.0,704.0,704.0,704.0,704.0,704.0,704.0,704.0,704.0,704.0,704.0,704.0,716.0,749.0,801.0,862.0,921.0,969.0,998.0,1005.0,1006.0,1008.0,1008.0,1008.0,1008.0,1008.0,1008.0,1008.0,1008.0,1008.0,1008.0,1008.0,1008.0,1008.0,1008.0,1008.0,1021.0,1074.0,1159.0,1264.0,1375.0,1479.0,1565.0,1624.0,1652.0,1656.0,1656.0,1656.0,1656.0,1656.0,1656.0,1656.0,1656.0,1656.0,1656.0,1656.0,1656.0,1656.0,1656.0,1656.0,1671.0,1705.0,1752.0,1806.0,1860.0,1905.0,1931.0,1934.0,1935.0,1935.0,1935.0,1935.0,1935.0,1935.0,1935.0,1935.0,1935.0,68,November 9,Macon
0.0025178897142416165,1.034517982612715,1.0486812209857863,2.831262201662029,2.831262201662029,0.6548483919591235,0.5858903920765259,5.089451138595578,5.089451138595578,0.7620527850757088,1.1763982538071849,3.280794508976022,3.280794508976022,0.4792697518974395,0.9661892155655648,1.9212511952352358,1.9212511952352358,0.305074895624565,0.1455328671205004,10.791666666666664,-0.05725630844114266,0.05725630844114266,159.13513513513513,8.4,8.5,8.666666666666666,8.875,9.120000000000001,9.166666666666666,9.142857142857142,9.1875,9.277777777777779,9.39,9.463636363636363,9.416666666666666,9.392307692307693,9.4,9.3,9.212499999999999,9.170588235294119,9.188888888888888,9.189473684210524,9.154999999999998,9.057142857142855,8.98181818181818,8.904347826086957,8.841666666666667,8.836,8.842307692307692,8.84074074074074,8.832142857142857,8.824137931034482,8.826666666666666,8.777419354838708,8.74375,8.72121212121212,8.726470588235296,8.722857142857142,8.716666666666667,8.713513513513515,8.736842105263158,8.753846153846153,8.745000000000001,8.714634146341462,8.664285714285715,8.606976744186047,8.554545454545455,8.491111111111111,8.439130434782607,8.385106382978725,8.347916666666666,8.320408163265306,8.29,8.26078431372549,8.246153846153847,8.258490566037736,8.29814814814815,8.336363636363636,8.375,8.412280701754385,8.460344827586207,8.516949152542374,8.591666666666667,8.673770491803278,8.770967741935483,8.873015873015873,8.962499999999999,9.055384615384616,9.14090909090909,9.216417910447761,9.280882352941175,9.334782608695653,9.367142857142857,9.37605633802817,9.37361111111111,9.371232876712329,9.354054054054055,9.34,9.31578947368421,9.301298701298702,9.287179487179488,9.262025316455697,9.254999999999999,9.25679012345679,9.264634146341464,9.29277108433735,9.332142857142857,9.37529411764706,9.409302325581395,9.444827586206896,9.469318181818181,9.504494382022472,9.528888888888888,9.538461538461538,9.544565217391304,9.550537634408602,9.554255319148936,9.546315789473685,9.540625,9.543298969072165,9.540816326530612,9.534343434343436,9.516,9.495049504950495,9.484313725490196,9.47378640776699,9.461538461538462,9.442857142857143,9.419811320754716,9.402803738317756,9.394444444444444,9.388990825688072,9.383636363636365,9.391891891891891,9.404464285714287,9.404424778761062,9.40701754385965,9.416521739130436,9.428448275862067,9.443589743589742,9.461016949152544,9.473949579831931,9.490833333333335,9.503305785123967,9.50327868852459,9.495121951219513,9.487903225806452,9.474400000000001,9.464285714285714,9.456692913385826,9.453125,17.083333333333332,205.0,0.0,0.0,0.0,0.0,0.0,0.0,0.0,0.0,0.0,0.0,0.0,0.0,0.0,0.0,0.0,8.0,8.0,10.0,12.0,14.0,16.0,18.0,18.0,20.0,20.0,20.0,20.0,20.0,20.0,20.0,20.0,20.0,20.0,20.0,20.0,20.0,20.0,20.0,20.0,29.0,29.0,31.0,33.0,35.0,37.0,39.0,39.0,41.0,42.0,42.0,42.0,42.0,42.0,42.0,42.0,42.0,42.0,42.0,42.0,42.0,42.0,42.0,42.0,52.0,105.0,192.0,302.0,420.0,532.0,623.0,685.0,717.0,724.0,724.0,724.0,724.0,724.0,724.0,724.0,724.0,724.0,724.0,724.0,724.0,724.0,724.0,724.0,736.0,769.0,821.0,882.0,941.0,989.0,1018.0,1025.0,1026.0,1028.0,1028.0,1028.0,1028.0,1028.0,1028.0,1028.0,1028.0,1028.0,1028.0,1028.0,1028.0,1028.0,1028.0,1028.0,1041.0,1094.0,1179.0,1284.0,1395.0,1499.0,1585.0,1644.0,1672.0,1676.0,1676.0,1676.0,1676.0,1676.0,1676.0,1676.0,1676.0,69,November 10,Macon
0.0025178897142416165,1.034517982612715,1.0486812209857863,2.831262201662029,2.831262201662029,0.6548483919591235,0.5858903920765259,5.089451138595578,5.089451138595578,0.7620527850757088,1.1763982538071849,3.280794508976022,3.280794508976022,0.4792697518974395,0.9661892155655648,1.9212511952352358,1.9212511952352358,0.305074895624565,0.1455328671205004,12.625,-0.022531400059437268,0.022531400059437268,164.996699669967,6.8,6.699999999999999,6.5,6.6499999999999995,6.659999999999999,6.3500000000000005,6.185714285714285,6.225,6.455555555555555,6.720000000000001,6.954545454545454,7.158333333333331,7.36153846153846,7.557142857142856,7.7333333333333325,7.86875,7.988235294117648,8.072222222222221,8.126315789473683,8.16,8.18095238095238,8.181818181818182,8.18695652173913,8.183333333333334,8.192,8.207692307692309,8.23703703703704,8.282142857142857,8.344827586206897,8.38,8.399999999999999,8.434375,8.481818181818182,8.538235294117648,8.585714285714287,8.594444444444445,8.608108108108109,8.631578947368423,8.612820512820514,8.595,8.59268292682927,8.614285714285714,8.627906976744187,8.625000000000002,8.591111111111113,8.56521739130435,8.536170212765958,8.512500000000001,8.516326530612245,8.526,8.53137254901961,8.53269230769231,8.533962264150945,8.540740740740743,8.51818181818182,8.50357142857143,8.494736842105263,8.501724137931037,8.503389830508475,8.503333333333336,8.504918032786884,8.52258064516129,8.536507936507936,8.534374999999999,8.518461538461537,8.489393939393938,8.455223880597014,8.423529411764704,8.384057971014494,8.351428571428572,8.316901408450706,8.293055555555556,8.275342465753425,8.255405405405405,8.236,8.226315789473684,8.235064935064935,8.262820512820513,8.289873417721518,8.317499999999999,8.344444444444443,8.379268292682926,8.420481927710844,8.475,8.53529411764706,8.606976744186047,8.682758620689654,8.75,8.820224719101123,8.885555555555555,8.943956043956044,8.994565217391305,9.037634408602152,9.064893617021276,9.074736842105263,9.076041666666667,9.077319587628866,9.067346938775511,9.05959595959596,9.044,9.035643564356436,9.027450980392157,9.010679611650486,9.007692307692308,9.01142857142857,9.019811320754718,9.04392523364486,9.076851851851853,9.112844036697249,9.141818181818183,9.172072072072073,9.193749999999998,9.223893805309734,9.245614035087717,9.255652173913042,9.262931034482754,9.270085470085467,9.275423728813557,9.271428571428569,9.269166666666669,9.273553719008266,9.273770491803278,9.270731707317072,9.25806451612903,9.243199999999998,9.236507936507934,9.229921259842518,9.221875,2.8333333333333335,34.0,0.0,0.0,0.0,0.0,0.0,0.0,0.0,0.0,0.0,0.0,0.0,0.0,0.0,0.0,0.0,6.0,34.0,72.0,114.0,154.0,187.0,203.0,203.0,205.0,205.0,205.0,205.0,205.0,205.0,205.0,205.0,205.0,205.0,205.0,205.0,205.0,205.0,205.0,205.0,213.0,213.0,215.0,217.0,219.0,221.0,223.0,223.0,225.0,225.0,225.0,225.0,225.0,225.0,225.0,225.0,225.0,225.0,225.0,225.0,225.0,225.0,225.0,225.0,234.0,234.0,236.0,238.0,240.0,242.0,244.0,244.0,246.0,247.0,247.0,247.0,247.0,247.0,247.0,247.0,247.0,247.0,247.0,247.0,247.0,247.0,247.0,247.0,257.0,310.0,397.0,507.0,625.0,737.0,828.0,890.0,922.0,929.0,929.0,929.0,929.0,929.0,929.0,929.0,929.0,929.0,929.0,929.0,929.0,929.0,929.0,929.0,941.0,974.0,1026.0,1087.0,1146.0,1194.0,1223.0,1230.0,1231.0,1233.0,1233.0,1233.0,1233.0,1233.0,1233.0,1233.0,1233.0,70,November 11,Macon
0.0025178897142416165,1.034517982612715,1.0486812209857863,2.831262201662029,2.831262201662029,0.6548483919591235,0.5858903920765259,5.089451138595578,5.089451138595578,0.7620527850757088,1.1763982538071849,3.280794508976022,3.280794508976022,0.4792697518974395,0.9661892155655648,1.9212511952352358,1.9212511952352358,0.305074895624565,0.1455328671205004,10.3,-0.21313018604579848,0.21313018604579848,132.82362459546923,6.2,6.300000000000001,6.233333333333333,6.2250000000000005,6.3999999999999995,6.3999999999999995,6.5,6.575,6.7,6.8,6.854545454545455,6.908333333333334,6.9692307692307685,7.014285714285714,7.08,7.137499999999999,7.194117647058824,7.23888888888889,7.236842105263157,7.18,7.157142857142857,7.159090909090907,7.14782608695652,7.141666666666667,7.127999999999999,7.107692307692307,7.0703703703703695,7.071428571428571,7.058620689655171,6.9833333333333325,6.925806451612902,6.9125,6.954545454545454,7.017647058823529,7.082857142857143,7.147222222222222,7.218918918918918,7.294736842105263,7.369230769230769,7.4325,7.492682926829268,7.54047619047619,7.576744186046512,7.604545454545455,7.626666666666668,7.639130434782608,7.653191489361703,7.662500000000001,7.677551020408163,7.696000000000001,7.7215686274509805,7.755769230769231,7.800000000000001,7.82962962962963,7.850909090909092,7.880357142857144,7.917543859649123,7.960344827586207,7.9983050847457635,8.013333333333332,8.031147540983607,8.05483870967742,8.052380952380952,8.05,8.056923076923077,8.078787878787878,8.095522388059702,8.101470588235296,8.086956521739133,8.077142857142858,8.064788732394367,8.055555555555555,8.064383561643837,8.077027027027027,8.086666666666668,8.09342105263158,8.100000000000001,8.110256410256412,8.100000000000001,8.094999999999999,8.093827160493829,8.103658536585366,8.109638554216868,8.114285714285716,8.120000000000001,8.137209302325582,8.151724137931037,8.154545454545454,8.147191011235956,8.129999999999999,8.10879120879121,8.089130434782609,8.063440860215055,8.042553191489361,8.020000000000001,8.005208333333334,7.994845360824742,7.9826530612244895,7.970707070707071,7.966,7.975247524752477,7.999019607843138,8.02233009708738,8.046153846153846,8.069523809523808,8.099056603773587,8.133644859813083,8.178703703703706,8.228440366972476,8.287272727272729,8.34954954954955,8.405357142857143,8.463716814159293,8.51842105263158,8.567826086956522,8.611206896551725,8.64871794871795,8.673728813559322,8.684873949579833,8.689166666666665,8.693388429752066,8.688524590163935,8.685365853658537,8.675806451612903,8.672,8.66825396825397,8.65748031496063,8.657812499999999,54.666666666666664,656.0,4.0,4.0,4.0,4.0,4.0,4.0,4.0,4.0,4.0,4.0,4.0,4.0,4.0,4.0,4.0,9.0,21.0,28.0,30.0,32.0,34.0,36.0,36.0,38.0,38.0,38.0,38.0,38.0,38.0,38.0,38.0,38.0,38.0,38.0,38.0,38.0,38.0,38.0,38.0,44.0,72.0,110.0,152.0,192.0,225.0,241.0,241.0,243.0,243.0,243.0,243.0,243.0,243.0,243.0,243.0,243.0,243.0,243.0,243.0,243.0,243.0,243.0,243.0,251.0,251.0,253.0,255.0,257.0,259.0,261.0,261.0,263.0,263.0,263.0,263.0,263.0,263.0,263.0,263.0,263.0,263.0,263.0,263.0,263.0,263.0,263.0,263.0,272.0,272.0,274.0,276.0,278.0,280.0,282.0,282.0,284.0,285.0,285.0,285.0,285.0,285.0,285.0,285.0,285.0,285.0,285.0,285.0,285.0,285.0,285.0,285.0,295.0,348.0,435.0,545.0,663.0,775.0,866.0,928.0,960.0,967.0,967.0,967.0,967.0,967.0,967.0,967.0,967.0,71,November 12,Macon
0.0025178897142416165,1.034517982612715,1.0486812209857863,2.831262201662029,2.831262201662029,0.6548483919591235,0.5858903920765259,5.089451138595578,5.089451138595578,0.7620527850757088,1.1763982538071849,3.280794508976022,3.280794508976022,0.4792697518974395,0.9661892155655648,1.9212511952352358,1.9212511952352358,0.305074895624565,0.1455328671205004,8.183333333333335,0.016882076427833476,0.016882076427833476,171.6496945010183,7.7,7.4,7.433333333333334,7.1499999999999995,6.860000000000001,6.683333333333334,6.6571428571428575,6.625,6.7,6.889999999999999,7.0636363636363635,7.208333333333333,7.438461538461538,7.542857142857143,7.726666666666666,7.862500000000001,8.041176470588235,8.255555555555555,8.415789473684208,8.55,8.60952380952381,8.60909090909091,8.552173913043477,8.454166666666666,8.363999999999999,8.288461538461537,8.207407407407407,8.135714285714284,8.1,8.043333333333333,8.012903225806452,7.984375,7.975757575757576,7.96764705882353,7.951428571428572,7.938888888888889,7.932432432432431,7.923684210526316,7.925641025641026,7.9275,7.931707317073171,7.933333333333333,7.916279069767441,7.875000000000001,7.84888888888889,7.834782608695653,7.814893617021277,7.797916666666666,7.777551020408162,7.754,7.7215686274509805,7.709615384615384,7.690566037735849,7.637037037037037,7.592727272727273,7.573214285714286,7.585964912280701,7.612068965517241,7.640677966101695,7.670000000000001,7.704918032786885,7.743548387096775,7.782539682539683,7.815624999999999,7.8476923076923075,7.872727272727273,7.891044776119403,7.904411764705882,7.914492753623191,7.91857142857143,7.9239436619718315,7.92638888888889,7.932876712328769,7.941891891891893,7.956,7.976315789473685,8.003896103896105,8.021794871794873,8.034177215189874,8.0525,8.076543209876544,8.104878048780488,8.130120481927712,8.139285714285714,8.15058823529412,8.166279069767443,8.163218390804598,8.160227272727273,8.164044943820224,8.178888888888888,8.190109890109891,8.193478260869567,8.181720430107529,8.17340425531915,8.163157894736843,8.155208333333333,8.16082474226804,8.169387755102042,8.175757575757578,8.180000000000001,8.184158415841585,8.191176470588237,8.182524271844661,8.177884615384615,8.176190476190476,8.183018867924527,8.186915887850468,8.189814814814815,8.193577981651377,8.206363636363635,8.217117117117118,8.21875,8.212389380530974,8.19824561403509,8.180869565217392,8.164655172413793,8.143589743589745,8.126271186440677,8.107563025210084,8.095,8.08595041322314,8.075409836065575,8.065040650406505,8.060483870967742,8.0672,8.085714285714285,8.103937007874014,8.122656249999999,15.833333333333334,190.0,1.0,1.0,1.0,1.0,1.0,1.0,1.0,1.0,1.0,1.0,1.0,1.0,1.0,1.0,1.0,5.0,55.0,140.0,248.0,362.0,469.0,558.0,621.0,653.0,657.0,657.0,657.0,657.0,657.0,657.0,657.0,657.0,657.0,657.0,657.0,657.0,657.0,657.0,657.0,662.0,674.0,681.0,683.0,685.0,687.0,689.0,689.0,691.0,691.0,691.0,691.0,691.0,691.0,691.0,691.0,691.0,691.0,691.0,691.0,691.0,691.0,691.0,691.0,697.0,725.0,763.0,805.0,845.0,878.0,894.0,894.0,896.0,896.0,896.0,896.0,896.0,896.0,896.0,896.0,896.0,896.0,896.0,896.0,896.0,896.0,896.0,896.0,904.0,904.0,906.0,908.0,910.0,912.0,914.0,914.0,916.0,916.0,916.0,916.0,916.0,916.0,916.0,916.0,916.0,916.0,916.0,916.0,916.0,916.0,916.0,916.0,925.0,925.0,927.0,929.0,931.0,933.0,935.0,935.0,937.0,938.0,938.0,938.0,938.0,938.0,938.0,938.0,938.0,72,November 13,Macon
0.0025178897142416165,1.034517982612715,1.0486812209857863,2.831262201662029,2.831262201662029,0.6548483919591235,0.5858903920765259,5.089451138595578,5.089451138595578,0.7620527850757088,1.1763982538071849,3.280794508976022,3.280794508976022,0.4792697518974395,0.9661892155655648,1.9212511952352358,1.9212511952352358,0.305074895624565,0.1455328671205004,10.108333333333334,-0.030008634735077765,0.030008634735077765,163.73454245671888,8.6,7.9,7.333333333333333,7.025,6.58,6.216666666666666,5.971428571428571,5.9125,6.055555555555555,6.270000000000001,6.4,6.566666666666666,6.861538461538462,7.1571428571428575,7.566666666666666,8.00625,8.394117647058824,8.683333333333332,8.921052631578945,9.145,9.27142857142857,9.277272727272727,9.247826086956522,9.191666666666666,9.132,9.053846153846154,8.996296296296295,8.899999999999999,8.789655172413791,8.69,8.619354838709677,8.55,8.512121212121214,8.514705882352942,8.522857142857143,8.530555555555557,8.575675675675676,8.584210526315792,8.62820512820513,8.66,8.714634146341464,8.790476190476191,8.848837209302326,8.9,8.92,8.913043478260871,8.87872340425532,8.822916666666666,8.769387755102041,8.722000000000001,8.670588235294117,8.623076923076924,8.59433962264151,8.553703703703704,8.527272727272727,8.501785714285715,8.487719298245615,8.474137931034482,8.45593220338983,8.44,8.427868852459017,8.41451612903226,8.407936507936508,8.401562499999999,8.396923076923079,8.390909090909092,8.37313432835821,8.339705882352943,8.315942028985509,8.300000000000002,8.280281690140846,8.262500000000001,8.242465753424659,8.220270270270271,8.192000000000002,8.177631578947372,8.15844155844156,8.115384615384617,8.078481012658228,8.05875,8.06172839506173,8.074390243902439,8.089156626506027,8.104761904761906,8.124705882352943,8.147674418604653,8.171264367816091,8.19090909090909,8.21011235955056,8.224444444444446,8.234065934065935,8.24021739130435,8.244086021505376,8.243617021276595,8.24421052631579,8.242708333333333,8.244329896907217,8.247959183673471,8.255555555555556,8.268000000000002,8.286138613861388,8.297058823529412,8.303883495145632,8.315384615384614,8.331428571428573,8.350943396226416,8.368224299065421,8.37314814814815,8.379816513761469,8.39,8.385585585585586,8.38125,8.382300884955752,8.392105263157895,8.39913043478261,8.4,8.38888888888889,8.380508474576272,8.370588235294118,8.3625,8.365289256198347,8.37049180327869,8.373983739837398,8.375806451612902,8.3776,8.381746031746031,8.373228346456692,8.36796875,15.5,186.0,0.0,0.0,0.0,0.0,0.0,0.0,0.0,0.0,0.0,0.0,0.0,0.0,0.0,0.0,0.0,3.0,24.0,61.0,107.0,150.0,178.0,186.0,187.0,189.0,190.0,190.0,190.0,190.0,190.0,190.0,190.0,190.0,190.0,190.0,190.0,190.0,190.0,190.0,190.0,194.0,244.0,329.0,437.0,551.0,658.0,747.0,810.0,842.0,846.0,846.0,846.0,846.0,846.0,846.0,846.0,846.0,846.0,846.0,846.0,846.0,846.0,846.0,846.0,851.0,863.0,870.0,872.0,874.0,876.0,878.0,878.0,880.0,880.0,880.0,880.0,880.0,880.0,880.0,880.0,880.0,880.0,880.0,880.0,880.0,880.0,880.0,880.0,886.0,914.0,952.0,994.0,1034.0,1067.0,1083.0,1083.0,1085.0,1085.0,1085.0,1085.0,1085.0,1085.0,1085.0,1085.0,1085.0,1085.0,1085.0,1085.0,1085.0,1085.0,1085.0,1085.0,1093.0,1093.0,1095.0,1097.0,1099.0,1101.0,1103.0,1103.0,1105.0,1105.0,1105.0,1105.0,1105.0,1105.0,1105.0,1105.0,1105.0,73,November 14,Macon
0.0025178897142416165,1.034517982612715,1.0486812209857863,2.831262201662029,2.831262201662029,0.6548483919591235,0.5858903920765259,5.089451138595578,5.089451138595578,0.7620527850757088,1.1763982538071849,3.280794508976022,3.280794508976022,0.4792697518974395,0.9661892155655648,1.9212511952352358,1.9212511952352358,0.305074895624565,0.1455328671205004,11.666666666666664,-0.024119837508463172,0.024119837508463172,164.72857142857143,6.0,5.45,4.8,4.55,4.38,4.05,3.885714285714286,3.9125,4.111111111111111,4.529999999999999,4.918181818181818,5.283333333333333,5.584615384615385,5.864285714285715,6.173333333333335,6.4312499999999995,6.6000000000000005,6.800000000000001,6.9421052631578934,7.114999999999999,7.2285714285714295,7.363636363636363,7.504347826086956,7.587500000000001,7.627999999999999,7.611538461538462,7.559259259259259,7.507142857142858,7.413793103448276,7.3133333333333335,7.22258064516129,7.16875,7.169696969696971,7.2,7.214285714285715,7.247222222222224,7.332432432432431,7.428947368421052,7.579487179487177,7.755000000000001,7.921951219512194,8.057142857142857,8.17674418604651,8.295454545454545,8.373333333333333,8.395652173913042,8.399999999999999,8.389583333333334,8.375510204081632,8.35,8.333333333333334,8.294230769230769,8.245283018867925,8.2,8.169090909090908,8.1375,8.12280701754386,8.13103448275862,8.142372881355932,8.153333333333332,8.186885245901639,8.198387096774193,8.231746031746033,8.2578125,8.29846153846154,8.353030303030303,8.397014925373135,8.436764705882352,8.456521739130435,8.458571428571428,8.44225352112676,8.41111111111111,8.380821917808218,8.354054054054053,8.324,8.296052631578945,8.28051948051948,8.256410256410257,8.241772151898733,8.227500000000001,8.220987654320988,8.214634146341464,8.204819277108433,8.19642857142857,8.190588235294117,8.183720930232557,8.181609195402297,8.179545454545455,8.178651685393259,8.176666666666666,8.165934065934065,8.143478260869564,8.127956989247311,8.11808510638298,8.105263157894736,8.09375,8.08041237113402,8.065306122448979,8.045454545454545,8.036,8.022772277227723,7.991176470588234,7.964077669902911,7.949999999999999,7.953333333333332,7.964150943396226,7.9766355140186915,7.989814814814815,8.006422018348623,8.025454545454545,8.045045045045043,8.061607142857143,8.07787610619469,8.090350877192982,8.099130434782609,8.105172413793102,8.109401709401709,8.110169491525424,8.11176470588235,8.111666666666668,8.11404958677686,8.118032786885246,8.12520325203252,8.136290322580646,8.152,8.161904761904763,8.168503937007875,8.17890625,15.083333333333334,181.0,0.0,0.0,0.0,0.0,0.0,0.0,0.0,0.0,0.0,0.0,0.0,0.0,0.0,0.0,0.0,2.0,24.0,56.0,96.0,138.0,171.0,183.0,184.0,186.0,186.0,186.0,186.0,186.0,186.0,186.0,186.0,186.0,186.0,186.0,186.0,186.0,186.0,186.0,186.0,189.0,210.0,247.0,293.0,336.0,364.0,372.0,373.0,375.0,376.0,376.0,376.0,376.0,376.0,376.0,376.0,376.0,376.0,376.0,376.0,376.0,376.0,376.0,376.0,380.0,430.0,515.0,623.0,737.0,844.0,933.0,996.0,1028.0,1032.0,1032.0,1032.0,1032.0,1032.0,1032.0,1032.0,1032.0,1032.0,1032.0,1032.0,1032.0,1032.0,1032.0,1032.0,1037.0,1049.0,1056.0,1058.0,1060.0,1062.0,1064.0,1064.0,1066.0,1066.0,1066.0,1066.0,1066.0,1066.0,1066.0,1066.0,1066.0,1066.0,1066.0,1066.0,1066.0,1066.0,1066.0,1066.0,1072.0,1100.0,1138.0,1180.0,1220.0,1253.0,1269.0,1269.0,1271.0,1271.0,1271.0,1271.0,1271.0,1271.0,1271.0,1271.0,1271.0,74,November 15,Macon
0.0025178897142416165,1.034517982612715,1.0486812209857863,2.831262201662029,2.831262201662029,0.6548483919591235,0.5858903920765259,5.089451138595578,5.089451138595578,0.7620527850757088,1.1763982538071849,3.280794508976022,3.280794508976022,0.4792697518974395,0.9661892155655648,1.9212511952352358,1.9212511952352358,0.305074895624565,0.1455328671205004,9.983333333333334,-0.0931271708772126,0.0931271708772126,153.08013355592652,10.2,9.3,8.633333333333333,8.524999999999999,8.6,8.533333333333333,8.414285714285715,8.3625,8.3,8.22,8.20909090909091,8.183333333333334,8.184615384615386,8.292857142857144,8.34,8.43125,8.46470588235294,8.488888888888887,8.521052631578948,8.525,8.49047619047619,8.45,8.352173913043476,8.258333333333333,8.168,8.042307692307691,7.874074074074074,7.728571428571428,7.589655172413793,7.416666666666667,7.2709677419354835,7.171875,7.127272727272727,7.161764705882353,7.208571428571429,7.2666666666666675,7.31891891891892,7.376315789473683,7.456410256410254,7.527500000000001,7.570731707317073,7.633333333333333,7.676744186046511,7.738636363636362,7.777777777777777,7.830434782608694,7.889361702127657,7.922916666666667,7.9367346938775505,7.922,7.888235294117647,7.8538461538461535,7.796226415094338,7.733333333333332,7.674545454545453,7.635714285714286,7.628070175438597,7.637931034482758,7.638983050847457,7.651666666666666,7.696721311475409,7.749999999999999,7.838095238095237,7.9437500000000005,8.046153846153846,8.13030303030303,8.20597014925373,8.282352941176471,8.333333333333334,8.34857142857143,8.35211267605634,8.345833333333335,8.336986301369864,8.32027027027027,8.309333333333333,8.282894736842106,8.249350649350648,8.217948717948717,8.19620253164557,8.17375,8.162962962962963,8.16829268292683,8.175903614457832,8.183333333333334,8.207058823529412,8.215116279069768,8.239080459770117,8.257954545454545,8.287640449438204,8.32777777777778,8.360439560439561,8.390217391304347,8.405376344086022,8.407446808510638,8.395789473684212,8.372916666666667,8.350515463917526,8.330612244897958,8.30808080808081,8.286999999999999,8.275247524752476,8.25686274509804,8.245631067961165,8.234615384615385,8.22952380952381,8.224528301886792,8.216822429906541,8.210185185185184,8.205504587155962,8.2,8.198198198198199,8.196428571428571,8.19557522123894,8.193859649122807,8.185217391304347,8.167241379310344,8.154700854700854,8.146610169491526,8.136134453781512,8.126666666666667,8.115702479338843,8.10327868852459,8.086991869918698,8.079032258064517,8.068,8.042063492063491,8.01968503937008,8.0078125,31.083333333333332,373.0,0.0,0.0,0.0,0.0,0.0,0.0,0.0,0.0,0.0,0.0,0.0,0.0,0.0,0.0,0.0,1.0,28.0,61.0,97.0,133.0,163.0,178.0,179.0,181.0,181.0,181.0,181.0,181.0,181.0,181.0,181.0,181.0,181.0,181.0,181.0,181.0,181.0,181.0,181.0,183.0,205.0,237.0,277.0,319.0,352.0,364.0,365.0,367.0,367.0,367.0,367.0,367.0,367.0,367.0,367.0,367.0,367.0,367.0,367.0,367.0,367.0,367.0,367.0,370.0,391.0,428.0,474.0,517.0,545.0,553.0,554.0,556.0,557.0,557.0,557.0,557.0,557.0,557.0,557.0,557.0,557.0,557.0,557.0,557.0,557.0,557.0,557.0,561.0,611.0,696.0,804.0,918.0,1025.0,1114.0,1177.0,1209.0,1213.0,1213.0,1213.0,1213.0,1213.0,1213.0,1213.0,1213.0,1213.0,1213.0,1213.0,1213.0,1213.0,1213.0,1213.0,1218.0,1230.0,1237.0,1239.0,1241.0,1243.0,1245.0,1245.0,1247.0,1247.0,1247.0,1247.0,1247.0,1247.0,1247.0,1247.0,1247.0,75,November 16,Macon
0.0025178897142416165,1.034517982612715,1.0486812209857863,2.831262201662029,2.831262201662029,0.6548483919591235,0.5858903920765259,5.089451138595578,5.089451138595578,0.7620527850757088,1.1763982538071849,3.280794508976022,3.280794508976022,0.4792697518974395,0.9661892155655648,1.9212511952352358,1.9212511952352358,0.305074895624565,0.1455328671205004,12.541666666666668,-0.0010785533214719288,0.0010785533214719288,168.61794019933555,4.6,4.0,3.4333333333333336,3.225,3.2,3.1833333333333336,3.1571428571428575,3.1375,3.077777777777778,3.1800000000000006,3.4454545454545458,3.766666666666666,4.1,4.442857142857142,4.779999999999999,5.13125,5.4529411764705875,5.738888888888889,6.015789473684211,6.215,6.404761904761903,6.568181818181818,6.730434782608695,6.891666666666666,7.024,7.076923076923077,7.0851851851851855,7.125,7.186206896551723,7.22,7.235483870967743,7.259375,7.275757575757575,7.282352941176471,7.305714285714287,7.322222222222223,7.345945945945948,7.407894736842107,7.44871794871795,7.5075,7.543902439024392,7.576190476190476,7.611627906976745,7.63409090909091,7.637777777777779,7.6369565217391315,7.606382978723405,7.574999999999999,7.542857142857144,7.49,7.411764705882354,7.342307692307693,7.273584905660378,7.183333333333334,7.105454545454546,7.051785714285714,7.028070175438597,7.05,7.079661016949152,7.116666666666668,7.150819672131149,7.188709677419356,7.241269841269843,7.2890625,7.32,7.363636363636363,7.395522388059702,7.439705882352942,7.469565217391304,7.508571428571429,7.552112676056339,7.5791666666666675,7.593150684931506,7.587837837837838,7.569333333333333,7.55,7.514285714285713,7.4743589743589745,7.436708860759493,7.4125,7.409876543209876,7.419512195121951,7.422891566265059,7.434523809523809,7.469411764705882,7.51046511627907,7.577011494252874,7.656818181818181,7.734831460674157,7.8,7.859340659340659,7.919565217391304,7.961290322580645,7.976595744680852,7.983157894736842,7.982291666666666,7.979381443298969,7.970408163265305,7.965656565656564,7.949,7.926732673267327,7.905882352941176,7.892233009708738,7.877884615384615,7.8723809523809525,7.879245283018867,7.88785046728972,7.8962962962962955,7.91743119266055,7.926363636363636,7.947747747747748,7.965178571428571,7.991150442477876,8.025438596491227,8.05391304347826,8.080172413793104,8.094871794871795,8.099152542372881,8.092436974789916,8.076666666666666,8.061157024793388,8.047540983606558,8.03170731707317,8.016935483870968,8.009599999999999,7.996825396825397,7.98976377952756,7.9828125,6.75,81.0,0.0,0.0,0.0,0.0,0.0,0.0,0.0,0.0,0.0,0.0,0.0,0.0,0.0,0.0,0.0,0.0,38.0,97.0,165.0,232.0,293.0,340.0,367.0,373.0,373.0,373.0,373.0,373.0,373.0,373.0,373.0,373.0,373.0,373.0,373.0,373.0,373.0,373.0,373.0,374.0,401.0,434.0,470.0,506.0,536.0,551.0,552.0,554.0,554.0,554.0,554.0,554.0,554.0,554.0,554.0,554.0,554.0,554.0,554.0,554.0,554.0,554.0,554.0,556.0,578.0,610.0,650.0,692.0,725.0,737.0,738.0,740.0,740.0,740.0,740.0,740.0,740.0,740.0,740.0,740.0,740.0,740.0,740.0,740.0,740.0,740.0,740.0,743.0,764.0,801.0,847.0,890.0,918.0,926.0,927.0,929.0,930.0,930.0,930.0,930.0,930.0,930.0,930.0,930.0,930.0,930.0,930.0,930.0,930.0,930.0,930.0,934.0,984.0,1069.0,1177.0,1291.0,1398.0,1487.0,1550.0,1582.0,1586.0,1586.0,1586.0,1586.0,1586.0,1586.0,1586.0,1586.0,76,November 17,Macon
0.0025178897142416165,1.034517982612715,1.0486812209857863,2.831262201662029,2.831262201662029,0.6548483919591235,0.5858903920765259,5.089451138595578,5.089451138595578,0.7620527850757088,1.1763982538071849,3.280794508976022,3.280794508976022,0.4792697518974395,0.9661892155655648,1.9212511952352358,1.9212511952352358,0.305074895624565,0.1455328671205004,12.849999999999998,-0.015750149064733973,0.015750149064733973,166.14137483787292,7.1,6.35,5.866666666666667,5.525,5.220000000000001,5.116666666666667,4.814285714285715,4.6625,4.544444444444444,4.51,4.545454545454546,4.608333333333333,4.661538461538462,4.835714285714286,5.079999999999999,5.331250000000001,5.5588235294117645,5.727777777777778,5.8578947368421055,6.015,6.104761904761905,6.127272727272726,6.095652173913043,6.033333333333334,5.976,5.8769230769230765,5.7444444444444445,5.632142857142857,5.544827586206896,5.463333333333333,5.3838709677419345,5.309375,5.227272727272727,5.194117647058824,5.22,5.277777777777778,5.354054054054054,5.447368421052632,5.55128205128205,5.6725,5.792682926829268,5.907142857142857,6.025581395348838,6.115909090909091,6.206666666666667,6.28913043478261,6.3744680851063835,6.4624999999999995,6.538775510204083,6.576000000000001,6.590196078431373,6.621153846153847,6.664150943396227,6.692592592592594,6.710909090909091,6.733928571428572,6.752631578947369,6.765517241379312,6.78813559322034,6.806666666666667,6.829508196721312,6.875806451612904,6.909523809523811,6.9546875,6.986153846153846,7.015151515151516,7.0462686567164186,7.069117647058825,7.079710144927536,7.087142857142857,7.074647887323945,7.061111111111112,7.046575342465754,7.017567567567569,6.970666666666667,6.928947368421053,6.887012987012988,6.82948717948718,6.779746835443039,6.746250000000001,6.733333333333333,6.752439024390244,6.777108433734939,6.807142857142858,6.835294117647058,6.866279069767442,6.908045977011494,6.946590909090909,6.973033707865169,7.0088888888888885,7.036263736263737,7.072826086956521,7.0989247311827945,7.131914893617021,7.168421052631579,7.192708333333333,7.207216494845361,7.207142857142856,7.1969696969696955,7.186,7.1623762376237625,7.135294117647058,7.109708737864077,7.0942307692307685,7.095238095238094,7.105660377358491,7.111214953271028,7.123148148148148,7.153211009174312,7.1881818181818184,7.243243243243243,7.308928571428571,7.373451327433628,7.428070175438596,7.478260869565216,7.529310344827586,7.565811965811966,7.581355932203389,7.589915966386555,7.592499999999999,7.593388429752066,7.58934426229508,7.588617886178862,7.578225806451612,7.5632,7.549206349206349,7.540944881889763,7.532031249999999,11.916666666666666,143.0,1.0,1.0,1.0,1.0,1.0,1.0,1.0,1.0,1.0,1.0,1.0,1.0,1.0,1.0,1.0,1.0,17.0,42.0,65.0,75.0,77.0,79.0,80.0,82.0,82.0,82.0,82.0,82.0,82.0,82.0,82.0,82.0,82.0,82.0,82.0,82.0,82.0,82.0,82.0,82.0,120.0,179.0,247.0,314.0,375.0,422.0,449.0,455.0,455.0,455.0,455.0,455.0,455.0,455.0,455.0,455.0,455.0,455.0,455.0,455.0,455.0,455.0,455.0,456.0,483.0,516.0,552.0,588.0,618.0,633.0,634.0,636.0,636.0,636.0,636.0,636.0,636.0,636.0,636.0,636.0,636.0,636.0,636.0,636.0,636.0,636.0,636.0,638.0,660.0,692.0,732.0,774.0,807.0,819.0,820.0,822.0,822.0,822.0,822.0,822.0,822.0,822.0,822.0,822.0,822.0,822.0,822.0,822.0,822.0,822.0,822.0,825.0,846.0,883.0,929.0,972.0,1000.0,1008.0,1009.0,1011.0,1012.0,1012.0,1012.0,1012.0,1012.0,1012.0,1012.0,1012.0,77,November 18,Macon
0.0025178897142416165,1.034517982612715,1.0486812209857863,2.831262201662029,2.831262201662029,0.6548483919591235,0.5858903920765259,5.089451138595578,5.089451138595578,0.7620527850757088,1.1763982538071849,3.280794508976022,3.280794508976022,0.4792697518974395,0.9661892155655648,1.9212511952352358,1.9212511952352358,0.305074895624565,0.1455328671205004,12.916666666666668,0.03837333741018171,0.03837333741018171,175.27741935483868,3.1,2.6500000000000004,2.6333333333333333,2.6500000000000004,2.88,2.9500000000000006,2.8714285714285714,2.85,2.9222222222222225,2.91,2.9454545454545453,3.0749999999999997,3.276923076923077,3.5000000000000004,3.7133333333333334,3.8375000000000004,4.0058823529411764,4.205555555555555,4.347368421052631,4.5,4.638095238095238,4.7772727272727264,4.952173913043478,5.1125,5.191999999999999,5.207692307692307,5.196296296296294,5.17142857142857,5.131034482758619,5.113333333333332,5.04516129032258,5.0,4.957575757575757,4.935294117647058,4.934285714285714,4.944444444444444,4.954054054054054,5.010526315789473,5.1000000000000005,5.2,5.2975609756097555,5.376190476190476,5.441860465116278,5.522727272727272,5.575555555555555,5.5978260869565215,5.5936170212765965,5.572916666666665,5.553061224489796,5.51,5.447058823529412,5.392307692307692,5.349056603773585,5.307407407407408,5.265454545454546,5.2250000000000005,5.178947368421054,5.160344827586207,5.176271186440679,5.211666666666668,5.259016393442623,5.3177419354838715,5.3841269841269845,5.4625,5.541538461538463,5.618181818181818,5.6985074626865675,5.761764705882354,5.82608695652174,5.885714285714286,5.947887323943663,6.012499999999999,6.0698630136986305,6.101351351351352,6.117333333333335,6.144736842105263,6.1805194805194805,6.2064102564102575,6.225316455696204,6.2475000000000005,6.266666666666667,6.281707317073171,6.303614457831327,6.32261904761905,6.344705882352943,6.383720930232558,6.413793103448278,6.452272727272727,6.4808988764044955,6.50777777777778,6.536263736263738,6.558695652173914,6.572043010752688,6.582978723404256,6.578947368421052,6.573958333333334,6.568041237113403,6.551020408163266,6.520202020202022,6.493000000000002,6.465346534653466,6.4254901960784325,6.3912621359223305,6.36923076923077,6.362857142857143,6.381132075471698,6.40373831775701,6.430555555555558,6.455963302752294,6.483636363636364,6.519819819819819,6.553571428571429,6.577876106194691,6.609649122807017,6.6347826086956525,6.6672413793103456,6.6914529914529925,6.721186440677966,6.753781512605041,6.776666666666666,6.791735537190082,6.795081967213115,6.790243902439025,6.784677419354839,6.768800000000001,6.75,6.732283464566928,6.72265625,1.1666666666666667,14.0,0.0,0.0,0.0,0.0,0.0,0.0,0.0,0.0,0.0,0.0,0.0,0.0,0.0,0.0,0.0,0.0,18.0,48.0,85.0,118.0,137.0,139.0,140.0,142.0,143.0,143.0,143.0,143.0,143.0,143.0,143.0,143.0,143.0,143.0,143.0,143.0,143.0,143.0,143.0,143.0,159.0,184.0,207.0,217.0,219.0,221.0,222.0,224.0,224.0,224.0,224.0,224.0,224.0,224.0,224.0,224.0,224.0,224.0,224.0,224.0,224.0,224.0,224.0,224.0,262.0,321.0,389.0,456.0,517.0,564.0,591.0,597.0,597.0,597.0,597.0,597.0,597.0,597.0,597.0,597.0,597.0,597.0,597.0,597.0,597.0,597.0,597.0,598.0,625.0,658.0,694.0,730.0,760.0,775.0,776.0,778.0,778.0,778.0,778.0,778.0,778.0,778.0,778.0,778.0,778.0,778.0,778.0,778.0,778.0,778.0,778.0,780.0,802.0,834.0,874.0,916.0,949.0,961.0,962.0,964.0,964.0,964.0,964.0,964.0,964.0,964.0,964.0,964.0,78,November 19,Macon
0.0025178897142416165,1.034517982612715,1.0486812209857863,2.831262201662029,2.831262201662029,0.6548483919591235,0.5858903920765259,5.089451138595578,5.089451138595578,0.7620527850757088,1.1763982538071849,3.280794508976022,3.280794508976022,0.4792697518974395,0.9661892155655648,1.9212511952352358,1.9212511952352358,0.305074895624565,0.1455328671205004,14.733333333333334,-0.00961136368510225,0.00961136368510225,167.17760180995475,3.0,2.8,2.6,2.75,2.54,2.433333333333333,2.2714285714285714,2.2375,2.311111111111112,2.47,2.7272727272727275,3.0500000000000003,3.4307692307692315,3.8142857142857145,4.113333333333334,4.331250000000001,4.5058823529411764,4.661111111111111,4.789473684210526,4.909999999999999,4.995238095238095,5.040909090909092,5.078260869565217,5.066666666666666,4.988,4.88076923076923,4.796296296296297,4.721428571428571,4.689655172413793,4.643333333333332,4.570967741935482,4.512499999999999,4.481818181818182,4.43235294117647,4.4,4.402777777777777,4.4378378378378365,4.489473684210526,4.546153846153846,4.575,4.626829268292683,4.697619047619047,4.748837209302325,4.809090909090909,4.866666666666666,4.928260869565216,5.010638297872339,5.089583333333334,5.130612244897959,5.14,5.135294117647058,5.1230769230769235,5.10188679245283,5.092592592592592,5.054545454545455,5.028571428571429,5.003508771929825,4.989655172413793,4.988135593220339,4.993333333333334,4.998360655737705,5.032258064516128,5.087301587301586,5.1499999999999995,5.212307692307691,5.263636363636364,5.307462686567163,5.3617647058823525,5.398550724637681,5.4157142857142855,5.415492957746478,5.404166666666667,5.3931506849315065,5.366216216216216,5.325333333333334,5.2894736842105265,5.2610389610389605,5.233333333333333,5.205063291139241,5.1775,5.145679012345679,5.1329268292682935,5.144578313253011,5.170238095238095,5.204705882352941,5.2476744186046504,5.29655172413793,5.3545454545454545,5.413483146067415,5.471111111111111,5.531868131868132,5.5804347826086955,5.630107526881722,5.676595744680853,5.725263157894738,5.776041666666667,5.821649484536083,5.84795918367347,5.8626262626262635,5.886000000000001,5.915841584158417,5.938235294117649,5.955339805825243,5.9750000000000005,5.992380952380953,6.0066037735849065,6.026168224299066,6.04351851851852,6.06330275229358,6.0963636363636375,6.122522522522524,6.1553571428571425,6.180530973451328,6.204385964912281,6.229565217391305,6.250000000000001,6.263247863247864,6.274576271186441,6.273949579831934,6.2725,6.270247933884298,6.259016393442623,6.23658536585366,6.2169354838709685,6.196800000000002,6.166666666666668,6.140944881889764,6.125,10.0,120.0,0.0,0.0,0.0,0.0,0.0,0.0,0.0,0.0,0.0,0.0,0.0,0.0,0.0,0.0,0.0,0.0,1.0,3.0,5.0,7.0,9.0,11.0,12.0,14.0,14.0,14.0,14.0,14.0,14.0,14.0,14.0,14.0,14.0,14.0,14.0,14.0,14.0,14.0,14.0,14.0,32.0,62.0,99.0,132.0,151.0,153.0,154.0,156.0,157.0,157.0,157.0,157.0,157.0,157.0,157.0,157.0,157.0,157.0,157.0,157.0,157.0,157.0,157.0,157.0,173.0,198.0,221.0,231.0,233.0,235.0,236.0,238.0,238.0,238.0,238.0,238.0,238.0,238.0,238.0,238.0,238.0,238.0,238.0,238.0,238.0,238.0,238.0,238.0,276.0,335.0,403.0,470.0,531.0,578.0,605.0,611.0,611.0,611.0,611.0,611.0,611.0,611.0,611.0,611.0,611.0,611.0,611.0,611.0,611.0,611.0,611.0,612.0,639.0,672.0,708.0,744.0,774.0,789.0,790.0,792.0,792.0,792.0,792.0,792.0,792.0,792.0,792.0,792.0,79,November 20,Macon
0.0025178897142416165,1.034517982612715,1.0486812209857863,2.831262201662029,2.831262201662029,0.6548483919591235,0.5858903920765259,5.089451138595578,5.089451138595578,0.7620527850757088,1.1763982538071849,3.280794508976022,3.280794508976022,0.4792697518974395,0.9661892155655648,1.9212511952352358,1.9212511952352358,0.305074895624565,0.1455328671205004,10.05,-0.1032691990285538,0.1032691990285538,151.36815920398013,5.5,5.45,5.3999999999999995,5.425000000000001,5.220000000000001,5.033333333333334,4.785714285714286,4.7,4.655555555555555,4.619999999999999,4.5636363636363635,4.6,4.638461538461538,4.707142857142857,4.806666666666667,4.918749999999999,5.029411764705882,5.122222222222223,5.1684210526315795,5.17,5.142857142857143,5.072727272727272,4.995652173913043,4.933333333333334,4.856,4.769230769230769,4.674074074074074,4.621428571428572,4.520689655172415,4.433333333333334,4.332258064516129,4.259375,4.218181818181818,4.208823529411765,4.24,4.305555555555556,4.405405405405406,4.521052631578947,4.617948717948719,4.6925,4.7560975609756095,4.816666666666667,4.869767441860465,4.922727272727273,4.9622222222222225,4.984782608695653,5.004255319148936,5.0,4.961224489795919,4.906000000000001,4.860784313725491,4.81923076923077,4.800000000000001,4.772222222222223,4.7290909090909095,4.692857142857143,4.671929824561404,4.639655172413794,4.6169491525423725,4.614999999999999,4.632786885245901,4.661290322580646,4.693650793650795,4.709375,4.74,4.783333333333332,4.814925373134328,4.852941176470588,4.889855072463767,4.93,4.9845070422535205,5.0375,5.065753424657534,5.0729729729729724,5.070666666666667,5.063157894736842,5.049350649350649,5.043589743589743,5.017721518987342,5.0,4.982716049382716,4.973170731707317,4.9722891566265055,4.976190476190476,4.9799999999999995,5.004651162790698,5.044827586206896,5.090909090909091,5.137078651685393,5.1755555555555555,5.208791208791208,5.249999999999999,5.278494623655913,5.292553191489361,5.293684210526315,5.286458333333333,5.279381443298969,5.260204081632653,5.230303030303031,5.204,5.183168316831683,5.162745098039215,5.141747572815534,5.121153846153845,5.097142857142858,5.087735849056604,5.097196261682242,5.117592592592592,5.144954128440366,5.179090909090909,5.218018018018016,5.264285714285714,5.311504424778762,5.357894736842105,5.40695652173913,5.44655172413793,5.4871794871794854,5.525423728813558,5.565546218487394,5.6075,5.645454545454545,5.668032786885246,5.681300813008129,5.701612903225805,5.727199999999999,5.746825396825397,5.762204724409448,5.7796875000000005,44.333333333333336,532.0,0.0,0.0,0.0,0.0,0.0,0.0,0.0,0.0,0.0,0.0,0.0,0.0,0.0,0.0,0.0,0.0,22.0,48.0,75.0,99.0,115.0,117.0,118.0,120.0,120.0,120.0,120.0,120.0,120.0,120.0,120.0,120.0,120.0,120.0,120.0,120.0,120.0,120.0,120.0,120.0,121.0,123.0,125.0,127.0,129.0,131.0,132.0,134.0,134.0,134.0,134.0,134.0,134.0,134.0,134.0,134.0,134.0,134.0,134.0,134.0,134.0,134.0,134.0,134.0,152.0,182.0,219.0,252.0,271.0,273.0,274.0,276.0,277.0,277.0,277.0,277.0,277.0,277.0,277.0,277.0,277.0,277.0,277.0,277.0,277.0,277.0,277.0,277.0,293.0,318.0,341.0,351.0,353.0,355.0,356.0,358.0,358.0,358.0,358.0,358.0,358.0,358.0,358.0,358.0,358.0,358.0,358.0,358.0,358.0,358.0,358.0,358.0,396.0,455.0,523.0,590.0,651.0,698.0,725.0,731.0,731.0,731.0,731.0,731.0,731.0,731.0,731.0,731.0,80,November 21,Macon
0.0025178897142416165,1.034517982612715,1.0486812209857863,2.831262201662029,2.831262201662029,0.6548483919591235,0.5858903920765259,5.089451138595578,5.089451138595578,0.7620527850757088,1.1763982538071849,3.280794508976022,3.280794508976022,0.4792697518974395,0.9661892155655648,1.9212511952352358,1.9212511952352358,0.305074895624565,0.1455328671205004,4.6750000000000025,-0.5506711948027813,0.5506711948027813,75.84670231729052,14.9,14.75,14.533333333333333,14.549999999999999,14.14,13.533333333333333,13.114285714285716,12.8375,12.544444444444444,12.309999999999999,12.218181818181819,12.183333333333332,12.092307692307692,12.028571428571427,12.006666666666666,11.956249999999999,11.941176470588236,11.933333333333334,11.852631578947369,11.764999999999999,11.652380952380952,11.49090909090909,11.27391304347826,11.066666666666668,10.844,10.634615384615385,10.437037037037035,10.260714285714284,10.058620689655172,9.860000000000001,9.648387096774194,9.474999999999998,9.318181818181817,9.170588235294117,9.022857142857145,8.911111111111113,8.80810810810811,8.723684210526317,8.65897435897436,8.6075,8.56341463414634,8.519047619047619,8.46046511627907,8.386363636363638,8.302222222222223,8.200000000000001,8.095744680851064,8.0,7.897959183673469,7.791999999999999,7.682352941176471,7.596153846153848,7.484905660377359,7.381481481481482,7.270909090909092,7.176785714285714,7.101754385964911,7.046551724137932,7.016949152542373,7.010000000000001,7.026229508196722,7.054838709677421,7.074603174603175,7.082812500000001,7.086153846153847,7.08939393939394,7.08955223880597,7.091176470588236,7.085507246376813,7.07,7.053521126760565,7.022222222222221,6.968493150684932,6.904054054054054,6.8466666666666685,6.792105263157896,6.753246753246755,6.70897435897436,6.654430379746837,6.6049999999999995,6.566666666666666,6.520731707317072,6.481927710843373,6.458333333333333,6.449411764705883,6.448837209302326,6.451724137931035,6.443181818181818,6.446067415730337,6.458888888888889,6.463736263736264,6.4739130434782615,6.483870967741935,6.4968085106382985,6.521052631578948,6.544791666666666,6.550515463917526,6.540816326530612,6.524242424242424,6.504000000000001,6.4792079207920805,6.46078431372549,6.427184466019418,6.4,6.373333333333333,6.352830188679246,6.339252336448599,6.329629629629631,6.320183486238533,6.327272727272727,6.346846846846848,6.371428571428571,6.39646017699115,6.41578947368421,6.431304347826087,6.453448275862069,6.465811965811966,6.466949152542373,6.457983193277312,6.442499999999999,6.427272727272727,6.402459016393442,6.369105691056911,6.338709677419355,6.3128,6.287301587301588,6.261417322834647,6.2359375,75.75,909.0,0.0,0.0,0.0,0.0,0.0,0.0,0.0,0.0,0.0,0.0,0.0,0.0,0.0,0.0,0.0,0.0,43.0,115.0,204.0,298.0,388.0,463.0,512.0,532.0,532.0,532.0,532.0,532.0,532.0,532.0,532.0,532.0,532.0,532.0,532.0,532.0,532.0,532.0,532.0,532.0,554.0,580.0,607.0,631.0,647.0,649.0,650.0,652.0,652.0,652.0,652.0,652.0,652.0,652.0,652.0,652.0,652.0,652.0,652.0,652.0,652.0,652.0,652.0,652.0,653.0,655.0,657.0,659.0,661.0,663.0,664.0,666.0,666.0,666.0,666.0,666.0,666.0,666.0,666.0,666.0,666.0,666.0,666.0,666.0,666.0,666.0,666.0,666.0,684.0,714.0,751.0,784.0,803.0,805.0,806.0,808.0,809.0,809.0,809.0,809.0,809.0,809.0,809.0,809.0,809.0,809.0,809.0,809.0,809.0,809.0,809.0,809.0,825.0,850.0,873.0,883.0,885.0,887.0,888.0,890.0,890.0,890.0,890.0,890.0,890.0,890.0,890.0,890.0,81,November 22,Macon
0.0025178897142416165,1.034517982612715,1.0486812209857863,2.831262201662029,2.831262201662029,0.6548483919591235,0.5858903920765259,5.089451138595578,5.089451138595578,0.7620527850757088,1.1763982538071849,3.280794508976022,3.280794508976022,0.4792697518974395,0.9661892155655648,1.9212511952352358,1.9212511952352358,0.305074895624565,0.1455328671205004,1.9250000000000007,-0.7794464619109169,0.7794464619109169,37.22943722943722,16.7,16.45,15.866666666666665,15.5,14.98,14.666666666666666,14.542857142857143,14.425,14.41111111111111,14.35,14.30909090909091,14.33333333333333,14.39230769230769,14.485714285714282,14.573333333333332,14.706249999999999,14.788235294117646,14.88888888888889,14.968421052631578,15.039999999999997,14.995238095238093,14.959090909090905,14.882608695652172,14.829166666666666,14.832,14.823076923076922,14.796296296296294,14.789285714285713,14.710344827586205,14.569999999999999,14.441935483870965,14.33125,14.206060606060605,14.088235294117645,14.008571428571429,13.947222222222221,13.867567567567566,13.79736842105263,13.743589743589746,13.680000000000001,13.631707317073174,13.588095238095239,13.513953488372096,13.43636363636364,13.34666666666667,13.232608695652177,13.089361702127661,12.947916666666666,12.795918367346939,12.648000000000001,12.503921568627453,12.369230769230771,12.218867924528304,12.068518518518522,11.909090909090912,11.769642857142857,11.63859649122807,11.512068965517242,11.384745762711868,11.278333333333336,11.17704918032787,11.087096774193549,11.00952380952381,10.940625,10.876923076923077,10.813636363636364,10.741791044776122,10.66029411764706,10.572463768115941,10.472857142857142,10.371830985915494,10.276388888888887,10.176712328767124,10.074324324324325,9.969333333333335,9.880263157894738,9.774025974025976,9.673076923076925,9.567088607594938,9.4725,9.391358024691359,9.32439024390244,9.275903614457832,9.24404761904762,9.229411764705882,9.224418604651163,9.213793103448277,9.195454545454545,9.174157303370787,9.153333333333336,9.130769230769232,9.109782608695653,9.083870967741937,9.051063829787235,9.017894736842107,8.973958333333334,8.913402061855672,8.844897959183674,8.781818181818183,8.721000000000002,8.672277227722773,8.619607843137254,8.559223300970874,8.502884615384614,8.455238095238094,8.40188679245283,8.354205607476636,8.31851851851852,8.294495412844038,8.27727272727273,8.263063063063065,8.240178571428572,8.226548672566372,8.221052631578948,8.209565217391305,8.202586206896553,8.195726495726497,8.191525423728814,8.196638655462184,8.201666666666666,8.192561983471075,8.171311475409835,8.144715447154471,8.115322580645161,8.0824,8.054761904761905,8.01496062992126,7.98046875,65.16666666666667,782.0,0.0,0.0,0.0,0.0,0.0,0.0,0.0,0.0,0.0,0.0,0.0,0.0,0.0,0.0,0.0,0.0,54.0,157.0,294.0,450.0,606.0,745.0,851.0,909.0,909.0,909.0,909.0,909.0,909.0,909.0,909.0,909.0,909.0,909.0,909.0,909.0,909.0,909.0,909.0,909.0,952.0,1024.0,1113.0,1207.0,1297.0,1372.0,1421.0,1441.0,1441.0,1441.0,1441.0,1441.0,1441.0,1441.0,1441.0,1441.0,1441.0,1441.0,1441.0,1441.0,1441.0,1441.0,1441.0,1441.0,1463.0,1489.0,1516.0,1540.0,1556.0,1558.0,1559.0,1561.0,1561.0,1561.0,1561.0,1561.0,1561.0,1561.0,1561.0,1561.0,1561.0,1561.0,1561.0,1561.0,1561.0,1561.0,1561.0,1561.0,1562.0,1564.0,1566.0,1568.0,1570.0,1572.0,1573.0,1575.0,1575.0,1575.0,1575.0,1575.0,1575.0,1575.0,1575.0,1575.0,1575.0,1575.0,1575.0,1575.0,1575.0,1575.0,1575.0,1575.0,1593.0,1623.0,1660.0,1693.0,1712.0,1714.0,1715.0,1717.0,1718.0,1718.0,1718.0,1718.0,1718.0,1718.0,1718.0,1718.0,82,November 23,Macon
0.0025178897142416165,1.034517982612715,1.0486812209857863,2.831262201662029,2.831262201662029,0.6548483919591235,0.5858903920765259,5.089451138595578,5.089451138595578,0.7620527850757088,1.1763982538071849,3.280794508976022,3.280794508976022,0.4792697518974395,0.9661892155655648,1.9212511952352358,1.9212511952352358,0.305074895624565,0.1455328671205004,4.024999999999999,-0.38010852393708344,0.38010852393708344,104.63768115942032,13.9,13.850000000000001,13.6,13.424999999999999,13.360000000000003,13.4,13.428571428571429,13.3875,13.444444444444445,13.580000000000002,13.736363636363638,13.983333333333334,14.284615384615389,14.600000000000003,14.873333333333333,15.125,15.388235294117646,15.572222222222223,15.694736842105263,15.779999999999998,15.852380952380955,15.904545454545456,15.969565217391308,16.029166666666665,16.055999999999997,16.06153846153846,16.011111111111113,15.953571428571427,15.848275862068967,15.756666666666668,15.693548387096776,15.628125,15.587878787878788,15.535294117647057,15.488571428571426,15.46388888888889,15.454054054054053,15.460526315789474,15.469230769230768,15.5,15.514634146341464,15.54047619047619,15.560465116279067,15.579545454545451,15.546666666666665,15.517391304347825,15.46808510638298,15.429166666666667,15.418367346938776,15.401999999999997,15.376470588235293,15.36153846153846,15.30754716981132,15.218518518518518,15.134545454545455,15.05892857142857,14.973684210526313,14.891379310344826,14.830508474576272,14.78,14.718032786885246,14.661290322580644,14.614285714285716,14.5609375,14.516923076923078,14.475757575757575,14.414925373134327,14.351470588235294,14.279710144927536,14.19142857142857,14.083098591549296,13.975,13.85890410958904,13.744594594594593,13.631999999999998,13.525,13.406493506493506,13.287179487179488,13.16075949367089,13.0475,12.939506172839508,12.834146341463416,12.727710843373496,12.635714285714286,12.547058823529412,12.466279069767443,12.39425287356322,12.328409090909092,12.266292134831463,12.204444444444448,12.136263736263734,12.060869565217393,11.980645161290322,11.891489361702128,11.801052631578944,11.714583333333332,11.624742268041237,11.53265306122449,11.438383838383837,11.356000000000002,11.26039603960396,11.168627450980393,11.072815533980581,10.985576923076923,10.90857142857143,10.842452830188678,10.790654205607478,10.751851851851852,10.726605504587157,10.709090909090907,10.687387387387387,10.65982142857143,10.630088495575224,10.600877192982455,10.570434782608697,10.541379310344826,10.508547008547009,10.470338983050846,10.431932773109242,10.385,10.324793388429754,10.258196721311476,10.195934959349593,10.135483870967741,10.0848,10.03095238095238,9.970866141732284,9.9140625,36.583333333333336,439.0,0.0,0.0,0.0,0.0,0.0,0.0,0.0,0.0,0.0,0.0,0.0,0.0,0.0,0.0,0.0,0.0,52.0,147.0,272.0,410.0,544.0,658.0,740.0,782.0,782.0,782.0,782.0,782.0,782.0,782.0,782.0,782.0,782.0,782.0,782.0,782.0,782.0,782.0,782.0,782.0,836.0,939.0,1076.0,1232.0,1388.0,1527.0,1633.0,1691.0,1691.0,1691.0,1691.0,1691.0,1691.0,1691.0,1691.0,1691.0,1691.0,1691.0,1691.0,1691.0,1691.0,1691.0,1691.0,1691.0,1734.0,1806.0,1895.0,1989.0,2079.0,2154.0,2203.0,2223.0,2223.0,2223.0,2223.0,2223.0,2223.0,2223.0,2223.0,2223.0,2223.0,2223.0,2223.0,2223.0,2223.0,2223.0,2223.0,2223.0,2245.0,2271.0,2298.0,2322.0,2338.0,2340.0,2341.0,2343.0,2343.0,2343.0,2343.0,2343.0,2343.0,2343.0,2343.0,2343.0,2343.0,2343.0,2343.0,2343.0,2343.0,2343.0,2343.0,2343.0,2344.0,2346.0,2348.0,2350.0,2352.0,2354.0,2355.0,2357.0,2357.0,2357.0,2357.0,2357.0,2357.0,2357.0,2357.0,2357.0,83,November 24,Macon
0.0025178897142416165,1.034517982612715,1.0486812209857863,2.831262201662029,2.831262201662029,0.6548483919591235,0.5858903920765259,5.089451138595578,5.089451138595578,0.7620527850757088,1.1763982538071849,3.280794508976022,3.280794508976022,0.4792697518974395,0.9661892155655648,1.9212511952352358,1.9212511952352358,0.305074895624565,0.1455328671205004,7.783333333333331,-0.0559383784771201,0.0559383784771201,159.35760171306214,13.0,12.15,11.833333333333334,11.3,10.9,10.733333333333334,10.542857142857143,10.387500000000001,10.355555555555556,10.55,10.754545454545454,11.0,11.223076923076924,11.457142857142857,11.72,12.01875,12.31764705882353,12.572222222222223,12.768421052631581,13.0,13.176190476190476,13.340909090909093,13.434782608695652,13.487500000000002,13.504000000000001,13.515384615384615,13.5,13.47857142857143,13.46551724137931,13.469999999999999,13.474193548387095,13.4625,13.475757575757575,13.514705882352942,13.565714285714284,13.652777777777779,13.767567567567568,13.89736842105263,14.020512820512819,14.142500000000002,14.275609756097559,14.380952380952378,14.462790697674418,14.529545454545454,14.59111111111111,14.643478260869562,14.702127659574469,14.758333333333335,14.79795918367347,14.825999999999999,14.823529411764707,14.815384615384618,14.77924528301887,14.748148148148148,14.730909090909092,14.710714285714285,14.703508771929824,14.687931034482759,14.674576271186442,14.673333333333336,14.680327868852459,14.696774193548386,14.714285714285714,14.7453125,14.766153846153845,14.793939393939393,14.817910447761193,14.841176470588236,14.830434782608695,14.821428571428571,14.798591549295772,14.781944444444447,14.783561643835617,14.78108108108108,14.772000000000002,14.769736842105265,14.74025974025974,14.68589743589744,14.634177215189878,14.5875,14.533333333333333,14.480487804878047,14.442168674698795,14.410714285714288,14.370588235294118,14.33372093023256,14.30344827586207,14.268181818181818,14.239325842696632,14.212222222222223,14.17032967032967,14.12608695652174,14.075268817204302,14.011702127659577,13.93263157894737,13.853125,13.767010309278351,13.681632653061223,13.596969696969696,13.516000000000002,13.425742574257425,13.334313725490198,13.236893203883495,13.149038461538462,13.064761904761907,12.982075471698115,12.898130841121496,12.825000000000001,12.754128440366975,12.689090909090911,12.630630630630634,12.576785714285716,12.52566371681416,12.474561403508773,12.418260869565216,12.356034482758622,12.28974358974359,12.216101694915256,12.141176470588237,12.069166666666668,11.994214876033057,11.9172131147541,11.838211382113823,11.768548387096775,11.688,11.610317460317463,11.529133858267718,11.454687500000002,2.0833333333333335,25.0,0.0,0.0,0.0,0.0,0.0,0.0,0.0,0.0,0.0,0.0,0.0,0.0,0.0,0.0,0.0,0.0,35.0,96.0,175.0,259.0,335.0,393.0,427.0,439.0,439.0,439.0,439.0,439.0,439.0,439.0,439.0,439.0,439.0,439.0,439.0,439.0,439.0,439.0,439.0,439.0,491.0,586.0,711.0,849.0,983.0,1097.0,1179.0,1221.0,1221.0,1221.0,1221.0,1221.0,1221.0,1221.0,1221.0,1221.0,1221.0,1221.0,1221.0,1221.0,1221.0,1221.0,1221.0,1221.0,1275.0,1378.0,1515.0,1671.0,1827.0,1966.0,2072.0,2130.0,2130.0,2130.0,2130.0,2130.0,2130.0,2130.0,2130.0,2130.0,2130.0,2130.0,2130.0,2130.0,2130.0,2130.0,2130.0,2130.0,2173.0,2245.0,2334.0,2428.0,2518.0,2593.0,2642.0,2662.0,2662.0,2662.0,2662.0,2662.0,2662.0,2662.0,2662.0,2662.0,2662.0,2662.0,2662.0,2662.0,2662.0,2662.0,2662.0,2662.0,2684.0,2710.0,2737.0,2761.0,2777.0,2779.0,2780.0,2782.0,2782.0,2782.0,2782.0,2782.0,2782.0,2782.0,2782.0,2782.0,84,November 25,Macon
0.0025178897142416165,1.034517982612715,1.0486812209857863,2.831262201662029,2.831262201662029,0.6548483919591235,0.5858903920765259,5.089451138595578,5.089451138595578,0.7620527850757088,1.1763982538071849,3.280794508976022,3.280794508976022,0.4792697518974395,0.9661892155655648,1.9212511952352358,1.9212511952352358,0.305074895624565,0.1455328671205004,9.358333333333334,-0.014519757082628372,0.014519757082628372,166.34906500445234,7.7,7.1,6.566666666666666,6.375,6.5,6.783333333333334,7.185714285714286,7.45,7.566666666666667,7.62,7.5636363636363635,7.458333333333333,7.438461538461539,7.507142857142858,7.626666666666666,7.81875,8.005882352941176,8.216666666666665,8.489473684210525,8.809999999999999,9.142857142857142,9.431818181818182,9.66086956521739,9.8375,9.964,10.015384615384615,10.05925925925926,10.046428571428573,10.020689655172415,10.016666666666664,9.996774193548388,9.975000000000001,9.978787878787879,10.047058823529412,10.125714285714286,10.225000000000001,10.324324324324325,10.43421052631579,10.561538461538463,10.709999999999999,10.865853658536585,11.00952380952381,11.132558139534883,11.275,11.395555555555557,11.51304347826087,11.597872340425532,11.6625,11.708163265306123,11.75,11.776470588235295,11.798076923076923,11.82264150943396,11.855555555555556,11.887272727272729,11.908928571428572,11.943859649122807,11.993103448275862,12.049152542372882,12.126666666666667,12.221311475409836,12.325806451612904,12.426984126984129,12.528125,12.636923076923079,12.728787878787879,12.805970149253731,12.873529411764705,12.93768115942029,12.995714285714286,13.05774647887324,13.118055555555555,13.167123287671233,13.20810810810811,13.228000000000002,13.243421052631579,13.23896103896104,13.23717948717949,13.244303797468357,13.248750000000001,13.261728395061729,13.268292682926829,13.275903614457832,13.291666666666666,13.312941176470588,13.340697674418605,13.368965517241381,13.406818181818183,13.437078651685395,13.472222222222221,13.504395604395603,13.535869565217393,13.541935483870969,13.548936170212768,13.545263157894736,13.545833333333334,13.55979381443299,13.570408163265308,13.575757575757576,13.585999999999999,13.575247524752474,13.545098039215688,13.516504854368932,13.491346153846155,13.459999999999999,13.429245283018869,13.409345794392523,13.394444444444446,13.372477064220183,13.352727272727272,13.337837837837839,13.31875,13.304424778761062,13.291228070175439,13.26608695652174,13.238793103448279,13.205982905982905,13.162711864406782,13.10672268907563,13.05,12.987603305785125,12.925409836065576,12.863414634146341,12.804032258064519,12.7368,12.668253968253971,12.59448818897638,12.528125,8.333333333333334,100.0,0.0,0.0,0.0,0.0,0.0,0.0,0.0,0.0,0.0,0.0,0.0,0.0,0.0,0.0,0.0,0.0,10.0,15.0,16.0,18.0,20.0,22.0,23.0,25.0,25.0,25.0,25.0,25.0,25.0,25.0,25.0,25.0,25.0,25.0,25.0,25.0,25.0,25.0,25.0,25.0,60.0,121.0,200.0,284.0,360.0,418.0,452.0,464.0,464.0,464.0,464.0,464.0,464.0,464.0,464.0,464.0,464.0,464.0,464.0,464.0,464.0,464.0,464.0,464.0,516.0,611.0,736.0,874.0,1008.0,1122.0,1204.0,1246.0,1246.0,1246.0,1246.0,1246.0,1246.0,1246.0,1246.0,1246.0,1246.0,1246.0,1246.0,1246.0,1246.0,1246.0,1246.0,1246.0,1300.0,1403.0,1540.0,1696.0,1852.0,1991.0,2097.0,2155.0,2155.0,2155.0,2155.0,2155.0,2155.0,2155.0,2155.0,2155.0,2155.0,2155.0,2155.0,2155.0,2155.0,2155.0,2155.0,2155.0,2198.0,2270.0,2359.0,2453.0,2543.0,2618.0,2667.0,2687.0,2687.0,2687.0,2687.0,2687.0,2687.0,2687.0,2687.0,2687.0,85,November 26,Macon
0.0025178897142416165,1.034517982612715,1.0486812209857863,2.831262201662029,2.831262201662029,0.6548483919591235,0.5858903920765259,5.089451138595578,5.089451138595578,0.7620527850757088,1.1763982538071849,3.280794508976022,3.280794508976022,0.4792697518974395,0.9661892155655648,1.9212511952352358,1.9212511952352358,0.305074895624565,0.1455328671205004,9.375,-0.03796735123749346,0.03796735123749346,162.39111111111112,11.4,10.55,10.0,9.6,9.299999999999999,9.033333333333333,8.814285714285713,8.600000000000001,8.511111111111113,8.56,8.663636363636364,8.741666666666669,8.792307692307693,8.935714285714287,9.046666666666669,9.175,9.299999999999999,9.411111111111111,9.536842105263156,9.64,9.70952380952381,9.745454545454544,9.726086956521739,9.691666666666666,9.612,9.492307692307692,9.344444444444445,9.217857142857142,9.141379310344828,9.109999999999998,9.1258064516129,9.131250000000001,9.112121212121211,9.08235294117647,9.022857142857141,8.947222222222221,8.899999999999999,8.886842105263156,8.897435897435896,8.942499999999999,8.992682926829268,9.059523809523808,9.160465116279068,9.29090909090909,9.435555555555554,9.567391304347824,9.67659574468085,9.764583333333334,9.83061224489796,9.86,9.886274509803922,9.882692307692308,9.871698113207549,9.872222222222222,9.863636363636365,9.85357142857143,9.857894736842105,9.9,9.94915254237288,10.011666666666667,10.075409836065575,10.146774193548387,10.23015873015873,10.328125,10.432307692307692,10.530303030303031,10.61641791044776,10.716176470588234,10.802898550724638,10.88857142857143,10.953521126760563,11.005555555555555,11.045205479452054,11.082432432432432,11.109333333333334,11.132894736842104,11.15844155844156,11.189743589743589,11.220253164556961,11.24375,11.276543209876541,11.31951219512195,11.36746987951807,11.43095238095238,11.50705882352941,11.590697674418605,11.672413793103448,11.754545454545456,11.842696629213483,11.918888888888889,11.984615384615386,12.043478260869568,12.100000000000001,12.15212765957447,12.207368421052635,12.261458333333332,12.307216494845363,12.346938775510207,12.370707070707073,12.391000000000002,12.396039603960398,12.402941176470591,12.416504854368934,12.427884615384615,12.445714285714287,12.458490566037737,12.471962616822433,12.49166666666667,12.515596330275232,12.544545454545457,12.573873873873877,12.610714285714286,12.641592920353984,12.676315789473685,12.708695652173915,12.740517241379314,12.752136752136755,12.764406779661021,12.76806722689076,12.775,12.792561983471074,12.80737704918033,12.817886178861789,12.832258064516132,12.829600000000003,12.811111111111114,12.793700787401578,12.778906250000002,12.333333333333334,148.0,0.0,0.0,0.0,0.0,0.0,0.0,0.0,0.0,0.0,0.0,0.0,0.0,0.0,0.0,0.0,0.0,21.0,44.0,66.0,84.0,95.0,97.0,98.0,100.0,100.0,100.0,100.0,100.0,100.0,100.0,100.0,100.0,100.0,100.0,100.0,100.0,100.0,100.0,100.0,100.0,110.0,115.0,116.0,118.0,120.0,122.0,123.0,125.0,125.0,125.0,125.0,125.0,125.0,125.0,125.0,125.0,125.0,125.0,125.0,125.0,125.0,125.0,125.0,125.0,160.0,221.0,300.0,384.0,460.0,518.0,552.0,564.0,564.0,564.0,564.0,564.0,564.0,564.0,564.0,564.0,564.0,564.0,564.0,564.0,564.0,564.0,564.0,564.0,616.0,711.0,836.0,974.0,1108.0,1222.0,1304.0,1346.0,1346.0,1346.0,1346.0,1346.0,1346.0,1346.0,1346.0,1346.0,1346.0,1346.0,1346.0,1346.0,1346.0,1346.0,1346.0,1346.0,1400.0,1503.0,1640.0,1796.0,1952.0,2091.0,2197.0,2255.0,2255.0,2255.0,2255.0,2255.0,2255.0,2255.0,2255.0,2255.0,86,November 27,Macon
0.0025178897142416165,1.034517982612715,1.0486812209857863,2.831262201662029,2.831262201662029,0.6548483919591235,0.5858903920765259,5.089451138595578,5.089451138595578,0.7620527850757088,1.1763982538071849,3.280794508976022,3.280794508976022,0.4792697518974395,0.9661892155655648,1.9212511952352358,1.9212511952352358,0.305074895624565,0.1455328671205004,10.783333333333335,-0.06486005405920152,0.06486005405920152,157.8516228748068,4.5,3.65,2.966666666666667,2.25,1.6600000000000001,1.2,1.042857142857143,1.125,1.3,1.6199999999999999,1.9454545454545453,2.2750000000000004,2.638461538461539,3.057142857142857,3.4466666666666663,3.825,4.205882352941177,4.566666666666666,4.9526315789473685,5.299999999999999,5.633333333333333,5.9409090909090905,6.217391304347826,6.45,6.648,6.765384615384615,6.844444444444445,6.8999999999999995,6.941379310344828,6.966666666666668,6.983870967741937,6.987500000000001,7.012121212121212,7.070588235294118,7.145714285714286,7.213888888888889,7.2729729729729735,7.365789473684211,7.44871794871795,7.540000000000001,7.63170731707317,7.719047619047619,7.8139534883720945,7.900000000000002,7.971111111111112,8.02608695652174,8.053191489361705,8.070833333333333,8.06326530612245,8.032,7.982352941176471,7.940384615384616,7.922641509433964,7.927777777777778,7.958181818181819,7.982142857142857,7.991228070175438,7.993103448275862,7.9762711864406795,7.948333333333334,7.936065573770493,7.943548387096774,7.965079365079366,8.0078125,8.053846153846154,8.11060606060606,8.18955223880597,8.288235294117648,8.397101449275363,8.498571428571429,8.585915492957747,8.659722222222221,8.719178082191782,8.754054054054054,8.786666666666669,8.798684210526316,8.805194805194807,8.819230769230769,8.826582278481013,8.832500000000001,8.848148148148148,8.890243902439025,8.937349397590362,8.994047619047619,9.051764705882352,9.115116279069767,9.18735632183908,9.270454545454545,9.358426966292136,9.442222222222222,9.517582417582418,9.603260869565217,9.679569892473118,9.755319148936168,9.81578947368421,9.866666666666665,9.908247422680411,9.947959183673468,9.97979797979798,10.009,10.03960396039604,10.074509803921568,10.108737864077668,10.1375,10.173333333333332,10.21698113207547,10.26448598130841,10.324074074074073,10.393577981651372,10.469090909090909,10.543243243243241,10.617857142857142,10.697345132743363,10.767543859649122,10.829565217391304,10.886206896551721,10.941025641025638,10.992372881355932,11.046218487394958,11.099166666666667,11.145454545454545,11.186885245901639,11.215447154471542,11.241129032258064,11.254399999999999,11.269047619047617,11.288976377952755,11.307031250000001,33.75,405.0,0.0,0.0,0.0,0.0,0.0,0.0,0.0,0.0,0.0,0.0,0.0,0.0,0.0,0.0,0.0,0.0,24.0,56.0,90.0,118.0,137.0,145.0,146.0,148.0,148.0,148.0,148.0,148.0,148.0,148.0,148.0,148.0,148.0,148.0,148.0,148.0,148.0,148.0,148.0,148.0,169.0,192.0,214.0,232.0,243.0,245.0,246.0,248.0,248.0,248.0,248.0,248.0,248.0,248.0,248.0,248.0,248.0,248.0,248.0,248.0,248.0,248.0,248.0,248.0,258.0,263.0,264.0,266.0,268.0,270.0,271.0,273.0,273.0,273.0,273.0,273.0,273.0,273.0,273.0,273.0,273.0,273.0,273.0,273.0,273.0,273.0,273.0,273.0,308.0,369.0,448.0,532.0,608.0,666.0,700.0,712.0,712.0,712.0,712.0,712.0,712.0,712.0,712.0,712.0,712.0,712.0,712.0,712.0,712.0,712.0,712.0,712.0,764.0,859.0,984.0,1122.0,1256.0,1370.0,1452.0,1494.0,1494.0,1494.0,1494.0,1494.0,1494.0,1494.0,1494.0,1494.0,87,November 28,Macon
0.0025178897142416165,1.034517982612715,1.0486812209857863,2.831262201662029,2.831262201662029,0.6548483919591235,0.5858903920765259,5.089451138595578,5.089451138595578,0.7620527850757088,1.1763982538071849,3.280794508976022,3.280794508976022,0.4792697518974395,0.9661892155655648,1.9212511952352358,1.9212511952352358,0.305074895624565,0.1455328671205004,9.083333333333334,-0.11474411930953539,0.11474411930953539,149.43119266055044,9.1,9.35,9.6,9.5,9.42,9.266666666666667,9.128571428571428,9.075,9.066666666666666,9.139999999999997,9.254545454545452,9.391666666666666,9.515384615384614,9.607142857142858,9.766666666666667,9.88125,9.976470588235294,9.972222222222221,9.93157894736842,9.829999999999998,9.685714285714285,9.554545454545455,9.439130434782607,9.304166666666667,9.112,8.86923076923077,8.599999999999998,8.29642857142857,7.986206896551723,7.683333333333332,7.438709677419354,7.259375,7.12121212121212,7.044117647058823,6.991428571428571,6.961111111111111,6.962162162162161,7.002631578947369,7.051282051282053,7.1125,7.190243902439026,7.2738095238095255,7.381395348837211,7.48409090909091,7.591111111111113,7.695652173913046,7.793617021276598,7.877083333333334,7.948979591836736,7.984000000000001,8.001960784313727,8.009615384615385,8.011320754716982,8.005555555555556,7.996363636363638,7.980357142857143,7.977192982456141,7.994827586206897,8.023728813559323,8.05,8.072131147540984,8.116129032258065,8.155555555555557,8.201562499999998,8.249230769230769,8.295454545454545,8.347761194029852,8.395588235294118,8.434782608695656,8.464285714285715,8.476056338028172,8.481944444444444,8.471232876712328,8.444594594594596,8.405333333333335,8.37105263157895,8.353246753246756,8.351282051282052,8.367088607594939,8.37875,8.380246913580248,8.376829268292683,8.360240963855423,8.335714285714287,8.322352941176472,8.323255813953491,8.334482758620691,8.361363636363636,8.391011235955057,8.42888888888889,8.483516483516485,8.55326086956522,8.631182795698926,8.704255319148938,8.767368421052632,8.820833333333335,8.863917525773196,8.888775510204082,8.912121212121214,8.920000000000002,8.923762376237626,8.933333333333335,8.937864077669904,8.941346153846155,8.952380952380954,8.983962264150945,9.0196261682243,9.062962962962965,9.107339449541287,9.156363636363638,9.212612612612613,9.27767857142857,9.346902654867257,9.413157894736841,9.473043478260868,9.541379310344825,9.6025641025641,9.663559322033896,9.712605042016804,9.754166666666666,9.788429752066115,9.821311475409834,9.847967479674795,9.872580645161289,9.898399999999997,9.927777777777777,9.956692913385822,9.98125,32.166666666666664,386.0,0.0,0.0,0.0,0.0,0.0,0.0,0.0,0.0,0.0,0.0,0.0,0.0,0.0,0.0,0.0,0.0,34.0,94.0,168.0,243.0,310.0,362.0,394.0,405.0,405.0,405.0,405.0,405.0,405.0,405.0,405.0,405.0,405.0,405.0,405.0,405.0,405.0,405.0,405.0,405.0,429.0,461.0,495.0,523.0,542.0,550.0,551.0,553.0,553.0,553.0,553.0,553.0,553.0,553.0,553.0,553.0,553.0,553.0,553.0,553.0,553.0,553.0,553.0,553.0,574.0,597.0,619.0,637.0,648.0,650.0,651.0,653.0,653.0,653.0,653.0,653.0,653.0,653.0,653.0,653.0,653.0,653.0,653.0,653.0,653.0,653.0,653.0,653.0,663.0,668.0,669.0,671.0,673.0,675.0,676.0,678.0,678.0,678.0,678.0,678.0,678.0,678.0,678.0,678.0,678.0,678.0,678.0,678.0,678.0,678.0,678.0,678.0,713.0,774.0,853.0,937.0,1013.0,1071.0,1105.0,1117.0,1117.0,1117.0,1117.0,1117.0,1117.0,1117.0,1117.0,1117.0,88,November 29,Macon
0.0025178897142416165,1.034517982612715,1.0486812209857863,2.831262201662029,2.831262201662029,0.6548483919591235,0.5858903920765259,5.089451138595578,5.089451138595578,0.7620527850757088,1.1763982538071849,3.280794508976022,3.280794508976022,0.4792697518974395,0.9661892155655648,1.9212511952352358,1.9212511952352358,0.305074895624565,0.1455328671205004,10.133333333333333,-0.08599206472935879,0.08599206472935879,154.28453947368425,10.1,9.85,9.533333333333333,9.375,9.4,9.433333333333334,9.471428571428572,9.55,9.555555555555555,9.51,9.536363636363633,9.575000000000001,9.53076923076923,9.507142857142856,9.486666666666668,9.6,9.741176470588234,9.877777777777776,9.984210526315788,10.059999999999999,10.1,10.168181818181818,10.234782608695651,10.245833333333332,10.2,10.176923076923076,10.174074074074076,10.139285714285716,10.10344827586207,10.05,9.993548387096775,9.953125,9.924242424242426,9.920588235294119,9.934285714285716,9.961111111111112,9.98918918918919,10.010526315789475,10.061538461538463,10.1,10.134146341463415,10.12857142857143,10.106976744186047,10.056818181818182,9.984444444444446,9.915217391304349,9.851063829787234,9.775,9.66734693877551,9.53,9.374509803921569,9.196153846153846,9.00943396226415,8.822222222222221,8.663636363636364,8.539285714285715,8.436842105263159,8.36896551724138,8.315254237288135,8.275,8.254098360655737,8.258064516129032,8.268253968253967,8.2875,8.31846153846154,8.354545454545455,8.407462686567165,8.458823529411765,8.514492753623188,8.570000000000002,8.622535211267607,8.666666666666666,8.704109589041096,8.717567567567567,8.72,8.715789473684211,8.707792207792208,8.694871794871794,8.67974683544304,8.66,8.649382716049383,8.653658536585366,8.666265060240963,8.677380952380952,8.685882352941176,8.71046511627907,8.732183908045977,8.759090909090908,8.787640449438202,8.815555555555557,8.848351648351647,8.878260869565217,8.902150537634409,8.919148936170213,8.923157894736843,8.922916666666666,8.910309278350516,8.885714285714286,8.851515151515152,8.821,8.802970297029702,8.797058823529412,8.80485436893204,8.809615384615386,8.806666666666667,8.8,8.783177570093457,8.760185185185184,8.745871559633027,8.742727272727274,8.747747747747749,8.765178571428573,8.784955752212388,8.81140350877193,8.851304347826087,8.903448275862068,8.962393162393159,9.01779661016949,9.065546218487395,9.105833333333333,9.138016528925618,9.155737704918034,9.172357723577234,9.176612903225807,9.1776,9.183333333333332,9.18503937007874,9.1859375,20.0,240.0,0.0,0.0,0.0,0.0,0.0,0.0,0.0,0.0,0.0,0.0,0.0,0.0,0.0,0.0,0.0,0.0,32.0,88.0,160.0,235.0,302.0,351.0,378.0,386.0,386.0,386.0,386.0,386.0,386.0,386.0,386.0,386.0,386.0,386.0,386.0,386.0,386.0,386.0,386.0,386.0,420.0,480.0,554.0,629.0,696.0,748.0,780.0,791.0,791.0,791.0,791.0,791.0,791.0,791.0,791.0,791.0,791.0,791.0,791.0,791.0,791.0,791.0,791.0,791.0,815.0,847.0,881.0,909.0,928.0,936.0,937.0,939.0,939.0,939.0,939.0,939.0,939.0,939.0,939.0,939.0,939.0,939.0,939.0,939.0,939.0,939.0,939.0,939.0,960.0,983.0,1005.0,1023.0,1034.0,1036.0,1037.0,1039.0,1039.0,1039.0,1039.0,1039.0,1039.0,1039.0,1039.0,1039.0,1039.0,1039.0,1039.0,1039.0,1039.0,1039.0,1039.0,1039.0,1049.0,1054.0,1055.0,1057.0,1059.0,1061.0,1062.0,1064.0,1064.0,1064.0,1064.0,1064.0,1064.0,1064.0,1064.0,1064.0,89,November 30,Macon
0.0025178897142416165,1.034517982612715,1.0486812209857863,2.831262201662029,2.831262201662029,0.6548483919591235,0.5858903920765259,5.089451138595578,5.089451138595578,0.7620527850757088,1.1763982538071849,3.280794508976022,3.280794508976022,0.4792697518974395,0.9661892155655648,1.9212511952352358,1.9212511952352358,0.305074895624565,0.1455328671205004,12.341666666666667,-0.07093324287739501,0.07093324287739501,156.82646860229573,9.0,8.600000000000001,8.200000000000001,7.625,7.140000000000001,6.733333333333333,6.585714285714286,6.5625,6.666666666666667,6.610000000000001,6.554545454545454,6.558333333333334,6.56923076923077,6.600000000000001,6.680000000000001,6.80625,6.988235294117647,7.255555555555556,7.526315789473682,7.714999999999999,7.8428571428571425,7.977272727272726,8.099999999999998,8.2125,8.288,8.338461538461537,8.359259259259257,8.37857142857143,8.417241379310344,8.456666666666667,8.496774193548386,8.546875,8.57878787878788,8.594117647058823,8.628571428571426,8.666666666666664,8.675675675675674,8.689473684210522,8.7025641025641,8.7675,8.846341463414635,8.926190476190476,8.995348837209303,9.052272727272726,9.093333333333332,9.147826086956519,9.202127659574467,9.229166666666666,9.226530612244899,9.234,9.250980392156864,9.249999999999998,9.247169811320754,9.233333333333333,9.216363636363635,9.207142857142859,9.203508771929824,9.213793103448278,9.233898305084747,9.261666666666667,9.29016393442623,9.31451612903226,9.35714285714286,9.392187499999999,9.424615384615384,9.431818181818182,9.428358208955224,9.405882352941177,9.368115942028988,9.331428571428575,9.297183098591551,9.254166666666666,9.18904109589041,9.102702702702704,9.002666666666668,8.885526315789473,8.761038961038961,8.634615384615387,8.526582278481014,8.44125,8.37037037037037,8.323170731707316,8.2855421686747,8.257142857142858,8.242352941176472,8.245348837209304,8.252873563218394,8.267045454545455,8.289887640449438,8.316666666666666,8.356043956043957,8.394565217391303,8.436559139784947,8.478723404255321,8.518947368421054,8.553125,8.582474226804123,8.593877551020409,8.596969696969698,8.595,8.590099009900989,8.581372549019607,8.570873786407768,8.55673076923077,8.549523809523809,8.553773584905661,8.564485981308412,8.574074074074074,8.58165137614679,8.601818181818182,8.61981981981982,8.641964285714286,8.665486725663717,8.68859649122807,8.715652173913044,8.74051724137931,8.760683760683762,8.775423728813559,8.77983193277311,8.780833333333332,8.771900826446279,8.75327868852459,8.726829268292683,8.703225806451613,8.6896,8.685714285714289,8.692913385826776,8.69765625,16.916666666666668,203.0,0.0,0.0,0.0,0.0,0.0,0.0,0.0,0.0,0.0,0.0,0.0,0.0,0.0,0.0,0.0,0.0,25.0,64.0,112.0,163.0,206.0,232.0,238.0,240.0,240.0,240.0,240.0,240.0,240.0,240.0,240.0,240.0,240.0,240.0,240.0,240.0,240.0,240.0,240.0,240.0,272.0,328.0,400.0,475.0,542.0,591.0,618.0,626.0,626.0,626.0,626.0,626.0,626.0,626.0,626.0,626.0,626.0,626.0,626.0,626.0,626.0,626.0,626.0,626.0,660.0,720.0,794.0,869.0,936.0,988.0,1020.0,1031.0,1031.0,1031.0,1031.0,1031.0,1031.0,1031.0,1031.0,1031.0,1031.0,1031.0,1031.0,1031.0,1031.0,1031.0,1031.0,1031.0,1055.0,1087.0,1121.0,1149.0,1168.0,1176.0,1177.0,1179.0,1179.0,1179.0,1179.0,1179.0,1179.0,1179.0,1179.0,1179.0,1179.0,1179.0,1179.0,1179.0,1179.0,1179.0,1179.0,1179.0,1200.0,1223.0,1245.0,1263.0,1274.0,1276.0,1277.0,1279.0,1279.0,1279.0,1279.0,1279.0,1279.0,1279.0,1279.0,1279.0,90,December 1,Macon
0.0025178897142416165,1.034517982612715,1.0486812209857863,2.831262201662029,2.831262201662029,0.6548483919591235,0.5858903920765259,5.089451138595578,5.089451138595578,0.7620527850757088,1.1763982538071849,3.280794508976022,3.280794508976022,0.4792697518974395,0.9661892155655648,1.9212511952352358,1.9212511952352358,0.305074895624565,0.1455328671205004,11.908333333333333,-0.18931311127988626,0.18931311127988626,136.8439468159552,5.1,5.199999999999999,5.3999999999999995,5.449999999999999,5.5,5.45,5.242857142857143,5.1,5.022222222222222,4.949999999999999,4.754545454545454,4.575,4.453846153846154,4.45,4.54,4.699999999999999,4.870588235294116,5.0555555555555545,5.247368421052631,5.429999999999999,5.585714285714285,5.768181818181818,5.947826086956522,6.116666666666667,6.231999999999999,6.307692307692308,6.348148148148149,6.332142857142857,6.293103448275862,6.239999999999999,6.22258064516129,6.228125,6.266666666666667,6.261764705882353,6.254285714285715,6.263888888888889,6.275675675675676,6.294736842105263,6.333333333333333,6.3925,6.478048780487805,6.604761904761905,6.739534883720932,6.843181818181819,6.922222222222223,7.006521739130436,7.0872340425531934,7.164583333333333,7.224489795918367,7.272000000000002,7.303921568627452,7.334615384615386,7.375471698113209,7.416666666666668,7.458181818181819,7.505357142857143,7.542105263157896,7.56896551724138,7.60677966101695,7.646666666666667,7.668852459016395,7.693548387096775,7.7174603174603185,7.7734375,7.838461538461538,7.904545454545455,7.96417910447761,8.016176470588235,8.057971014492754,8.108571428571429,8.159154929577467,8.191666666666666,8.204109589041096,8.222972972972974,8.248,8.260526315789473,8.27142857142857,8.274358974358975,8.274683544303798,8.280000000000001,8.288888888888888,8.307317073170733,8.332530120481929,8.363095238095237,8.394117647058824,8.422093023255815,8.4632183908046,8.498863636363637,8.532584269662921,8.547777777777778,8.554945054945053,8.54782608695652,8.529032258064516,8.51063829787234,8.493684210526316,8.469791666666667,8.428865979381444,8.371428571428572,8.303030303030303,8.221,8.132673267326732,8.042156862745099,7.9650485436893215,7.904807692307693,7.855238095238096,7.823584905660378,7.799065420560747,7.7814814814814826,7.774311926605505,7.780909090909092,7.790990990990991,7.8062499999999995,7.8283185840707965,7.8535087719298255,7.888695652173912,7.923275862068966,7.960683760683762,7.9983050847457635,8.034453781512607,8.065833333333334,8.093388429752066,8.10655737704918,8.113008130081301,8.115322580645161,8.115200000000002,8.111904761904762,8.10708661417323,8.09921875,53.75,645.0,0.0,0.0,0.0,0.0,0.0,0.0,0.0,0.0,0.0,0.0,0.0,0.0,0.0,0.0,0.0,0.0,26.0,62.0,103.0,143.0,176.0,197.0,201.0,203.0,203.0,203.0,203.0,203.0,203.0,203.0,203.0,203.0,203.0,203.0,203.0,203.0,203.0,203.0,203.0,203.0,228.0,267.0,315.0,366.0,409.0,435.0,441.0,443.0,443.0,443.0,443.0,443.0,443.0,443.0,443.0,443.0,443.0,443.0,443.0,443.0,443.0,443.0,443.0,443.0,475.0,531.0,603.0,678.0,745.0,794.0,821.0,829.0,829.0,829.0,829.0,829.0,829.0,829.0,829.0,829.0,829.0,829.0,829.0,829.0,829.0,829.0,829.0,829.0,863.0,923.0,997.0,1072.0,1139.0,1191.0,1223.0,1234.0,1234.0,1234.0,1234.0,1234.0,1234.0,1234.0,1234.0,1234.0,1234.0,1234.0,1234.0,1234.0,1234.0,1234.0,1234.0,1234.0,1258.0,1290.0,1324.0,1352.0,1371.0,1379.0,1380.0,1382.0,1382.0,1382.0,1382.0,1382.0,1382.0,1382.0,1382.0,1382.0,91,December 2,Macon
0.0025178897142416165,1.034517982612715,1.0486812209857863,2.831262201662029,2.831262201662029,0.6548483919591235,0.5858903920765259,5.089451138595578,5.089451138595578,0.7620527850757088,1.1763982538071849,3.280794508976022,3.280794508976022,0.4792697518974395,0.9661892155655648,1.9212511952352358,1.9212511952352358,0.305074895624565,0.1455328671205004,7.208333333333334,-0.28779826315645307,0.28779826315645307,120.21965317919073,14.0,13.25,12.9,12.625,12.319999999999999,11.833333333333334,11.5,11.1,10.744444444444444,10.42,10.163636363636364,9.875,9.646153846153846,9.514285714285714,9.393333333333334,9.337499999999999,9.352941176470589,9.355555555555556,9.368421052631579,9.34,9.276190476190475,9.204545454545455,9.1,8.983333333333333,8.828,8.692307692307692,8.585185185185184,8.47857142857143,8.382758620689655,8.276666666666667,8.138709677419355,8.0125,7.903030303030303,7.7970588235294125,7.654285714285714,7.513888888888889,7.391891891891892,7.313157894736841,7.274358974358974,7.2700000000000005,7.278048780487804,7.300000000000001,7.332558139534884,7.368181818181819,7.397777777777779,7.445652173913044,7.497872340425532,7.550000000000001,7.579591836734694,7.5920000000000005,7.5882352941176485,7.55576923076923,7.511320754716982,7.45925925925926,7.427272727272728,7.408928571428571,7.4105263157894745,7.387931034482759,7.364406779661018,7.3516666666666675,7.340983606557378,7.335483870967742,7.342857142857143,7.3640625,7.403076923076924,7.46969696969697,7.543283582089552,7.598529411764707,7.639130434782609,7.684285714285714,7.728169014084508,7.770833333333333,7.802739726027399,7.827027027027028,7.841333333333335,7.855263157894737,7.876623376623378,7.898717948717949,7.921518987341773,7.948750000000001,7.969135802469136,7.982926829268293,8.004819277108435,8.02857142857143,8.04,8.053488372093023,8.066666666666668,8.103409090909091,8.147191011235956,8.192222222222222,8.232967032967034,8.268478260869566,8.296774193548387,8.331914893617022,8.367368421052632,8.389583333333333,8.396907216494846,8.409183673469387,8.426262626262627,8.434,8.44059405940594,8.441176470588236,8.439805825242718,8.442307692307692,8.447619047619048,8.460377358490566,8.478504672897197,8.500925925925925,8.523853211009175,8.544545454545453,8.575675675675676,8.602678571428571,8.628318584070797,8.639473684210525,8.644347826086957,8.637931034482758,8.622222222222222,8.60677966101695,8.592436974789916,8.572499999999998,8.538842975206611,8.491803278688524,8.435772357723579,8.368548387096773,8.296,8.22142857142857,8.15748031496063,8.10703125,52.583333333333336,631.0,0.0,0.0,0.0,0.0,0.0,0.0,0.0,0.0,0.0,0.0,0.0,0.0,0.0,0.0,0.0,0.0,45.0,127.0,232.0,347.0,458.0,552.0,617.0,645.0,645.0,645.0,645.0,645.0,645.0,645.0,645.0,645.0,645.0,645.0,645.0,645.0,645.0,645.0,645.0,645.0,671.0,707.0,748.0,788.0,821.0,842.0,846.0,848.0,848.0,848.0,848.0,848.0,848.0,848.0,848.0,848.0,848.0,848.0,848.0,848.0,848.0,848.0,848.0,848.0,873.0,912.0,960.0,1011.0,1054.0,1080.0,1086.0,1088.0,1088.0,1088.0,1088.0,1088.0,1088.0,1088.0,1088.0,1088.0,1088.0,1088.0,1088.0,1088.0,1088.0,1088.0,1088.0,1088.0,1120.0,1176.0,1248.0,1323.0,1390.0,1439.0,1466.0,1474.0,1474.0,1474.0,1474.0,1474.0,1474.0,1474.0,1474.0,1474.0,1474.0,1474.0,1474.0,1474.0,1474.0,1474.0,1474.0,1474.0,1508.0,1568.0,1642.0,1717.0,1784.0,1836.0,1868.0,1879.0,1879.0,1879.0,1879.0,1879.0,1879.0,1879.0,1879.0,1879.0,92,December 3,Macon
0.0025178897142416165,1.034517982612715,1.0486812209857863,2.831262201662029,2.831262201662029,0.6548483919591235,0.5858903920765259,5.089451138595578,5.089451138595578,0.7620527850757088,1.1763982538071849,3.280794508976022,3.280794508976022,0.4792697518974395,0.9661892155655648,1.9212511952352358,1.9212511952352358,0.305074895624565,0.1455328671205004,10.316666666666666,-0.05045785512483827,0.05045785512483827,160.2827140549273,6.8,7.0,7.266666666666667,7.275,7.4799999999999995,7.7,7.914285714285714,8.025,8.011111111111113,7.959999999999999,7.963636363636365,7.958333333333333,8.053846153846154,8.242857142857142,8.426666666666666,8.6125,8.794117647058824,9.016666666666667,9.278947368421052,9.56,9.776190476190477,9.97727272727273,10.178260869565218,10.375,10.52,10.596153846153847,10.655555555555555,10.696428571428571,10.710344827586209,10.666666666666668,10.629032258064518,10.55625,10.475757575757575,10.388235294117647,10.30857142857143,10.208333333333334,10.11891891891892,10.057894736842107,9.997435897435897,9.959999999999999,9.95121951219512,9.938095238095238,9.930232558139533,9.904545454545454,9.862222222222222,9.81521739130435,9.751063829787235,9.679166666666667,9.585714285714285,9.5,9.427450980392157,9.353846153846153,9.28490566037736,9.20925925925926,9.114545454545455,9.025,8.943859649122807,8.863793103448277,8.761016949152541,8.658333333333333,8.565573770491802,8.498387096774193,8.455555555555556,8.434375,8.421538461538459,8.418181818181816,8.422388059701492,8.42941176470588,8.433333333333332,8.449999999999998,8.470422535211267,8.491666666666667,8.4986301369863,8.494594594594593,8.48,8.446052631578945,8.403896103896102,8.356410256410253,8.32278481012658,8.29875,8.288888888888888,8.262195121951219,8.234939759036143,8.21547619047619,8.197647058823529,8.183720930232557,8.179310344827584,8.185227272727273,8.204494382022473,8.244444444444444,8.290109890109889,8.32282608695652,8.34516129032258,8.37127659574468,8.396842105263158,8.421875,8.439175257731957,8.451020408163266,8.455555555555556,8.46,8.47029702970297,8.481372549019607,8.493203883495145,8.508653846153846,8.519047619047619,8.524528301886791,8.53644859813084,8.549999999999999,8.554128440366972,8.559999999999997,8.565765765765766,8.590178571428572,8.620353982300884,8.651754385964912,8.68,8.704310344827586,8.723076923076922,8.747457627118642,8.772268907563024,8.786666666666667,8.789256198347108,8.795901639344262,8.80650406504065,8.809677419354838,8.811999999999998,8.809523809523808,8.805511811023623,8.8046875,15.0,180.0,0.0,0.0,0.0,0.0,0.0,0.0,0.0,0.0,0.0,0.0,0.0,0.0,0.0,0.0,0.0,0.0,43.0,123.0,228.0,342.0,451.0,542.0,604.0,631.0,631.0,631.0,631.0,631.0,631.0,631.0,631.0,631.0,631.0,631.0,631.0,631.0,631.0,631.0,631.0,631.0,676.0,758.0,863.0,978.0,1089.0,1183.0,1248.0,1276.0,1276.0,1276.0,1276.0,1276.0,1276.0,1276.0,1276.0,1276.0,1276.0,1276.0,1276.0,1276.0,1276.0,1276.0,1276.0,1276.0,1302.0,1338.0,1379.0,1419.0,1452.0,1473.0,1477.0,1479.0,1479.0,1479.0,1479.0,1479.0,1479.0,1479.0,1479.0,1479.0,1479.0,1479.0,1479.0,1479.0,1479.0,1479.0,1479.0,1479.0,1504.0,1543.0,1591.0,1642.0,1685.0,1711.0,1717.0,1719.0,1719.0,1719.0,1719.0,1719.0,1719.0,1719.0,1719.0,1719.0,1719.0,1719.0,1719.0,1719.0,1719.0,1719.0,1719.0,1719.0,1751.0,1807.0,1879.0,1954.0,2021.0,2070.0,2097.0,2105.0,2105.0,2105.0,2105.0,2105.0,2105.0,2105.0,2105.0,2105.0,93,December 4,Macon
0.0025178897142416165,1.034517982612715,1.0486812209857863,2.831262201662029,2.831262201662029,0.6548483919591235,0.5858903920765259,5.089451138595578,5.089451138595578,0.7620527850757088,1.1763982538071849,3.280794508976022,3.280794508976022,0.4792697518974395,0.9661892155655648,1.9212511952352358,1.9212511952352358,0.305074895624565,0.1455328671205004,9.433333333333334,-0.07385117143670578,0.07385117143670578,156.33392226148408,10.9,10.05,9.566666666666665,9.0,8.5,8.133333333333335,7.871428571428572,7.7125,7.688888888888889,7.74,7.818181818181818,7.933333333333334,8.13076923076923,8.278571428571428,8.373333333333333,8.49375,8.600000000000001,8.655555555555555,8.757894736842104,8.875,8.938095238095238,8.931818181818182,8.891304347826088,8.808333333333334,8.728000000000002,8.669230769230769,8.637037037037036,8.589285714285714,8.579310344827586,8.586666666666668,8.606451612903227,8.612499999999999,8.590909090909092,8.558823529411763,8.542857142857141,8.524999999999999,8.543243243243243,8.6,8.661538461538463,8.73,8.802439024390244,8.897619047619047,9.016279069767442,9.149999999999999,9.260000000000002,9.367391304347825,9.47872340425532,9.591666666666667,9.681632653061223,9.737999999999998,9.78627450980392,9.825,9.849056603773585,9.840740740740742,9.834545454545454,9.807142857142859,9.773684210526316,9.73448275862069,9.698305084745764,9.648333333333333,9.60327868852459,9.574193548387095,9.544444444444443,9.528125,9.529230769230768,9.52727272727273,9.528358208955225,9.51764705882353,9.495652173913044,9.469999999999999,9.432394366197181,9.38888888888889,9.33013698630137,9.275675675675675,9.229333333333335,9.18157894736842,9.136363636363637,9.085897435897436,9.021518987341771,8.959999999999999,8.903703703703703,8.847560975609756,8.774698795180724,8.701190476190476,8.634117647058822,8.584883720930232,8.55287356321839,8.536363636363635,8.525842696629212,8.52222222222222,8.524175824175824,8.528260869565216,8.53010752688172,8.541489361702126,8.555789473684209,8.570833333333333,8.575257731958764,8.571428571428571,8.55959595959596,8.533,8.5,8.462745098039216,8.435922330097085,8.416346153846153,8.407619047619047,8.385849056603773,8.36355140186916,8.347222222222221,8.332110091743118,8.319999999999999,8.315315315315313,8.31875,8.332743362831858,8.363157894736842,8.398260869565217,8.423275862068964,8.440170940170939,8.460169491525424,8.47983193277311,8.499166666666667,8.512396694214877,8.521311475409837,8.524390243902438,8.52741935483871,8.535200000000001,8.543650793650794,8.552755905511809,8.564843750000001,24.333333333333332,292.0,0.0,0.0,0.0,0.0,0.0,0.0,0.0,0.0,0.0,0.0,0.0,0.0,0.0,0.0,0.0,0.0,22.0,55.0,95.0,134.0,163.0,177.0,178.0,180.0,180.0,180.0,180.0,180.0,180.0,180.0,180.0,180.0,180.0,180.0,180.0,180.0,180.0,180.0,180.0,180.0,223.0,303.0,408.0,522.0,631.0,722.0,784.0,811.0,811.0,811.0,811.0,811.0,811.0,811.0,811.0,811.0,811.0,811.0,811.0,811.0,811.0,811.0,811.0,811.0,856.0,938.0,1043.0,1158.0,1269.0,1363.0,1428.0,1456.0,1456.0,1456.0,1456.0,1456.0,1456.0,1456.0,1456.0,1456.0,1456.0,1456.0,1456.0,1456.0,1456.0,1456.0,1456.0,1456.0,1482.0,1518.0,1559.0,1599.0,1632.0,1653.0,1657.0,1659.0,1659.0,1659.0,1659.0,1659.0,1659.0,1659.0,1659.0,1659.0,1659.0,1659.0,1659.0,1659.0,1659.0,1659.0,1659.0,1659.0,1684.0,1723.0,1771.0,1822.0,1865.0,1891.0,1897.0,1899.0,1899.0,1899.0,1899.0,1899.0,1899.0,1899.0,1899.0,1899.0,94,December 5,Macon
0.0025178897142416165,1.034517982612715,1.0486812209857863,2.831262201662029,2.831262201662029,0.6548483919591235,0.5858903920765259,5.089451138595578,5.089451138595578,0.7620527850757088,1.1763982538071849,3.280794508976022,3.280794508976022,0.4792697518974395,0.9661892155655648,1.9212511952352358,1.9212511952352358,0.305074895624565,0.1455328671205004,3.6833333333333336,-0.36589929446076647,0.36589929446076647,107.03619909502262,14.2,13.8,13.366666666666665,13.024999999999999,12.719999999999999,12.35,12.085714285714287,11.975000000000001,11.977777777777778,11.940000000000001,11.881818181818181,11.866666666666667,11.83076923076923,11.77142857142857,11.66,11.53125,11.44705882352941,11.333333333333334,11.231578947368419,11.149999999999999,11.114285714285714,11.136363636363637,11.18695652173913,11.216666666666667,11.203999999999999,11.126923076923077,11.033333333333333,10.9,10.748275862068963,10.599999999999998,10.461290322580643,10.340625,10.254545454545454,10.194117647058823,10.148571428571428,10.122222222222222,10.13243243243243,10.134210526315789,10.123076923076923,10.127500000000001,10.131707317073172,10.119047619047619,10.130232558139534,10.152272727272727,10.153333333333332,10.123913043478261,10.078723404255319,10.012500000000001,9.946938775510203,9.892,9.850980392156861,9.801923076923076,9.773584905660377,9.755555555555556,9.745454545454546,9.728571428571428,9.696491228070176,9.658620689655171,9.630508474576272,9.601666666666667,9.595081967213115,9.61290322580645,9.634920634920636,9.662500000000001,9.693846153846154,9.74090909090909,9.8044776119403,9.879411764705884,9.940579710144927,10.001428571428571,10.066197183098593,10.133333333333333,10.186301369863012,10.217567567567567,10.244,10.264473684210527,10.275324675324674,10.264102564102565,10.254430379746836,10.23,10.201234567901235,10.16829268292683,10.137349397590361,10.09642857142857,10.058823529411764,10.032558139534883,10.005747126436782,9.988636363636363,9.98426966292135,9.977777777777778,9.973626373626374,9.960869565217392,9.939784946236559,9.91595744680851,9.883157894736843,9.845833333333333,9.796907216494844,9.751020408163265,9.71111111111111,9.67,9.63069306930693,9.587254901960785,9.533009708737865,9.48076923076923,9.432380952380953,9.383962264150943,9.322429906542055,9.260185185185186,9.202752293577982,9.159090909090908,9.128828828828828,9.110714285714284,9.097345132743364,9.089473684210525,9.08608695652174,9.08448275862069,9.081196581196583,9.085593220338984,9.092436974789917,9.1,9.099173553719009,9.091803278688525,9.078048780487807,9.052419354838712,9.021600000000001,8.987301587301587,8.961417322834647,8.94140625,47.416666666666664,569.0,0.0,0.0,0.0,0.0,0.0,0.0,0.0,0.0,0.0,0.0,0.0,0.0,0.0,0.0,0.0,0.0,29.0,75.0,131.0,188.0,238.0,274.0,290.0,292.0,292.0,292.0,292.0,292.0,292.0,292.0,292.0,292.0,292.0,292.0,292.0,292.0,292.0,292.0,292.0,292.0,314.0,347.0,387.0,426.0,455.0,469.0,470.0,472.0,472.0,472.0,472.0,472.0,472.0,472.0,472.0,472.0,472.0,472.0,472.0,472.0,472.0,472.0,472.0,472.0,515.0,595.0,700.0,814.0,923.0,1014.0,1076.0,1103.0,1103.0,1103.0,1103.0,1103.0,1103.0,1103.0,1103.0,1103.0,1103.0,1103.0,1103.0,1103.0,1103.0,1103.0,1103.0,1103.0,1148.0,1230.0,1335.0,1450.0,1561.0,1655.0,1720.0,1748.0,1748.0,1748.0,1748.0,1748.0,1748.0,1748.0,1748.0,1748.0,1748.0,1748.0,1748.0,1748.0,1748.0,1748.0,1748.0,1748.0,1774.0,1810.0,1851.0,1891.0,1924.0,1945.0,1949.0,1951.0,1951.0,1951.0,1951.0,1951.0,1951.0,1951.0,1951.0,1951.0,95,December 6,Macon
0.0025178897142416165,1.034517982612715,1.0486812209857863,2.831262201662029,2.831262201662029,0.6548483919591235,0.5858903920765259,5.089451138595578,5.089451138595578,0.7620527850757088,1.1763982538071849,3.280794508976022,3.280794508976022,0.4792697518974395,0.9661892155655648,1.9212511952352358,1.9212511952352358,0.305074895624565,0.1455328671205004,9.825,-0.061579216059879115,0.061579216059879115,158.40542832909242,8.9,8.65,8.866666666666667,9.1,9.14,9.366666666666667,9.471428571428572,9.537500000000001,9.57777777777778,9.640000000000002,9.854545454545455,10.141666666666667,10.453846153846154,10.764285714285716,11.166666666666668,11.55,11.952941176470588,12.272222222222224,12.510526315789477,12.710000000000003,12.899999999999999,13.022727272727273,13.130434782608694,13.229166666666666,13.267999999999997,13.27307692307692,13.244444444444444,13.199999999999998,13.141379310344826,13.053333333333333,12.970967741935484,12.915624999999999,12.887878787878787,12.85,12.805714285714286,12.774999999999999,12.737837837837839,12.692105263157895,12.625641025641027,12.55,12.490243902439024,12.416666666666666,12.346511627906976,12.284090909090907,12.24222222222222,12.228260869565213,12.22978723404255,12.222916666666668,12.19591836734694,12.136,12.066666666666665,11.974999999999996,11.871698113207543,11.768518518518514,11.669090909090906,11.578571428571427,11.507017543859648,11.45,11.401694915254234,11.364999999999998,11.350819672131145,11.332258064516125,11.306349206349203,11.290624999999999,11.275384615384615,11.25,11.240298507462684,11.238235294117644,11.2231884057971,11.188571428571427,11.143661971830984,11.084722222222222,11.026027397260274,10.974324324324323,10.931999999999999,10.884210526315789,10.850649350649348,10.824358974358972,10.803797468354428,10.778749999999999,10.74320987654321,10.703658536585364,10.671084337349397,10.638095238095236,10.621176470588232,10.622093023255811,10.626436781609193,10.635227272727272,10.647191011235956,10.67111111111111,10.707692307692307,10.753260869565215,10.789247311827955,10.825531914893615,10.865263157894734,10.907291666666666,10.93917525773196,10.955102040816328,10.96767676767677,10.975999999999999,10.977227722772279,10.961764705882354,10.947572815533983,10.922115384615385,10.893333333333334,10.861320754716983,10.83084112149533,10.792592592592591,10.756880733944953,10.73,10.7027027027027,10.683035714285714,10.673451327433629,10.662280701754385,10.653043478260871,10.637068965517242,10.614529914529916,10.589830508474577,10.557983193277309,10.522500000000003,10.477685950413225,10.435245901639346,10.397560975609757,10.358870967741936,10.3216,10.280952380952382,10.231496062992125,10.18359375,6.166666666666667,74.0,0.0,0.0,0.0,0.0,0.0,0.0,0.0,0.0,0.0,0.0,0.0,0.0,0.0,0.0,0.0,0.0,41.0,115.0,210.0,313.0,412.0,494.0,548.0,569.0,569.0,569.0,569.0,569.0,569.0,569.0,569.0,569.0,569.0,569.0,569.0,569.0,569.0,569.0,569.0,569.0,598.0,644.0,700.0,757.0,807.0,843.0,859.0,861.0,861.0,861.0,861.0,861.0,861.0,861.0,861.0,861.0,861.0,861.0,861.0,861.0,861.0,861.0,861.0,861.0,883.0,916.0,956.0,995.0,1024.0,1038.0,1039.0,1041.0,1041.0,1041.0,1041.0,1041.0,1041.0,1041.0,1041.0,1041.0,1041.0,1041.0,1041.0,1041.0,1041.0,1041.0,1041.0,1041.0,1084.0,1164.0,1269.0,1383.0,1492.0,1583.0,1645.0,1672.0,1672.0,1672.0,1672.0,1672.0,1672.0,1672.0,1672.0,1672.0,1672.0,1672.0,1672.0,1672.0,1672.0,1672.0,1672.0,1672.0,1717.0,1799.0,1904.0,2019.0,2130.0,2224.0,2289.0,2317.0,2317.0,2317.0,2317.0,2317.0,2317.0,2317.0,2317.0,2317.0,96,December 7,Macon
0.0025178897142416165,1.034517982612715,1.0486812209857863,2.831262201662029,2.831262201662029,0.6548483919591235,0.5858903920765259,5.089451138595578,5.089451138595578,0.7620527850757088,1.1763982538071849,3.280794508976022,3.280794508976022,0.4792697518974395,0.9661892155655648,1.9212511952352358,1.9212511952352358,0.305074895624565,0.1455328671205004,11.816666666666665,-0.07256231659302542,0.07256231659302542,156.55148095909732,8.6,8.899999999999999,8.9,8.95,8.78,8.499999999999998,8.214285714285714,7.875,7.599999999999999,7.35,7.29090909090909,7.3500000000000005,7.484615384615386,7.642857142857143,7.859999999999999,8.09375,8.258823529411764,8.427777777777777,8.526315789473685,8.599999999999998,8.661904761904761,8.695454545454545,8.739130434782608,8.762500000000001,8.768,8.753846153846153,8.774074074074074,8.810714285714287,8.827586206896552,8.883333333333333,8.922580645161291,8.95625,8.984848484848484,9.020588235294117,9.105714285714285,9.222222222222221,9.356756756756756,9.500000000000002,9.687179487179488,9.877500000000001,10.085365853658537,10.266666666666666,10.418604651162791,10.556818181818183,10.693333333333335,10.8,10.900000000000002,10.995833333333332,11.061224489795919,11.108000000000002,11.13529411764706,11.151923076923076,11.158490566037738,11.146296296296297,11.134545454545457,11.135714285714284,11.150877192982456,11.158620689655171,11.161016949152545,11.17,11.17377049180328,11.170967741935485,11.153968253968257,11.1296875,11.113846153846154,11.08787878787879,11.06268656716418,11.041176470588237,11.031884057971014,11.040000000000001,11.05774647887324,11.069444444444445,11.067123287671233,11.041891891891892,11.009333333333334,10.960526315789474,10.902597402597404,10.843589743589744,10.78607594936709,10.733749999999999,10.693827160493827,10.663414634146342,10.63855421686747,10.621428571428572,10.620000000000001,10.615116279069769,10.604597701149425,10.601136363636364,10.597752808988764,10.586666666666668,10.586813186813188,10.592391304347828,10.588172043010752,10.569148936170214,10.542105263157897,10.504166666666666,10.465979381443299,10.43265306122449,10.406060606060606,10.375,10.354455445544554,10.33921568627451,10.328155339805825,10.313461538461537,10.290476190476191,10.264150943396224,10.24299065420561,10.221296296296295,10.211926605504583,10.216363636363633,10.223423423423423,10.233928571428569,10.246902654867256,10.269298245614033,10.301739130434783,10.341379310344827,10.373504273504274,10.40593220338983,10.441176470588234,10.478333333333333,10.507438016528925,10.523770491803278,10.537398373983741,10.54758064516129,10.551999999999998,10.542857142857141,10.534645669291338,10.5171875,17.416666666666668,209.0,0.0,0.0,0.0,0.0,0.0,0.0,0.0,0.0,0.0,0.0,0.0,0.0,0.0,0.0,0.0,0.0,18.0,38.0,57.0,69.0,71.0,71.0,72.0,74.0,74.0,74.0,74.0,74.0,74.0,74.0,74.0,74.0,74.0,74.0,74.0,74.0,74.0,74.0,74.0,74.0,115.0,189.0,284.0,387.0,486.0,568.0,622.0,643.0,643.0,643.0,643.0,643.0,643.0,643.0,643.0,643.0,643.0,643.0,643.0,643.0,643.0,643.0,643.0,643.0,672.0,718.0,774.0,831.0,881.0,917.0,933.0,935.0,935.0,935.0,935.0,935.0,935.0,935.0,935.0,935.0,935.0,935.0,935.0,935.0,935.0,935.0,935.0,935.0,957.0,990.0,1030.0,1069.0,1098.0,1112.0,1113.0,1115.0,1115.0,1115.0,1115.0,1115.0,1115.0,1115.0,1115.0,1115.0,1115.0,1115.0,1115.0,1115.0,1115.0,1115.0,1115.0,1115.0,1158.0,1238.0,1343.0,1457.0,1566.0,1657.0,1719.0,1746.0,1746.0,1746.0,1746.0,1746.0,1746.0,1746.0,1746.0,1746.0,97,December 8,Macon
0.0025178897142416165,1.034517982612715,1.0486812209857863,2.831262201662029,2.831262201662029,0.6548483919591235,0.5858903920765259,5.089451138595578,5.089451138595578,0.7620527850757088,1.1763982538071849,3.280794508976022,3.280794508976022,0.4792697518974395,0.9661892155655648,1.9212511952352358,1.9212511952352358,0.305074895624565,0.1455328671205004,10.441666666666666,0.031174470370636326,0.031174470370636326,174.06225059856342,6.0,5.45,4.7,4.075,3.3600000000000003,2.9500000000000006,2.7142857142857144,2.6375,2.8222222222222224,3.09,3.3181818181818183,3.6999999999999997,4.138461538461539,4.521428571428571,4.826666666666667,5.125,5.376470588235295,5.555555555555555,5.647368421052631,5.715000000000001,5.757142857142857,5.786363636363637,5.826086956521739,5.941666666666667,6.047999999999999,6.1692307692307695,6.27037037037037,6.371428571428571,6.43103448275862,6.453333333333333,6.45483870967742,6.425,6.393939393939394,6.355882352941176,6.365714285714286,6.4111111111111105,6.4837837837837835,6.568421052631578,6.67948717948718,6.8025,6.902439024390244,7.007142857142856,7.083720930232557,7.149999999999998,7.2111111111111095,7.258695652173912,7.31063829787234,7.352083333333333,7.383673469387755,7.404,7.441176470588235,7.48653846153846,7.5207547169811315,7.575925925925924,7.621818181818182,7.6642857142857155,7.703508771929825,7.74655172413793,7.818644067796609,7.909999999999998,8.01311475409836,8.122580645161289,8.26031746031746,8.4015625,8.555384615384616,8.693939393939393,8.81492537313433,8.927941176470588,9.040579710144929,9.134285714285715,9.22394366197183,9.31111111111111,9.378082191780821,9.432432432432432,9.473333333333333,9.506578947368421,9.532467532467532,9.544871794871796,9.556962025316455,9.577499999999997,9.607407407407408,9.631707317073168,9.651807228915663,9.676190476190477,9.696470588235293,9.711627906976744,9.716091954022987,9.714772727272727,9.719101123595506,9.715555555555556,9.712087912087913,9.710869565217392,9.718279569892474,9.738297872340425,9.765263157894736,9.7875,9.79896907216495,9.792857142857143,9.78080808080808,9.756,9.723762376237625,9.690196078431374,9.65728155339806,9.627884615384614,9.607619047619048,9.594339622641508,9.585046728971962,9.581481481481482,9.589908256880735,9.59545454545455,9.596396396396399,9.602678571428571,9.608849557522124,9.608771929824563,9.617391304347828,9.630172413793106,9.635042735042736,9.627966101694918,9.614285714285716,9.591666666666667,9.568595041322316,9.549180327868852,9.534959349593496,9.51693548387097,9.507200000000001,9.501587301587303,9.4992125984252,9.49375,10.0,120.0,0.0,0.0,0.0,0.0,0.0,0.0,0.0,0.0,0.0,0.0,0.0,0.0,0.0,0.0,0.0,0.0,25.0,62.0,106.0,149.0,183.0,203.0,207.0,209.0,209.0,209.0,209.0,209.0,209.0,209.0,209.0,209.0,209.0,209.0,209.0,209.0,209.0,209.0,209.0,209.0,227.0,247.0,266.0,278.0,280.0,280.0,281.0,283.0,283.0,283.0,283.0,283.0,283.0,283.0,283.0,283.0,283.0,283.0,283.0,283.0,283.0,283.0,283.0,283.0,324.0,398.0,493.0,596.0,695.0,777.0,831.0,852.0,852.0,852.0,852.0,852.0,852.0,852.0,852.0,852.0,852.0,852.0,852.0,852.0,852.0,852.0,852.0,852.0,881.0,927.0,983.0,1040.0,1090.0,1126.0,1142.0,1144.0,1144.0,1144.0,1144.0,1144.0,1144.0,1144.0,1144.0,1144.0,1144.0,1144.0,1144.0,1144.0,1144.0,1144.0,1144.0,1144.0,1166.0,1199.0,1239.0,1278.0,1307.0,1321.0,1322.0,1324.0,1324.0,1324.0,1324.0,1324.0,1324.0,1324.0,1324.0,1324.0,98,December 9,Macon
0.0025178897142416165,1.034517982612715,1.0486812209857863,2.831262201662029,2.831262201662029,0.6548483919591235,0.5858903920765259,5.089451138595578,5.089451138595578,0.7620527850757088,1.1763982538071849,3.280794508976022,3.280794508976022,0.4792697518974395,0.9661892155655648,1.9212511952352358,1.9212511952352358,0.305074895624565,0.1455328671205004,11.675,-0.0016440524878979803,0.0016440524878979803,168.52248394004283,4.8,4.75,4.6000000000000005,4.3,4.0,3.6833333333333336,3.485714285714286,3.4625,3.4222222222222225,3.5200000000000005,3.7,4.0249999999999995,4.392307692307691,4.707142857142857,5.013333333333333,5.3375,5.747058823529412,6.088888888888889,6.3315789473684205,6.480000000000001,6.571428571428571,6.668181818181819,6.730434782608698,6.791666666666667,6.76,6.688461538461539,6.55925925925926,6.40357142857143,6.200000000000001,6.023333333333335,5.870967741935486,5.753125000000001,5.709090909090909,5.702941176470589,5.7,5.761111111111112,5.859459459459461,5.955263157894738,6.035897435897437,6.125,6.204878048780489,6.261904761904762,6.286046511627907,6.302272727272728,6.308888888888889,6.310869565217393,6.319148936170214,6.366666666666667,6.412244897959184,6.468,6.515686274509804,6.565384615384615,6.59433962264151,6.6037037037037045,6.6018181818181825,6.582142857142856,6.56140350877193,6.536206896551724,6.538983050847458,6.563333333333333,6.604918032786885,6.65483870967742,6.722222222222223,6.7984374999999995,6.86153846153846,6.928787878787878,6.97910447761194,7.023529411764706,7.065217391304348,7.098571428571429,7.1352112676056345,7.165277777777778,7.189041095890411,7.205405405405406,7.233333333333333,7.267105263157893,7.293506493506492,7.334615384615383,7.3696202531645545,7.402499999999999,7.433333333333332,7.467073170731708,7.521686746987951,7.590476190476189,7.668235294117645,7.751162790697673,7.855172413793102,7.9625,8.079775280898875,8.186666666666666,8.28131868131868,8.370652173913042,8.46021505376344,8.536170212765956,8.609473684210524,8.681249999999999,8.738144329896906,8.785714285714286,8.823232323232322,8.854999999999999,8.88118811881188,8.89705882352941,8.912621359223298,8.934615384615386,8.963809523809521,8.988679245283018,9.010280373831774,9.035185185185185,9.05688073394495,9.074545454545452,9.083783783783781,9.088392857142857,9.097345132743364,9.100000000000001,9.102608695652174,9.10689655172414,9.117948717948718,9.13898305084746,9.165546218487396,9.188333333333333,9.202479338842975,9.202459016393444,9.197560975609756,9.18225806451613,9.1608,9.13809523809524,9.11574803149606,9.096093750000001,14.416666666666666,173.0,0.0,0.0,0.0,0.0,0.0,0.0,0.0,0.0,0.0,0.0,0.0,0.0,0.0,0.0,0.0,0.0,21.0,48.0,76.0,99.0,114.0,117.0,119.0,120.0,120.0,120.0,120.0,120.0,120.0,120.0,120.0,120.0,120.0,120.0,120.0,120.0,120.0,120.0,120.0,120.0,145.0,182.0,226.0,269.0,303.0,323.0,327.0,329.0,329.0,329.0,329.0,329.0,329.0,329.0,329.0,329.0,329.0,329.0,329.0,329.0,329.0,329.0,329.0,329.0,347.0,367.0,386.0,398.0,400.0,400.0,401.0,403.0,403.0,403.0,403.0,403.0,403.0,403.0,403.0,403.0,403.0,403.0,403.0,403.0,403.0,403.0,403.0,403.0,444.0,518.0,613.0,716.0,815.0,897.0,951.0,972.0,972.0,972.0,972.0,972.0,972.0,972.0,972.0,972.0,972.0,972.0,972.0,972.0,972.0,972.0,972.0,972.0,1001.0,1047.0,1103.0,1160.0,1210.0,1246.0,1262.0,1264.0,1264.0,1264.0,1264.0,1264.0,1264.0,1264.0,1264.0,1264.0,99,December 10,Macon
0.0025178897142416165,1.034517982612715,1.0486812209857863,2.831262201662029,2.831262201662029,0.6548483919591235,0.5858903920765259,5.089451138595578,5.089451138595578,0.7620527850757088,1.1763982538071849,3.280794508976022,3.280794508976022,0.4792697518974395,0.9661892155655648,1.9212511952352358,1.9212511952352358,0.305074895624565,0.1455328671205004,12.416666666666664,-0.03595057094691312,0.03595057094691312,162.73154362416108,4.9,4.550000000000001,4.633333333333334,4.625,4.659999999999999,4.766666666666667,4.985714285714286,5.25,5.51111111111111,5.819999999999999,6.136363636363637,6.441666666666667,6.769230769230768,7.014285714285713,7.153333333333332,7.26875,7.370588235294118,7.433333333333334,7.489473684210527,7.534999999999999,7.538095238095239,7.518181818181819,7.46521739130435,7.383333333333333,7.280000000000001,7.18076923076923,7.074074074074075,6.942857142857143,6.8,6.6433333333333335,6.5032258064516135,6.403125,6.303030303030303,6.247058823529412,6.225714285714286,6.263888888888889,6.332432432432433,6.397368421052632,6.471794871794873,6.565,6.704878048780487,6.828571428571427,6.9186046511627906,6.972727272727273,7.004444444444444,7.041304347826087,7.063829787234043,7.0874999999999995,7.065306122448979,7.021999999999999,6.947058823529411,6.855769230769231,6.735849056603773,6.627777777777778,6.530909090909092,6.451785714285713,6.414035087719299,6.398275862068965,6.384745762711863,6.41,6.459016393442623,6.508064516129032,6.54920634920635,6.596875,6.639999999999999,6.669696969696969,6.679104477611939,6.683823529411764,6.682608695652173,6.678571428571429,6.67887323943662,6.705555555555555,6.7315068493150685,6.7648648648648635,6.793333333333332,6.8236842105263165,6.840259740259739,6.843589743589743,6.839240506329113,6.8225,6.8049382716049385,6.7841463414634156,6.783132530120482,6.7976190476190474,6.82470588235294,6.85813953488372,6.904597701149423,6.957954545454545,7.002247191011235,7.049999999999999,7.085714285714285,7.117391304347826,7.1473118279569885,7.17127659574468,7.197894736842104,7.219791666666666,7.237113402061856,7.248979591836735,7.269696969696969,7.295,7.314851485148514,7.346078431372549,7.372815533980581,7.398076923076923,7.42190476190476,7.44811320754717,7.490654205607477,7.544444444444444,7.605504587155964,7.670909090909091,7.753153153153153,7.838392857142856,7.931858407079646,8.017543859649122,8.09391304347826,8.166379310344826,8.239316239316238,8.301694915254236,8.362184873949579,8.421666666666665,8.469421487603306,8.50983606557377,8.542276422764228,8.57016129032258,8.5936,8.608730158730157,8.623622047244092,8.64375,14.75,177.0,0.0,0.0,0.0,0.0,0.0,0.0,0.0,0.0,0.0,0.0,0.0,0.0,0.0,0.0,0.0,0.0,24.0,58.0,96.0,130.0,156.0,170.0,172.0,173.0,173.0,173.0,173.0,173.0,173.0,173.0,173.0,173.0,173.0,173.0,173.0,173.0,173.0,173.0,173.0,173.0,194.0,221.0,249.0,272.0,287.0,290.0,292.0,293.0,293.0,293.0,293.0,293.0,293.0,293.0,293.0,293.0,293.0,293.0,293.0,293.0,293.0,293.0,293.0,293.0,318.0,355.0,399.0,442.0,476.0,496.0,500.0,502.0,502.0,502.0,502.0,502.0,502.0,502.0,502.0,502.0,502.0,502.0,502.0,502.0,502.0,502.0,502.0,502.0,520.0,540.0,559.0,571.0,573.0,573.0,574.0,576.0,576.0,576.0,576.0,576.0,576.0,576.0,576.0,576.0,576.0,576.0,576.0,576.0,576.0,576.0,576.0,576.0,617.0,691.0,786.0,889.0,988.0,1070.0,1124.0,1145.0,1145.0,1145.0,1145.0,1145.0,1145.0,1145.0,1145.0,1145.0,100,December 11,Macon
