Laine de verre¤TTP_TMateriau_Cond,North¤TTP_TOuverture_Uw,North¤TTP_TOuverture_Sw,North¤TTP_TOuverture_Largeur,North¤TTP_TOuverture_Hauteur,South¤TTP_TOuverture_Uw,South¤TTP_TOuverture_Sw,South¤TTP_TOuverture_Largeur,South¤TTP_TOuverture_Hauteur,East¤TTP_TOuverture_Uw,East¤TTP_TOuverture_Sw,East¤TTP_TOuverture_Largeur,East¤TTP_TOuverture_Hauteur,West¤TTP_TOuverture_Uw,West¤TTP_TOuverture_Sw,West¤TTP_TOuverture_Largeur,West¤TTP_TOuverture_Hauteur,Zone 1¤TTP_TinfiltrationZone,¤TMeteo,Text-average,Bias,Bias_Absolute,HLC,Text-1,Text-2,Text-3,Text-4,Text-5,Text-6,Text-7,Text-8,Text-9,Text-10,Text-11,Text-12,Text-13,Text-14,Text-15,Text-16,Text-17,Text-18,Text-19,Text-20,Text-21,Text-22,Text-23,Text-24,Text-25,Text-26,Text-27,Text-28,Text-29,Text-30,Text-31,Text-32,Text-33,Text-34,Text-35,Text-36,Text-37,Text-38,Text-39,Text-40,Text-41,Text-42,Text-43,Text-44,Text-45,Text-46,Text-47,Text-48,Text-49,Text-50,Text-51,Text-52,Text-53,Text-54,Text-55,Text-56,Text-57,Text-58,Text-59,Text-60,Text-61,Text-62,Text-63,Text-64,Text-65,Text-66,Text-67,Text-68,Text-69,Text-70,Text-71,Text-72,Text-73,Text-74,Text-75,Text-76,Text-77,Text-78,Text-79,Text-80,Text-81,Text-82,Text-83,Text-84,Text-85,Text-86,Text-87,Text-88,Text-89,Text-90,Text-91,Text-92,Text-93,Text-94,Text-95,Text-96,Text-97,Text-98,Text-99,Text-100,Text-101,Text-102,Text-103,Text-104,Text-105,Text-106,Text-107,Text-108,Text-109,Text-110,Text-111,Text-112,Text-113,Text-114,Text-115,Text-116,Text-117,Text-118,Text-119,Text-120,Text-121,Text-122,Text-123,Text-124,Text-125,Text-126,Text-127,Text-128,GHR_mean,GHR_sum,GHR-sum-1,GHR-sum-2,GHR-sum-3,GHR-sum-4,GHR-sum-5,GHR-sum-6,GHR-sum-7,GHR-sum-8,GHR-sum-9,GHR-sum-10,GHR-sum-11,GHR-sum-12,GHR-sum-13,GHR-sum-14,GHR-sum-15,GHR-sum-16,GHR-sum-17,GHR-sum-18,GHR-sum-19,GHR-sum-20,GHR-sum-21,GHR-sum-22,GHR-sum-23,GHR-sum-24,GHR-sum-25,GHR-sum-26,GHR-sum-27,GHR-sum-28,GHR-sum-29,GHR-sum-30,GHR-sum-31,GHR-sum-32,GHR-sum-33,GHR-sum-34,GHR-sum-35,GHR-sum-36,GHR-sum-37,GHR-sum-38,GHR-sum-39,GHR-sum-40,GHR-sum-41,GHR-sum-42,GHR-sum-43,GHR-sum-44,GHR-sum-45,GHR-sum-46,GHR-sum-47,GHR-sum-48,GHR-sum-49,GHR-sum-50,GHR-sum-51,GHR-sum-52,GHR-sum-53,GHR-sum-54,GHR-sum-55,GHR-sum-56,GHR-sum-57,GHR-sum-58,GHR-sum-59,GHR-sum-60,GHR-sum-61,GHR-sum-62,GHR-sum-63,GHR-sum-64,GHR-sum-65,GHR-sum-66,GHR-sum-67,GHR-sum-68,GHR-sum-69,GHR-sum-70,GHR-sum-71,GHR-sum-72,GHR-sum-73,GHR-sum-74,GHR-sum-75,GHR-sum-76,GHR-sum-77,GHR-sum-78,GHR-sum-79,GHR-sum-80,GHR-sum-81,GHR-sum-82,GHR-sum-83,GHR-sum-84,GHR-sum-85,GHR-sum-86,GHR-sum-87,GHR-sum-88,GHR-sum-89,GHR-sum-90,GHR-sum-91,GHR-sum-92,GHR-sum-93,GHR-sum-94,GHR-sum-95,GHR-sum-96,GHR-sum-97,GHR-sum-98,GHR-sum-99,GHR-sum-100,GHR-sum-101,GHR-sum-102,GHR-sum-103,GHR-sum-104,GHR-sum-105,GHR-sum-106,GHR-sum-107,GHR-sum-108,GHR-sum-109,GHR-sum-110,GHR-sum-111,GHR-sum-112,GHR-sum-113,GHR-sum-114,GHR-sum-115,GHR-sum-116,GHR-sum-117,GHR-sum-118,GHR-sum-119,GHR-sum-120,GHR-sum-121,GHR-sum-122,GHR-sum-123,GHR-sum-124,GHR-sum-125,GHR-sum-126,GHR-sum-127,GHR-sum-128,day_index,Date,Climate_zone
0.015752119405627058,1.238738978650774,0.5015739883930392,3.474016697633502,3.474016697633502,0.7429276266706641,1.1101315784112704,1.9436582544082668,1.9436582544082668,0.5325702777970078,1.488796202046431,2.9324804426337208,2.9324804426337208,0.7109211468819085,0.7815210945378359,4.4758498522507075,4.4758498522507075,0.5103200204405332,0.8585723599298334,19.221666666666668,-0.0635050033688544,0.0635050033688544,596.297580854938,-1.78,-1.3800000000000001,-0.9800000000000001,-0.8800000000000001,-0.8800000000000001,-0.6133333333333334,-0.3085714285714286,0.06999999999999995,0.062222222222222304,0.05599999999999998,0.0509090909090909,0.046666666666666655,0.04307692307692313,0.03999999999999999,0.03733333333333332,0.034999999999999976,0.03294117647058828,0.031111111111111103,0.029473684210526308,0.02799999999999999,0.0266666666666667,0.02545454545454545,0.024347826086956514,0.023333333333333317,0.022400000000000028,0.02153846153846153,0.020740740740740733,0.019999999999999993,0.019310344827586232,0.01866666666666666,0.018064516129032253,0.017499999999999988,0.016969696969696992,0.016470588235294112,0.015999999999999997,0.015555555555555552,0.015135135135135154,0.014736842105263154,0.014358974358974355,0.01399999999999999,0.013658536585365871,0.013333333333333329,0.013023255813953484,0.012727272727272724,0.012444444444444461,0.012173913043478257,0.011914893617021274,0.011666666666666659,0.011428571428571442,0.011199999999999996,0.010980392156862742,0.010769230769230765,0.01056603773584907,0.010370370370370367,0.010181818181818179,0.009999999999999993,0.009824561403508784,0.0096551724137931,0.009491525423728811,0.00933333333333333,0.009180327868852471,0.009032258064516126,0.008888888888888885,0.008749999999999994,0.008615384615384627,0.008484848484848482,0.008358208955223878,0.008235294117647056,0.008115942028985518,0.007999999999999998,0.00788732394366197,0.007777777777777772,0.007671232876712338,0.007567567567567565,0.007466666666666664,0.007368421052631577,0.007272727272727282,0.007179487179487178,0.007088607594936707,0.006999999999999995,0.006913580246913589,0.006829268292682925,0.006746987951807227,0.0066666666666666645,0.006588235294117655,0.006511627906976742,0.006436781609195401,0.0063636363636363595,0.006292134831460682,0.00622222222222222,0.006153846153846152,0.006086956521739129,0.006021505376344094,0.005957446808510637,0.005894736842105262,0.005833333333333329,0.0057731958762886676,0.0057142857142857125,0.005656565656565655,0.005599999999999998,0.005544554455445552,0.005490196078431371,0.005436893203883493,0.005384615384615381,0.00533333333333334,0.005283018867924527,0.005233644859813083,0.005185185185185183,0.005137614678899089,0.0050909090909090895,0.005045045045045044,0.004999999999999997,0.004955752212389387,0.004912280701754384,0.004869565217391303,0.00482758620689655,0.004786324786324792,0.004745762711864406,0.004705882352941175,0.004666666666666664,0.004628099173553725,0.004590163934426228,0.004552845528455283,0.004516129032258063,0.004480000000000006,0.004444444444444443,0.004409448818897636,0.004374999999999997,36.0,432.0,0.0,0.0,0.0,0.0,0.0,0.0,0.0,0.0,0.0,0.0,0.0,0.0,0.0,0.0,0.0,0.0,0.0,0.0,0.0,0.0,0.0,0.0,0.0,0.0,0.0,0.0,0.0,0.0,0.0,0.0,0.0,0.0,0.0,0.0,0.0,0.0,0.0,0.0,0.0,0.0,0.0,0.0,0.0,0.0,0.0,0.0,0.0,0.0,0.0,0.0,0.0,0.0,0.0,0.0,0.0,0.0,0.0,0.0,0.0,0.0,0.0,0.0,0.0,0.0,0.0,0.0,0.0,0.0,0.0,0.0,0.0,0.0,0.0,0.0,0.0,0.0,0.0,0.0,0.0,0.0,0.0,0.0,0.0,0.0,0.0,0.0,0.0,0.0,0.0,0.0,0.0,0.0,0.0,0.0,0.0,0.0,0.0,0.0,0.0,0.0,0.0,0.0,0.0,0.0,0.0,0.0,0.0,0.0,0.0,0.0,0.0,0.0,0.0,0.0,0.0,0.0,0.0,0.0,0.0,0.0,0.0,0.0,0.0,0.0,0.0,0.0,0.0,0.0,1,January 1,Nancy
0.015752119405627058,1.238738978650774,0.5015739883930392,3.474016697633502,3.474016697633502,0.7429276266706641,1.1101315784112704,1.9436582544082668,1.9436582544082668,0.5325702777970078,1.488796202046431,2.9324804426337208,2.9324804426337208,0.7109211468819085,0.7815210945378359,4.4758498522507075,4.4758498522507075,0.5103200204405332,0.8585723599298334,13.829999999999998,0.07417022881235928,0.07417022881235928,683.9599903591228,3.72,3.87,4.286666666666667,4.27,4.18,4.02,3.891428571428571,3.8074999999999997,3.6755555555555555,3.47,3.22,2.978333333333333,2.773846153846154,2.641428571428571,2.6066666666666665,2.5325,2.449411764705882,2.3588888888888886,2.298947368421053,2.2399999999999998,2.1533333333333333,2.0745454545454547,1.9852173913043476,1.8783333333333332,1.732,1.627692307692308,1.5607407407407408,1.4842857142857144,1.402758620689655,1.3799999999999997,1.384516129032258,1.42625,1.383030303030303,1.3423529411764705,1.304,1.267777777777778,1.2335135135135136,1.2010526315789474,1.1702564102564104,1.141,1.1131707317073172,1.0866666666666667,1.0613953488372092,1.0372727272727273,1.0142222222222221,0.9921739130434782,0.971063829787234,0.9508333333333333,0.9314285714285715,0.9128000000000001,0.8949019607843137,0.8776923076923077,0.8611320754716981,0.8451851851851852,0.8298181818181818,0.8150000000000001,0.8007017543859649,0.786896551724138,0.7735593220338983,0.7606666666666667,0.7481967213114754,0.7361290322580645,0.7244444444444444,0.713125,0.7021538461538461,0.6915151515151515,0.6811940298507463,0.6711764705882353,0.6614492753623189,0.652,0.6428169014084507,0.633888888888889,0.6252054794520548,0.6167567567567568,0.6085333333333334,0.6005263157894737,0.5927272727272728,0.5851282051282052,0.5777215189873418,0.5705,0.5634567901234568,0.5565853658536586,0.5498795180722892,0.5433333333333333,0.5369411764705883,0.5306976744186046,0.5245977011494253,0.5186363636363637,0.5128089887640449,0.5071111111111111,0.5015384615384616,0.4960869565217391,0.49075268817204304,0.485531914893617,0.48042105263157897,0.47541666666666665,0.4705154639175258,0.46571428571428575,0.46101010101010104,0.45640000000000003,0.4518811881188119,0.44745098039215686,0.4431067961165049,0.43884615384615383,0.43466666666666665,0.43056603773584906,0.42654205607476636,0.4225925925925926,0.4187155963302752,0.4149090909090909,0.4111711711711712,0.40750000000000003,0.4038938053097345,0.40035087719298246,0.3968695652173913,0.393448275862069,0.39008547008547007,0.38677966101694916,0.3835294117647059,0.38033333333333336,0.3771900826446281,0.3740983606557377,0.37105691056910567,0.36806451612903224,0.36512,0.3622222222222222,0.3593700787401575,0.3565625,3.5,42.0,0.0,0.0,0.0,0.0,0.0,0.0,0.0,0.0,0.0,0.0,0.0,0.0,0.0,0.0,0.0,0.0,35.0,96.0,173.0,256.0,332.0,391.0,424.0,432.0,432.0,432.0,432.0,432.0,432.0,432.0,432.0,432.0,432.0,432.0,432.0,432.0,432.0,432.0,432.0,432.0,432.0,432.0,432.0,432.0,432.0,432.0,432.0,432.0,432.0,432.0,432.0,432.0,432.0,432.0,432.0,432.0,432.0,432.0,432.0,432.0,432.0,432.0,432.0,432.0,432.0,432.0,432.0,432.0,432.0,432.0,432.0,432.0,432.0,432.0,432.0,432.0,432.0,432.0,432.0,432.0,432.0,432.0,432.0,432.0,432.0,432.0,432.0,432.0,432.0,432.0,432.0,432.0,432.0,432.0,432.0,432.0,432.0,432.0,432.0,432.0,432.0,432.0,432.0,432.0,432.0,432.0,432.0,432.0,432.0,432.0,432.0,432.0,432.0,432.0,432.0,432.0,432.0,432.0,432.0,432.0,432.0,432.0,432.0,432.0,432.0,432.0,432.0,432.0,2,January 2,Nancy
0.015752119405627058,1.238738978650774,0.5015739883930392,3.474016697633502,3.474016697633502,0.7429276266706641,1.1101315784112704,1.9436582544082668,1.9436582544082668,0.5325702777970078,1.488796202046431,2.9324804426337208,2.9324804426337208,0.7109211468819085,0.7815210945378359,4.4758498522507075,4.4758498522507075,0.5103200204405332,0.8585723599298334,17.471666666666668,-0.13305499539252316,0.13305499539252316,552.0127826004007,4.52,4.77,4.753333333333333,4.77,4.659999999999999,4.6866666666666665,4.648571428571429,4.619999999999999,4.6755555555555555,4.63,4.547272727272727,4.669999999999999,4.858461538461539,5.027142857142857,5.239999999999999,5.401249999999999,5.50235294117647,5.608888888888888,5.651578947368421,5.639999999999999,5.60095238095238,5.579090909090908,5.489565217391304,5.419999999999999,5.352,5.300769230769232,5.294074074074075,5.255714285714285,5.206206896551725,5.140000000000001,5.074838709677419,5.016875000000001,4.944242424242424,4.846470588235295,4.7285714285714295,4.606111111111112,4.49027027027027,4.396315789473684,4.337948717948718,4.265000000000001,4.188292682926829,4.108095238095238,4.04093023255814,3.974545454545455,3.8955555555555557,3.82,3.739148936170212,3.6491666666666664,3.538367346938776,3.448000000000001,3.3768627450980397,3.300769230769231,3.2218867924528305,3.175555555555556,3.1454545454545455,3.137857142857143,3.08280701754386,3.0296551724137935,2.978305084745763,2.9286666666666665,2.8806557377049185,2.8341935483870966,2.7892063492063492,2.745625,2.703384615384616,2.662424242424243,2.6226865671641795,2.5841176470588234,2.546666666666667,2.5102857142857142,2.474929577464789,2.4405555555555556,2.4071232876712334,2.374594594594595,2.3429333333333338,2.312105263157895,2.2820779220779226,2.252820512820513,2.2243037974683544,2.1965,2.169382716049383,2.142926829268293,2.11710843373494,2.091904761904762,2.067294117647059,2.0432558139534884,2.0197701149425287,1.9968181818181818,1.9743820224719104,1.9524444444444446,1.9309890109890113,1.91,1.8894623655913982,1.8693617021276596,1.8496842105263158,1.8304166666666666,1.8115463917525776,1.793061224489796,1.7749494949494953,1.7572,1.73980198019802,1.7227450980392156,1.7060194174757282,1.6896153846153845,1.6735238095238099,1.657735849056604,1.6422429906542058,1.627037037037037,1.6121100917431195,1.5974545454545455,1.583063063063063,1.5689285714285715,1.555044247787611,1.54140350877193,1.5280000000000002,1.5148275862068965,1.5018803418803421,1.4891525423728813,1.4766386554621849,1.4643333333333333,1.452231404958678,1.4403278688524592,1.428617886178862,1.4170967741935483,1.4057600000000001,1.3946031746031746,1.3836220472440945,1.3728125,33.5,402.0,0.0,0.0,0.0,0.0,0.0,0.0,0.0,0.0,0.0,0.0,0.0,0.0,0.0,0.0,0.0,0.0,16.0,29.0,35.0,36.0,38.0,40.0,42.0,42.0,42.0,42.0,42.0,42.0,42.0,42.0,42.0,42.0,42.0,42.0,42.0,42.0,42.0,42.0,42.0,42.0,77.0,138.0,215.0,298.0,374.0,433.0,466.0,474.0,474.0,474.0,474.0,474.0,474.0,474.0,474.0,474.0,474.0,474.0,474.0,474.0,474.0,474.0,474.0,474.0,474.0,474.0,474.0,474.0,474.0,474.0,474.0,474.0,474.0,474.0,474.0,474.0,474.0,474.0,474.0,474.0,474.0,474.0,474.0,474.0,474.0,474.0,474.0,474.0,474.0,474.0,474.0,474.0,474.0,474.0,474.0,474.0,474.0,474.0,474.0,474.0,474.0,474.0,474.0,474.0,474.0,474.0,474.0,474.0,474.0,474.0,474.0,474.0,474.0,474.0,474.0,474.0,474.0,474.0,474.0,474.0,474.0,474.0,474.0,474.0,474.0,474.0,474.0,474.0,3,January 3,Nancy
0.015752119405627058,1.238738978650774,0.5015739883930392,3.474016697633502,3.474016697633502,0.7429276266706641,1.1101315784112704,1.9436582544082668,1.9436582544082668,0.5325702777970078,1.488796202046431,2.9324804426337208,2.9324804426337208,0.7109211468819085,0.7815210945378359,4.4758498522507075,4.4758498522507075,0.5103200204405332,0.8585723599298334,17.846666666666668,0.057531736805503365,0.057531736805503365,673.3657078819574,-2.18,-1.78,-1.78,-1.53,-1.6,-1.5133333333333334,-1.5371428571428571,-1.655,-1.7911111111111113,-2.08,-2.398181818181818,-2.6050000000000004,-2.587692307692308,-2.415714285714286,-2.1866666666666665,-1.9425,-1.627058823529412,-1.2855555555555556,-1.0378947368421054,-0.79,-0.5752380952380953,-0.37545454545454554,-0.22347826086956532,-0.038333333333333476,0.1439999999999999,0.33153846153846145,0.49407407407407405,0.6485714285714286,0.7717241379310343,0.9066666666666666,1.02,1.12625,1.2472727272727273,1.334705882352941,1.4028571428571428,1.5311111111111109,1.6821621621621625,1.827894736842105,1.9917948717948717,2.1374999999999997,2.2590243902439022,2.3819047619047615,2.4758139534883723,2.5427272727272725,2.5933333333333333,2.648260869565217,2.666808510638298,2.690833333333334,2.7118367346938776,2.738,2.7847058823529416,2.8123076923076926,2.831320754716981,2.8385185185185184,2.8436363636363633,2.850357142857143,2.846315789473684,2.8251724137931036,2.789491525423729,2.7483333333333335,2.7085245901639343,2.6796774193548383,2.6707936507936507,2.65125,2.6276923076923078,2.6003030303030306,2.579701492537313,2.558235294117647,2.5272463768115943,2.497142857142857,2.46225352112676,2.42,2.362465753424657,2.317297297297297,2.284,2.246315789473684,2.205714285714286,2.1866666666666665,2.178227848101266,2.1849999999999996,2.1580246913580243,2.1317073170731704,2.106024096385542,2.0809523809523807,2.0564705882352943,2.0325581395348835,2.0091954022988503,1.986363636363636,1.9640449438202245,1.942222222222222,1.9208791208791207,1.9,1.8795698924731183,1.8595744680851063,1.8399999999999999,1.820833333333333,1.802061855670103,1.783673469387755,1.7656565656565655,1.7479999999999998,1.730693069306931,1.7137254901960783,1.6970873786407765,1.6807692307692306,1.6647619047619047,1.6490566037735848,1.633644859813084,1.6185185185185185,1.6036697247706424,1.5890909090909089,1.5747747747747747,1.5607142857142855,1.5469026548672564,1.5333333333333332,1.5199999999999998,1.5068965517241377,1.494017094017094,1.4813559322033898,1.46890756302521,1.4566666666666666,1.4446280991735536,1.4327868852459016,1.4211382113821136,1.4096774193548385,1.3984,1.3873015873015873,1.3763779527559055,1.3656249999999999,11.583333333333334,139.0,0.0,0.0,0.0,0.0,0.0,0.0,0.0,0.0,0.0,0.0,0.0,0.0,0.0,0.0,0.0,0.0,35.0,94.0,168.0,245.0,315.0,367.0,396.0,402.0,402.0,402.0,402.0,402.0,402.0,402.0,402.0,402.0,402.0,402.0,402.0,402.0,402.0,402.0,402.0,402.0,418.0,431.0,437.0,438.0,440.0,442.0,444.0,444.0,444.0,444.0,444.0,444.0,444.0,444.0,444.0,444.0,444.0,444.0,444.0,444.0,444.0,444.0,444.0,444.0,479.0,540.0,617.0,700.0,776.0,835.0,868.0,876.0,876.0,876.0,876.0,876.0,876.0,876.0,876.0,876.0,876.0,876.0,876.0,876.0,876.0,876.0,876.0,876.0,876.0,876.0,876.0,876.0,876.0,876.0,876.0,876.0,876.0,876.0,876.0,876.0,876.0,876.0,876.0,876.0,876.0,876.0,876.0,876.0,876.0,876.0,876.0,876.0,876.0,876.0,876.0,876.0,876.0,876.0,876.0,876.0,876.0,876.0,876.0,876.0,876.0,876.0,876.0,876.0,4,January 4,Nancy
0.015752119405627058,1.238738978650774,0.5015739883930392,3.474016697633502,3.474016697633502,0.7429276266706641,1.1101315784112704,1.9436582544082668,1.9436582544082668,0.5325702777970078,1.488796202046431,2.9324804426337208,2.9324804426337208,0.7109211468819085,0.7815210945378359,4.4758498522507075,4.4758498522507075,0.5103200204405332,0.8585723599298334,14.446666666666665,0.027448786460387144,0.027448786460387144,654.2108906322104,3.62,3.82,3.8200000000000003,3.7699999999999996,3.8,3.77,3.5771428571428574,3.3825,3.042222222222222,2.7600000000000002,2.4563636363636365,2.2783333333333333,2.2507692307692304,2.2700000000000005,2.3866666666666663,2.48875,2.6082352941176468,2.7199999999999993,2.7726315789473683,2.7149999999999994,2.62,2.506363636363636,2.363478260869565,2.2158333333333333,2.0399999999999996,1.9084615384615384,1.7718518518518518,1.6807142857142856,1.5579310344827586,1.47,1.3683870967741933,1.248125,1.1230303030303028,0.9523529411764704,0.7657142857142857,0.6088888888888888,0.528108108108108,0.5094736842105262,0.5225641025641026,0.5524999999999999,0.6224390243902438,0.7152380952380952,0.7781395348837208,0.8495454545454545,0.913333333333333,0.9765217391304347,1.0221276595744677,1.0887499999999999,1.1587755102040818,1.2359999999999998,1.3043137254901962,1.371923076923077,1.4256603773584906,1.4885185185185184,1.5418181818181818,1.5932142857142857,1.6550877192982456,1.6993103448275861,1.733559322033898,1.805,1.8921311475409834,1.9780645161290322,2.077142857142857,2.1668749999999997,2.243076923076923,2.3215151515151518,2.3826865671641793,2.4273529411764705,2.462028985507246,2.5000000000000004,2.514366197183098,2.5325,2.5487671232876714,2.5686486486486486,2.602666666666667,2.6239473684210526,2.6394805194805193,2.6469230769230765,2.652911392405063,2.66,2.659506172839506,2.646829268292683,2.6236144578313256,2.5961904761904764,2.5694117647058823,2.5502325581395353,2.5452873563218392,2.5324999999999998,2.516629213483146,2.497777777777778,2.483736263736264,2.468913043478261,2.4468817204301074,2.4253191489361705,2.4,2.368958333333333,2.326185567010309,2.292448979591837,2.2674747474747474,2.239,2.208118811881188,2.193529411764706,2.186990291262136,2.1921153846153847,2.1712380952380954,2.1507547169811323,2.1306542056074766,2.110925925925926,2.091559633027523,2.072545454545455,2.053873873873874,2.0355357142857144,2.0175221238938055,1.9998245614035088,1.9824347826086957,1.965344827586207,1.9485470085470085,1.9320338983050849,1.915798319327731,1.8998333333333335,1.884132231404959,1.868688524590164,1.8534959349593496,1.8385483870967743,1.82384,1.8093650793650795,1.7951181102362204,1.7810937500000001,4.0,48.0,0.0,0.0,0.0,0.0,0.0,0.0,0.0,0.0,0.0,0.0,0.0,0.0,0.0,0.0,0.0,0.0,23.0,53.0,85.0,113.0,132.0,137.0,139.0,139.0,139.0,139.0,139.0,139.0,139.0,139.0,139.0,139.0,139.0,139.0,139.0,139.0,139.0,139.0,139.0,139.0,174.0,233.0,307.0,384.0,454.0,506.0,535.0,541.0,541.0,541.0,541.0,541.0,541.0,541.0,541.0,541.0,541.0,541.0,541.0,541.0,541.0,541.0,541.0,541.0,557.0,570.0,576.0,577.0,579.0,581.0,583.0,583.0,583.0,583.0,583.0,583.0,583.0,583.0,583.0,583.0,583.0,583.0,583.0,583.0,583.0,583.0,583.0,583.0,618.0,679.0,756.0,839.0,915.0,974.0,1007.0,1015.0,1015.0,1015.0,1015.0,1015.0,1015.0,1015.0,1015.0,1015.0,1015.0,1015.0,1015.0,1015.0,1015.0,1015.0,1015.0,1015.0,1015.0,1015.0,1015.0,1015.0,1015.0,1015.0,1015.0,1015.0,1015.0,1015.0,1015.0,1015.0,1015.0,1015.0,1015.0,1015.0,5,January 5,Nancy
0.015752119405627058,1.238738978650774,0.5015739883930392,3.474016697633502,3.474016697633502,0.7429276266706641,1.1101315784112704,1.9436582544082668,1.9436582544082668,0.5325702777970078,1.488796202046431,2.9324804426337208,2.9324804426337208,0.7109211468819085,0.7815210945378359,4.4758498522507075,4.4758498522507075,0.5103200204405332,0.8585723599298334,12.546666666666667,-0.021692344392889938,0.021692344392889938,622.9210945802338,7.52,6.57,5.953333333333333,5.295,5.0200000000000005,4.9366666666666665,4.8342857142857145,4.6075,4.353333333333333,4.15,3.9109090909090907,3.7949999999999995,3.6584615384615384,3.577142857142857,3.593333333333333,3.7074999999999996,3.8905882352941177,4.0811111111111105,4.309473684210526,4.475,4.572380952380952,4.679090909090909,4.689565217391304,4.674166666666666,4.632,4.608461538461539,4.579259259259259,4.545,4.523448275862069,4.493333333333333,4.426451612903226,4.35125,4.2290909090909095,4.111176470588235,3.977142857142857,3.8755555555555556,3.8227027027027027,3.788421052631579,3.7943589743589747,3.8,3.8175609756097564,3.836666666666667,3.833953488372093,3.7836363636363632,3.7155555555555555,3.637391304347826,3.5434042553191487,3.445,3.330204081632653,3.2359999999999998,3.1376470588235295,3.0623076923076917,2.9690566037735846,2.8940740740740734,2.810909090909091,2.7164285714285716,2.618245614035088,2.4924137931034482,2.3555932203389833,2.235,2.159344262295082,2.1216129032258064,2.1041269841269843,2.0981249999999996,2.1184615384615384,2.154848484848485,2.173731343283582,2.199411764705882,2.221449275362319,2.244285714285714,2.2566197183098593,2.283888888888889,2.3145205479452056,2.351081081081081,2.3826666666666667,2.414736842105263,2.438181818181818,2.468717948717949,2.493417721518987,2.5174999999999996,2.5496296296296297,2.5700000000000003,2.5838554216867475,2.624761904761905,2.6776470588235295,2.7304651162790696,2.793563218390805,2.8506818181818185,2.898651685393258,2.9488888888888884,2.987032967032967,3.013478260869565,3.0329032258064514,3.0551063829787233,3.0600000000000005,3.0679166666666666,3.0746391752577322,3.084285714285714,3.104848484848485,3.1159999999999997,3.122970297029703,3.1239215686274506,3.123883495145631,3.1248076923076926,3.1199999999999997,3.1058490566037738,3.0835514018691588,3.0579629629629634,3.0328440366972482,3.0136363636363637,3.0055855855855858,2.991428571428571,2.9748672566371677,2.955964912280702,2.9408695652173917,2.925172413793103,2.9037606837606837,2.88271186440678,2.8586554621848745,2.83,2.7919008264462803,2.760983606557377,2.7370731707317075,2.710322580645161,2.6816000000000004,2.666031746031746,2.6570078740157483,2.6575,28.333333333333332,340.0,0.0,0.0,0.0,0.0,0.0,0.0,0.0,0.0,0.0,0.0,0.0,0.0,0.0,0.0,0.0,0.0,17.0,30.0,38.0,42.0,44.0,46.0,48.0,48.0,48.0,48.0,48.0,48.0,48.0,48.0,48.0,48.0,48.0,48.0,48.0,48.0,48.0,48.0,48.0,48.0,71.0,101.0,133.0,161.0,180.0,185.0,187.0,187.0,187.0,187.0,187.0,187.0,187.0,187.0,187.0,187.0,187.0,187.0,187.0,187.0,187.0,187.0,187.0,187.0,222.0,281.0,355.0,432.0,502.0,554.0,583.0,589.0,589.0,589.0,589.0,589.0,589.0,589.0,589.0,589.0,589.0,589.0,589.0,589.0,589.0,589.0,589.0,589.0,605.0,618.0,624.0,625.0,627.0,629.0,631.0,631.0,631.0,631.0,631.0,631.0,631.0,631.0,631.0,631.0,631.0,631.0,631.0,631.0,631.0,631.0,631.0,631.0,666.0,727.0,804.0,887.0,963.0,1022.0,1055.0,1063.0,1063.0,1063.0,1063.0,1063.0,1063.0,1063.0,1063.0,1063.0,6,January 6,Nancy
0.015752119405627058,1.238738978650774,0.5015739883930392,3.474016697633502,3.474016697633502,0.7429276266706641,1.1101315784112704,1.9436582544082668,1.9436582544082668,0.5325702777970078,1.488796202046431,2.9324804426337208,2.9324804426337208,0.7109211468819085,0.7815210945378359,4.4758498522507075,4.4758498522507075,0.5103200204405332,0.8585723599298334,17.013333333333332,-0.07224464670606766,0.07224464670606766,590.7327586206898,1.92,1.92,2.186666666666667,2.52,2.96,3.6366666666666667,4.362857142857143,5.0325,5.542222222222223,5.8500000000000005,5.992727272727273,6.02,6.012307692307692,5.898571428571429,5.9866666666666655,6.1075,6.225882352941177,6.347777777777777,6.472631578947369,6.544999999999999,6.600952380952381,6.656363636363636,6.6982608695652175,6.736666666666667,6.768,6.723846153846154,6.6496296296296284,6.530714285714285,6.440689655172414,6.376666666666667,6.307096774193548,6.204375,6.086666666666666,5.975882352941176,5.848571428571428,5.756111111111111,5.655135135135135,5.572631578947369,5.527692307692307,5.525,5.556585365853658,5.598571428571428,5.6641860465116265,5.708636363636362,5.726666666666667,5.752608695652175,5.734893617021278,5.705416666666667,5.662857142857145,5.63,5.59450980392157,5.556538461538461,5.525660377358492,5.49037037037037,5.434545454545456,5.373571428571429,5.284912280701755,5.197586206896553,5.099661016949154,5.0200000000000005,4.969180327868854,4.92967741935484,4.915238095238097,4.90125,4.895384615384615,4.891212121212122,4.873731343283582,4.825882352941178,4.766376811594204,4.700000000000001,4.622816901408451,4.542222222222223,4.45013698630137,4.371351351351351,4.289333333333334,4.222631578947369,4.143376623376624,4.076410256410257,4.00354430379747,3.9225000000000008,3.838518518518519,3.734634146341464,3.6224096385542177,3.5211904761904766,3.451764705882354,3.4095348837209305,3.382068965517242,3.3631818181818187,3.3638202247191016,3.376666666666667,3.3771428571428577,3.3830434782608703,3.386666666666667,3.391276595744682,3.38842105263158,3.3970833333333332,3.4086597938144334,3.4251020408163266,3.438181818181819,3.4520000000000004,3.4596039603960405,3.4729411764705884,3.482135922330098,3.491153846153846,3.5066666666666664,3.5133962264150944,3.5153271028037385,3.5385185185185186,3.5713761467889915,3.604545454545455,3.646126126126127,3.683392857142857,3.7138053097345134,3.7463157894736847,3.7695652173913055,3.7837931034482764,3.792649572649574,3.8038983050847466,3.8015126050420176,3.801666666666667,3.8009917355371905,3.802786885245902,3.81349593495935,3.8167741935483877,3.8168000000000006,3.8120634920634924,3.806614173228347,3.80203125,25.5,306.0,0.0,0.0,0.0,0.0,0.0,0.0,0.0,0.0,0.0,0.0,0.0,0.0,0.0,0.0,0.0,0.0,33.0,87.0,152.0,218.0,276.0,317.0,337.0,340.0,340.0,340.0,340.0,340.0,340.0,340.0,340.0,340.0,340.0,340.0,340.0,340.0,340.0,340.0,340.0,340.0,357.0,370.0,378.0,382.0,384.0,386.0,388.0,388.0,388.0,388.0,388.0,388.0,388.0,388.0,388.0,388.0,388.0,388.0,388.0,388.0,388.0,388.0,388.0,388.0,411.0,441.0,473.0,501.0,520.0,525.0,527.0,527.0,527.0,527.0,527.0,527.0,527.0,527.0,527.0,527.0,527.0,527.0,527.0,527.0,527.0,527.0,527.0,527.0,562.0,621.0,695.0,772.0,842.0,894.0,923.0,929.0,929.0,929.0,929.0,929.0,929.0,929.0,929.0,929.0,929.0,929.0,929.0,929.0,929.0,929.0,929.0,929.0,945.0,958.0,964.0,965.0,967.0,969.0,971.0,971.0,971.0,971.0,971.0,971.0,971.0,971.0,971.0,971.0,7,January 7,Nancy
0.015752119405627058,1.238738978650774,0.5015739883930392,3.474016697633502,3.474016697633502,0.7429276266706641,1.1101315784112704,1.9436582544082668,1.9436582544082668,0.5325702777970078,1.488796202046431,2.9324804426337208,2.9324804426337208,0.7109211468819085,0.7815210945378359,4.4758498522507075,4.4758498522507075,0.5103200204405332,0.8585723599298334,14.963333333333333,0.09119212032138799,0.09119212032138799,694.798396079305,2.12,2.47,1.92,1.62,1.4000000000000001,1.3866666666666667,1.3057142857142858,1.295,1.2088888888888887,1.2600000000000002,1.3472727272727274,1.5533333333333337,1.7046153846153846,1.7985714285714285,1.9466666666666665,2.0637499999999998,2.208235294117647,2.3144444444444443,2.3673684210526313,2.4349999999999996,2.42,2.37,2.32,2.27,2.256,2.2430769230769227,2.2607407407407405,2.3057142857142856,2.3889655172413793,2.5433333333333326,2.7425806451612895,2.960625,3.162424242424243,3.322941176470588,3.44,3.52,3.5848648648648647,3.606842105263158,3.6994871794871793,3.8049999999999997,3.9102439024390243,4.017619047619048,4.126976744186046,4.213181818181817,4.291111111111111,4.367826086956521,4.437021276595744,4.503333333333333,4.564897959183674,4.586,4.5886274509803915,4.564230769230769,4.552075471698113,4.551481481481481,4.545454545454545,4.5182142857142855,4.479649122807017,4.442413793103448,4.392881355932204,4.361666666666666,4.32327868852459,4.2941935483870965,4.286666666666666,4.304375,4.343076923076923,4.388181818181818,4.448358208955224,4.495,4.524347826086957,4.558571428571429,4.563661971830986,4.560277777777778,4.547397260273973,4.540270270270271,4.530666666666667,4.518684210526316,4.510909090909091,4.499487179487179,4.4731645569620255,4.4425,4.391604938271605,4.340731707317073,4.28144578313253,4.234285714285715,4.207058823529412,4.187441860465117,4.18551724137931,4.183636363636364,4.1874157303370785,4.192222222222222,4.187032967032967,4.159130434782608,4.1221505376344085,4.079574468085107,4.028421052631579,3.9741666666666666,3.910721649484536,3.856734693877551,3.79979797979798,3.7540000000000004,3.698217821782178,3.651372549019608,3.599611650485437,3.541153846153846,3.4800000000000004,3.403018867924528,3.3190654205607477,3.243148148148148,3.191559633027523,3.1609090909090907,3.1416216216216215,3.128928571428571,3.131504424778761,3.143684210526316,3.146086956521739,3.1527586206896556,3.157606837606838,3.1632203389830513,3.162857142857143,3.171666666666667,3.182809917355372,3.197868852459017,3.2102439024390246,3.2232258064516133,3.2312,3.2438095238095235,3.2530708661417322,3.2621875,1.5,18.0,0.0,0.0,0.0,0.0,0.0,0.0,0.0,0.0,0.0,0.0,0.0,0.0,0.0,0.0,0.0,0.0,32.0,82.0,142.0,203.0,255.0,290.0,305.0,306.0,306.0,306.0,306.0,306.0,306.0,306.0,306.0,306.0,306.0,306.0,306.0,306.0,306.0,306.0,306.0,306.0,339.0,393.0,458.0,524.0,582.0,623.0,643.0,646.0,646.0,646.0,646.0,646.0,646.0,646.0,646.0,646.0,646.0,646.0,646.0,646.0,646.0,646.0,646.0,646.0,663.0,676.0,684.0,688.0,690.0,692.0,694.0,694.0,694.0,694.0,694.0,694.0,694.0,694.0,694.0,694.0,694.0,694.0,694.0,694.0,694.0,694.0,694.0,694.0,717.0,747.0,779.0,807.0,826.0,831.0,833.0,833.0,833.0,833.0,833.0,833.0,833.0,833.0,833.0,833.0,833.0,833.0,833.0,833.0,833.0,833.0,833.0,833.0,868.0,927.0,1001.0,1078.0,1148.0,1200.0,1229.0,1235.0,1235.0,1235.0,1235.0,1235.0,1235.0,1235.0,1235.0,1235.0,8,January 8,Nancy
0.015752119405627058,1.238738978650774,0.5015739883930392,3.474016697633502,3.474016697633502,0.7429276266706641,1.1101315784112704,1.9436582544082668,1.9436582544082668,0.5325702777970078,1.488796202046431,2.9324804426337208,2.9324804426337208,0.7109211468819085,0.7815210945378359,4.4758498522507075,4.4758498522507075,0.5103200204405332,0.8585723599298334,20.846666666666668,-0.11364652494040285,0.11364652494040285,564.3708026862807,-0.8800000000000001,-0.53,-0.013333333333333345,0.21999999999999997,0.33999999999999997,0.6366666666666667,1.12,1.4575,1.764444444444444,1.9300000000000002,2.0563636363636366,2.2783333333333338,2.550769230769231,2.9200000000000004,3.2533333333333334,3.5575,3.7847058823529416,3.8533333333333335,3.8621052631578947,3.8649999999999998,3.8771428571428563,3.869999999999999,3.776521739130434,3.6575,3.596,3.566153846153846,3.464444444444444,3.366428571428571,3.268275862068965,3.203333333333333,3.1264516129032254,3.066875,2.9896969696969697,2.9523529411764704,2.931428571428571,2.956111111111111,2.971351351351351,2.972631578947368,2.999487179487179,3.0200000000000005,3.0565853658536586,3.0819047619047617,3.0874418604651166,3.101818181818182,3.08,3.041739130434783,3.0029787234042558,2.9637499999999997,2.9424489795918367,2.9219999999999997,2.918039215686275,2.929615384615384,2.9633962264150946,3.038518518518518,3.1418181818181816,3.2592857142857143,3.370877192982456,3.4613793103448276,3.5284745762711864,3.575,3.6134426229508194,3.6264516129032254,3.6834920634920634,3.7496875,3.816923076923077,3.8866666666666663,3.958805970149253,4.017058823529411,4.07072463768116,4.1242857142857146,4.173521126760563,4.221388888888889,4.266575342465753,4.284864864864865,4.290666666666666,4.277894736842105,4.273246753246752,4.276410256410257,4.275696202531645,4.26,4.2360493827160495,4.2126829268292685,4.180240963855422,4.16047619047619,4.135294117647058,4.116511627906977,4.1131034482758615,4.127954545454545,4.158202247191012,4.193333333333333,4.2397802197802195,4.276521739130434,4.300645161290323,4.328510638297872,4.334736842105263,4.334583333333334,4.327216494845361,4.324081632653062,4.318989898989899,4.312,4.3081188118811875,4.301372549019607,4.283106796116504,4.261346153846153,4.223809523809524,4.186037735849056,4.141495327102803,4.106111111111112,4.08605504587156,4.071818181818182,4.0713513513513515,4.070892857142858,4.074867256637169,4.079649122807018,4.076521739130435,4.055344827586207,4.026837606837606,3.9937288135593225,3.953613445378151,3.9108333333333336,3.860495867768595,3.8175409836065572,3.772032520325203,3.7353225806451613,3.6904,3.652539682539683,3.610551181102362,3.56296875,46.166666666666664,554.0,0.0,0.0,0.0,0.0,0.0,0.0,0.0,0.0,0.0,0.0,0.0,0.0,0.0,0.0,0.0,0.0,10.0,11.0,12.0,13.0,14.0,16.0,18.0,18.0,18.0,18.0,18.0,18.0,18.0,18.0,18.0,18.0,18.0,18.0,18.0,18.0,18.0,18.0,18.0,18.0,50.0,100.0,160.0,221.0,273.0,308.0,323.0,324.0,324.0,324.0,324.0,324.0,324.0,324.0,324.0,324.0,324.0,324.0,324.0,324.0,324.0,324.0,324.0,324.0,357.0,411.0,476.0,542.0,600.0,641.0,661.0,664.0,664.0,664.0,664.0,664.0,664.0,664.0,664.0,664.0,664.0,664.0,664.0,664.0,664.0,664.0,664.0,664.0,681.0,694.0,702.0,706.0,708.0,710.0,712.0,712.0,712.0,712.0,712.0,712.0,712.0,712.0,712.0,712.0,712.0,712.0,712.0,712.0,712.0,712.0,712.0,712.0,735.0,765.0,797.0,825.0,844.0,849.0,851.0,851.0,851.0,851.0,851.0,851.0,851.0,851.0,851.0,851.0,9,January 9,Nancy
0.015752119405627058,1.238738978650774,0.5015739883930392,3.474016697633502,3.474016697633502,0.7429276266706641,1.1101315784112704,1.9436582544082668,1.9436582544082668,0.5325702777970078,1.488796202046431,2.9324804426337208,2.9324804426337208,0.7109211468819085,0.7815210945378359,4.4758498522507075,4.4758498522507075,0.5103200204405332,0.8585723599298334,19.038333333333334,0.013280593491505194,0.013280593491505194,645.1895298958243,-0.9800000000000002,-1.08,-0.9800000000000001,-0.8800000000000001,-0.7200000000000001,-0.3966666666666667,-0.32285714285714295,-0.33000000000000007,-0.3466666666666668,-0.3000000000000001,-0.1345454545454546,0.0033333333333332624,0.1507692307692307,0.18428571428571422,0.20666666666666658,0.10749999999999994,0.014117647058823476,-0.15222222222222234,-0.2431578947368422,-0.3200000000000001,-0.34190476190476204,-0.34363636363636374,-0.38000000000000006,-0.4216666666666667,-0.44000000000000006,-0.43000000000000005,-0.37629629629629635,-0.33000000000000007,-0.2903448275862069,-0.21000000000000002,-0.07354838709677426,0.04812499999999997,0.17454545454545448,0.26999999999999996,0.3571428571428571,0.4783333333333332,0.6227027027027026,0.8094736842105261,0.9917948717948718,1.17,1.322439024390244,1.4104761904761907,1.471162790697674,1.5268181818181816,1.584444444444444,1.6308695652173912,1.6327659574468083,1.6179166666666667,1.6281632653061222,1.6519999999999997,1.6356862745098033,1.6180769230769225,1.5973584905660374,1.5922222222222218,1.578181818181818,1.5717857142857141,1.5533333333333332,1.5562068965517237,1.5674576271186436,1.6049999999999998,1.6363934426229505,1.6587096774193546,1.6961904761904762,1.7293749999999999,1.7723076923076924,1.8078787878787876,1.8304477611940297,1.8582352941176465,1.8620289855072463,1.854285714285714,1.8453521126760566,1.835277777777778,1.836438356164384,1.8375675675675673,1.8493333333333333,1.8713157894736843,1.9083116883116882,1.973846153846154,2.0592405063291137,2.1550000000000002,2.2471604938271605,2.324878048780488,2.386265060240964,2.4330952380952375,2.474117647058823,2.496744186046511,2.55103448275862,2.6120454545454543,2.6739325842696626,2.7377777777777776,2.803516483516484,2.859130434782609,2.9113978494623662,2.9636170212765967,3.0126315789473694,3.0606250000000004,3.1065979381443296,3.1322448979591835,3.1482828282828277,3.15,3.1576237623762378,3.1709803921568627,3.1811650485436895,3.1796153846153845,3.1714285714285713,3.1633962264150943,3.1480373831775705,3.1422222222222222,3.131926605504588,3.1263636363636373,3.1326126126126135,3.153035714285714,3.1854867256637163,3.2217543859649114,3.2669565217391305,3.30448275862069,3.3319658119658118,3.362372881355933,3.37546218487395,3.3833333333333333,3.385289256198347,3.390491803278688,3.3939837398373984,3.3958064516129034,3.4,3.401746031746032,3.3940157480314963,3.3832812499999996,5.666666666666667,68.0,0.0,0.0,0.0,0.0,0.0,0.0,0.0,0.0,0.0,0.0,0.0,0.0,0.0,0.0,0.0,0.0,45.0,122.0,219.0,323.0,419.0,495.0,541.0,554.0,554.0,554.0,554.0,554.0,554.0,554.0,554.0,554.0,554.0,554.0,554.0,554.0,554.0,554.0,554.0,554.0,564.0,565.0,566.0,567.0,568.0,570.0,572.0,572.0,572.0,572.0,572.0,572.0,572.0,572.0,572.0,572.0,572.0,572.0,572.0,572.0,572.0,572.0,572.0,572.0,604.0,654.0,714.0,775.0,827.0,862.0,877.0,878.0,878.0,878.0,878.0,878.0,878.0,878.0,878.0,878.0,878.0,878.0,878.0,878.0,878.0,878.0,878.0,878.0,911.0,965.0,1030.0,1096.0,1154.0,1195.0,1215.0,1218.0,1218.0,1218.0,1218.0,1218.0,1218.0,1218.0,1218.0,1218.0,1218.0,1218.0,1218.0,1218.0,1218.0,1218.0,1218.0,1218.0,1235.0,1248.0,1256.0,1260.0,1262.0,1264.0,1266.0,1266.0,1266.0,1266.0,1266.0,1266.0,1266.0,1266.0,1266.0,1266.0,10,January 10,Nancy
0.015752119405627058,1.238738978650774,0.5015739883930392,3.474016697633502,3.474016697633502,0.7429276266706641,1.1101315784112704,1.9436582544082668,1.9436582544082668,0.5325702777970078,1.488796202046431,2.9324804426337208,2.9324804426337208,0.7109211468819085,0.7815210945378359,4.4758498522507075,4.4758498522507075,0.5103200204405332,0.8585723599298334,21.13,0.03838892541066457,0.03838892541066457,661.1768417731504,-5.1800000000000015,-5.330000000000001,-5.446666666666668,-5.4300000000000015,-5.1800000000000015,-5.080000000000001,-5.037142857142858,-5.1800000000000015,-5.313333333333334,-5.3500000000000005,-5.170909090909091,-4.896666666666667,-4.556923076923077,-4.201428571428571,-3.8533333333333335,-3.536250000000001,-3.19764705882353,-2.9133333333333336,-2.6378947368421053,-2.4050000000000007,-2.189523809523809,-2.034545454545455,-1.9886956521739132,-1.9675000000000005,-1.9280000000000004,-1.8992307692307693,-1.857777777777778,-1.8121428571428573,-1.7524137931034482,-1.6533333333333333,-1.5961290322580648,-1.5581250000000004,-1.5254545454545458,-1.477058823529412,-1.3914285714285717,-1.3105555555555555,-1.2232432432432436,-1.1747368421052633,-1.1312820512820516,-1.1375000000000002,-1.1458536585365857,-1.1895238095238099,-1.2055813953488375,-1.218636363636364,-1.2088888888888891,-1.1908695652173915,-1.1906382978723404,-1.1945833333333333,-1.1881632653061225,-1.1680000000000001,-1.1250980392156864,-1.085769230769231,-1.049811320754717,-0.9911111111111112,-0.9000000000000001,-0.815714285714286,-0.7273684210526317,-0.6558620689655175,-0.5884745762711867,-0.5000000000000002,-0.39639344262295106,-0.2654838709677422,-0.13555555555555576,-0.006562500000000193,0.10769230769230748,0.182121212121212,0.23940298507462665,0.2935294117647057,0.34898550724637656,0.397142857142857,0.41577464788732377,0.42277777777777753,0.44602739726027374,0.4781081081081078,0.4826666666666664,0.48578947368421027,0.4862337662337659,0.4969230769230767,0.501012658227848,0.5099999999999998,0.5101234567901233,0.5248780487804876,0.5453012048192771,0.5842857142857142,0.6188235294117646,0.6467441860465114,0.6855172413793102,0.7211363636363636,0.763820224719101,0.8011111111111109,0.8287912087912085,0.8602173913043477,0.8737634408602148,0.8785106382978721,0.8821052631578945,0.8845833333333332,0.8952577319587628,0.9057142857142855,0.9240404040404038,0.9499999999999998,0.9873267326732672,1.0464705882352938,1.1209708737864075,1.2036538461538462,1.2838095238095237,1.3530188679245285,1.4097196261682243,1.4551851851851851,1.4961467889908258,1.5227272727272727,1.574054054054054,1.6307142857142856,1.6881415929203538,1.7471929824561405,1.8078260869565217,1.8605172413793105,1.9105982905982908,1.9606779661016953,2.0082352941176476,2.055,2.100165289256198,2.1290163934426225,2.1500813008130075,2.1595161290322578,2.1735999999999995,2.192222222222222,2.208188976377952,2.21453125,9.083333333333334,109.0,0.0,0.0,0.0,0.0,0.0,0.0,0.0,0.0,0.0,0.0,0.0,0.0,0.0,0.0,0.0,0.0,20.0,40.0,56.0,63.0,64.0,66.0,68.0,68.0,68.0,68.0,68.0,68.0,68.0,68.0,68.0,68.0,68.0,68.0,68.0,68.0,68.0,68.0,68.0,68.0,113.0,190.0,287.0,391.0,487.0,563.0,609.0,622.0,622.0,622.0,622.0,622.0,622.0,622.0,622.0,622.0,622.0,622.0,622.0,622.0,622.0,622.0,622.0,622.0,632.0,633.0,634.0,635.0,636.0,638.0,640.0,640.0,640.0,640.0,640.0,640.0,640.0,640.0,640.0,640.0,640.0,640.0,640.0,640.0,640.0,640.0,640.0,640.0,672.0,722.0,782.0,843.0,895.0,930.0,945.0,946.0,946.0,946.0,946.0,946.0,946.0,946.0,946.0,946.0,946.0,946.0,946.0,946.0,946.0,946.0,946.0,946.0,979.0,1033.0,1098.0,1164.0,1222.0,1263.0,1283.0,1286.0,1286.0,1286.0,1286.0,1286.0,1286.0,1286.0,1286.0,1286.0,11,January 11,Nancy
0.015752119405627058,1.238738978650774,0.5015739883930392,3.474016697633502,3.474016697633502,0.7429276266706641,1.1101315784112704,1.9436582544082668,1.9436582544082668,0.5325702777970078,1.488796202046431,2.9324804426337208,2.9324804426337208,0.7109211468819085,0.7815210945378359,4.4758498522507075,4.4758498522507075,0.5103200204405332,0.8585723599298334,19.905,0.05992418021830266,0.05992418021830266,674.8890563510005,-1.98,-2.9299999999999997,-3.4800000000000004,-3.6050000000000004,-3.9200000000000004,-4.096666666666667,-4.365714285714286,-4.5925,-4.6688888888888895,-4.610000000000001,-4.434545454545455,-4.255,-4.0261538461538455,-3.9085714285714284,-3.773333333333333,-3.6237500000000002,-3.444705882352941,-3.2577777777777777,-3.0747368421052634,-2.92,-2.7847619047619045,-2.666363636363636,-2.6495652173913045,-2.6925000000000003,-2.7920000000000003,-2.8953846153846152,-2.998518518518519,-3.083571428571429,-3.1213793103448286,-3.170000000000001,-3.2219354838709684,-3.3143750000000005,-3.4072727272727277,-3.474117647058824,-3.471428571428572,-3.4272222222222224,-3.3475675675675682,-3.2484210526315795,-3.1389743589743597,-3.0300000000000002,-2.9019512195121955,-2.7871428571428574,-2.668372093023256,-2.561818181818182,-2.457777777777778,-2.377826086956522,-2.3480851063829795,-2.3300000000000005,-2.302448979591837,-2.2800000000000002,-2.2505882352941176,-2.218461538461539,-2.17811320754717,-2.1151851851851857,-2.074545454545455,-2.0442857142857145,-2.016842105263158,-1.9800000000000002,-1.920677966101695,-1.8633333333333337,-1.8013114754098363,-1.7622580645161294,-1.7260317460317465,-1.720625,-1.7169230769230772,-1.7360606060606065,-1.7382089552238809,-1.738823529411765,-1.7249275362318843,-1.7057142857142862,-1.69830985915493,-1.693888888888889,-1.6827397260273975,-1.6624324324324327,-1.6266666666666667,-1.5931578947368423,-1.561818181818182,-1.514615384615385,-1.4445569620253167,-1.3787500000000001,-1.30962962962963,-1.2519512195121953,-1.196867469879518,-1.1264285714285716,-1.0447058823529414,-0.9427906976744189,-0.8409195402298851,-0.7390909090909094,-0.6474157303370789,-0.5844444444444447,-0.533846153846154,-0.48543478260869577,-0.4359139784946239,-0.3917021276595747,-0.36947368421052657,-0.35604166666666687,-0.330515463917526,-0.29836734693877576,-0.2870707070707073,-0.27700000000000025,-0.2691089108910893,-0.25352941176470606,-0.24310679611650504,-0.22903846153846172,-0.22190476190476205,-0.2035849056603775,-0.18093457943925254,-0.14388888888888907,-0.11027522935779832,-0.08181818181818189,-0.04486486486486496,-0.010357142857142938,0.029734513274336172,0.06561403508771921,0.09391304347826078,0.12517241379310334,0.14222222222222217,0.1522033898305085,0.16117647058823517,0.16916666666666658,0.18363636363636357,0.19786885245901628,0.21837398373983732,0.245,0.28080000000000005,0.3342857142857142,0.4003149606299211,0.473125,12.583333333333334,151.0,0.0,0.0,0.0,0.0,0.0,0.0,0.0,0.0,0.0,0.0,0.0,0.0,0.0,0.0,0.0,0.0,23.0,50.0,77.0,97.0,105.0,107.0,109.0,109.0,109.0,109.0,109.0,109.0,109.0,109.0,109.0,109.0,109.0,109.0,109.0,109.0,109.0,109.0,109.0,109.0,129.0,149.0,165.0,172.0,173.0,175.0,177.0,177.0,177.0,177.0,177.0,177.0,177.0,177.0,177.0,177.0,177.0,177.0,177.0,177.0,177.0,177.0,177.0,177.0,222.0,299.0,396.0,500.0,596.0,672.0,718.0,731.0,731.0,731.0,731.0,731.0,731.0,731.0,731.0,731.0,731.0,731.0,731.0,731.0,731.0,731.0,731.0,731.0,741.0,742.0,743.0,744.0,745.0,747.0,749.0,749.0,749.0,749.0,749.0,749.0,749.0,749.0,749.0,749.0,749.0,749.0,749.0,749.0,749.0,749.0,749.0,749.0,781.0,831.0,891.0,952.0,1004.0,1039.0,1054.0,1055.0,1055.0,1055.0,1055.0,1055.0,1055.0,1055.0,1055.0,1055.0,12,January 12,Nancy
0.015752119405627058,1.238738978650774,0.5015739883930392,3.474016697633502,3.474016697633502,0.7429276266706641,1.1101315784112704,1.9436582544082668,1.9436582544082668,0.5325702777970078,1.488796202046431,2.9324804426337208,2.9324804426337208,0.7109211468819085,0.7815210945378359,4.4758498522507075,4.4758498522507075,0.5103200204405332,0.8585723599298334,16.571666666666665,0.015591510074601703,0.015591510074601703,646.6609675148346,2.72,2.17,1.6533333333333335,1.17,0.9199999999999999,0.8033333333333333,0.777142857142857,0.7575,0.8200000000000001,0.8800000000000001,0.9927272727272727,1.02,1.0353846153846153,1.1128571428571432,1.2066666666666666,1.2825,1.296470588235294,1.2477777777777779,1.1726315789473685,1.0150000000000001,0.8533333333333333,0.710909090909091,0.6243478260869566,0.5575,0.456,0.28923076923076924,0.10888888888888892,-0.037142857142857096,-0.2144827586206897,-0.37333333333333335,-0.5541935483870968,-0.7300000000000002,-0.867878787878788,-0.9623529411764707,-1.0114285714285718,-1.0466666666666669,-1.052972972972973,-1.0878947368421055,-1.1082051282051286,-1.1150000000000002,-1.1019512195121952,-1.077619047619048,-1.0474418604651163,-1.0231818181818184,-1.0022222222222223,-0.9843478260869568,-1.0119148936170215,-1.0675000000000001,-1.1514285714285717,-1.2380000000000002,-1.3250980392156866,-1.4030769230769233,-1.4554716981132076,-1.5133333333333336,-1.5727272727272728,-1.6550000000000005,-1.7378947368421054,-1.8058620689655176,-1.832542372881356,-1.8333333333333335,-1.8111475409836066,-1.7751612903225809,-1.730793650793651,-1.6846875000000001,-1.624615384615385,-1.570909090909091,-1.5128358208955224,-1.4608823529411765,-1.408985507246377,-1.3714285714285717,-1.3659154929577466,-1.3675000000000002,-1.3621917808219182,-1.3597297297297297,-1.352,-1.3418421052631582,-1.3254545454545457,-1.292820512820513,-1.2749367088607595,-1.2637500000000002,-1.2540740740740741,-1.2373170731707317,-1.204096385542169,-1.1716666666666669,-1.135294117647059,-1.1148837209302327,-1.0960919540229885,-1.0993181818181819,-1.1035955056179778,-1.1244444444444446,-1.1327472527472529,-1.1397826086956524,-1.1359139784946237,-1.127872340425532,-1.1284210526315792,-1.1310416666666667,-1.1284536082474228,-1.1187755102040817,-1.0971717171717172,-1.0770000000000002,-1.0582178217821783,-1.0270588235294118,-0.9780582524271845,-0.9319230769230771,-0.882857142857143,-0.8422641509433962,-0.8033644859813085,-0.7522222222222223,-0.6919266055045872,-0.6154545454545455,-0.5385585585585586,-0.4612500000000001,-0.3915044247787612,-0.3440350877192984,-0.30608695652173934,-0.26965517241379333,-0.23213675213675228,-0.1986440677966104,-0.18252100840336152,-0.17333333333333348,-0.1543801652892564,-0.13000000000000017,-0.12227642276422779,-0.1154838709677421,-0.11040000000000014,-0.09904761904761923,-0.09181102362204743,-0.08156250000000015,6.166666666666667,74.0,0.0,0.0,0.0,0.0,0.0,0.0,0.0,0.0,0.0,0.0,0.0,0.0,0.0,0.0,0.0,0.0,26.0,59.0,94.0,125.0,145.0,149.0,151.0,151.0,151.0,151.0,151.0,151.0,151.0,151.0,151.0,151.0,151.0,151.0,151.0,151.0,151.0,151.0,151.0,151.0,174.0,201.0,228.0,248.0,256.0,258.0,260.0,260.0,260.0,260.0,260.0,260.0,260.0,260.0,260.0,260.0,260.0,260.0,260.0,260.0,260.0,260.0,260.0,260.0,280.0,300.0,316.0,323.0,324.0,326.0,328.0,328.0,328.0,328.0,328.0,328.0,328.0,328.0,328.0,328.0,328.0,328.0,328.0,328.0,328.0,328.0,328.0,328.0,373.0,450.0,547.0,651.0,747.0,823.0,869.0,882.0,882.0,882.0,882.0,882.0,882.0,882.0,882.0,882.0,882.0,882.0,882.0,882.0,882.0,882.0,882.0,882.0,892.0,893.0,894.0,895.0,896.0,898.0,900.0,900.0,900.0,900.0,900.0,900.0,900.0,900.0,900.0,900.0,13,January 13,Nancy
0.015752119405627058,1.238738978650774,0.5015739883930392,3.474016697633502,3.474016697633502,0.7429276266706641,1.1101315784112704,1.9436582544082668,1.9436582544082668,0.5325702777970078,1.488796202046431,2.9324804426337208,2.9324804426337208,0.7109211468819085,0.7815210945378359,4.4758498522507075,4.4758498522507075,0.5103200204405332,0.8585723599298334,17.705,-0.05034998279572915,0.05034998279572915,604.6738209545326,-0.8800000000000001,-1.08,-1.2133333333333336,-1.155,-0.8400000000000001,-0.5133333333333333,-0.13714285714285723,-0.01750000000000007,0.08666666666666667,0.2699999999999999,0.38363636363636355,0.4033333333333333,0.3815384615384615,0.39142857142857135,0.47333333333333333,0.60125,0.7317647058823529,0.8977777777777778,1.1305263157894736,1.3649999999999998,1.5342857142857145,1.6881818181818182,1.837391304347826,1.9158333333333333,1.9479999999999997,1.935384615384615,1.8866666666666665,1.8092857142857142,1.7441379310344827,1.6933333333333331,1.6587096774193546,1.62625,1.6169696969696967,1.6111764705882352,1.6257142857142857,1.6172222222222221,1.6064864864864865,1.62,1.643076923076923,1.6625,1.6590243902439024,1.6295238095238094,1.5874418604651164,1.5063636363636363,1.4199999999999997,1.3395652173913042,1.2838297872340425,1.2366666666666666,1.1710204081632651,1.0699999999999998,0.9592156862745098,0.8642307692307694,0.750188679245283,0.6440740740740741,0.5236363636363636,0.4039285714285713,0.30421052631578943,0.22862068965517232,0.179322033898305,0.13833333333333322,0.11508196721311466,0.07483870967741922,0.04380952380952368,0.021562499999999884,0.012307692307692205,0.010909090909090811,0.014029850746268557,0.014117647058823424,0.012753623188405705,0.00999999999999989,-0.022253521126760663,-0.07305555555555568,-0.14301369863013716,-0.21513513513513524,-0.2880000000000002,-0.3550000000000002,-0.40467532467532485,-0.4582051282051283,-0.5129113924050636,-0.5837500000000002,-0.6553086419753089,-0.7165853658536588,-0.7486746987951811,-0.7621428571428572,-0.7588235294117649,-0.7451162790697676,-0.7248275862068968,-0.702727272727273,-0.6698876404494384,-0.6411111111111114,-0.6085714285714288,-0.5800000000000002,-0.5509677419354839,-0.5321276595744682,-0.536842105263158,-0.5466666666666669,-0.5511340206185569,-0.5575510204081634,-0.55979797979798,-0.56,-0.5552475247524754,-0.5378431372549021,-0.5314563106796119,-0.5300000000000001,-0.5295238095238097,-0.5233962264150945,-0.5042990654205609,-0.48555555555555574,-0.46348623853211024,-0.45363636363636384,-0.44486486486486504,-0.4532142857142859,-0.4623008849557525,-0.48438596491228086,-0.4965217391304349,-0.5075862068965519,-0.50991452991453,-0.508813559322034,-0.5144537815126052,-0.5216666666666668,-0.5246280991735539,-0.5218032786885248,-0.509268292682927,-0.49774193548387113,-0.4872000000000001,-0.46650793650793665,-0.43118110236220486,-0.3979687500000001,46.833333333333336,562.0,0.0,0.0,0.0,0.0,0.0,0.0,0.0,0.0,0.0,0.0,0.0,0.0,0.0,0.0,0.0,0.0,21.0,41.0,57.0,66.0,70.0,72.0,74.0,74.0,74.0,74.0,74.0,74.0,74.0,74.0,74.0,74.0,74.0,74.0,74.0,74.0,74.0,74.0,74.0,74.0,100.0,133.0,168.0,199.0,219.0,223.0,225.0,225.0,225.0,225.0,225.0,225.0,225.0,225.0,225.0,225.0,225.0,225.0,225.0,225.0,225.0,225.0,225.0,225.0,248.0,275.0,302.0,322.0,330.0,332.0,334.0,334.0,334.0,334.0,334.0,334.0,334.0,334.0,334.0,334.0,334.0,334.0,334.0,334.0,334.0,334.0,334.0,334.0,354.0,374.0,390.0,397.0,398.0,400.0,402.0,402.0,402.0,402.0,402.0,402.0,402.0,402.0,402.0,402.0,402.0,402.0,402.0,402.0,402.0,402.0,402.0,402.0,447.0,524.0,621.0,725.0,821.0,897.0,943.0,956.0,956.0,956.0,956.0,956.0,956.0,956.0,956.0,956.0,14,January 14,Nancy
0.015752119405627058,1.238738978650774,0.5015739883930392,3.474016697633502,3.474016697633502,0.7429276266706641,1.1101315784112704,1.9436582544082668,1.9436582544082668,0.5325702777970078,1.488796202046431,2.9324804426337208,2.9324804426337208,0.7109211468819085,0.7815210945378359,4.4758498522507075,4.4758498522507075,0.5103200204405332,0.8585723599298334,15.296666666666667,0.0005067586953175921,0.0005067586953175921,637.0560034865985,3.52,3.92,4.42,4.695,5.02,5.153333333333333,5.048571428571428,4.994999999999999,4.8311111111111105,4.68,4.629090909090909,4.52,4.350769230769231,4.227142857142858,4.180000000000001,4.21375,4.214117647058822,4.197777777777777,4.083157894736842,3.94,3.8057142857142856,3.6790909090909096,3.550434782608696,3.4075,3.2359999999999998,3.0623076923076917,2.8940740740740742,2.7557142857142862,2.675172413793103,2.6233333333333335,2.6070967741935487,2.5512499999999996,2.5018181818181815,2.4847058823529413,2.457142857142857,2.4061111111111106,2.344324324324324,2.2963157894736836,2.2789743589743585,2.285,2.2980487804878047,2.3319047619047617,2.4013953488372093,2.479090909090909,2.533333333333333,2.5852173913043472,2.6391489361702125,2.6616666666666666,2.662857142857143,2.642,2.6023529411764708,2.546923076923077,2.4973584905660373,2.4551851851851847,2.4218181818181814,2.389642857142857,2.3708771929824564,2.35448275862069,2.3505084745762708,2.3333333333333335,2.315081967213114,2.3119354838709674,2.315238095238095,2.316875,2.304615384615385,2.276060606060606,2.239402985074627,2.1773529411764705,2.111304347826087,2.048571428571428,2.0016901408450702,1.9602777777777776,1.9063013698630136,1.828108108108108,1.7426666666666668,1.6673684210526314,1.578441558441558,1.4943589743589738,1.3997468354430376,1.3049999999999997,1.2237037037037035,1.1590243902439021,1.1127710843373493,1.072380952380952,1.0447058823529407,1.0048837209302321,0.9717241379310342,0.945,0.9278651685393257,0.9166666666666665,0.9090109890109889,0.8993478260869565,0.888817204301075,0.8774468085106384,0.8442105263157895,0.7970833333333331,0.7354639175257731,0.6720408163265305,0.6078787878787877,0.5479999999999998,0.5011881188118811,0.45137254901960777,0.4005825242718445,0.33730769230769214,0.27333333333333315,0.21716981132075452,0.18355140186915866,0.16444444444444423,0.1585321100917429,0.1609090909090907,0.16864864864864845,0.1780357142857141,0.1961061946902653,0.21122807017543843,0.22956521739130417,0.24499999999999986,0.26102564102564085,0.26915254237288117,0.2586554621848738,0.24416666666666653,0.23404958677685936,0.22245901639344248,0.21430894308943074,0.20790322580645149,0.20559999999999984,0.2136507936507935,0.21291338582677147,0.20828124999999983,9.333333333333334,112.0,0.0,0.0,0.0,0.0,0.0,0.0,0.0,0.0,0.0,0.0,0.0,0.0,0.0,0.0,0.0,0.0,49.0,129.0,228.0,332.0,428.0,504.0,549.0,562.0,562.0,562.0,562.0,562.0,562.0,562.0,562.0,562.0,562.0,562.0,562.0,562.0,562.0,562.0,562.0,562.0,583.0,603.0,619.0,628.0,632.0,634.0,636.0,636.0,636.0,636.0,636.0,636.0,636.0,636.0,636.0,636.0,636.0,636.0,636.0,636.0,636.0,636.0,636.0,636.0,662.0,695.0,730.0,761.0,781.0,785.0,787.0,787.0,787.0,787.0,787.0,787.0,787.0,787.0,787.0,787.0,787.0,787.0,787.0,787.0,787.0,787.0,787.0,787.0,810.0,837.0,864.0,884.0,892.0,894.0,896.0,896.0,896.0,896.0,896.0,896.0,896.0,896.0,896.0,896.0,896.0,896.0,896.0,896.0,896.0,896.0,896.0,896.0,916.0,936.0,952.0,959.0,960.0,962.0,964.0,964.0,964.0,964.0,964.0,964.0,964.0,964.0,964.0,964.0,15,January 15,Nancy
0.015752119405627058,1.238738978650774,0.5015739883930392,3.474016697633502,3.474016697633502,0.7429276266706641,1.1101315784112704,1.9436582544082668,1.9436582544082668,0.5325702777970078,1.488796202046431,2.9324804426337208,2.9324804426337208,0.7109211468819085,0.7815210945378359,4.4758498522507075,4.4758498522507075,0.5103200204405332,0.8585723599298334,14.138333333333332,-0.031947010664488865,0.031947010664488865,616.3916067428977,1.82,2.27,2.686666666666667,2.7950000000000004,2.6000000000000005,2.486666666666667,2.334285714285714,2.245,2.3644444444444446,2.41,2.501818181818182,2.5783333333333336,2.743076923076923,2.948571428571429,3.2066666666666666,3.4450000000000003,3.637647058823529,3.731111111111111,3.7147368421052622,3.6499999999999995,3.643809523809523,3.6472727272727266,3.637391304347825,3.640833333333333,3.636,3.662307692307692,3.727407407407407,3.791428571428571,3.8786206896551723,3.943333333333333,3.958709677419354,3.979375,3.965454545454545,3.9464705882352935,3.951428571428572,3.933888888888889,3.8902702702702703,3.856842105263157,3.848205128205128,3.8699999999999997,3.878536585365853,3.8795238095238087,3.8362790697674414,3.776818181818182,3.717777777777777,3.659130434782608,3.59659574468085,3.524166666666666,3.4342857142857137,3.3399999999999994,3.2454901960784315,3.1642307692307696,3.1124528301886794,3.075555555555556,3.058181818181818,3.0182142857142855,2.9814035087719297,2.963103448275862,2.93864406779661,2.9,2.854426229508196,2.8167741935483863,2.7977777777777773,2.7934375,2.793846153846154,2.8078787878787876,2.845373134328358,2.8891176470588236,2.918550724637681,2.947142857142857,2.977746478873239,2.9880555555555555,2.9843835616438352,2.9659459459459456,2.9346666666666668,2.8923684210526317,2.8537662337662337,2.8200000000000003,2.792151898734177,2.7649999999999997,2.74716049382716,2.7309756097560975,2.7236144578313253,2.7069047619047617,2.6894117647058824,2.6827906976744185,2.680919540229885,2.6779545454545453,2.6649438202247193,2.64,2.6090109890109887,2.5591304347826087,2.506021505376344,2.4551063829787236,2.4157894736842103,2.3804166666666666,2.335463917525773,2.2720408163265304,2.202828282828283,2.141,2.0685148514851486,1.999411764705882,1.921941747572815,1.8440384615384613,1.776190476190476,1.720943396226415,1.6798130841121497,1.6431481481481482,1.6163302752293578,1.5799999999999998,1.5488288288288286,1.5226785714285713,1.5040707964601767,1.490175438596491,1.4791304347826084,1.4665517241379311,1.453333333333333,1.4394915254237286,1.408235294117647,1.3658333333333332,1.3117355371900823,1.2560655737704916,1.1996747967479675,1.1466129032258063,1.1039999999999999,1.0588888888888885,1.0129133858267714,0.9567187499999997,51.5,618.0,0.0,0.0,0.0,0.0,0.0,0.0,0.0,0.0,0.0,0.0,0.0,0.0,0.0,0.0,0.0,1.0,26.0,54.0,80.0,100.0,108.0,110.0,112.0,112.0,112.0,112.0,112.0,112.0,112.0,112.0,112.0,112.0,112.0,112.0,112.0,112.0,112.0,112.0,112.0,112.0,161.0,241.0,340.0,444.0,540.0,616.0,661.0,674.0,674.0,674.0,674.0,674.0,674.0,674.0,674.0,674.0,674.0,674.0,674.0,674.0,674.0,674.0,674.0,674.0,695.0,715.0,731.0,740.0,744.0,746.0,748.0,748.0,748.0,748.0,748.0,748.0,748.0,748.0,748.0,748.0,748.0,748.0,748.0,748.0,748.0,748.0,748.0,748.0,774.0,807.0,842.0,873.0,893.0,897.0,899.0,899.0,899.0,899.0,899.0,899.0,899.0,899.0,899.0,899.0,899.0,899.0,899.0,899.0,899.0,899.0,899.0,899.0,922.0,949.0,976.0,996.0,1004.0,1006.0,1008.0,1008.0,1008.0,1008.0,1008.0,1008.0,1008.0,1008.0,1008.0,1008.0,16,January 16,Nancy
0.015752119405627058,1.238738978650774,0.5015739883930392,3.474016697633502,3.474016697633502,0.7429276266706641,1.1101315784112704,1.9436582544082668,1.9436582544082668,0.5325702777970078,1.488796202046431,2.9324804426337208,2.9324804426337208,0.7109211468819085,0.7815210945378359,4.4758498522507075,4.4758498522507075,0.5103200204405332,0.8585723599298334,12.755000000000004,-0.09717380555503484,0.09717380555503484,574.8595322095907,5.8199999999999985,5.77,5.719999999999999,5.57,5.42,5.569999999999999,5.662857142857143,5.595,5.597777777777778,5.569999999999999,5.592727272727273,5.803333333333332,5.989230769230769,6.2128571428571435,6.406666666666666,6.545,6.672941176470588,6.669999999999999,6.604210526315789,6.460000000000001,6.310476190476191,6.179090909090909,6.011304347826086,5.8325,5.672000000000001,5.558461538461538,5.482962962962962,5.398571428571429,5.275172413793103,5.163333333333333,5.04258064516129,4.935625,4.886666666666667,4.825882352941175,4.785714285714286,4.747777777777777,4.747027027027028,4.769999999999999,4.822564102564102,4.8774999999999995,4.922439024390243,4.931904761904762,4.896744186046511,4.840454545454545,4.811111111111111,4.7873913043478264,4.7582978723404254,4.736666666666667,4.711836734693877,4.704000000000001,4.718039215686274,4.733461538461539,4.763396226415095,4.782962962962963,4.776363636363636,4.773571428571429,4.7515789473684205,4.726896551724138,4.716610169491526,4.693333333333333,4.654426229508197,4.621612903225807,4.604126984126984,4.6059375,4.599999999999999,4.58969696969697,4.5513432835820895,4.502352941176471,4.453333333333334,4.404285714285715,4.352394366197184,4.293611111111111,4.222739726027397,4.148378378378378,4.073333333333334,4.006842105263158,3.960259740259741,3.9238461538461538,3.9010126582278484,3.8625,3.8261728395061723,3.8029268292682925,3.7754216867469874,3.737857142857143,3.6952941176470593,3.6583720930232557,3.6349425287356327,3.622272727272727,3.6132584269662917,3.6144444444444446,3.6331868131868137,3.65695652173913,3.6705376344086025,3.683829787234043,3.698947368421053,3.6991666666666663,3.6890721649484535,3.667959183673469,3.637171717171717,3.5980000000000003,3.5615841584158416,3.5288235294117647,3.5005825242718447,3.472884615384615,3.4523809523809517,3.4332075471698116,3.4209345794392525,3.401481481481482,3.3814678899082566,3.3700000000000006,3.3623423423423424,3.3539285714285714,3.3376991150442477,3.3121052631578944,3.281739130434783,3.2363793103448275,3.1883760683760687,3.142033898305085,3.104873949579832,3.0708333333333333,3.029090909090909,2.9724590163934423,2.9110569105691058,2.855483870967742,2.7912,2.7295238095238097,2.6609448818897636,2.591875,45.583333333333336,547.0,0.0,0.0,0.0,0.0,0.0,0.0,0.0,0.0,0.0,0.0,0.0,0.0,0.0,0.0,0.0,2.0,55.0,141.0,248.0,362.0,467.0,550.0,602.0,618.0,618.0,618.0,618.0,618.0,618.0,618.0,618.0,618.0,618.0,618.0,618.0,618.0,618.0,618.0,618.0,619.0,644.0,672.0,698.0,718.0,726.0,728.0,730.0,730.0,730.0,730.0,730.0,730.0,730.0,730.0,730.0,730.0,730.0,730.0,730.0,730.0,730.0,730.0,730.0,730.0,779.0,859.0,958.0,1062.0,1158.0,1234.0,1279.0,1292.0,1292.0,1292.0,1292.0,1292.0,1292.0,1292.0,1292.0,1292.0,1292.0,1292.0,1292.0,1292.0,1292.0,1292.0,1292.0,1292.0,1313.0,1333.0,1349.0,1358.0,1362.0,1364.0,1366.0,1366.0,1366.0,1366.0,1366.0,1366.0,1366.0,1366.0,1366.0,1366.0,1366.0,1366.0,1366.0,1366.0,1366.0,1366.0,1366.0,1366.0,1392.0,1425.0,1460.0,1491.0,1511.0,1515.0,1517.0,1517.0,1517.0,1517.0,1517.0,1517.0,1517.0,1517.0,1517.0,1517.0,17,January 17,Nancy
0.015752119405627058,1.238738978650774,0.5015739883930392,3.474016697633502,3.474016697633502,0.7429276266706641,1.1101315784112704,1.9436582544082668,1.9436582544082668,0.5325702777970078,1.488796202046431,2.9324804426337208,2.9324804426337208,0.7109211468819085,0.7815210945378359,4.4758498522507075,4.4758498522507075,0.5103200204405332,0.8585723599298334,14.580000000000002,0.014686660120335569,0.014686660120335569,646.0848193872882,4.22,4.77,4.553333333333332,4.444999999999999,4.42,4.036666666666666,3.8628571428571425,3.7575000000000003,3.697777777777778,3.5199999999999996,3.4927272727272727,3.561666666666667,3.7661538461538457,4.02,4.253333333333333,4.45125,4.678823529411765,4.875555555555555,5.025263157894736,5.17,5.262857142857142,5.319999999999999,5.3591304347826085,5.403333333333333,5.419999999999999,5.431538461538461,5.438518518518519,5.427142857142857,5.4062068965517245,5.4366666666666665,5.461935483870967,5.45125,5.456363636363635,5.4523529411764695,5.462857142857143,5.536666666666667,5.609189189189189,5.701578947368421,5.789230769230769,5.859999999999999,5.9297560975609755,5.946190476190476,5.933953488372093,5.883636363636364,5.826666666666668,5.774347826086957,5.700851063829787,5.617916666666666,5.540408163265306,5.484,5.445490196078432,5.400769230769232,5.3332075471698115,5.2700000000000005,5.200000000000001,5.136071428571428,5.10421052631579,5.0648275862068965,5.036949152542373,5.010000000000001,5.005245901639345,5.015161290322582,5.043809523809524,5.0746875000000005,5.1,5.1033333333333335,5.078208955223881,5.0391176470588235,5.017101449275363,4.998571428571429,4.976338028169014,4.958888888888889,4.9391780821917814,4.9308108108108115,4.937333333333333,4.945,4.9628571428571435,4.9738461538461545,4.966835443037975,4.9624999999999995,4.944691358024691,4.924878048780488,4.915180722891566,4.896190476190476,4.865882352941177,4.839767441860466,4.824597701149426,4.823409090909091,4.8166292134831465,4.806666666666667,4.7760439560439565,4.737391304347826,4.698494623655915,4.65936170212766,4.617894736842105,4.571041666666667,4.514845360824743,4.455714285714286,4.3957575757575755,4.342,4.303168316831683,4.271960784313726,4.251067961165049,4.218076923076922,4.1866666666666665,4.165283018867925,4.140560747663551,4.107962962962963,4.071376146788991,4.039090909090909,4.017297297297297,4.003928571428571,3.993451327433628,3.991052631578947,4.002608695652174,4.018275862068966,4.0259829059829055,4.0335593220338986,4.042689075630252,4.04,4.029090909090909,4.009344262295082,3.9817886178861794,3.94741935483871,3.9152,3.885873015873016,3.8601574803149608,3.83484375,3.75,45.0,0.0,0.0,0.0,0.0,0.0,0.0,0.0,0.0,0.0,0.0,0.0,0.0,0.0,0.0,0.0,3.0,53.0,132.0,229.0,330.0,422.0,493.0,535.0,547.0,547.0,547.0,547.0,547.0,547.0,547.0,547.0,547.0,547.0,547.0,547.0,547.0,547.0,547.0,547.0,549.0,602.0,688.0,795.0,909.0,1014.0,1097.0,1149.0,1165.0,1165.0,1165.0,1165.0,1165.0,1165.0,1165.0,1165.0,1165.0,1165.0,1165.0,1165.0,1165.0,1165.0,1165.0,1165.0,1166.0,1191.0,1219.0,1245.0,1265.0,1273.0,1275.0,1277.0,1277.0,1277.0,1277.0,1277.0,1277.0,1277.0,1277.0,1277.0,1277.0,1277.0,1277.0,1277.0,1277.0,1277.0,1277.0,1277.0,1277.0,1326.0,1406.0,1505.0,1609.0,1705.0,1781.0,1826.0,1839.0,1839.0,1839.0,1839.0,1839.0,1839.0,1839.0,1839.0,1839.0,1839.0,1839.0,1839.0,1839.0,1839.0,1839.0,1839.0,1839.0,1860.0,1880.0,1896.0,1905.0,1909.0,1911.0,1913.0,1913.0,1913.0,1913.0,1913.0,1913.0,1913.0,1913.0,1913.0,1913.0,18,January 18,Nancy
0.015752119405627058,1.238738978650774,0.5015739883930392,3.474016697633502,3.474016697633502,0.7429276266706641,1.1101315784112704,1.9436582544082668,1.9436582544082668,0.5325702777970078,1.488796202046431,2.9324804426337208,2.9324804426337208,0.7109211468819085,0.7815210945378359,4.4758498522507075,4.4758498522507075,0.5103200204405332,0.8585723599298334,16.213333333333335,-0.09309471417983213,0.09309471417983213,577.4568256578948,2.52,2.3200000000000003,2.1199999999999997,1.9700000000000002,1.8399999999999999,1.72,1.4342857142857144,1.2950000000000002,1.2977777777777777,1.3199999999999998,1.410909090909091,1.5616666666666668,1.72,1.9414285714285717,2.2133333333333334,2.4762500000000003,2.767058823529412,3.031111111111111,3.2568421052631575,3.38,3.448571428571428,3.4745454545454546,3.4852173913043476,3.4908333333333332,3.5199999999999996,3.5892307692307694,3.6088888888888886,3.6271428571428572,3.6510344827586207,3.6,3.5748387096774192,3.5575,3.547272727272727,3.4994117647058824,3.4914285714285715,3.5144444444444445,3.587567567567568,3.685789473684211,3.7841025641025645,3.875,3.983414634146342,4.0842857142857145,4.168837209302326,4.25409090909091,4.317777777777778,4.365652173913044,4.405106382978724,4.447083333333333,4.475102040816327,4.500000000000001,4.521960784313726,4.533461538461539,4.538867924528302,4.571851851851853,4.6018181818181825,4.611071428571429,4.628771929824561,4.640689655172413,4.660677966101695,4.718333333333334,4.775737704918033,4.845806451612903,4.913650793650794,4.9715625,5.029230769230769,5.053333333333333,5.058805970149255,5.0391176470588235,5.014202898550724,4.99142857142857,4.953802816901408,4.908888888888888,4.866575342465754,4.837567567567567,4.82,4.797631578947367,4.758961038961039,4.722564102564102,4.6807594936708865,4.6425,4.6261728395061725,4.604146341463414,4.589879518072289,4.575952380952381,4.577647058823529,4.589767441860465,4.615402298850575,4.642727272727272,4.666067415730336,4.673333333333333,4.6595604395604395,4.635217391304347,4.623225806451613,4.613617021276596,4.601052631578947,4.591875,4.5808247422680415,4.578163265306122,4.586666666666667,4.596,4.613069306930693,4.624901960784313,4.622912621359223,4.622884615384615,4.612380952380952,4.600188679245282,4.5957009345794395,4.583888888888889,4.563119266055045,4.545454545454545,4.536216216216217,4.537857142857143,4.53504424778761,4.529649122807016,4.507826086956522,4.47948275862069,4.450769230769231,4.421694915254237,4.390588235294118,4.355,4.311735537190082,4.2659016393442615,4.219186991869918,4.1772580645161295,4.1472,4.123174603174603,4.107401574803149,4.08171875,52.5,630.0,0.0,0.0,0.0,0.0,0.0,0.0,0.0,0.0,0.0,0.0,0.0,0.0,0.0,0.0,0.0,5.0,21.0,33.0,39.0,40.0,41.0,43.0,45.0,45.0,45.0,45.0,45.0,45.0,45.0,45.0,45.0,45.0,45.0,45.0,45.0,45.0,45.0,45.0,45.0,48.0,98.0,177.0,274.0,375.0,467.0,538.0,580.0,592.0,592.0,592.0,592.0,592.0,592.0,592.0,592.0,592.0,592.0,592.0,592.0,592.0,592.0,592.0,592.0,594.0,647.0,733.0,840.0,954.0,1059.0,1142.0,1194.0,1210.0,1210.0,1210.0,1210.0,1210.0,1210.0,1210.0,1210.0,1210.0,1210.0,1210.0,1210.0,1210.0,1210.0,1210.0,1210.0,1211.0,1236.0,1264.0,1290.0,1310.0,1318.0,1320.0,1322.0,1322.0,1322.0,1322.0,1322.0,1322.0,1322.0,1322.0,1322.0,1322.0,1322.0,1322.0,1322.0,1322.0,1322.0,1322.0,1322.0,1322.0,1371.0,1451.0,1550.0,1654.0,1750.0,1826.0,1871.0,1884.0,1884.0,1884.0,1884.0,1884.0,1884.0,1884.0,1884.0,1884.0,19,January 19,Nancy
0.015752119405627058,1.238738978650774,0.5015739883930392,3.474016697633502,3.474016697633502,0.7429276266706641,1.1101315784112704,1.9436582544082668,1.9436582544082668,0.5325702777970078,1.488796202046431,2.9324804426337208,2.9324804426337208,0.7109211468819085,0.7815210945378359,4.4758498522507075,4.4758498522507075,0.5103200204405332,0.8585723599298334,16.28,0.04412475172081505,0.04412475172081505,664.8290335790335,1.72,1.5699999999999998,1.6199999999999999,1.42,1.1,0.7366666666666667,0.4914285714285714,0.30749999999999994,0.25333333333333324,0.23999999999999994,0.24727272727272726,0.33666666666666667,0.47384615384615386,0.6414285714285715,0.8400000000000001,1.11375,1.3670588235294117,1.5533333333333335,1.6778947368421053,1.795,1.8723809523809525,1.9700000000000002,2.0373913043478264,2.061666666666667,2.08,2.081538461538462,2.068148148148148,2.0485714285714285,2.023448275862069,1.9933333333333332,1.9200000000000002,1.8699999999999999,1.8533333333333333,1.8435294117647059,1.8571428571428572,1.895,1.9416216216216213,2.0173684210526317,2.1199999999999997,2.2275,2.354146341463415,2.4771428571428573,2.5897674418604653,2.6609090909090907,2.7088888888888887,2.7373913043478257,2.7582978723404254,2.7762499999999997,2.8057142857142856,2.856,2.88078431372549,2.9046153846153846,2.931320754716981,2.9162962962962955,2.914545454545454,2.9164285714285714,2.921754385964912,2.904482758620689,2.9098305084745757,2.9333333333333327,2.9872131147540975,3.0570967741935475,3.127936507936507,3.195,3.2738461538461534,3.3487878787878786,3.4140298507462683,3.4802941176470585,3.533043478260869,3.575714285714285,3.612957746478873,3.651944444444444,3.681643835616438,3.7091891891891895,3.734666666666668,3.7528947368421064,3.766753246753247,3.79948717948718,3.8301265822784814,3.84625,3.8681481481481486,3.8858536585365857,3.9091566265060247,3.959285714285715,4.009411764705884,4.068837209302327,4.126896551724139,4.177954545454545,4.228988764044944,4.255555555555556,4.268351648351649,4.262391304347827,4.25225806451613,4.243404255319149,4.223157894736842,4.197083333333333,4.172577319587629,4.1577551020408166,4.151313131313132,4.141,4.118019801980198,4.096470588235294,4.070485436893204,4.046923076923077,4.04,4.028490566037736,4.022803738317758,4.017222222222222,4.0236697247706426,4.038181818181819,4.063243243243243,4.089642857142857,4.112920353982301,4.123508771929825,4.1173913043478265,4.102758620689656,4.097777777777778,4.094576271186441,4.08890756302521,4.0858333333333325,4.081157024793389,4.083114754098361,4.093983739837398,4.105483870967742,4.1232,4.136666666666667,4.138897637795275,4.14265625,2.4166666666666665,29.0,0.0,0.0,0.0,0.0,0.0,0.0,0.0,0.0,0.0,0.0,0.0,0.0,0.0,0.0,0.0,6.0,62.0,150.0,259.0,374.0,480.0,563.0,614.0,630.0,630.0,630.0,630.0,630.0,630.0,630.0,630.0,630.0,630.0,630.0,630.0,630.0,630.0,630.0,630.0,635.0,651.0,663.0,669.0,670.0,671.0,673.0,675.0,675.0,675.0,675.0,675.0,675.0,675.0,675.0,675.0,675.0,675.0,675.0,675.0,675.0,675.0,675.0,675.0,678.0,728.0,807.0,904.0,1005.0,1097.0,1168.0,1210.0,1222.0,1222.0,1222.0,1222.0,1222.0,1222.0,1222.0,1222.0,1222.0,1222.0,1222.0,1222.0,1222.0,1222.0,1222.0,1222.0,1224.0,1277.0,1363.0,1470.0,1584.0,1689.0,1772.0,1824.0,1840.0,1840.0,1840.0,1840.0,1840.0,1840.0,1840.0,1840.0,1840.0,1840.0,1840.0,1840.0,1840.0,1840.0,1840.0,1840.0,1841.0,1866.0,1894.0,1920.0,1940.0,1948.0,1950.0,1952.0,1952.0,1952.0,1952.0,1952.0,1952.0,1952.0,1952.0,1952.0,1952.0,20,January 20,Nancy
0.015752119405627058,1.238738978650774,0.5015739883930392,3.474016697633502,3.474016697633502,0.7429276266706641,1.1101315784112704,1.9436582544082668,1.9436582544082668,0.5325702777970078,1.488796202046431,2.9324804426337208,2.9324804426337208,0.7109211468819085,0.7815210945378359,4.4758498522507075,4.4758498522507075,0.5103200204405332,0.8585723599298334,14.68,-0.11996354291332052,0.11996354291332052,560.3485467756583,4.32,4.77,4.786666666666666,4.87,4.68,4.5200000000000005,4.162857142857143,3.7825,3.4866666666666664,3.31,3.2018181818181817,3.145,3.104615384615385,3.1342857142857143,3.1533333333333333,3.18875,3.296470588235294,3.392222222222222,3.430526315789474,3.4599999999999995,3.5104761904761905,3.5154545454545456,3.49391304347826,3.4324999999999997,3.364,3.2892307692307696,3.2311111111111104,3.145,3.0303448275862066,2.8933333333333326,2.7683870967741933,2.65125,2.5654545454545454,2.493529411764706,2.431428571428571,2.400555555555555,2.3929729729729727,2.40421052631579,2.4353846153846153,2.5050000000000003,2.57609756097561,2.6271428571428572,2.6572093023255814,2.688181818181818,2.704444444444445,2.7330434782608695,2.7497872340425533,2.7470833333333338,2.7424489795918365,2.73,2.710196078431372,2.6873076923076917,2.661509433962264,2.632962962962963,2.5799999999999996,2.5396428571428573,2.5182456140350875,2.5010344827586204,2.4979661016949146,2.51,2.528196721311475,2.5651612903225804,2.62,2.6793750000000003,2.752307692307692,2.8245454545454542,2.891641791044776,2.933235294117647,2.960579710144927,2.9757142857142855,2.986197183098591,2.9949999999999997,3.011780821917808,3.0429729729729726,3.0573333333333332,3.0713157894736836,3.087532467532467,3.075128205128205,3.071898734177215,3.07125,3.073086419753086,3.0590243902439025,3.0609638554216865,3.0759523809523808,3.1129411764705877,3.1618604651162787,3.211954022988506,3.2597727272727273,3.316629213483146,3.3711111111111114,3.418901098901099,3.467826086956521,3.5070967741935486,3.539148936170213,3.567368421052632,3.5970833333333325,3.619999999999999,3.6414285714285715,3.6614141414141415,3.676,3.6873267326732675,3.7131372549019614,3.7374757281553395,3.7507692307692304,3.7685714285714287,3.7832075471698117,3.8022429906542055,3.8422222222222224,3.8823853211009176,3.93,3.9767567567567568,4.0182142857142855,4.059823008849557,4.082280701754386,4.093913043478261,4.0906896551724135,4.084102564102564,4.078474576271187,4.063697478991597,4.0441666666666665,4.0257851239669415,4.015081967213114,4.011056910569105,4.0038709677419355,3.9864,3.9700000000000006,3.94992125984252,3.9317187499999995,60.5,726.0,0.0,0.0,0.0,0.0,0.0,0.0,0.0,0.0,0.0,0.0,0.0,0.0,0.0,0.0,0.0,8.0,21.0,23.0,24.0,25.0,26.0,27.0,29.0,29.0,29.0,29.0,29.0,29.0,29.0,29.0,29.0,29.0,29.0,29.0,29.0,29.0,29.0,29.0,29.0,35.0,91.0,179.0,288.0,403.0,509.0,592.0,643.0,659.0,659.0,659.0,659.0,659.0,659.0,659.0,659.0,659.0,659.0,659.0,659.0,659.0,659.0,659.0,659.0,664.0,680.0,692.0,698.0,699.0,700.0,702.0,704.0,704.0,704.0,704.0,704.0,704.0,704.0,704.0,704.0,704.0,704.0,704.0,704.0,704.0,704.0,704.0,704.0,707.0,757.0,836.0,933.0,1034.0,1126.0,1197.0,1239.0,1251.0,1251.0,1251.0,1251.0,1251.0,1251.0,1251.0,1251.0,1251.0,1251.0,1251.0,1251.0,1251.0,1251.0,1251.0,1251.0,1253.0,1306.0,1392.0,1499.0,1613.0,1718.0,1801.0,1853.0,1869.0,1869.0,1869.0,1869.0,1869.0,1869.0,1869.0,1869.0,1869.0,21,January 21,Nancy
0.015752119405627058,1.238738978650774,0.5015739883930392,3.474016697633502,3.474016697633502,0.7429276266706641,1.1101315784112704,1.9436582544082668,1.9436582544082668,0.5325702777970078,1.488796202046431,2.9324804426337208,2.9324804426337208,0.7109211468819085,0.7815210945378359,4.4758498522507075,4.4758498522507075,0.5103200204405332,0.8585723599298334,14.596666666666668,0.03147837085887101,0.03147837085887101,656.776661338205,2.42,2.3200000000000003,2.0866666666666664,1.895,1.92,1.9366666666666668,2.0342857142857147,2.2325000000000004,2.4422222222222225,2.6300000000000003,2.7654545454545456,2.845,2.9892307692307694,3.1628571428571433,3.3133333333333335,3.4575000000000005,3.555294117647059,3.631111111111111,3.7568421052631584,3.8649999999999998,3.9628571428571426,3.997272727272727,4.0373913043478264,4.0825000000000005,4.0920000000000005,4.135384615384615,4.160740740740741,4.194999999999999,4.18551724137931,4.17,4.1006451612903225,4.007499999999999,3.9199999999999995,3.8552941176470585,3.8057142857142856,3.769999999999999,3.738918918918919,3.7331578947368427,3.7251282051282057,3.725,3.7565853658536588,3.7866666666666666,3.7944186046511628,3.799545454545455,3.815555555555555,3.811304347826087,3.794468085106383,3.7575000000000003,3.715918367346938,3.67,3.6317647058823526,3.577692307692307,3.5067924528301884,3.421851851851852,3.3418181818181822,3.264642857142857,3.2042105263157894,3.1510344827586207,3.103050847457627,3.073333333333333,3.057704918032787,3.053870967741936,3.062857142857143,3.0965625,3.132307692307692,3.1563636363636363,3.167761194029851,3.1802941176470587,3.183768115942029,3.195714285714286,3.2002816901408453,3.1922222222222225,3.1830136986301367,3.1686486486486487,3.1493333333333333,3.127894736842105,3.1044155844155843,3.0789743589743592,3.0364556962025318,3.0025,2.981728395061728,2.9639024390243898,2.9561445783132534,2.959285714285714,2.9670588235294115,2.9886046511627904,3.0234482758620698,3.0620454545454545,3.111011235955056,3.1600000000000006,3.205714285714286,3.2330434782608704,3.2501075268817203,3.2582978723404254,3.263157894736842,3.266875,3.2767010309278346,3.2975510204081635,3.3058585858585863,3.3140000000000005,3.3239603960396042,3.312156862745098,3.3073786407766987,3.304615384615384,3.303809523809524,3.290754716981132,3.2900934579439256,3.2996296296296297,3.3264220183486244,3.3627272727272723,3.4001801801801803,3.436071428571428,3.47929203539823,3.5208771929824567,3.5573913043478265,3.5949999999999998,3.625128205128205,3.6496610169491523,3.6712605042016806,3.6941666666666664,3.7117355371900826,3.7281967213114755,3.7435772357723582,3.754677419354839,3.7632000000000003,3.7834920634920635,3.8026771653543303,3.81296875,16.333333333333332,196.0,0.0,0.0,0.0,0.0,0.0,0.0,0.0,0.0,0.0,0.0,0.0,0.0,0.0,0.0,0.0,9.0,72.0,172.0,294.0,423.0,544.0,642.0,705.0,726.0,726.0,726.0,726.0,726.0,726.0,726.0,726.0,726.0,726.0,726.0,726.0,726.0,726.0,726.0,726.0,734.0,747.0,749.0,750.0,751.0,752.0,753.0,755.0,755.0,755.0,755.0,755.0,755.0,755.0,755.0,755.0,755.0,755.0,755.0,755.0,755.0,755.0,755.0,755.0,761.0,817.0,905.0,1014.0,1129.0,1235.0,1318.0,1369.0,1385.0,1385.0,1385.0,1385.0,1385.0,1385.0,1385.0,1385.0,1385.0,1385.0,1385.0,1385.0,1385.0,1385.0,1385.0,1385.0,1390.0,1406.0,1418.0,1424.0,1425.0,1426.0,1428.0,1430.0,1430.0,1430.0,1430.0,1430.0,1430.0,1430.0,1430.0,1430.0,1430.0,1430.0,1430.0,1430.0,1430.0,1430.0,1430.0,1430.0,1433.0,1483.0,1562.0,1659.0,1760.0,1852.0,1923.0,1965.0,1977.0,1977.0,1977.0,1977.0,1977.0,1977.0,1977.0,1977.0,1977.0,22,January 22,Nancy
0.015752119405627058,1.238738978650774,0.5015739883930392,3.474016697633502,3.474016697633502,0.7429276266706641,1.1101315784112704,1.9436582544082668,1.9436582544082668,0.5325702777970078,1.488796202046431,2.9324804426337208,2.9324804426337208,0.7109211468819085,0.7815210945378359,4.4758498522507075,4.4758498522507075,0.5103200204405332,0.8585723599298334,11.055,-0.14530819124696118,0.14530819124696118,544.2107643600182,6.3199999999999985,5.969999999999999,5.786666666666666,5.844999999999999,5.959999999999999,6.203333333333333,6.491428571428571,6.844999999999999,7.02,7.089999999999999,6.965454545454545,6.828333333333333,6.735384615384614,6.641428571428571,6.54,6.526249999999999,6.537647058823529,6.558888888888889,6.551578947368421,6.56,6.52,6.401818181818182,6.272173913043478,6.115833333333334,5.968,5.823846153846154,5.6681481481481475,5.5128571428571425,5.392413793103447,5.279999999999999,5.194193548387096,5.145,5.113939393939393,5.090588235294118,5.062857142857142,5.025555555555555,5.017297297297297,5.0278947368421045,5.0379487179487175,5.0525,5.054146341463414,5.05095238095238,5.073488372093022,5.092727272727273,5.111111111111111,5.102608695652173,5.098723404255319,5.099166666666667,5.083265306122449,5.086,5.08078431372549,5.081538461538462,5.059622641509433,5.034814814814815,4.9799999999999995,4.911071428571428,4.844561403508772,4.790689655172413,4.7454237288135594,4.708333333333333,4.674098360655738,4.655483870967743,4.635873015873016,4.6215625,4.627692307692308,4.633636363636364,4.625970149253732,4.617058823529412,4.615652173913044,4.601428571428571,4.579154929577465,4.543611111111111,4.504931506849315,4.463243243243244,4.426666666666667,4.37921052631579,4.32,4.250769230769231,4.184556962025317,4.12,4.066913580246914,4.018780487804879,3.9742168674698797,3.942619047619047,3.9211764705882355,3.9083720930232557,3.9050574712643686,3.92,3.9368539325842695,3.945555555555556,3.945274725274725,3.9460869565217394,3.940430107526882,3.941276595744681,3.936842105263159,3.923125,3.9086597938144334,3.890408163265306,3.8684848484848486,3.845,3.82,3.793529411764706,3.7539805825242722,3.7209615384615384,3.698095238095238,3.6775471698113207,3.664859813084112,3.660740740740741,3.660366972477064,3.670909090909091,3.6920720720720723,3.7164285714285716,3.749203539823009,3.7822807017543862,3.8130434782608695,3.8294827586206894,3.837948717948718,3.8394915254237287,3.838487394957984,3.8366666666666664,3.839834710743802,3.851967213114754,3.854146341463415,3.856290322580645,3.8600000000000003,3.8461904761904764,3.838110236220473,3.8317187500000003,69.66666666666667,836.0,0.0,0.0,0.0,0.0,0.0,0.0,0.0,0.0,0.0,0.0,0.0,0.0,0.0,0.0,0.0,11.0,43.0,84.0,127.0,163.0,186.0,193.0,195.0,196.0,196.0,196.0,196.0,196.0,196.0,196.0,196.0,196.0,196.0,196.0,196.0,196.0,196.0,196.0,196.0,205.0,268.0,368.0,490.0,619.0,740.0,838.0,901.0,922.0,922.0,922.0,922.0,922.0,922.0,922.0,922.0,922.0,922.0,922.0,922.0,922.0,922.0,922.0,922.0,930.0,943.0,945.0,946.0,947.0,948.0,949.0,951.0,951.0,951.0,951.0,951.0,951.0,951.0,951.0,951.0,951.0,951.0,951.0,951.0,951.0,951.0,951.0,951.0,957.0,1013.0,1101.0,1210.0,1325.0,1431.0,1514.0,1565.0,1581.0,1581.0,1581.0,1581.0,1581.0,1581.0,1581.0,1581.0,1581.0,1581.0,1581.0,1581.0,1581.0,1581.0,1581.0,1581.0,1586.0,1602.0,1614.0,1620.0,1621.0,1622.0,1624.0,1626.0,1626.0,1626.0,1626.0,1626.0,1626.0,1626.0,1626.0,1626.0,1626.0,23,January 23,Nancy
0.015752119405627058,1.238738978650774,0.5015739883930392,3.474016697633502,3.474016697633502,0.7429276266706641,1.1101315784112704,1.9436582544082668,1.9436582544082668,0.5325702777970078,1.488796202046431,2.9324804426337208,2.9324804426337208,0.7109211468819085,0.7815210945378359,4.4758498522507075,4.4758498522507075,0.5103200204405332,0.8585723599298334,11.613333333333335,-0.07043608780513734,0.07043608780513734,591.8843283582088,8.82,9.17,8.986666666666666,8.695,8.56,8.37,8.291428571428572,8.182500000000001,8.097777777777777,7.909999999999999,7.792727272727273,7.878333333333333,7.996923076923076,8.141428571428571,8.3,8.4575,8.543529411764705,8.586666666666666,8.562105263157894,8.57,8.553333333333333,8.506363636363638,8.472173913043477,8.411666666666667,8.328,8.223846153846154,8.12,8.045,7.98896551724138,7.97,7.978064516129032,8.02,8.032121212121211,8.022941176470587,7.957142857142857,7.8838888888888885,7.822702702702703,7.759473684210525,7.691794871794871,7.657500000000001,7.634634146341463,7.617619047619048,7.589767441860464,7.569999999999999,7.528888888888888,7.450434782608695,7.364680851063829,7.263750000000001,7.164897959183673,7.066,6.9592156862745105,6.850769230769231,6.759622641509433,6.671851851851852,6.598181818181818,6.545000000000001,6.502456140350877,6.464827586206896,6.425084745762711,6.38,6.3527868852459015,6.337741935483871,6.323174603174603,6.3121875,6.293846153846153,6.2730303030303025,6.269253731343283,6.264117647058822,6.259130434782608,6.237142857142857,6.218591549295774,6.203333333333333,6.177534246575342,6.164594594594594,6.1466666666666665,6.133157894736842,6.104415584415584,6.073846153846153,6.02253164556962,5.961250000000001,5.901481481481482,5.850487804878048,5.805542168674698,5.7664285714285715,5.729411764705882,5.703720930232558,5.677471264367815,5.655227272727273,5.64808988764045,5.641111111111111,5.6243956043956045,5.60695652173913,5.5952688172043,5.574255319148937,5.5473684210526315,5.510625,5.471546391752577,5.4302040816326524,5.392727272727273,5.3469999999999995,5.2922772277227725,5.229803921568628,5.169514563106795,5.110384615384616,5.0600000000000005,5.013396226415094,4.969532710280374,4.935740740740742,4.909908256880733,4.890909090909091,4.87945945945946,4.882499999999999,4.887256637168143,4.885789473684211,4.877391304347827,4.870000000000002,4.857606837606838,4.850508474576271,4.839327731092438,4.820833333333334,4.801818181818183,4.77983606557377,4.754959349593497,4.728870967741936,4.701600000000001,4.673174603174604,4.634173228346457,4.600468749999999,23.5,282.0,0.0,0.0,0.0,0.0,0.0,0.0,0.0,0.0,0.0,0.0,0.0,0.0,0.0,0.0,0.0,12.0,78.0,187.0,325.0,474.0,615.0,730.0,807.0,836.0,836.0,836.0,836.0,836.0,836.0,836.0,836.0,836.0,836.0,836.0,836.0,836.0,836.0,836.0,836.0,847.0,879.0,920.0,963.0,999.0,1022.0,1029.0,1031.0,1032.0,1032.0,1032.0,1032.0,1032.0,1032.0,1032.0,1032.0,1032.0,1032.0,1032.0,1032.0,1032.0,1032.0,1032.0,1032.0,1041.0,1104.0,1204.0,1326.0,1455.0,1576.0,1674.0,1737.0,1758.0,1758.0,1758.0,1758.0,1758.0,1758.0,1758.0,1758.0,1758.0,1758.0,1758.0,1758.0,1758.0,1758.0,1758.0,1758.0,1766.0,1779.0,1781.0,1782.0,1783.0,1784.0,1785.0,1787.0,1787.0,1787.0,1787.0,1787.0,1787.0,1787.0,1787.0,1787.0,1787.0,1787.0,1787.0,1787.0,1787.0,1787.0,1787.0,1787.0,1793.0,1849.0,1937.0,2046.0,2161.0,2267.0,2350.0,2401.0,2417.0,2417.0,2417.0,2417.0,2417.0,2417.0,2417.0,2417.0,2417.0,24,January 24,Nancy
0.015752119405627058,1.238738978650774,0.5015739883930392,3.474016697633502,3.474016697633502,0.7429276266706641,1.1101315784112704,1.9436582544082668,1.9436582544082668,0.5325702777970078,1.488796202046431,2.9324804426337208,2.9324804426337208,0.7109211468819085,0.7815210945378359,4.4758498522507075,4.4758498522507075,0.5103200204405332,0.8585723599298334,10.13,-0.10420113852345432,0.10420113852345432,570.3849950641658,6.62,6.67,6.420000000000001,6.345,6.14,5.953333333333332,5.734285714285713,5.6075,5.464444444444443,5.379999999999999,5.383636363636363,5.544999999999999,5.658461538461538,5.791428571428571,5.973333333333333,6.16375,6.396470588235294,6.553333333333334,6.651578947368421,6.6899999999999995,6.729523809523809,6.815454545454544,6.863478260869565,6.965833333333333,7.04,7.135384615384615,7.19037037037037,7.212857142857142,7.240689655172412,7.246666666666667,7.265161290322579,7.27,7.274545454545454,7.2435294117647056,7.225714285714285,7.27,7.328108108108109,7.398947368421053,7.4789743589743605,7.5625,7.62,7.66047619047619,7.671162790697676,7.695000000000001,7.706666666666668,7.702608695652175,7.7029787234042555,7.68875,7.660816326530612,7.62,7.5768627450980395,7.546923076923078,7.5256603773584905,7.5237037037037044,7.536363636363637,7.568214285714285,7.583157894736841,7.585517241379311,7.553898305084746,7.5166666666666675,7.485573770491803,7.452258064516128,7.415238095238096,7.398124999999999,7.387692307692308,7.380606060606061,7.366268656716418,7.3567647058823535,7.333043478260871,7.284285714285715,7.229859154929578,7.164444444444445,7.09945205479452,7.033513513513514,6.961333333333334,6.8871052631578955,6.823896103896105,6.762307692307693,6.70987341772152,6.671250000000001,6.639753086419754,6.611463414634148,6.58144578313253,6.547380952380952,6.525882352941177,6.5130232558139545,6.500459770114942,6.490454545454545,6.47505617977528,6.457777777777777,6.452967032967034,6.447173913043478,6.441505376344087,6.4231914893617015,6.407368421052631,6.393958333333333,6.372577319587629,6.360816326530612,6.345252525252526,6.333000000000001,6.309108910891089,6.283725490196079,6.242330097087378,6.193076923076924,6.144761904761904,6.103018867924529,6.065794392523364,6.032962962962963,6.00165137614679,5.9790909090909095,5.9560360360360365,5.936071428571428,5.9279646017699115,5.92,5.904347826086957,5.888103448275862,5.876410256410257,5.85728813559322,5.83344537815126,5.801666666666667,5.767933884297521,5.732295081967213,5.699674796747967,5.660322580645161,5.6136,5.560476190476191,5.508976377952756,5.45828125,58.833333333333336,706.0,0.0,0.0,0.0,0.0,0.0,0.0,0.0,0.0,0.0,0.0,0.0,0.0,0.0,0.0,0.0,14.0,51.0,101.0,158.0,213.0,256.0,279.0,282.0,282.0,282.0,282.0,282.0,282.0,282.0,282.0,282.0,282.0,282.0,282.0,282.0,282.0,282.0,282.0,282.0,294.0,360.0,469.0,607.0,756.0,897.0,1012.0,1089.0,1118.0,1118.0,1118.0,1118.0,1118.0,1118.0,1118.0,1118.0,1118.0,1118.0,1118.0,1118.0,1118.0,1118.0,1118.0,1118.0,1129.0,1161.0,1202.0,1245.0,1281.0,1304.0,1311.0,1313.0,1314.0,1314.0,1314.0,1314.0,1314.0,1314.0,1314.0,1314.0,1314.0,1314.0,1314.0,1314.0,1314.0,1314.0,1314.0,1314.0,1323.0,1386.0,1486.0,1608.0,1737.0,1858.0,1956.0,2019.0,2040.0,2040.0,2040.0,2040.0,2040.0,2040.0,2040.0,2040.0,2040.0,2040.0,2040.0,2040.0,2040.0,2040.0,2040.0,2040.0,2048.0,2061.0,2063.0,2064.0,2065.0,2066.0,2067.0,2069.0,2069.0,2069.0,2069.0,2069.0,2069.0,2069.0,2069.0,2069.0,2069.0,25,January 25,Nancy
0.015752119405627058,1.238738978650774,0.5015739883930392,3.474016697633502,3.474016697633502,0.7429276266706641,1.1101315784112704,1.9436582544082668,1.9436582544082668,0.5325702777970078,1.488796202046431,2.9324804426337208,2.9324804426337208,0.7109211468819085,0.7815210945378359,4.4758498522507075,4.4758498522507075,0.5103200204405332,0.8585723599298334,10.221666666666666,0.18112649790359736,0.18112649790359736,752.0626120984838,3.62,3.02,1.7533333333333332,1.0699999999999998,0.6799999999999999,0.31999999999999984,0.14857142857142844,0.057499999999999885,0.05333333333333328,0.23999999999999985,0.5472727272727272,0.9533333333333331,1.5046153846153845,2.0985714285714283,2.686666666666667,3.2325,3.6847058823529406,4.1033333333333335,4.530526315789475,4.790000000000001,5.048571428571429,5.233636363636363,5.33304347826087,5.411666666666666,5.46,5.508461538461538,5.523703703703704,5.545000000000001,5.537241379310346,5.5200000000000005,5.48451612903226,5.460625,5.426060606060606,5.402352941176471,5.402857142857144,5.456111111111111,5.498378378378379,5.551578947368422,5.627692307692308,5.7125,5.82,5.900952380952381,5.95953488372093,5.992727272727273,6.026666666666667,6.083043478260869,6.12212765957447,6.18875,6.2424489795918365,6.308000000000001,6.353333333333334,6.381538461538461,6.41245283018868,6.431111111111111,6.456363636363637,6.473571428571428,6.490175438596492,6.485517241379311,6.487796610169492,6.526666666666668,6.574098360655738,6.629677419354839,6.691428571428571,6.7559375,6.804615384615386,6.842727272727274,6.861791044776121,6.889117647058824,6.908405797101449,6.917142857142857,6.9284507042253525,6.929722222222223,6.921369863013698,6.903783783783784,6.884000000000001,6.8726315789473675,6.8667532467532455,6.873846153846153,6.890886075949366,6.921249999999999,6.939753086419753,6.949268292682926,6.9344578313253,6.915238095238093,6.899999999999999,6.882790697674418,6.862528735632184,6.856363636363636,6.854831460674157,6.855555555555555,6.850769230769232,6.849347826086956,6.8372043010752686,6.806170212765958,6.770526315789474,6.72625,6.681855670103093,6.636326530612245,6.585656565656566,6.5329999999999995,6.488316831683168,6.444509803921569,6.4073786407767,6.380576923076925,6.35904761904762,6.339811320754717,6.319065420560747,6.295000000000001,6.280550458715597,6.2727272727272725,6.265045045045045,6.259285714285714,6.249203539823008,6.237543859649122,6.235652173913043,6.232931034482759,6.23025641025641,6.217457627118644,6.206554621848739,6.197500000000001,6.181983471074381,6.174098360655738,6.163089430894309,6.154677419354839,6.1368,6.117619047619048,6.085354330708661,6.0465625,25.666666666666668,308.0,0.0,0.0,0.0,0.0,0.0,0.0,0.0,0.0,0.0,0.0,0.0,0.0,0.0,0.0,0.0,15.0,80.0,177.0,295.0,420.0,536.0,628.0,686.0,706.0,706.0,706.0,706.0,706.0,706.0,706.0,706.0,706.0,706.0,706.0,706.0,706.0,706.0,706.0,706.0,720.0,757.0,807.0,864.0,919.0,962.0,985.0,988.0,988.0,988.0,988.0,988.0,988.0,988.0,988.0,988.0,988.0,988.0,988.0,988.0,988.0,988.0,988.0,988.0,1000.0,1066.0,1175.0,1313.0,1462.0,1603.0,1718.0,1795.0,1824.0,1824.0,1824.0,1824.0,1824.0,1824.0,1824.0,1824.0,1824.0,1824.0,1824.0,1824.0,1824.0,1824.0,1824.0,1824.0,1835.0,1867.0,1908.0,1951.0,1987.0,2010.0,2017.0,2019.0,2020.0,2020.0,2020.0,2020.0,2020.0,2020.0,2020.0,2020.0,2020.0,2020.0,2020.0,2020.0,2020.0,2020.0,2020.0,2020.0,2029.0,2092.0,2192.0,2314.0,2443.0,2564.0,2662.0,2725.0,2746.0,2746.0,2746.0,2746.0,2746.0,2746.0,2746.0,2746.0,2746.0,26,January 26,Nancy
0.015752119405627058,1.238738978650774,0.5015739883930392,3.474016697633502,3.474016697633502,0.7429276266706641,1.1101315784112704,1.9436582544082668,1.9436582544082668,0.5325702777970078,1.488796202046431,2.9324804426337208,2.9324804426337208,0.7109211468819085,0.7815210945378359,4.4758498522507075,4.4758498522507075,0.5103200204405332,0.8585723599298334,11.863333333333333,-0.025664384826445487,0.025664384826445487,620.3919640348412,4.32,4.37,3.986666666666667,3.92,3.78,3.7866666666666666,3.905714285714286,4.095,4.431111111111111,4.970000000000001,5.365454545454546,5.786666666666666,6.1353846153846145,6.434285714285713,6.679999999999999,6.945,7.172941176470588,7.375555555555555,7.56736842105263,7.699999999999998,7.8199999999999985,7.8609090909090895,7.867826086956521,7.7825,7.6160000000000005,7.416153846153845,7.112592592592592,6.8235714285714275,6.557931034482758,6.29,6.058709677419355,5.85125,5.674545454545454,5.564117647058823,5.508571428571428,5.50611111111111,5.576756756756756,5.688421052631578,5.822564102564102,5.9625,6.083414634146341,6.2057142857142855,6.345581395348837,6.422272727272728,6.506666666666669,6.563478260869567,6.583829787234045,6.597083333333333,6.597551020408164,6.6,6.586666666666668,6.577692307692309,6.553962264150946,6.525555555555557,6.48727272727273,6.4557142857142855,6.418245614035087,6.387241379310345,6.370847457627119,6.386666666666668,6.39704918032787,6.415161290322582,6.44857142857143,6.48875,6.544615384615385,6.585151515151515,6.612537313432837,6.624411764705883,6.637391304347827,6.665714285714287,6.683380281690142,6.72,6.748767123287672,6.786216216216216,6.810666666666668,6.823947368421052,6.839480519480521,6.846923076923078,6.859240506329117,6.866249999999999,6.873086419753086,6.865121951219513,6.862168674698796,6.885476190476192,6.9152941176470595,6.951395348837211,6.99241379310345,7.035909090909092,7.068314606741573,7.093333333333335,7.104615384615386,7.12217391304348,7.133978494623657,7.138085106382982,7.144210526315792,7.142916666666667,7.134432989690723,7.118979591836736,7.1018181818181825,7.091000000000001,7.084356435643565,7.087647058823531,7.09864077669903,7.12,7.132380952380952,7.137924528301886,7.124672897196262,7.107962962962964,7.0943119266055055,7.079090909090911,7.061441441441443,7.054821428571429,7.051858407079646,7.0507017543859645,7.045217391304348,7.0424137931034485,7.0311111111111115,7.004745762711866,6.974621848739498,6.9375,6.900165289256199,6.861803278688526,6.81918699186992,6.774838709677421,6.7368000000000015,6.699365079365081,6.667244094488191,6.643437500000001,43.25,519.0,0.0,0.0,0.0,0.0,0.0,0.0,0.0,0.0,0.0,0.0,0.0,0.0,0.0,0.0,0.0,17.0,59.0,113.0,172.0,228.0,273.0,300.0,307.0,308.0,308.0,308.0,308.0,308.0,308.0,308.0,308.0,308.0,308.0,308.0,308.0,308.0,308.0,308.0,308.0,323.0,388.0,485.0,603.0,728.0,844.0,936.0,994.0,1014.0,1014.0,1014.0,1014.0,1014.0,1014.0,1014.0,1014.0,1014.0,1014.0,1014.0,1014.0,1014.0,1014.0,1014.0,1014.0,1028.0,1065.0,1115.0,1172.0,1227.0,1270.0,1293.0,1296.0,1296.0,1296.0,1296.0,1296.0,1296.0,1296.0,1296.0,1296.0,1296.0,1296.0,1296.0,1296.0,1296.0,1296.0,1296.0,1296.0,1308.0,1374.0,1483.0,1621.0,1770.0,1911.0,2026.0,2103.0,2132.0,2132.0,2132.0,2132.0,2132.0,2132.0,2132.0,2132.0,2132.0,2132.0,2132.0,2132.0,2132.0,2132.0,2132.0,2132.0,2143.0,2175.0,2216.0,2259.0,2295.0,2318.0,2325.0,2327.0,2328.0,2328.0,2328.0,2328.0,2328.0,2328.0,2328.0,2328.0,2328.0,27,January 27,Nancy
0.015752119405627058,1.238738978650774,0.5015739883930392,3.474016697633502,3.474016697633502,0.7429276266706641,1.1101315784112704,1.9436582544082668,1.9436582544082668,0.5325702777970078,1.488796202046431,2.9324804426337208,2.9324804426337208,0.7109211468819085,0.7815210945378359,4.4758498522507075,4.4758498522507075,0.5103200204405332,0.8585723599298334,16.971666666666668,-0.07871173728495454,0.07871173728495454,586.6149464794265,2.02,1.32,1.1866666666666668,1.67,2.0999999999999996,2.32,2.52,2.5075000000000003,2.62,2.8600000000000003,3.147272727272727,3.528333333333333,3.943076923076923,4.32,4.6466666666666665,4.9825,5.261176470588235,5.420000000000001,5.604210526315789,5.760000000000001,5.858095238095238,5.915454545454546,5.885217391304349,5.8325,5.772000000000002,5.72,5.627407407407407,5.559285714285714,5.478620689655172,5.423333333333333,5.39741935483871,5.398125,5.450303030303031,5.578823529411765,5.685714285714286,5.817222222222223,5.938918918918919,6.054210526315789,6.158461538461538,6.277500000000001,6.38829268292683,6.493809523809524,6.599069767441861,6.681363636363637,6.760000000000001,6.802608695652174,6.828510638297874,6.8075,6.7424489795918365,6.655999999999999,6.510196078431373,6.366153846153846,6.22943396226415,6.086666666666667,5.960000000000001,5.843214285714287,5.741052631578947,5.675172413793104,5.640338983050848,5.636666666666667,5.677377049180328,5.744193548387098,5.826349206349207,5.91375,5.990769230769231,6.07,6.161791044776119,6.214117647058824,6.272173913043478,6.312857142857143,6.3298591549295775,6.342222222222222,6.346027397260274,6.351081081081081,6.3453333333333335,6.342368421052632,6.329090909090909,6.312307692307693,6.288354430379747,6.26875,6.244691358024691,6.224878048780488,6.215180722891565,6.228333333333333,6.23764705882353,6.252558139534883,6.278620689655172,6.309772727272727,6.352584269662922,6.384444444444445,6.406813186813187,6.417826086956521,6.429677419354839,6.452978723404255,6.4684210526315775,6.498124999999999,6.522061855670102,6.55265306122449,6.573535353535352,6.585999999999999,6.600198019801979,6.608235294117645,6.619999999999999,6.627692307692308,6.635238095238096,6.631320754716981,6.631214953271027,6.651481481481482,6.676880733944954,6.707272727272727,6.741621621621622,6.778035714285714,6.805840707964602,6.827894736842105,6.839130434782608,6.855344827586206,6.867008547008547,6.872542372881355,6.879663865546218,6.880833333333333,6.8761983471074375,6.865901639344262,6.854146341463414,6.847419354838709,6.844,6.848571428571428,6.859370078740157,6.878593749999999,40.416666666666664,485.0,0.0,0.0,0.0,0.0,0.0,0.0,0.0,0.0,0.0,0.0,0.0,0.0,0.0,0.0,0.0,18.0,72.0,150.0,242.0,335.0,416.0,476.0,510.0,519.0,519.0,519.0,519.0,519.0,519.0,519.0,519.0,519.0,519.0,519.0,519.0,519.0,519.0,519.0,519.0,536.0,578.0,632.0,691.0,747.0,792.0,819.0,826.0,827.0,827.0,827.0,827.0,827.0,827.0,827.0,827.0,827.0,827.0,827.0,827.0,827.0,827.0,827.0,827.0,842.0,907.0,1004.0,1122.0,1247.0,1363.0,1455.0,1513.0,1533.0,1533.0,1533.0,1533.0,1533.0,1533.0,1533.0,1533.0,1533.0,1533.0,1533.0,1533.0,1533.0,1533.0,1533.0,1533.0,1547.0,1584.0,1634.0,1691.0,1746.0,1789.0,1812.0,1815.0,1815.0,1815.0,1815.0,1815.0,1815.0,1815.0,1815.0,1815.0,1815.0,1815.0,1815.0,1815.0,1815.0,1815.0,1815.0,1815.0,1827.0,1893.0,2002.0,2140.0,2289.0,2430.0,2545.0,2622.0,2651.0,2651.0,2651.0,2651.0,2651.0,2651.0,2651.0,2651.0,2651.0,28,January 28,Nancy
0.015752119405627058,1.238738978650774,0.5015739883930392,3.474016697633502,3.474016697633502,0.7429276266706641,1.1101315784112704,1.9436582544082668,1.9436582544082668,0.5325702777970078,1.488796202046431,2.9324804426337208,2.9324804426337208,0.7109211468819085,0.7815210945378359,4.4758498522507075,4.4758498522507075,0.5103200204405332,0.8585723599298334,11.58,-0.0509995517202531,0.0509995517202531,604.2602187679908,6.12,6.42,6.553333333333334,6.244999999999999,6.059999999999999,5.703333333333332,5.319999999999999,4.944999999999999,4.697777777777777,4.479999999999999,4.310909090909091,4.236666666666666,4.166153846153846,4.134285714285714,4.1066666666666665,4.095,4.072941176470588,4.025555555555555,3.941052631578948,3.8649999999999998,3.7771428571428576,3.751818181818182,3.7026086956521738,3.6325,3.568,3.4546153846153844,3.36074074074074,3.3521428571428564,3.368275862068965,3.369999999999999,3.3812903225806448,3.35125,3.356363636363636,3.405294117647059,3.4799999999999995,3.597777777777777,3.7416216216216207,3.8857894736842105,4.022564102564102,4.1725,4.30780487804878,4.398571428571428,4.503720930232558,4.5995454545454555,4.671111111111111,4.724347826086956,4.734893617021276,4.732500000000001,4.7240816326530615,4.718,4.688627450980393,4.67,4.642641509433962,4.627407407407407,4.627272727272727,4.641428571428571,4.684912280701754,4.773448275862069,4.850508474576271,4.943333333333333,5.031475409836066,5.1167741935483875,5.196190476190476,5.285625,5.370769230769231,5.453333333333334,5.536417910447762,5.605294117647059,5.672173913043479,5.715714285714286,5.748169014084507,5.749166666666667,5.72,5.675405405405406,5.589333333333333,5.502894736842106,5.42,5.331538461538462,5.252911392405063,5.180000000000001,5.116296296296297,5.077317073170732,5.059759036144579,5.06404761904762,5.1000000000000005,5.154883720930233,5.221149425287356,5.2915909090909095,5.354831460674157,5.420000000000001,5.494725274725275,5.540652173913044,5.590967741935485,5.628510638297873,5.648421052631581,5.664791666666666,5.674639175257731,5.68530612244898,5.687676767676769,5.692000000000002,5.688316831683171,5.681764705882355,5.669514563106797,5.660384615384615,5.647619047619046,5.637924528301887,5.635887850467291,5.651481481481483,5.664036697247708,5.6809090909090925,5.706486486486488,5.736071428571429,5.774867256637169,5.805087719298246,5.827826086956522,5.841551724137932,5.855897435897437,5.879322033898306,5.896470588235295,5.924999999999999,5.94892561983471,5.978196721311476,5.999674796747968,6.014354838709678,6.030400000000001,6.041428571428573,6.055433070866142,6.06609375,48.916666666666664,587.0,0.0,0.0,0.0,0.0,0.0,0.0,0.0,0.0,0.0,0.0,0.0,0.0,0.0,0.0,0.0,20.0,72.0,147.0,234.0,321.0,396.0,450.0,478.0,485.0,485.0,485.0,485.0,485.0,485.0,485.0,485.0,485.0,485.0,485.0,485.0,485.0,485.0,485.0,485.0,503.0,557.0,635.0,727.0,820.0,901.0,961.0,995.0,1004.0,1004.0,1004.0,1004.0,1004.0,1004.0,1004.0,1004.0,1004.0,1004.0,1004.0,1004.0,1004.0,1004.0,1004.0,1004.0,1021.0,1063.0,1117.0,1176.0,1232.0,1277.0,1304.0,1311.0,1312.0,1312.0,1312.0,1312.0,1312.0,1312.0,1312.0,1312.0,1312.0,1312.0,1312.0,1312.0,1312.0,1312.0,1312.0,1312.0,1327.0,1392.0,1489.0,1607.0,1732.0,1848.0,1940.0,1998.0,2018.0,2018.0,2018.0,2018.0,2018.0,2018.0,2018.0,2018.0,2018.0,2018.0,2018.0,2018.0,2018.0,2018.0,2018.0,2018.0,2032.0,2069.0,2119.0,2176.0,2231.0,2274.0,2297.0,2300.0,2300.0,2300.0,2300.0,2300.0,2300.0,2300.0,2300.0,2300.0,2300.0,29,January 29,Nancy
0.015752119405627058,1.238738978650774,0.5015739883930392,3.474016697633502,3.474016697633502,0.7429276266706641,1.1101315784112704,1.9436582544082668,1.9436582544082668,0.5325702777970078,1.488796202046431,2.9324804426337208,2.9324804426337208,0.7109211468819085,0.7815210945378359,4.4758498522507075,4.4758498522507075,0.5103200204405332,0.8585723599298334,14.305,-0.17815508795091828,0.17815508795091828,523.2960503320519,3.82,4.67,4.92,5.02,5.26,5.52,5.577142857142857,5.72,5.775555555555555,5.8999999999999995,6.01090909090909,6.194999999999999,6.2969230769230755,6.477142857142856,6.6533333333333315,6.8575,7.037647058823529,7.136666666666666,7.230526315789473,7.31,7.353333333333333,7.3563636363636355,7.315652173913042,7.3075,7.26,7.239230769230769,7.223703703703704,7.155714285714285,7.092413793103447,6.9866666666666655,6.858709677419353,6.716875,6.595757575757575,6.475882352941177,6.365714285714286,6.283888888888888,6.203783783783782,6.138421052631578,6.076410256410256,6.0225,5.966341463414635,5.900952380952381,5.819999999999999,5.742727272727272,5.66,5.60695652173913,5.543404255319148,5.47,5.399591836734693,5.303999999999999,5.218039215686273,5.177692307692307,5.152075471698113,5.119999999999999,5.094545454545455,5.046785714285714,5.02,5.02,5.036949152542372,5.081666666666666,5.144590163934426,5.210322580645161,5.273968253968254,5.348125,5.415384615384616,5.456363636363636,5.508059701492537,5.555294117647058,5.588115942028986,5.61,5.6045070422535215,5.590833333333332,5.573424657534246,5.5578378378378375,5.526666666666666,5.502894736842105,5.4732467532467535,5.452051282051282,5.441518987341772,5.44125,5.461975308641976,5.515121951219512,5.5609638554216865,5.6188095238095235,5.674117647058823,5.728139534883721,5.778620689655173,5.837045454545454,5.89303370786517,5.9477777777777785,6.003516483516484,6.049347826086957,6.094193548387098,6.12212765957447,6.142105263157896,6.138750000000001,6.112783505154639,6.0751020408163265,6.005858585858586,5.936,5.86851485148515,5.796470588235295,5.7316504854368935,5.670961538461539,5.617142857142857,5.582264150943398,5.56392523364486,5.562592592592593,5.586055045871561,5.624545454545456,5.672252252252254,5.723571428571428,5.769557522123894,5.817368421052631,5.87304347826087,5.9062068965517245,5.943076923076923,5.9700000000000015,5.983025210084035,5.993333333333334,5.998512396694215,6.004426229508197,6.003739837398374,6.004677419354839,5.9992,5.991428571428572,5.979055118110236,5.96921875,59.333333333333336,712.0,0.0,0.0,0.0,0.0,0.0,0.0,0.0,0.0,0.0,0.0,0.0,0.0,0.0,0.0,0.0,21.0,80.0,165.0,266.0,370.0,463.0,533.0,574.0,587.0,587.0,587.0,587.0,587.0,587.0,587.0,587.0,587.0,587.0,587.0,587.0,587.0,587.0,587.0,587.0,607.0,659.0,734.0,821.0,908.0,983.0,1037.0,1065.0,1072.0,1072.0,1072.0,1072.0,1072.0,1072.0,1072.0,1072.0,1072.0,1072.0,1072.0,1072.0,1072.0,1072.0,1072.0,1072.0,1090.0,1144.0,1222.0,1314.0,1407.0,1488.0,1548.0,1582.0,1591.0,1591.0,1591.0,1591.0,1591.0,1591.0,1591.0,1591.0,1591.0,1591.0,1591.0,1591.0,1591.0,1591.0,1591.0,1591.0,1608.0,1650.0,1704.0,1763.0,1819.0,1864.0,1891.0,1898.0,1899.0,1899.0,1899.0,1899.0,1899.0,1899.0,1899.0,1899.0,1899.0,1899.0,1899.0,1899.0,1899.0,1899.0,1899.0,1899.0,1914.0,1979.0,2076.0,2194.0,2319.0,2435.0,2527.0,2585.0,2605.0,2605.0,2605.0,2605.0,2605.0,2605.0,2605.0,2605.0,2605.0,30,January 30,Nancy
0.015752119405627058,1.238738978650774,0.5015739883930392,3.474016697633502,3.474016697633502,0.7429276266706641,1.1101315784112704,1.9436582544082668,1.9436582544082668,0.5325702777970078,1.488796202046431,2.9324804426337208,2.9324804426337208,0.7109211468819085,0.7815210945378359,4.4758498522507075,4.4758498522507075,0.5103200204405332,0.8585723599298334,18.03,-0.05396652457400498,0.05396652457400498,602.3710482529118,3.3200000000000003,3.3200000000000003,3.3200000000000003,3.1450000000000005,3.12,3.1033333333333335,2.962857142857143,2.845,2.708888888888889,2.64,2.5563636363636366,2.636666666666667,2.7123076923076925,2.705714285714286,2.7800000000000002,2.88875,3.0023529411764707,3.1644444444444444,3.372631578947369,3.6099999999999994,3.8152380952380955,4.019999999999999,4.128695652173912,4.1658333333333335,4.152,4.204615384615384,4.249629629629629,4.287857142857142,4.35448275862069,4.436666666666666,4.484516129032257,4.554375,4.6048484848484845,4.675882352941176,4.745714285714285,4.842222222222222,4.914594594594594,5.017368421052632,5.122564102564103,5.2425,5.356585365853658,5.439047619047619,5.519999999999999,5.595,5.653333333333333,5.691739130434784,5.707234042553192,5.736666666666667,5.7444897959183665,5.764000000000001,5.784705882352941,5.77576923076923,5.767169811320753,5.7329629629629615,5.683636363636363,5.623571428571428,5.572631578947369,5.52,5.470847457627118,5.4366666666666665,5.4019672131147525,5.374838709677419,5.348571428571428,5.32625,5.301538461538461,5.269999999999999,5.227462686567163,5.186176470588235,5.140289855072463,5.112857142857142,5.077746478873238,5.035277777777777,4.993972602739726,4.934864864864864,4.881333333333333,4.858157894736841,4.844675324675324,4.826410256410256,4.812405063291139,4.782500000000001,4.766913580246913,4.77,4.785060240963856,4.82,4.868235294117647,4.918837209302325,4.968275862068965,5.025681818181818,5.078426966292135,5.112222222222223,5.154065934065934,5.192826086956522,5.221075268817204,5.24127659574468,5.241052631578946,5.234583333333333,5.2251546391752575,5.216938775510204,5.196767676767677,5.182,5.162574257425743,5.149411764705883,5.144271844660196,5.146923076923077,5.1657142857142855,5.209622641509434,5.248037383177571,5.2959259259259275,5.342018348623854,5.3872727272727285,5.429909909909911,5.47892857142857,5.526194690265487,5.5726315789473695,5.620000000000002,5.659655172413795,5.69863247863248,5.724237288135593,5.743529411764707,5.7441666666666675,5.726611570247933,5.699508196721313,5.6468292682926835,5.593387096774195,5.541600000000001,5.485873015873017,5.435748031496063,5.38875,10.25,123.0,0.0,0.0,0.0,0.0,0.0,0.0,0.0,0.0,0.0,0.0,0.0,0.0,0.0,0.0,0.0,23.0,91.0,190.0,308.0,432.0,546.0,635.0,691.0,712.0,712.0,712.0,712.0,712.0,712.0,712.0,712.0,712.0,712.0,712.0,712.0,712.0,712.0,712.0,712.0,733.0,792.0,877.0,978.0,1082.0,1175.0,1245.0,1286.0,1299.0,1299.0,1299.0,1299.0,1299.0,1299.0,1299.0,1299.0,1299.0,1299.0,1299.0,1299.0,1299.0,1299.0,1299.0,1299.0,1319.0,1371.0,1446.0,1533.0,1620.0,1695.0,1749.0,1777.0,1784.0,1784.0,1784.0,1784.0,1784.0,1784.0,1784.0,1784.0,1784.0,1784.0,1784.0,1784.0,1784.0,1784.0,1784.0,1784.0,1802.0,1856.0,1934.0,2026.0,2119.0,2200.0,2260.0,2294.0,2303.0,2303.0,2303.0,2303.0,2303.0,2303.0,2303.0,2303.0,2303.0,2303.0,2303.0,2303.0,2303.0,2303.0,2303.0,2303.0,2320.0,2362.0,2416.0,2475.0,2531.0,2576.0,2603.0,2610.0,2611.0,2611.0,2611.0,2611.0,2611.0,2611.0,2611.0,2611.0,2611.0,31,January 31,Nancy
0.015752119405627058,1.238738978650774,0.5015739883930392,3.474016697633502,3.474016697633502,0.7429276266706641,1.1101315784112704,1.9436582544082668,1.9436582544082668,0.5325702777970078,1.488796202046431,2.9324804426337208,2.9324804426337208,0.7109211468819085,0.7815210945378359,4.4758498522507075,4.4758498522507075,0.5103200204405332,0.8585723599298334,16.68,0.04581029972378513,0.04581029972378513,665.902278177458,-0.5800000000000001,-0.4800000000000001,-1.08,-1.7300000000000002,-2.2600000000000002,-2.63,-2.865714285714286,-3.0675000000000003,-3.1799999999999997,-3.09,-3.0345454545454547,-2.8800000000000003,-2.7338461538461543,-2.508571428571429,-2.253333333333333,-1.9925000000000002,-1.8094117647058823,-1.6633333333333336,-1.5115789473684214,-1.3050000000000002,-1.1180952380952383,-0.8981818181818184,-0.6539130434782611,-0.45500000000000007,-0.30400000000000005,-0.16461538461538464,-0.03555555555555561,0.05928571428571426,0.1613793103448276,0.2566666666666668,0.31677419354838704,0.37,0.4078787878787879,0.4552941176470589,0.4914285714285715,0.5755555555555555,0.6578378378378379,0.7094736842105264,0.7892307692307691,0.8825000000000001,0.9785365853658538,1.0961904761904764,1.2362790697674422,1.3927272727272726,1.5377777777777781,1.685217391304348,1.7880851063829788,1.8554166666666667,1.895510204081633,1.9680000000000002,2.035686274509804,2.098846153846154,2.176603773584906,2.262592592592593,2.329090909090909,2.4074999999999998,2.4743859649122806,2.5527586206896546,2.630169491525424,2.723333333333333,2.8019672131147537,2.899032258064516,2.997777777777778,3.1059375,3.210769230769231,3.2957575757575754,3.3797014925373134,3.459705882352941,3.5286956521739135,3.584285714285714,3.624225352112677,3.6727777777777777,3.706301369863014,3.7470270270270274,3.788000000000001,3.808157894736843,3.827792207792208,3.8289743589743592,3.81873417721519,3.7999999999999994,3.786666666666666,3.7712195121951213,3.7573493975903616,3.753333333333333,3.7482352941176473,3.747906976744186,3.7475862068965524,3.7495454545454545,3.7492134831460673,3.7433333333333336,3.7287912087912085,3.7145652173913044,3.6963440860215058,3.691276595744681,3.68,3.662708333333333,3.645773195876289,3.6148979591836734,3.5876767676767676,3.583,3.585346534653466,3.5837254901960787,3.5850485436893207,3.5738461538461532,3.5733333333333333,3.586981132075471,3.6097196261682245,3.6477777777777782,3.6961467889908257,3.7463636363636366,3.795675675675676,3.8512500000000003,3.9031858407079647,3.940175438596491,3.983478260869566,4.024310344827587,4.056752136752137,4.08271186440678,4.092268907563025,4.096666666666667,4.098512396694215,4.1011475409836065,4.093983739837399,4.090967741935485,4.0840000000000005,4.081904761904761,4.086141732283465,4.096562499999999,26.583333333333332,319.0,0.0,0.0,0.0,0.0,0.0,0.0,0.0,0.0,0.0,0.0,0.0,0.0,0.0,0.0,0.0,25.0,51.0,76.0,99.0,115.0,118.0,119.0,121.0,123.0,123.0,123.0,123.0,123.0,123.0,123.0,123.0,123.0,123.0,123.0,123.0,123.0,123.0,123.0,123.0,146.0,214.0,313.0,431.0,555.0,669.0,758.0,814.0,835.0,835.0,835.0,835.0,835.0,835.0,835.0,835.0,835.0,835.0,835.0,835.0,835.0,835.0,835.0,835.0,856.0,915.0,1000.0,1101.0,1205.0,1298.0,1368.0,1409.0,1422.0,1422.0,1422.0,1422.0,1422.0,1422.0,1422.0,1422.0,1422.0,1422.0,1422.0,1422.0,1422.0,1422.0,1422.0,1422.0,1442.0,1494.0,1569.0,1656.0,1743.0,1818.0,1872.0,1900.0,1907.0,1907.0,1907.0,1907.0,1907.0,1907.0,1907.0,1907.0,1907.0,1907.0,1907.0,1907.0,1907.0,1907.0,1907.0,1907.0,1925.0,1979.0,2057.0,2149.0,2242.0,2323.0,2383.0,2417.0,2426.0,2426.0,2426.0,2426.0,2426.0,2426.0,2426.0,2426.0,2426.0,32,February 1,Nancy
0.015752119405627058,1.238738978650774,0.5015739883930392,3.474016697633502,3.474016697633502,0.7429276266706641,1.1101315784112704,1.9436582544082668,1.9436582544082668,0.5325702777970078,1.488796202046431,2.9324804426337208,2.9324804426337208,0.7109211468819085,0.7815210945378359,4.4758498522507075,4.4758498522507075,0.5103200204405332,0.8585723599298334,17.921666666666667,0.01722798651549817,0.01722798651549817,647.7029666139681,-0.6799999999999999,-0.63,-0.5133333333333333,-0.33,-0.1,-0.013333333333333383,0.005714285714285656,0.09499999999999995,0.08666666666666664,0.049999999999999954,0.10181818181818181,0.145,0.16615384615384615,0.29857142857142854,0.47333333333333344,0.695,0.9494117647058822,1.1700000000000002,1.3515789473684208,1.515,1.6438095238095236,1.7245454545454544,1.7765217391304344,1.7325,1.6399999999999997,1.5623076923076922,1.4200000000000002,1.2378571428571428,1.0441379310344825,0.8599999999999997,0.6941935483870967,0.5324999999999999,0.39272727272727265,0.31411764705882345,0.2342857142857142,0.19499999999999995,0.16324324324324316,0.1699999999999999,0.19948717948717948,0.24249999999999988,0.26390243902439015,0.277142857142857,0.2990697674418604,0.35181818181818175,0.4022222222222221,0.47434782608695636,0.5646808510638296,0.6387499999999999,0.693469387755102,0.7460000000000001,0.796470588235294,0.8315384615384614,0.8728301886792452,0.9125925925925926,0.9345454545454543,0.9539285714285713,0.9656140350877193,0.9837931034482759,0.9962711864406779,1.0383333333333333,1.0806557377049177,1.1054838709677417,1.1485714285714284,1.20125,1.2569230769230768,1.3275757575757574,1.4140298507462685,1.5126470588235295,1.6055072463768114,1.7014285714285713,1.7692957746478875,1.8144444444444443,1.8419178082191778,1.8916216216216215,1.9386666666666663,1.9831578947368418,2.0381818181818177,2.099487179487179,2.147848101265822,2.2049999999999996,2.254567901234568,2.3126829268292677,2.3706024096385536,2.440238095238095,2.4999999999999996,2.573488372093023,2.6487356321839077,2.731363636363636,2.812134831460674,2.878888888888889,2.9452747252747256,3.009130434782609,3.065161290322581,3.111489361702129,3.146315789473685,3.187708333333333,3.217938144329896,3.2536734693877554,3.2896969696969696,3.31,3.3299009900990097,3.335686274509804,3.332621359223301,3.3228846153846145,3.3171428571428567,3.309622641509433,3.303177570093458,3.3042592592592595,3.3044036697247705,3.308181818181819,3.3118918918918925,3.3173214285714283,3.320884955752212,3.32,3.312173913043478,3.30448275862069,3.293504273504274,3.292881355932204,3.287226890756303,3.276666666666666,3.266280991735537,3.244590163934426,3.225691056910569,3.224838709677419,3.2296,3.2311111111111113,3.23496062992126,3.22859375,18.666666666666668,224.0,0.0,0.0,0.0,0.0,0.0,0.0,0.0,0.0,0.0,0.0,0.0,0.0,0.0,0.0,0.0,26.0,70.0,125.0,185.0,241.0,286.0,312.0,317.0,319.0,319.0,319.0,319.0,319.0,319.0,319.0,319.0,319.0,319.0,319.0,319.0,319.0,319.0,319.0,319.0,344.0,370.0,395.0,418.0,434.0,437.0,438.0,440.0,442.0,442.0,442.0,442.0,442.0,442.0,442.0,442.0,442.0,442.0,442.0,442.0,442.0,442.0,442.0,442.0,465.0,533.0,632.0,750.0,874.0,988.0,1077.0,1133.0,1154.0,1154.0,1154.0,1154.0,1154.0,1154.0,1154.0,1154.0,1154.0,1154.0,1154.0,1154.0,1154.0,1154.0,1154.0,1154.0,1175.0,1234.0,1319.0,1420.0,1524.0,1617.0,1687.0,1728.0,1741.0,1741.0,1741.0,1741.0,1741.0,1741.0,1741.0,1741.0,1741.0,1741.0,1741.0,1741.0,1741.0,1741.0,1741.0,1741.0,1761.0,1813.0,1888.0,1975.0,2062.0,2137.0,2191.0,2219.0,2226.0,2226.0,2226.0,2226.0,2226.0,2226.0,2226.0,2226.0,2226.0,33,February 2,Nancy
0.015752119405627058,1.238738978650774,0.5015739883930392,3.474016697633502,3.474016697633502,0.7429276266706641,1.1101315784112704,1.9436582544082668,1.9436582544082668,0.5325702777970078,1.488796202046431,2.9324804426337208,2.9324804426337208,0.7109211468819085,0.7815210945378359,4.4758498522507075,4.4758498522507075,0.5103200204405332,0.8585723599298334,16.346666666666668,-0.01090146603713915,0.01090146603713915,629.7920065252855,1.62,0.77,0.35333333333333333,0.044999999999999984,-0.33999999999999997,-0.73,-1.0371428571428571,-1.155,-1.1466666666666667,-1.11,-0.9981818181818182,-0.7883333333333334,-0.5261538461538462,-0.28714285714285703,4.4408920985006264e-17,0.20750000000000002,0.42,0.5866666666666666,0.651578947368421,0.6849999999999999,0.758095238095238,0.7881818181818182,0.7591304347826088,0.645,0.5920000000000001,0.5469230769230768,0.5162962962962963,0.5057142857142857,0.516551724137931,0.5133333333333333,0.5006451612903227,0.5075,0.4927272727272727,0.4699999999999999,0.4742857142857142,0.4783333333333333,0.4767567567567569,0.5173684210526316,0.578974358974359,0.6649999999999999,0.771219512195122,0.8699999999999998,0.9572093023255813,1.0404545454545453,1.1111111111111112,1.161304347826087,1.198723404255319,1.18875,1.1526530612244896,1.122,1.055294117647059,0.9642307692307692,0.8633962264150942,0.7644444444444444,0.6727272727272726,0.5807142857142856,0.49894736842105253,0.4510344827586207,0.4013559322033898,0.37499999999999994,0.3527868852459016,0.3538709677419354,0.3692063492063492,0.3934374999999999,0.40461538461538454,0.41090909090909084,0.4229850746268656,0.4552941176470588,0.4866666666666665,0.5328571428571428,0.5918309859154928,0.6408333333333334,0.6775342465753424,0.7132432432432433,0.7480000000000001,0.7726315789473684,0.8018181818181819,0.8302564102564103,0.8465822784810128,0.8612500000000001,0.8706172839506174,0.8846341463414635,0.8946987951807229,0.9259523809523811,0.9576470588235295,0.9769767441860466,1.0096551724137932,1.0495454545454548,1.0919101123595507,1.1455555555555557,1.2112087912087912,1.286304347826087,1.3576344086021508,1.4317021276595745,1.485263157894737,1.5220833333333335,1.5457731958762886,1.586326530612245,1.625050505050505,1.662,1.7071287128712873,1.7572549019607844,1.7976699029126213,1.845,1.886666666666667,1.9350943396226412,1.983551401869159,2.0412962962962964,2.091559633027523,2.152727272727273,2.2154954954954955,2.2842857142857147,2.351858407079646,2.4085964912280704,2.465217391304348,2.52,2.568717948717949,2.6098305084745768,2.6418487394957983,2.6791666666666667,2.707603305785124,2.7404918032786885,2.7736585365853657,2.7941935483870965,2.8144,2.823174603174603,2.8247244094488186,2.8207812499999996,40.5,486.0,0.0,0.0,0.0,0.0,0.0,0.0,0.0,0.0,0.0,0.0,0.0,0.0,0.0,0.0,0.0,28.0,64.0,108.0,153.0,191.0,215.0,221.0,222.0,224.0,224.0,224.0,224.0,224.0,224.0,224.0,224.0,224.0,224.0,224.0,224.0,224.0,224.0,224.0,224.0,250.0,294.0,349.0,409.0,465.0,510.0,536.0,541.0,543.0,543.0,543.0,543.0,543.0,543.0,543.0,543.0,543.0,543.0,543.0,543.0,543.0,543.0,543.0,543.0,568.0,594.0,619.0,642.0,658.0,661.0,662.0,664.0,666.0,666.0,666.0,666.0,666.0,666.0,666.0,666.0,666.0,666.0,666.0,666.0,666.0,666.0,666.0,666.0,689.0,757.0,856.0,974.0,1098.0,1212.0,1301.0,1357.0,1378.0,1378.0,1378.0,1378.0,1378.0,1378.0,1378.0,1378.0,1378.0,1378.0,1378.0,1378.0,1378.0,1378.0,1378.0,1378.0,1399.0,1458.0,1543.0,1644.0,1748.0,1841.0,1911.0,1952.0,1965.0,1965.0,1965.0,1965.0,1965.0,1965.0,1965.0,1965.0,1965.0,34,February 3,Nancy
0.015752119405627058,1.238738978650774,0.5015739883930392,3.474016697633502,3.474016697633502,0.7429276266706641,1.1101315784112704,1.9436582544082668,1.9436582544082668,0.5325702777970078,1.488796202046431,2.9324804426337208,2.9324804426337208,0.7109211468819085,0.7815210945378359,4.4758498522507075,4.4758498522507075,0.5103200204405332,0.8585723599298334,15.455,-0.09612754711794101,0.09612754711794101,575.5257198317696,1.72,1.42,1.1533333333333333,0.5700000000000001,0.06000000000000001,0.003333333333333447,0.048571428571428585,0.2825,0.5866666666666666,0.74,0.7927272727272726,0.8033333333333336,0.8200000000000001,0.8914285714285716,1.0799999999999998,1.2200000000000002,1.4435294117647057,1.6866666666666665,1.9147368421052626,2.0249999999999995,2.1295238095238096,2.183636363636363,2.2069565217391305,2.2283333333333335,2.204,2.1161538461538463,2.02,1.9164285714285714,1.7855172413793103,1.6366666666666665,1.4909677419354839,1.3825,1.3078787878787879,1.246470588235294,1.2142857142857142,1.2227777777777777,1.2605405405405405,1.301578947368421,1.3712820512820512,1.4200000000000002,1.4785365853658536,1.524761904761905,1.5316279069767442,1.526818181818182,1.542222222222222,1.5395652173913041,1.5093617021276593,1.4366666666666668,1.393469387755102,1.354,1.3219607843137255,1.3007692307692307,1.2916981132075471,1.2755555555555556,1.2545454545454542,1.2449999999999999,1.2235087719298248,1.1975862068965517,1.1877966101694915,1.1783333333333332,1.165901639344262,1.1796774193548385,1.207301587301587,1.25125,1.3092307692307692,1.3639393939393938,1.412537313432836,1.459705882352941,1.4997101449275363,1.527142857142857,1.5467605633802817,1.5352777777777777,1.5063013698630137,1.480810810810811,1.4306666666666668,1.363421052631579,1.2888311688311687,1.2148717948717949,1.1453164556962023,1.075,1.0113580246913578,0.9712195121951219,0.9296385542168675,0.9045238095238094,0.8823529411764705,0.8769767441860465,0.8820689655172411,0.8938636363636363,0.8964044943820225,0.8955555555555554,0.8991208791208792,0.9178260869565217,0.9361290322580644,0.9657446808510637,1.0052631578947366,1.0377083333333335,1.0612371134020617,1.0842857142857143,1.1068686868686868,1.122,1.1407920792079207,1.1592156862745098,1.1685436893203882,1.1767307692307691,1.180952380952381,1.188867924528302,1.1938317757009345,1.2153703703703707,1.2374311926605503,1.2500000000000002,1.273153153153153,1.3021428571428573,1.3332743362831858,1.3735087719298247,1.4234782608695653,1.4812068965517242,1.5362393162393164,1.5937288135593224,1.6351260504201681,1.6633333333333336,1.6811570247933885,1.7126229508196724,1.7427642276422766,1.7716129032258068,1.8072000000000004,1.846984126984127,1.8790551181102362,1.9168749999999999,70.91666666666667,851.0,0.0,0.0,0.0,0.0,0.0,0.0,0.0,0.0,0.0,0.0,0.0,0.0,0.0,0.0,0.0,30.0,84.0,159.0,246.0,332.0,405.0,455.0,480.0,486.0,486.0,486.0,486.0,486.0,486.0,486.0,486.0,486.0,486.0,486.0,486.0,486.0,486.0,486.0,486.0,514.0,550.0,594.0,639.0,677.0,701.0,707.0,708.0,710.0,710.0,710.0,710.0,710.0,710.0,710.0,710.0,710.0,710.0,710.0,710.0,710.0,710.0,710.0,710.0,736.0,780.0,835.0,895.0,951.0,996.0,1022.0,1027.0,1029.0,1029.0,1029.0,1029.0,1029.0,1029.0,1029.0,1029.0,1029.0,1029.0,1029.0,1029.0,1029.0,1029.0,1029.0,1029.0,1054.0,1080.0,1105.0,1128.0,1144.0,1147.0,1148.0,1150.0,1152.0,1152.0,1152.0,1152.0,1152.0,1152.0,1152.0,1152.0,1152.0,1152.0,1152.0,1152.0,1152.0,1152.0,1152.0,1152.0,1175.0,1243.0,1342.0,1460.0,1584.0,1698.0,1787.0,1843.0,1864.0,1864.0,1864.0,1864.0,1864.0,1864.0,1864.0,1864.0,1864.0,35,February 4,Nancy
0.015752119405627058,1.238738978650774,0.5015739883930392,3.474016697633502,3.474016697633502,0.7429276266706641,1.1101315784112704,1.9436582544082668,1.9436582544082668,0.5325702777970078,1.488796202046431,2.9324804426337208,2.9324804426337208,0.7109211468819085,0.7815210945378359,4.4758498522507075,4.4758498522507075,0.5103200204405332,0.8585723599298334,17.83,0.02213473578362848,0.02213473578362848,650.8272574312956,1.32,0.52,0.48666666666666664,0.495,0.5599999999999999,0.62,0.7485714285714284,0.8700000000000001,0.9422222222222221,0.9099999999999999,0.8927272727272727,0.8950000000000001,0.9507692307692307,1.1485714285714288,1.34,1.5574999999999997,1.8258823529411765,2.0144444444444445,2.2252631578947364,2.4,2.548571428571429,2.6290909090909094,2.693913043478261,2.72,2.68,2.62,2.5459259259259257,2.412857142857143,2.2613793103448274,2.1766666666666667,2.1167741935483866,2.1106249999999998,2.138181818181818,2.137647058823529,2.1142857142857143,2.081111111111111,2.052432432432432,2.0463157894736836,2.0892307692307686,2.12,2.190731707317073,2.2771428571428567,2.3641860465116276,2.404090909090909,2.444444444444444,2.463478260869565,2.4689361702127655,2.4741666666666666,2.456734693877551,2.4059999999999997,2.349411764705882,2.287307692307692,2.208679245283019,2.1181481481481477,2.027272727272727,1.9557142857142857,1.902456140350877,1.856206896551724,1.8267796610169489,1.8216666666666663,1.8347540983606556,1.8506451612903223,1.8850793650793647,1.9075,1.9369230769230765,1.9593939393939392,1.9573134328358206,1.9479411764705883,1.9518840579710142,1.9442857142857137,1.9185915492957741,1.8644444444444446,1.8295890410958902,1.797027027027027,1.7693333333333332,1.7489473684210524,1.7368831168831167,1.7199999999999995,1.6997468354430376,1.6875,1.6669135802469133,1.6431707317073168,1.6308433734939753,1.6188095238095237,1.604705882352941,1.6095348837209298,1.624597701149425,1.6518181818181816,1.6896629213483145,1.7255555555555553,1.7573626373626372,1.788478260869565,1.8146236559139783,1.8317021276595742,1.843157894736842,1.8314583333333332,1.8065979381443298,1.784285714285714,1.743232323232323,1.6889999999999998,1.6289108910891088,1.5690196078431369,1.5122330097087375,1.4546153846153844,1.4019047619047618,1.3671698113207547,1.331214953271028,1.3079629629629625,1.2869724770642201,1.2790909090909088,1.2794594594594593,1.2851785714285715,1.283716814159292,1.2796491228070175,1.2791304347826085,1.2906896551724139,1.3020512820512817,1.3225423728813555,1.3510924369747896,1.3741666666666668,1.3902479338842975,1.4060655737704917,1.4216260162601624,1.431290322580645,1.444,1.4565079365079363,1.4617322834645667,1.46609375,5.75,69.0,0.0,0.0,0.0,0.0,0.0,0.0,0.0,0.0,0.0,0.0,0.0,0.0,0.0,0.0,0.0,31.0,110.0,225.0,362.0,506.0,640.0,748.0,819.0,851.0,851.0,851.0,851.0,851.0,851.0,851.0,851.0,851.0,851.0,851.0,851.0,851.0,851.0,851.0,851.0,881.0,935.0,1010.0,1097.0,1183.0,1256.0,1306.0,1331.0,1337.0,1337.0,1337.0,1337.0,1337.0,1337.0,1337.0,1337.0,1337.0,1337.0,1337.0,1337.0,1337.0,1337.0,1337.0,1337.0,1365.0,1401.0,1445.0,1490.0,1528.0,1552.0,1558.0,1559.0,1561.0,1561.0,1561.0,1561.0,1561.0,1561.0,1561.0,1561.0,1561.0,1561.0,1561.0,1561.0,1561.0,1561.0,1561.0,1561.0,1587.0,1631.0,1686.0,1746.0,1802.0,1847.0,1873.0,1878.0,1880.0,1880.0,1880.0,1880.0,1880.0,1880.0,1880.0,1880.0,1880.0,1880.0,1880.0,1880.0,1880.0,1880.0,1880.0,1880.0,1905.0,1931.0,1956.0,1979.0,1995.0,1998.0,1999.0,2001.0,2003.0,2003.0,2003.0,2003.0,2003.0,2003.0,2003.0,2003.0,2003.0,36,February 5,Nancy
0.015752119405627058,1.238738978650774,0.5015739883930392,3.474016697633502,3.474016697633502,0.7429276266706641,1.1101315784112704,1.9436582544082668,1.9436582544082668,0.5325702777970078,1.488796202046431,2.9324804426337208,2.9324804426337208,0.7109211468819085,0.7815210945378359,4.4758498522507075,4.4758498522507075,0.5103200204405332,0.8585723599298334,15.871666666666664,-0.11814106649070376,0.11814106649070376,561.5089782631525,1.02,0.62,1.02,1.4449999999999998,1.7600000000000002,1.9366666666666668,1.962857142857143,2.0825,2.22,2.4099999999999997,2.510909090909091,2.5866666666666664,2.6969230769230768,2.72,2.74,2.8075,2.843529411764706,2.8033333333333332,2.751578947368421,2.6550000000000002,2.548571428571429,2.47,2.411304347826087,2.3783333333333334,2.3360000000000003,2.2353846153846155,2.1681481481481484,2.1092857142857144,2.0648275862068965,2.026666666666667,2.0103225806451612,2.0012499999999998,1.9866666666666664,1.946470588235294,1.9114285714285713,1.8838888888888887,1.8767567567567562,1.925263157894736,1.9789743589743585,2.05,2.1492682926829265,2.2223809523809526,2.3106976744186043,2.388181818181818,2.4577777777777774,2.4982608695652173,2.5327659574468084,2.549166666666667,2.532244897959184,2.504,2.4670588235294115,2.396923076923077,2.3143396226415094,2.266296296296296,2.2309090909090905,2.225357142857143,2.239298245614035,2.237241379310345,2.2216949152542376,2.2,2.1806557377049183,2.1748387096774198,2.199365079365079,2.216875,2.2600000000000002,2.3139393939393944,2.3692537313432838,2.3949999999999996,2.421449275362319,2.434285714285714,2.4383098591549297,2.442222222222222,2.4309589041095894,2.397027027027027,2.3586666666666667,2.3160526315789474,2.2615584415584418,2.1982051282051285,2.1339240506329116,2.0825,2.043456790123457,2.0090243902439027,1.986265060240964,1.9807142857142856,1.988235294117647,1.997906976744186,2.0211494252873563,2.0359090909090907,2.055955056179775,2.071111111111111,2.068351648351648,2.060217391304348,2.061935483870968,2.0551063829787233,2.0347368421052634,1.9929166666666667,1.9653608247422683,1.9393877551020409,1.916969696969697,1.9,1.8893069306930692,1.8749019607843138,1.8578640776699031,1.8469230769230767,1.8295238095238096,1.8096226415094339,1.798504672897196,1.7875925925925926,1.7750458715596331,1.7772727272727273,1.7875675675675675,1.8074999999999999,1.8359292035398231,1.8629824561403507,1.8869565217391304,1.9105172413793103,1.9302564102564106,1.9428813559322033,1.95109243697479,1.9408333333333334,1.9200000000000002,1.9011475409836065,1.8671544715447155,1.8224193548387095,1.7728000000000002,1.7231746031746031,1.6759055118110233,1.6278125,76.83333333333333,922.0,0.0,0.0,0.0,0.0,0.0,0.0,0.0,0.0,0.0,0.0,0.0,0.0,0.0,0.0,0.0,27.0,43.0,53.0,57.0,61.0,65.0,66.0,67.0,69.0,69.0,69.0,69.0,69.0,69.0,69.0,69.0,69.0,69.0,69.0,69.0,69.0,69.0,69.0,69.0,100.0,179.0,294.0,431.0,575.0,709.0,817.0,888.0,920.0,920.0,920.0,920.0,920.0,920.0,920.0,920.0,920.0,920.0,920.0,920.0,920.0,920.0,920.0,920.0,950.0,1004.0,1079.0,1166.0,1252.0,1325.0,1375.0,1400.0,1406.0,1406.0,1406.0,1406.0,1406.0,1406.0,1406.0,1406.0,1406.0,1406.0,1406.0,1406.0,1406.0,1406.0,1406.0,1406.0,1434.0,1470.0,1514.0,1559.0,1597.0,1621.0,1627.0,1628.0,1630.0,1630.0,1630.0,1630.0,1630.0,1630.0,1630.0,1630.0,1630.0,1630.0,1630.0,1630.0,1630.0,1630.0,1630.0,1630.0,1656.0,1700.0,1755.0,1815.0,1871.0,1916.0,1942.0,1947.0,1949.0,1949.0,1949.0,1949.0,1949.0,1949.0,1949.0,1949.0,1949.0,37,February 6,Nancy
0.015752119405627058,1.238738978650774,0.5015739883930392,3.474016697633502,3.474016697633502,0.7429276266706641,1.1101315784112704,1.9436582544082668,1.9436582544082668,0.5325702777970078,1.488796202046431,2.9324804426337208,2.9324804426337208,0.7109211468819085,0.7815210945378359,4.4758498522507075,4.4758498522507075,0.5103200204405332,0.8585723599298334,14.038333333333336,-0.07513322289273469,0.07513322289273469,588.893505876766,4.32,4.970000000000001,5.919999999999999,6.5200000000000005,7.0,6.969999999999999,6.891428571428571,6.907500000000001,6.919999999999999,6.880000000000001,6.756363636363636,6.703333333333333,6.689230769230767,6.612857142857142,6.519999999999999,6.47,6.355294117647058,6.2588888888888885,6.177894736842105,6.039999999999999,5.886666666666667,5.765454545454545,5.611304347826086,5.415833333333333,5.24,5.046923076923077,4.927407407407406,4.848571428571428,4.785517241379311,4.72,4.636129032258064,4.5825,4.544242424242424,4.5317647058823525,4.502857142857142,4.472777777777777,4.460540540540539,4.422631578947367,4.386666666666666,4.3725,4.349268292682926,4.296190476190477,4.238604651162791,4.16090909090909,4.0777777777777775,4.00695652173913,3.945531914893616,3.8970833333333332,3.844489795918367,3.762,3.696470588235294,3.6353846153846154,3.582264150943396,3.5329629629629618,3.4963636363636357,3.4646428571428567,3.430526315789473,3.382068965517241,3.3369491525423722,3.2966666666666664,3.2691803278688516,3.2764516129032253,3.2882539682539673,3.3121875000000003,3.355384615384615,3.3836363636363633,3.4229850746268653,3.456764705882353,3.486666666666666,3.4985714285714278,3.507323943661971,3.504722222222222,3.4802739726027396,3.4483783783783784,3.4106666666666663,3.350263157894737,3.2810389610389605,3.2353846153846146,3.198481012658227,3.1825,3.1804938271604937,3.167560975609756,3.1453012048192766,3.1188095238095235,3.0941176470588228,3.0793023255813945,3.0866666666666664,3.089318181818182,3.111011235955056,3.141111111111111,3.1727472527472522,3.183043478260869,3.194193548387097,3.1955319148936168,3.1905263157894734,3.185625,3.169484536082474,3.1363265306122443,3.0997979797979798,3.0599999999999996,3.011089108910891,2.9552941176470586,2.898640776699029,2.8517307692307696,2.8142857142857145,2.7803773584905658,2.7555140186915885,2.7440740740740743,2.7429357798165137,2.7436363636363637,2.755135135135135,2.7601785714285714,2.7695575221238937,2.775263157894737,2.7669565217391305,2.75448275862069,2.74991452991453,2.7386440677966104,2.7166386554621846,2.6774999999999998,2.649752066115702,2.6232786885245902,2.5996747967479674,2.5804838709677416,2.5664000000000002,2.5493650793650793,2.530236220472441,2.51609375,27.0,324.0,0.0,0.0,0.0,0.0,0.0,0.0,0.0,0.0,0.0,0.0,0.0,0.0,0.0,0.0,0.0,35.0,122.0,245.0,391.0,544.0,687.0,805.0,885.0,922.0,922.0,922.0,922.0,922.0,922.0,922.0,922.0,922.0,922.0,922.0,922.0,922.0,922.0,922.0,922.0,949.0,965.0,975.0,979.0,983.0,987.0,988.0,989.0,991.0,991.0,991.0,991.0,991.0,991.0,991.0,991.0,991.0,991.0,991.0,991.0,991.0,991.0,991.0,991.0,1022.0,1101.0,1216.0,1353.0,1497.0,1631.0,1739.0,1810.0,1842.0,1842.0,1842.0,1842.0,1842.0,1842.0,1842.0,1842.0,1842.0,1842.0,1842.0,1842.0,1842.0,1842.0,1842.0,1842.0,1872.0,1926.0,2001.0,2088.0,2174.0,2247.0,2297.0,2322.0,2328.0,2328.0,2328.0,2328.0,2328.0,2328.0,2328.0,2328.0,2328.0,2328.0,2328.0,2328.0,2328.0,2328.0,2328.0,2328.0,2356.0,2392.0,2436.0,2481.0,2519.0,2543.0,2549.0,2550.0,2552.0,2552.0,2552.0,2552.0,2552.0,2552.0,2552.0,2552.0,2552.0,38,February 7,Nancy
0.015752119405627058,1.238738978650774,0.5015739883930392,3.474016697633502,3.474016697633502,0.7429276266706641,1.1101315784112704,1.9436582544082668,1.9436582544082668,0.5325702777970078,1.488796202046431,2.9324804426337208,2.9324804426337208,0.7109211468819085,0.7815210945378359,4.4758498522507075,4.4758498522507075,0.5103200204405332,0.8585723599298334,9.271666666666668,-0.061600351560737523,0.061600351560737523,597.5103361495596,6.62,6.219999999999999,5.9866666666666655,5.794999999999999,5.319999999999999,4.586666666666667,4.034285714285714,3.5199999999999996,3.242222222222222,3.0599999999999996,2.901818181818182,2.7366666666666664,2.7507692307692304,2.9128571428571424,3.146666666666667,3.2824999999999998,3.4964705882352938,3.7422222222222223,3.9199999999999995,4.045,4.115238095238095,4.224545454545455,4.30695652173913,4.349166666666666,4.348,4.396923076923077,4.523703703703704,4.659285714285714,4.806206896551724,4.873333333333334,4.9232258064516135,4.98875,5.05030303030303,5.093529411764706,5.105714285714286,5.1338888888888885,5.171351351351351,5.1831578947368415,5.184102564102564,5.1975,5.180975609756098,5.167619047619048,5.157209302325581,5.117727272727273,5.066666666666666,5.026521739130434,4.966808510638297,4.882499999999999,4.803673469387755,4.712,4.655294117647059,4.618076923076923,4.587924528301887,4.555185185185184,4.51090909090909,4.4825,4.462105263157894,4.456206896551723,4.440338983050847,4.423333333333334,4.416721311475409,4.394193548387097,4.3723809523809525,4.36375,4.34923076923077,4.315454545454545,4.278208955223881,4.22735294117647,4.172173913043478,4.1242857142857146,4.081971830985916,4.047777777777778,4.010410958904109,3.9524324324324325,3.905333333333333,3.8607894736842105,3.8212987012987014,3.7841025641025645,3.7554430379746844,3.7299999999999995,3.7027160493827163,3.6651219512195126,3.6296385542168665,3.5973809523809526,3.5741176470588236,3.5758139534883724,3.5809195402298855,3.595,3.6233707865168543,3.641111111111111,3.6672527472527467,3.6895652173913045,3.709247311827957,3.7157446808510644,3.72,3.7158333333333338,3.6952577319587636,3.6689795918367345,3.638181818181818,3.59,3.5348514851485153,3.497450980392157,3.4666019417475735,3.4517307692307693,3.447619047619048,3.435094339622641,3.4153271028037384,3.3922222222222222,3.3704587155963304,3.3563636363636364,3.3596396396396404,3.3592857142857144,3.373982300884956,3.395438596491228,3.4182608695652172,3.4243103448275862,3.431111111111111,3.430169491525424,3.4242016806722697,3.418333333333334,3.4034710743801653,3.374918032786885,3.3435772357723574,3.309516129032258,3.268,3.2207936507936505,3.1727559055118117,3.1325,76.83333333333333,922.0,0.0,0.0,0.0,0.0,0.0,0.0,0.0,0.0,0.0,0.0,0.0,0.0,0.0,0.0,0.0,31.0,76.0,133.0,196.0,254.0,297.0,320.0,323.0,324.0,324.0,324.0,324.0,324.0,324.0,324.0,324.0,324.0,324.0,324.0,324.0,324.0,324.0,324.0,324.0,359.0,446.0,569.0,715.0,868.0,1011.0,1129.0,1209.0,1246.0,1246.0,1246.0,1246.0,1246.0,1246.0,1246.0,1246.0,1246.0,1246.0,1246.0,1246.0,1246.0,1246.0,1246.0,1246.0,1273.0,1289.0,1299.0,1303.0,1307.0,1311.0,1312.0,1313.0,1315.0,1315.0,1315.0,1315.0,1315.0,1315.0,1315.0,1315.0,1315.0,1315.0,1315.0,1315.0,1315.0,1315.0,1315.0,1315.0,1346.0,1425.0,1540.0,1677.0,1821.0,1955.0,2063.0,2134.0,2166.0,2166.0,2166.0,2166.0,2166.0,2166.0,2166.0,2166.0,2166.0,2166.0,2166.0,2166.0,2166.0,2166.0,2166.0,2166.0,2196.0,2250.0,2325.0,2412.0,2498.0,2571.0,2621.0,2646.0,2652.0,2652.0,2652.0,2652.0,2652.0,2652.0,2652.0,2652.0,2652.0,39,February 8,Nancy
0.015752119405627058,1.238738978650774,0.5015739883930392,3.474016697633502,3.474016697633502,0.7429276266706641,1.1101315784112704,1.9436582544082668,1.9436582544082668,0.5325702777970078,1.488796202046431,2.9324804426337208,2.9324804426337208,0.7109211468819085,0.7815210945378359,4.4758498522507075,4.4758498522507075,0.5103200204405332,0.8585723599298334,10.763333333333335,-0.0601465056347435,0.0601465056347435,598.4360483121709,7.3199999999999985,7.219999999999999,6.719999999999999,6.42,6.0200000000000005,5.703333333333333,5.4485714285714275,5.52,5.62,5.81,6.129090909090908,6.52,6.850769230769231,7.2700000000000005,7.62,7.895,8.131764705882352,8.303333333333333,8.43578947368421,8.525,8.629523809523809,8.67,8.62,8.624166666666667,8.544,8.43923076923077,8.331111111111111,8.22,8.05448275862069,7.816666666666666,7.58774193548387,7.3481250000000005,7.156363636363636,6.987647058823529,6.825714285714286,6.661666666666667,6.560540540540541,6.5200000000000005,6.517435897435898,6.4875,6.498048780487805,6.531904761904761,6.545581395348837,6.542727272727273,6.52,6.5200000000000005,6.511489361702128,6.486666666666667,6.442448979591837,6.425999999999999,6.453333333333333,6.489230769230769,6.535094339622642,6.54037037037037,6.53818181818182,6.546785714285714,6.555087719298244,6.554482758620689,6.536949152542373,6.53,6.529836065573772,6.51516129032258,6.494603174603175,6.4825,6.452307692307692,6.424545454545454,6.399104477611941,6.355294117647059,6.304057971014493,6.26,6.203098591549296,6.129722222222223,6.05972602739726,5.9808108108108105,5.925333333333334,5.883157894736843,5.845974025974026,5.807179487179487,5.760506329113924,5.725,5.695308641975308,5.6760975609756095,5.65012048192771,5.623571428571428,5.604705882352941,5.574651162790698,5.54528735632184,5.525681818181818,5.502022471910112,5.464444444444444,5.424395604395605,5.374347826086956,5.3210752688172045,5.273191489361703,5.229473684210526,5.191875,5.151958762886597,5.096530612244898,5.049292929292929,5.004,4.962574257425742,4.922941176470588,4.889902912621359,4.859423076923076,4.827619047619048,4.787924528301886,4.749906542056074,4.714444444444444,4.6860550458715595,4.677272727272728,4.671351351351351,4.672678571428571,4.685486725663717,4.6901754385964916,4.701739130434783,4.710517241379311,4.717435897435898,4.71406779661017,4.709075630252101,4.697500000000001,4.672892561983471,4.643770491803278,4.611056910569106,4.5643548387096775,4.512,4.473968253968255,4.441259842519684,4.4215625,46.5,558.0,0.0,0.0,0.0,0.0,0.0,0.0,0.0,0.0,0.0,0.0,0.0,0.0,0.0,0.0,0.0,38.0,125.0,248.0,394.0,547.0,689.0,805.0,884.0,922.0,922.0,922.0,922.0,922.0,922.0,922.0,922.0,922.0,922.0,922.0,922.0,922.0,922.0,922.0,922.0,953.0,998.0,1055.0,1118.0,1176.0,1219.0,1242.0,1245.0,1246.0,1246.0,1246.0,1246.0,1246.0,1246.0,1246.0,1246.0,1246.0,1246.0,1246.0,1246.0,1246.0,1246.0,1246.0,1246.0,1281.0,1368.0,1491.0,1637.0,1790.0,1933.0,2051.0,2131.0,2168.0,2168.0,2168.0,2168.0,2168.0,2168.0,2168.0,2168.0,2168.0,2168.0,2168.0,2168.0,2168.0,2168.0,2168.0,2168.0,2195.0,2211.0,2221.0,2225.0,2229.0,2233.0,2234.0,2235.0,2237.0,2237.0,2237.0,2237.0,2237.0,2237.0,2237.0,2237.0,2237.0,2237.0,2237.0,2237.0,2237.0,2237.0,2237.0,2237.0,2268.0,2347.0,2462.0,2599.0,2743.0,2877.0,2985.0,3056.0,3088.0,3088.0,3088.0,3088.0,3088.0,3088.0,3088.0,3088.0,3088.0,40,February 9,Nancy
0.015752119405627058,1.238738978650774,0.5015739883930392,3.474016697633502,3.474016697633502,0.7429276266706641,1.1101315784112704,1.9436582544082668,1.9436582544082668,0.5325702777970078,1.488796202046431,2.9324804426337208,2.9324804426337208,0.7109211468819085,0.7815210945378359,4.4758498522507075,4.4758498522507075,0.5103200204405332,0.8585723599298334,13.363333333333333,0.009132054698726943,0.009132054698726943,642.548016961836,4.02,3.37,2.7866666666666666,2.57,2.48,2.52,2.491428571428572,2.5325,2.5311111111111106,2.61,2.829090909090909,3.0616666666666674,3.4123076923076923,3.9057142857142852,4.293333333333333,4.57625,4.884705882352941,5.181111111111111,5.404210526315789,5.61,5.781904761904762,5.9336363636363645,6.037391304347826,6.149166666666667,6.196000000000001,6.231538461538462,6.212592592592593,6.187857142857143,6.126896551724138,6.0600000000000005,5.990967741935484,5.991875,6.004848484848486,6.049411764705883,6.142857142857143,6.272777777777778,6.395675675675676,6.562105263157895,6.714871794871795,6.847499999999999,6.971219512195121,7.072380952380952,7.159534883720931,7.229090909090909,7.306666666666667,7.354782608695653,7.358297872340428,7.386666666666667,7.371020408163265,7.34,7.3043137254901955,7.264230769230769,7.191698113207548,7.075555555555557,6.960000000000001,6.8342857142857145,6.732280701754386,6.640689655172414,6.550508474576271,6.456666666666667,6.398688524590164,6.376451612903227,6.377142857142858,6.360625000000001,6.369230769230768,6.392727272727273,6.4035820895522395,6.403823529411765,6.391014492753623,6.392857142857143,6.389014084507043,6.374166666666666,6.346027397260274,6.336216216216216,6.356,6.381842105263158,6.4148051948051945,6.420000000000001,6.420000000000001,6.4275,6.434814814814814,6.435853658536585,6.424819277108433,6.421190476190477,6.42235294117647,6.413023255813955,6.399310344827586,6.391590909090909,6.370561797752809,6.351111111111111,6.333186813186813,6.301521739130435,6.264086021505376,6.231702127659574,6.189473684210526,6.134583333333334,6.081855670103092,6.022040816326531,5.979595959595959,5.946999999999999,5.918019801980197,5.8876470588235295,5.8510679611650485,5.8228846153846145,5.799047619047619,5.783207547169811,5.762056074766356,5.74037037037037,5.7245871559633015,5.7,5.675855855855856,5.659285714285714,5.639469026548673,5.608596491228069,5.575652173913043,5.534655172413793,5.490940170940171,5.451355932203389,5.414957983193277,5.383333333333334,5.349752066115702,5.303606557377049,5.26390243902439,5.2256451612903225,5.190399999999999,5.156507936507936,5.127874015748032,5.10125,35.583333333333336,427.0,0.0,0.0,0.0,0.0,0.0,0.0,0.0,0.0,0.0,0.0,0.0,0.0,0.0,0.0,0.0,36.0,97.0,180.0,276.0,373.0,457.0,517.0,548.0,558.0,558.0,558.0,558.0,558.0,558.0,558.0,558.0,558.0,558.0,558.0,558.0,558.0,558.0,558.0,558.0,596.0,683.0,806.0,952.0,1105.0,1247.0,1363.0,1442.0,1480.0,1480.0,1480.0,1480.0,1480.0,1480.0,1480.0,1480.0,1480.0,1480.0,1480.0,1480.0,1480.0,1480.0,1480.0,1480.0,1511.0,1556.0,1613.0,1676.0,1734.0,1777.0,1800.0,1803.0,1804.0,1804.0,1804.0,1804.0,1804.0,1804.0,1804.0,1804.0,1804.0,1804.0,1804.0,1804.0,1804.0,1804.0,1804.0,1804.0,1839.0,1926.0,2049.0,2195.0,2348.0,2491.0,2609.0,2689.0,2726.0,2726.0,2726.0,2726.0,2726.0,2726.0,2726.0,2726.0,2726.0,2726.0,2726.0,2726.0,2726.0,2726.0,2726.0,2726.0,2753.0,2769.0,2779.0,2783.0,2787.0,2791.0,2792.0,2793.0,2795.0,2795.0,2795.0,2795.0,2795.0,2795.0,2795.0,2795.0,2795.0,41,February 10,Nancy
0.015752119405627058,1.238738978650774,0.5015739883930392,3.474016697633502,3.474016697633502,0.7429276266706641,1.1101315784112704,1.9436582544082668,1.9436582544082668,0.5325702777970078,1.488796202046431,2.9324804426337208,2.9324804426337208,0.7109211468819085,0.7815210945378359,4.4758498522507075,4.4758498522507075,0.5103200204405332,0.8585723599298334,12.63,-0.0986215352792481,0.0986215352792481,573.9377144365267,3.82,3.87,3.7866666666666666,3.545,3.2,3.2366666666666664,3.334285714285715,3.3575,3.497777777777778,3.55,3.747272727272727,3.9866666666666664,4.266153846153846,4.541428571428571,4.7733333333333325,4.932499999999999,5.067058823529411,5.147777777777778,5.214736842105263,5.26,5.2628571428571425,5.32,5.30695652173913,5.3116666666666665,5.26,5.162307692307691,5.03111111111111,4.919999999999999,4.823448275862068,4.753333333333333,4.674838709677418,4.616875,4.553333333333333,4.5170588235294105,4.531428571428571,4.561666666666666,4.644324324324323,4.793684210526315,4.919999999999998,5.0175,5.134634146341463,5.255714285714285,5.352558139534883,5.447272727272726,5.531111111111111,5.6091304347826085,5.666808510638296,5.730416666666667,5.7628571428571425,5.79,5.7886274509803926,5.783461538461538,5.757735849056604,5.727407407407408,5.694545454545455,5.700357142857143,5.7129824561403515,5.744137931034484,5.804745762711865,5.888333333333334,5.969180327868853,6.078064516129031,6.18031746031746,6.2715625,6.358461538461538,6.432121212121212,6.4976119402985075,6.552352941176471,6.612753623188405,6.654285714285715,6.666478873239437,6.694999999999999,6.693972602739726,6.682162162162163,6.666666666666667,6.647631578947368,6.605714285714286,6.532820512820513,6.459240506329113,6.3774999999999995,6.311358024691358,6.251707317073171,6.192289156626506,6.1295238095238105,6.091764705882352,6.079302325581395,6.083218390804599,6.074545454545454,6.084044943820225,6.104444444444444,6.115604395604396,6.118913043478261,6.1124731182795715,6.116808510638298,6.116842105263158,6.1085416666666665,6.090103092783505,6.08530612244898,6.102828282828282,6.125,6.152673267326733,6.15921568627451,6.161747572815534,6.169999999999998,6.178095238095238,6.181320754716982,6.175140186915887,6.174629629629631,6.177798165137616,6.172727272727274,6.164144144144144,6.160178571428571,6.14566371681416,6.132280701754385,6.119999999999999,6.096724137931035,6.068717948717949,6.044576271186441,6.012436974789916,5.969999999999999,5.929090909090909,5.882295081967212,5.849268292682926,5.824032258064516,5.801600000000001,5.7779365079365075,5.749133858267716,5.72703125,70.75,849.0,0.0,0.0,0.0,0.0,0.0,0.0,0.0,0.0,0.0,0.0,0.0,0.0,0.0,0.0,0.0,35.0,87.0,155.0,232.0,308.0,371.0,411.0,426.0,427.0,427.0,427.0,427.0,427.0,427.0,427.0,427.0,427.0,427.0,427.0,427.0,427.0,427.0,427.0,427.0,463.0,524.0,607.0,703.0,800.0,884.0,944.0,975.0,985.0,985.0,985.0,985.0,985.0,985.0,985.0,985.0,985.0,985.0,985.0,985.0,985.0,985.0,985.0,985.0,1023.0,1110.0,1233.0,1379.0,1532.0,1674.0,1790.0,1869.0,1907.0,1907.0,1907.0,1907.0,1907.0,1907.0,1907.0,1907.0,1907.0,1907.0,1907.0,1907.0,1907.0,1907.0,1907.0,1907.0,1938.0,1983.0,2040.0,2103.0,2161.0,2204.0,2227.0,2230.0,2231.0,2231.0,2231.0,2231.0,2231.0,2231.0,2231.0,2231.0,2231.0,2231.0,2231.0,2231.0,2231.0,2231.0,2231.0,2231.0,2266.0,2353.0,2476.0,2622.0,2775.0,2918.0,3036.0,3116.0,3153.0,3153.0,3153.0,3153.0,3153.0,3153.0,3153.0,3153.0,3153.0,42,February 11,Nancy
0.015752119405627058,1.238738978650774,0.5015739883930392,3.474016697633502,3.474016697633502,0.7429276266706641,1.1101315784112704,1.9436582544082668,1.9436582544082668,0.5325702777970078,1.488796202046431,2.9324804426337208,2.9324804426337208,0.7109211468819085,0.7815210945378359,4.4758498522507075,4.4758498522507075,0.5103200204405332,0.8585723599298334,15.338333333333333,0.04049469786252931,0.04049469786252931,662.5176572856677,2.12,1.57,1.1533333333333333,0.62,0.18,-0.08000000000000007,-0.06571428571428571,0.095,0.32,0.5599999999999999,0.8927272727272727,1.2283333333333333,1.673846153846154,2.1914285714285713,2.693333333333334,3.0575,3.396470588235294,3.6422222222222222,3.877894736842105,4.089999999999999,4.181904761904761,4.233636363636363,4.267826086956521,4.299166666666667,4.28,4.266153846153847,4.242222222222223,4.191428571428571,4.109655172413793,4.086666666666667,4.081290322580645,4.06375,4.08060606060606,4.078823529411765,4.1257142857142854,4.195,4.287567567567568,4.388421052631579,4.481538461538462,4.5525,4.617560975609756,4.662857142857143,4.703720930232558,4.73590909090909,4.74888888888889,4.7873913043478264,4.792340425531915,4.805416666666667,4.789387755102041,4.748,4.6866666666666665,4.633461538461539,4.5860377358490565,4.551481481481481,4.510909090909092,4.480714285714286,4.446315789473684,4.426896551724138,4.436949152542373,4.456666666666666,4.508524590163934,4.602258064516128,4.6834920634920625,4.748125,4.826153846153846,4.907878787878787,4.975223880597015,5.042058823529411,5.102608695652173,5.16,5.20450704225352,5.253333333333334,5.281643835616438,5.306486486486486,5.311999999999999,5.314736842105263,5.303116883116883,5.2879487179487175,5.270632911392405,5.279999999999999,5.294074074074075,5.321219512195122,5.369397590361446,5.434285714285714,5.497647058823529,5.581627906976744,5.661379310344826,5.733636363636363,5.803146067415731,5.863333333333332,5.917802197802198,5.964565217391304,6.015698924731182,6.052978723404255,6.068421052631579,6.096041666666667,6.101443298969072,6.098571428571428,6.092727272727274,6.084,6.057623762376237,6.007254901960785,5.955922330097086,5.897884615384616,5.851428571428571,5.809622641509434,5.767663551401869,5.722777777777778,5.697064220183487,5.6909090909090905,5.697477477477476,5.694107142857143,5.704955752212389,5.72438596491228,5.736521739130435,5.742413793103449,5.74051282051282,5.747118644067796,5.750252100840336,5.746666666666666,5.7348760330578505,5.733934426229507,5.7508943089430895,5.7716129032258054,5.796799999999999,5.8049206349206335,5.809763779527558,5.819218749999999,19.083333333333332,229.0,0.0,0.0,0.0,0.0,0.0,0.0,0.0,0.0,0.0,0.0,0.0,0.0,0.0,0.0,0.0,44.0,127.0,242.0,377.0,517.0,646.0,749.0,817.0,849.0,849.0,849.0,849.0,849.0,849.0,849.0,849.0,849.0,849.0,849.0,849.0,849.0,849.0,849.0,849.0,884.0,936.0,1004.0,1081.0,1157.0,1220.0,1260.0,1275.0,1276.0,1276.0,1276.0,1276.0,1276.0,1276.0,1276.0,1276.0,1276.0,1276.0,1276.0,1276.0,1276.0,1276.0,1276.0,1276.0,1312.0,1373.0,1456.0,1552.0,1649.0,1733.0,1793.0,1824.0,1834.0,1834.0,1834.0,1834.0,1834.0,1834.0,1834.0,1834.0,1834.0,1834.0,1834.0,1834.0,1834.0,1834.0,1834.0,1834.0,1872.0,1959.0,2082.0,2228.0,2381.0,2523.0,2639.0,2718.0,2756.0,2756.0,2756.0,2756.0,2756.0,2756.0,2756.0,2756.0,2756.0,2756.0,2756.0,2756.0,2756.0,2756.0,2756.0,2756.0,2787.0,2832.0,2889.0,2952.0,3010.0,3053.0,3076.0,3079.0,3080.0,3080.0,3080.0,3080.0,3080.0,3080.0,3080.0,3080.0,3080.0,43,February 12,Nancy
0.015752119405627058,1.238738978650774,0.5015739883930392,3.474016697633502,3.474016697633502,0.7429276266706641,1.1101315784112704,1.9436582544082668,1.9436582544082668,0.5325702777970078,1.488796202046431,2.9324804426337208,2.9324804426337208,0.7109211468819085,0.7815210945378359,4.4758498522507075,4.4758498522507075,0.5103200204405332,0.8585723599298334,14.53,-0.1178321645315838,0.1178321645315838,561.7056664372561,3.42,3.4699999999999998,3.2866666666666666,3.495,3.7600000000000002,4.153333333333333,4.505714285714285,4.745,4.997777777777778,5.17,5.274545454545454,5.353333333333333,5.373846153846154,5.377142857142857,5.38,5.3825,5.378823529411765,5.375555555555555,5.341052631578948,5.305,5.272380952380952,5.183636363636364,5.102608695652174,5.007499999999999,4.8919999999999995,4.743076923076923,4.579259259259259,4.380714285714285,4.175172413793104,3.99,3.861935483870968,3.779375,3.729090909090909,3.699411764705882,3.7142857142857135,3.7477777777777774,3.8362162162162154,3.9699999999999998,4.117435897435897,4.2275,4.339512195121951,4.422380952380952,4.508372093023255,4.590454545454545,4.622222222222222,4.637391304347825,4.645531914893616,4.653333333333333,4.636326530612244,4.622,4.60235294117647,4.568076923076923,4.516226415094339,4.495925925925925,4.4854545454545445,4.468214285714285,4.470877192982456,4.463103448275862,4.4844067796610165,4.52,4.570819672131147,4.628064516129032,4.681904761904762,4.723125,4.7615384615384615,4.788181818181818,4.812537313432836,4.831764705882354,4.838840579710145,4.862857142857143,4.8650704225352115,4.872777777777778,4.861095890410959,4.832162162162162,4.789333333333334,4.751578947368421,4.7174025974025975,4.6917948717948725,4.6617721518987345,4.63875,4.612592592592593,4.596829268292683,4.601927710843374,4.61404761904762,4.649411764705882,4.715348837209302,4.772873563218391,4.818863636363637,4.875056179775281,4.934444444444444,4.983736263736263,5.033043478260869,5.078064516129032,5.121063829787233,5.154736842105263,5.191875,5.2138144329896905,5.2332653061224494,5.238181818181817,5.240999999999999,5.232871287128711,5.221960784313725,5.209320388349514,5.217115384615384,5.228571428571428,5.250188679245282,5.28822429906542,5.339444444444444,5.389724770642201,5.456363636363636,5.52,5.578035714285714,5.634159292035398,5.683157894736842,5.7278260869565205,5.76655172413793,5.808888888888887,5.840338983050847,5.854453781512603,5.878333333333333,5.884462809917355,5.883934426229508,5.880975609756097,5.875645161290321,5.856,5.816825396825396,5.776692913385825,5.7309375,63.75,765.0,1.0,1.0,1.0,1.0,1.0,1.0,1.0,1.0,1.0,1.0,1.0,1.0,1.0,1.0,1.0,31.0,67.0,111.0,157.0,197.0,223.0,228.0,229.0,230.0,230.0,230.0,230.0,230.0,230.0,230.0,230.0,230.0,230.0,230.0,230.0,230.0,230.0,230.0,230.0,274.0,357.0,472.0,607.0,747.0,876.0,979.0,1047.0,1079.0,1079.0,1079.0,1079.0,1079.0,1079.0,1079.0,1079.0,1079.0,1079.0,1079.0,1079.0,1079.0,1079.0,1079.0,1079.0,1114.0,1166.0,1234.0,1311.0,1387.0,1450.0,1490.0,1505.0,1506.0,1506.0,1506.0,1506.0,1506.0,1506.0,1506.0,1506.0,1506.0,1506.0,1506.0,1506.0,1506.0,1506.0,1506.0,1506.0,1542.0,1603.0,1686.0,1782.0,1879.0,1963.0,2023.0,2054.0,2064.0,2064.0,2064.0,2064.0,2064.0,2064.0,2064.0,2064.0,2064.0,2064.0,2064.0,2064.0,2064.0,2064.0,2064.0,2064.0,2102.0,2189.0,2312.0,2458.0,2611.0,2753.0,2869.0,2948.0,2986.0,2986.0,2986.0,2986.0,2986.0,2986.0,2986.0,2986.0,2986.0,44,February 13,Nancy
0.015752119405627058,1.238738978650774,0.5015739883930392,3.474016697633502,3.474016697633502,0.7429276266706641,1.1101315784112704,1.9436582544082668,1.9436582544082668,0.5325702777970078,1.488796202046431,2.9324804426337208,2.9324804426337208,0.7109211468819085,0.7815210945378359,4.4758498522507075,4.4758498522507075,0.5103200204405332,0.8585723599298334,12.596666666666668,-0.16023722898275455,0.16023722898275455,534.7049483990473,6.12,5.67,5.253333333333334,5.27,5.34,5.253333333333333,5.234285714285714,5.22,5.275555555555555,5.47,5.638181818181818,5.745,5.812307692307693,5.869999999999999,5.926666666666666,5.92625,5.83764705882353,5.77,5.70421052631579,5.68,5.691428571428571,5.674545454545454,5.654782608695651,5.607499999999999,5.52,5.443076923076924,5.3496296296296295,5.305714285714285,5.288965517241378,5.3166666666666655,5.358709677419354,5.391875,5.441212121212121,5.478823529411764,5.502857142857143,5.522777777777778,5.525405405405405,5.522631578947367,5.52,5.5175,5.512682926829267,5.508095238095239,5.489767441860465,5.47,5.451111111111111,5.404782608695652,5.360425531914894,5.3075,5.2424489795918365,5.1579999999999995,5.06313725490196,4.946923076923076,4.82377358490566,4.708888888888889,4.623636363636363,4.562857142857142,4.52,4.488965517241379,4.4844067796610165,4.491666666666666,4.533114754098361,4.603870967741936,4.685079365079366,4.745,4.8076923076923075,4.8533333333333335,4.902089552238806,4.949411764705883,4.964927536231885,4.970000000000001,4.9707042253521125,4.971388888888889,4.955616438356164,4.941621621621621,4.924,4.896315789473684,4.856363636363637,4.837948717948718,4.826329113924051,4.81,4.807654320987654,4.798048780487805,4.809156626506025,4.8307142857142855,4.863529411764706,4.90139534883721,4.937241379310345,4.964318181818182,4.989662921348314,5.006666666666667,5.022197802197803,5.034130434782608,5.03720430107527,5.052978723404256,5.052631578947369,5.0564583333333335,5.045773195876289,5.022040816326531,4.987676767676768,4.957000000000001,4.928910891089109,4.907254901960784,4.8821359223300975,4.862307692307693,4.84,4.825660377358491,4.827476635514019,4.834814814814815,4.860366972477064,4.910000000000001,4.953333333333335,4.987857142857144,5.030619469026549,5.076140350877194,5.11391304347826,5.151896551724138,5.1866666666666665,5.2200000000000015,5.246050420168068,5.275,5.291900826446281,5.30688524590164,5.310243902439024,5.311935483870968,5.3048,5.295396825396827,5.284566929133859,5.290312500000001,75.33333333333333,904.0,3.0,3.0,3.0,3.0,3.0,3.0,3.0,3.0,3.0,3.0,3.0,3.0,3.0,3.0,3.0,47.0,125.0,231.0,354.0,480.0,595.0,684.0,741.0,767.0,768.0,768.0,768.0,768.0,768.0,768.0,768.0,768.0,768.0,768.0,768.0,768.0,768.0,768.0,768.0,798.0,834.0,878.0,924.0,964.0,990.0,995.0,996.0,997.0,997.0,997.0,997.0,997.0,997.0,997.0,997.0,997.0,997.0,997.0,997.0,997.0,997.0,997.0,997.0,1041.0,1124.0,1239.0,1374.0,1514.0,1643.0,1746.0,1814.0,1846.0,1846.0,1846.0,1846.0,1846.0,1846.0,1846.0,1846.0,1846.0,1846.0,1846.0,1846.0,1846.0,1846.0,1846.0,1846.0,1881.0,1933.0,2001.0,2078.0,2154.0,2217.0,2257.0,2272.0,2273.0,2273.0,2273.0,2273.0,2273.0,2273.0,2273.0,2273.0,2273.0,2273.0,2273.0,2273.0,2273.0,2273.0,2273.0,2273.0,2309.0,2370.0,2453.0,2549.0,2646.0,2730.0,2790.0,2821.0,2831.0,2831.0,2831.0,2831.0,2831.0,2831.0,2831.0,2831.0,2831.0,45,February 14,Nancy
0.015752119405627058,1.238738978650774,0.5015739883930392,3.474016697633502,3.474016697633502,0.7429276266706641,1.1101315784112704,1.9436582544082668,1.9436582544082668,0.5325702777970078,1.488796202046431,2.9324804426337208,2.9324804426337208,0.7109211468819085,0.7815210945378359,4.4758498522507075,4.4758498522507075,0.5103200204405332,0.8585723599298334,16.705,-0.006193722191028119,0.006193722191028119,632.7895839568993,-0.08000000000000007,0.0199999999999999,0.019999999999999934,0.16999999999999996,0.17999999999999997,0.13666666666666663,0.1342857142857142,0.19499999999999995,0.40888888888888886,0.6000000000000001,0.9199999999999998,1.3699999999999999,1.850769230769231,2.255714285714286,2.6533333333333333,3.0324999999999998,3.3376470588235296,3.5755555555555554,3.751578947368421,3.8850000000000007,4.015238095238095,4.142727272727273,4.263478260869565,4.386666666666667,4.4559999999999995,4.485384615384615,4.482962962962962,4.512857142857143,4.55103448275862,4.56,4.578064516129031,4.595,4.629090909090908,4.705294117647059,4.78,4.839444444444444,4.887567567567568,4.9331578947368415,4.97897435897436,5.0024999999999995,4.988292682926829,4.979523809523809,4.968837209302325,4.974545454545455,4.995555555555556,5.002608695652174,5.007234042553192,4.997083333333333,4.964897959183673,4.936,4.896470588235293,4.881538461538462,4.880377358490566,4.903333333333335,4.9345454545454555,4.961071428571429,4.99719298245614,5.026896551724138,5.048813559322034,5.068333333333333,5.0773770491803285,5.082903225806453,5.088253968253969,5.0934375,5.096923076923077,5.100303030303031,5.094626865671642,5.087647058823529,5.080869565217391,5.055714285714285,5.031267605633803,5.000555555555555,4.961095890410959,4.907837837837838,4.846666666666666,4.77,4.687532467532468,4.60974358974359,4.551645569620254,4.51,4.480493827160494,4.459024390243902,4.4561445783132525,4.461666666666667,4.491764705882353,4.543255813953489,4.602758620689656,4.6472727272727266,4.694157303370786,4.728888888888888,4.766153846153846,4.802608695652173,4.8156989247311826,4.821063829787234,4.823157894736842,4.825208333333332,4.814845360824742,4.805714285714285,4.793737373737374,4.774,4.744752475247525,4.7317647058823535,4.723883495145632,4.712307692307693,4.711428571428572,4.704905660377359,4.714392523364486,4.7320370370370375,4.758532110091743,4.789090909090909,4.818198198198198,4.840535714285714,4.861592920353982,4.876140350877192,4.889565217391304,4.900172413793103,4.903760683760683,4.917457627118643,4.918319327731092,4.922499999999999,4.915041322314049,4.897049180327868,4.87040650406504,4.846612903225806,4.8248,4.8080952380952375,4.7885039370078735,4.773125,24.5,294.0,1.0,1.0,1.0,1.0,1.0,1.0,1.0,1.0,1.0,1.0,1.0,1.0,1.0,1.0,1.0,49.0,137.0,258.0,400.0,547.0,682.0,791.0,865.0,902.0,905.0,905.0,905.0,905.0,905.0,905.0,905.0,905.0,905.0,905.0,905.0,905.0,905.0,905.0,905.0,949.0,1027.0,1133.0,1256.0,1382.0,1497.0,1586.0,1643.0,1669.0,1670.0,1670.0,1670.0,1670.0,1670.0,1670.0,1670.0,1670.0,1670.0,1670.0,1670.0,1670.0,1670.0,1670.0,1670.0,1700.0,1736.0,1780.0,1826.0,1866.0,1892.0,1897.0,1898.0,1899.0,1899.0,1899.0,1899.0,1899.0,1899.0,1899.0,1899.0,1899.0,1899.0,1899.0,1899.0,1899.0,1899.0,1899.0,1899.0,1943.0,2026.0,2141.0,2276.0,2416.0,2545.0,2648.0,2716.0,2748.0,2748.0,2748.0,2748.0,2748.0,2748.0,2748.0,2748.0,2748.0,2748.0,2748.0,2748.0,2748.0,2748.0,2748.0,2748.0,2783.0,2835.0,2903.0,2980.0,3056.0,3119.0,3159.0,3174.0,3175.0,3175.0,3175.0,3175.0,3175.0,3175.0,3175.0,3175.0,3175.0,46,February 15,Nancy
0.015752119405627058,1.238738978650774,0.5015739883930392,3.474016697633502,3.474016697633502,0.7429276266706641,1.1101315784112704,1.9436582544082668,1.9436582544082668,0.5325702777970078,1.488796202046431,2.9324804426337208,2.9324804426337208,0.7109211468819085,0.7815210945378359,4.4758498522507075,4.4758498522507075,0.5103200204405332,0.8585723599298334,16.738333333333333,0.014126847478051634,0.014126847478051634,645.7283680175246,-0.9800000000000002,-1.08,-0.88,-0.78,-0.9400000000000001,-1.1466666666666667,-1.422857142857143,-1.6549999999999998,-1.78,-1.75,-1.7072727272727273,-1.6133333333333333,-1.4492307692307693,-1.1942857142857142,-0.8733333333333334,-0.49874999999999997,-0.12117647058823527,0.20888888888888882,0.4357894736842104,0.5599999999999998,0.7009523809523809,0.7972727272727272,0.8504347826086956,0.8408333333333333,0.8039999999999999,0.7776923076923077,0.7496296296296295,0.7449999999999999,0.7268965517241379,0.7,0.6812903225806451,0.6793749999999998,0.7230303030303029,0.7699999999999999,0.8657142857142858,1.0172222222222222,1.1956756756756757,1.3621052631578952,1.5379487179487181,1.7175,1.8760975609756094,2.0128571428571425,2.126976744186046,2.224545454545454,2.3222222222222215,2.4199999999999995,2.5157446808510633,2.61375,2.68530612244898,2.7359999999999998,2.7690196078431377,2.8180769230769234,2.8709433962264157,2.9070370370370373,2.9472727272727273,2.986071428571428,3.0340350877192988,3.106206896551724,3.177627118644068,3.24,3.295409836065574,3.3490322580645158,3.402539682539682,3.4418749999999996,3.456923076923077,3.4745454545454546,3.4901492537313428,3.515588235294118,3.5504347826086957,3.575714285714286,3.59887323943662,3.6116666666666664,3.6090410958904107,3.6078378378378373,3.5986666666666665,3.6055263157894726,3.621298701298701,3.6533333333333324,3.6908860759493667,3.725,3.7656790123456787,3.8017073170731708,3.8320481927710843,3.8604761904761893,3.881176470588235,3.8990697674418597,3.9165517241379306,3.933636363636364,3.949213483146067,3.9644444444444438,3.972747252747252,3.9797826086956514,3.986666666666666,3.9795744680851057,3.972631578947368,3.9606250000000003,3.9416494845360814,3.911836734693877,3.8755555555555543,3.8269999999999995,3.7734653465346524,3.722941176470588,3.686990291262135,3.663269230769231,3.648571428571428,3.639811320754717,3.645233644859813,3.6570370370370364,3.6878899082568797,3.735454545454545,3.789369369369369,3.8316071428571425,3.8757522123893797,3.910350877192982,3.94695652173913,3.9829310344827578,4.00034188034188,4.011525423728813,4.02,4.028333333333333,4.026611570247933,4.025737704918032,4.022439024390243,4.01274193548387,3.9951999999999996,3.99063492063492,3.9900787401574798,3.98640625,37.5,450.0,1.0,1.0,1.0,1.0,1.0,1.0,1.0,1.0,1.0,1.0,1.0,1.0,1.0,1.0,1.0,32.0,73.0,126.0,185.0,239.0,277.0,292.0,293.0,294.0,295.0,295.0,295.0,295.0,295.0,295.0,295.0,295.0,295.0,295.0,295.0,295.0,295.0,295.0,295.0,343.0,431.0,552.0,694.0,841.0,976.0,1085.0,1159.0,1196.0,1199.0,1199.0,1199.0,1199.0,1199.0,1199.0,1199.0,1199.0,1199.0,1199.0,1199.0,1199.0,1199.0,1199.0,1199.0,1243.0,1321.0,1427.0,1550.0,1676.0,1791.0,1880.0,1937.0,1963.0,1964.0,1964.0,1964.0,1964.0,1964.0,1964.0,1964.0,1964.0,1964.0,1964.0,1964.0,1964.0,1964.0,1964.0,1964.0,1994.0,2030.0,2074.0,2120.0,2160.0,2186.0,2191.0,2192.0,2193.0,2193.0,2193.0,2193.0,2193.0,2193.0,2193.0,2193.0,2193.0,2193.0,2193.0,2193.0,2193.0,2193.0,2193.0,2193.0,2237.0,2320.0,2435.0,2570.0,2710.0,2839.0,2942.0,3010.0,3042.0,3042.0,3042.0,3042.0,3042.0,3042.0,3042.0,3042.0,3042.0,47,February 16,Nancy
0.015752119405627058,1.238738978650774,0.5015739883930392,3.474016697633502,3.474016697633502,0.7429276266706641,1.1101315784112704,1.9436582544082668,1.9436582544082668,0.5325702777970078,1.488796202046431,2.9324804426337208,2.9324804426337208,0.7109211468819085,0.7815210945378359,4.4758498522507075,4.4758498522507075,0.5103200204405332,0.8585723599298334,20.196666666666665,-0.019503085813290456,0.019503085813290456,624.3150684931508,-1.5799999999999998,-1.43,-1.6133333333333333,-1.7300000000000002,-1.7399999999999998,-1.6466666666666665,-1.4942857142857142,-1.4300000000000002,-1.2133333333333334,-1.1,-0.9254545454545454,-0.7633333333333333,-0.5415384615384615,-0.2871428571428571,-0.02666666666666663,0.25125,0.4729411764705882,0.6533333333333334,0.8252631578947367,0.9799999999999999,1.1247619047619049,1.2063636363636365,1.2678260869565219,1.2491666666666665,1.16,1.07,1.0125925925925925,0.9592857142857144,0.8717241379310344,0.7699999999999999,0.6458064516129032,0.523125,0.423030303030303,0.36705882352941177,0.32,0.295,0.30108108108108117,0.3489473684210527,0.4328205128205128,0.55,0.6809756097560976,0.8033333333333332,0.8897674418604651,0.9359090909090909,0.9933333333333333,1.0330434782608695,1.0540425531914894,1.045,1.0220408163265307,1.004,0.9847058823529413,0.9776923076923077,0.9633962264150944,0.9440740740740741,0.9290909090909093,0.9235714285714286,0.9445614035087718,0.9682758620689654,1.0216949152542372,1.1099999999999999,1.2167213114754096,1.3183870967741933,1.4279365079365076,1.541875,1.6446153846153846,1.7351515151515151,1.8125373134328358,1.880294117647059,1.9489855072463766,2.0185714285714282,2.0876056338028164,2.158888888888889,2.2131506849315064,2.2537837837837835,2.282666666666667,2.322631578947368,2.3654545454545453,2.3969230769230765,2.4313924050632907,2.465,2.505185185185185,2.562682926829268,2.62,2.6711904761904757,2.717647058823529,2.7630232558139527,2.8085057471264356,2.8438636363636363,2.861573033707865,2.881111111111111,2.8991208791208796,2.9243478260869575,2.956559139784947,2.9817021276595748,3.005263157894738,3.021041666666667,3.025154639175258,3.030204081632654,3.0290909090909097,3.040000000000001,3.057623762376238,3.0876470588235305,3.1219417475728166,3.1536538461538464,3.190476190476191,3.2237735849056612,3.252710280373832,3.2801851851851853,3.30165137614679,3.3209090909090917,3.33981981981982,3.358392857142857,3.375752212389381,3.39280701754386,3.404347826086957,3.4148275862068966,3.4251282051282055,3.4242372881355934,3.423361344537816,3.4183333333333334,3.407603305785124,3.3880327868852462,3.363089430894309,3.3280645161290328,3.2888000000000006,3.2517460317460323,3.2262992125984256,3.2106250000000003,27.583333333333332,331.0,1.0,1.0,1.0,1.0,1.0,1.0,1.0,1.0,1.0,1.0,1.0,1.0,1.0,1.0,1.0,38.0,93.0,164.0,245.0,325.0,391.0,433.0,448.0,450.0,451.0,451.0,451.0,451.0,451.0,451.0,451.0,451.0,451.0,451.0,451.0,451.0,451.0,451.0,451.0,482.0,523.0,576.0,635.0,689.0,727.0,742.0,743.0,744.0,745.0,745.0,745.0,745.0,745.0,745.0,745.0,745.0,745.0,745.0,745.0,745.0,745.0,745.0,745.0,793.0,881.0,1002.0,1144.0,1291.0,1426.0,1535.0,1609.0,1646.0,1649.0,1649.0,1649.0,1649.0,1649.0,1649.0,1649.0,1649.0,1649.0,1649.0,1649.0,1649.0,1649.0,1649.0,1649.0,1693.0,1771.0,1877.0,2000.0,2126.0,2241.0,2330.0,2387.0,2413.0,2414.0,2414.0,2414.0,2414.0,2414.0,2414.0,2414.0,2414.0,2414.0,2414.0,2414.0,2414.0,2414.0,2414.0,2414.0,2444.0,2480.0,2524.0,2570.0,2610.0,2636.0,2641.0,2642.0,2643.0,2643.0,2643.0,2643.0,2643.0,2643.0,2643.0,2643.0,2643.0,48,February 17,Nancy
0.015752119405627058,1.238738978650774,0.5015739883930392,3.474016697633502,3.474016697633502,0.7429276266706641,1.1101315784112704,1.9436582544082668,1.9436582544082668,0.5325702777970078,1.488796202046431,2.9324804426337208,2.9324804426337208,0.7109211468819085,0.7815210945378359,4.4758498522507075,4.4758498522507075,0.5103200204405332,0.8585723599298334,20.621666666666666,0.006301925161991242,0.006301925161991242,640.7459791481451,-4.48,-4.93,-5.146666666666667,-4.955,-4.36,-3.8466666666666662,-3.365714285714286,-2.855,-2.4911111111111115,-2.2600000000000002,-2.0254545454545454,-1.7383333333333333,-1.4492307692307693,-1.28,-1.146666666666667,-1.11125,-1.1505882352941177,-1.1022222222222222,-1.0484210526315791,-0.99,-0.9419047619047619,-0.9390909090909091,-0.9408695652173913,-0.9674999999999999,-0.992,-1.003076923076923,-1.0392592592592593,-1.0764285714285715,-1.100689655172414,-1.1033333333333333,-1.0864516129032258,-1.0831250000000001,-1.0345454545454547,-1.006470588235294,-0.9542857142857143,-0.8994444444444445,-0.8178378378378378,-0.716842105263158,-0.6056410256410256,-0.4800000000000001,-0.37024390243902444,-0.2728571428571429,-0.17534883720930236,-0.08227272727272736,0.008888888888888799,0.07217391304347813,0.12638297872340412,0.14083333333333323,0.1179591836734693,0.09199999999999989,0.08078431372549008,0.06999999999999987,0.03886792452830181,-0.00222222222222229,-0.05818181818181828,-0.11571428571428577,-0.16245614035087722,-0.18517241379310348,-0.2037288135593221,-0.21000000000000002,-0.19803278688524592,-0.1606451612903226,-0.10063492063492067,-0.019062500000000038,0.07230769230769224,0.15939393939393934,0.2244776119402984,0.26411764705882346,0.3113043478260869,0.3471428571428571,0.37070422535211267,0.3741666666666666,0.367945205479452,0.36459459459459453,0.35999999999999993,0.36342105263157887,0.3615584415584416,0.35589743589743583,0.35291139240506325,0.3562499999999999,0.37802469135802463,0.4017073170731707,0.4465060240963854,0.5164285714285712,0.6,0.6804651162790697,0.7671264367816092,0.8574999999999998,0.9402247191011234,1.0144444444444445,1.0793406593406594,1.137391304347826,1.1963440860215055,1.2561702127659575,1.3157894736842106,1.3772916666666666,1.4261855670103094,1.4648979591836735,1.494747474747475,1.5330000000000001,1.5734653465346533,1.605294117647059,1.6394174757281554,1.672884615384615,1.7114285714285713,1.7633962264150942,1.815327102803738,1.8625925925925924,1.9062385321100916,1.949090909090909,1.9920720720720724,2.027142857142857,2.0483185840707967,2.070877192982456,2.0921739130434784,2.119137931034483,2.1516239316239325,2.178474576271187,2.2040336134453784,2.2233333333333336,2.233223140495868,2.2437704918032786,2.249268292682927,2.2643548387096777,2.2848,2.3152380952380955,2.3491338582677166,2.3809375000000004,38.916666666666664,467.0,1.0,1.0,1.0,1.0,1.0,1.0,1.0,1.0,1.0,1.0,1.0,1.0,1.0,1.0,1.0,36.0,82.0,138.0,200.0,259.0,305.0,327.0,330.0,331.0,332.0,332.0,332.0,332.0,332.0,332.0,332.0,332.0,332.0,332.0,332.0,332.0,332.0,332.0,332.0,369.0,424.0,495.0,576.0,656.0,722.0,764.0,779.0,781.0,782.0,782.0,782.0,782.0,782.0,782.0,782.0,782.0,782.0,782.0,782.0,782.0,782.0,782.0,782.0,813.0,854.0,907.0,966.0,1020.0,1058.0,1073.0,1074.0,1075.0,1076.0,1076.0,1076.0,1076.0,1076.0,1076.0,1076.0,1076.0,1076.0,1076.0,1076.0,1076.0,1076.0,1076.0,1076.0,1124.0,1212.0,1333.0,1475.0,1622.0,1757.0,1866.0,1940.0,1977.0,1980.0,1980.0,1980.0,1980.0,1980.0,1980.0,1980.0,1980.0,1980.0,1980.0,1980.0,1980.0,1980.0,1980.0,1980.0,2024.0,2102.0,2208.0,2331.0,2457.0,2572.0,2661.0,2718.0,2744.0,2745.0,2745.0,2745.0,2745.0,2745.0,2745.0,2745.0,2745.0,49,February 18,Nancy
0.015752119405627058,1.238738978650774,0.5015739883930392,3.474016697633502,3.474016697633502,0.7429276266706641,1.1101315784112704,1.9436582544082668,1.9436582544082668,0.5325702777970078,1.488796202046431,2.9324804426337208,2.9324804426337208,0.7109211468819085,0.7815210945378359,4.4758498522507075,4.4758498522507075,0.5103200204405332,0.8585723599298334,16.02166666666667,0.020173849099290438,0.020173849099290438,649.5786955164881,1.42,1.02,0.9533333333333333,1.27,1.5800000000000003,1.7033333333333334,1.862857142857143,1.9075000000000002,1.9088888888888889,1.94,2.0290909090909093,2.17,2.296923076923077,2.334285714285714,2.3533333333333335,2.25125,2.072941176470589,1.897777777777778,1.7252631578947373,1.5550000000000002,1.3676190476190475,1.160909090909091,0.9634782608695653,0.7741666666666666,0.564,0.33538461538461534,0.1162962962962962,-0.044285714285714275,-0.11103448275862068,-0.1499999999999999,-0.16064516129032264,-0.133125,-0.11636363636363634,-0.11823529411764705,-0.10571428571428572,-0.0633333333333333,-0.007027027027027021,0.017368421052631627,0.03538461538461536,0.020000000000000018,-0.0239024390243902,-0.029999999999999975,-0.031162790697674404,-0.02772727272727269,-0.02666666666666664,-0.045217391304347807,-0.0651063829787234,-0.09666666666666668,-0.12693877551020402,-0.14999999999999997,-0.18588235294117642,-0.22230769230769218,-0.25169811320754715,-0.2688888888888888,-0.2745454545454545,-0.28714285714285703,-0.2729824561403508,-0.2696551724137931,-0.2511864406779661,-0.23,-0.19147540983606554,-0.13967741935483874,-0.08,-0.009687500000000016,0.052307692307692284,0.10787878787878784,0.16477611940298503,0.21999999999999995,0.2750724637681159,0.3128571428571427,0.34535211267605626,0.3519444444444444,0.3336986301369863,0.31324324324324315,0.3026666666666666,0.29236842105263144,0.26805194805194804,0.23666666666666666,0.19468354430379745,0.15124999999999997,0.1150617283950617,0.09560975609756096,0.0790361445783132,0.07119047619047619,0.07647058823529412,0.1002325581395349,0.14068965517241377,0.19727272727272727,0.2615730337078651,0.32333333333333325,0.36945054945054945,0.39717391304347816,0.430752688172043,0.4561702127659574,0.47263157894736835,0.47416666666666657,0.46845360824742266,0.46489795918367344,0.46040404040404037,0.4619999999999999,0.45960396039603957,0.454313725490196,0.4510679611650485,0.4526923076923076,0.4685714285714285,0.4860377358490565,0.5199999999999999,0.5737037037037036,0.638348623853211,0.7009090909090907,0.7686486486486485,0.839642857142857,0.9049557522123894,0.9638596491228071,1.0156521739130435,1.0622413793103447,1.1097435897435894,1.1581355932203388,1.206554621848739,1.2566666666666668,1.2968595041322313,1.329016393442623,1.3541463414634145,1.3861290322580644,1.4199999999999997,1.4469841269841266,1.4759055118110231,1.504375,14.583333333333334,175.0,1.0,1.0,1.0,1.0,1.0,1.0,1.0,1.0,1.0,1.0,1.0,1.0,1.0,1.0,1.0,40.0,98.0,172.0,255.0,336.0,403.0,447.0,465.0,467.0,468.0,468.0,468.0,468.0,468.0,468.0,468.0,468.0,468.0,468.0,468.0,468.0,468.0,468.0,468.0,503.0,549.0,605.0,667.0,726.0,772.0,794.0,797.0,798.0,799.0,799.0,799.0,799.0,799.0,799.0,799.0,799.0,799.0,799.0,799.0,799.0,799.0,799.0,799.0,836.0,891.0,962.0,1043.0,1123.0,1189.0,1231.0,1246.0,1248.0,1249.0,1249.0,1249.0,1249.0,1249.0,1249.0,1249.0,1249.0,1249.0,1249.0,1249.0,1249.0,1249.0,1249.0,1249.0,1280.0,1321.0,1374.0,1433.0,1487.0,1525.0,1540.0,1541.0,1542.0,1543.0,1543.0,1543.0,1543.0,1543.0,1543.0,1543.0,1543.0,1543.0,1543.0,1543.0,1543.0,1543.0,1543.0,1543.0,1591.0,1679.0,1800.0,1942.0,2089.0,2224.0,2333.0,2407.0,2444.0,2447.0,2447.0,2447.0,2447.0,2447.0,2447.0,2447.0,2447.0,50,February 19,Nancy
0.015752119405627058,1.238738978650774,0.5015739883930392,3.474016697633502,3.474016697633502,0.7429276266706641,1.1101315784112704,1.9436582544082668,1.9436582544082668,0.5325702777970078,1.488796202046431,2.9324804426337208,2.9324804426337208,0.7109211468819085,0.7815210945378359,4.4758498522507075,4.4758498522507075,0.5103200204405332,0.8585723599298334,13.063333333333333,0.03676509307188503,0.03676509307188503,660.1428935953048,0.31999999999999995,0.07,0.22,0.06999999999999998,0.11999999999999997,-0.013333333333333345,0.019999999999999987,0.16999999999999998,0.3533333333333333,0.5000000000000001,0.6563636363636364,0.745,0.8661538461538462,1.07,1.2466666666666668,1.42,1.584705882352941,1.7533333333333334,1.9515789473684213,2.08,2.1723809523809523,2.2836363636363637,2.3417391304347825,2.361666666666667,2.324,2.2584615384615385,2.205185185185185,2.205714285714286,2.2268965517241375,2.229999999999999,2.2490322580645152,2.248125,2.238181818181818,2.2376470588235295,2.2571428571428567,2.2977777777777777,2.3389189189189183,2.3515789473684205,2.3584615384615377,2.3175000000000003,2.2419512195121953,2.162857142857143,2.0804651162790697,1.995,1.8977777777777776,1.7873913043478258,1.677446808510638,1.5679166666666664,1.4444897959183673,1.3079999999999996,1.1729411764705882,1.066153846153846,1.0086792452830189,0.9662962962962963,0.9400000000000001,0.9360714285714286,0.9270175438596492,0.9079310344827587,0.8979661016949154,0.9066666666666667,0.9249180327868853,0.9248387096774194,0.9215873015873016,0.8981250000000001,0.8569230769230771,0.8396969696969697,0.8259701492537315,0.8155882352941176,0.804057971014493,0.7800000000000001,0.7552112676056337,0.7227777777777777,0.6912328767123288,0.6645945945945946,0.6293333333333334,0.5936842105263158,0.562857142857143,0.5405128205128207,0.5263291139240507,0.5075000000000001,0.5076543209876545,0.5004878048780489,0.5043373493975905,0.5104761904761905,0.5294117647058825,0.5583720930232557,0.5935632183908046,0.6370454545454545,0.675056179775281,0.7088888888888889,0.744175824175824,0.7786956521739128,0.813548387096774,0.8359574468085104,0.8547368421052629,0.854375,0.8354639175257731,0.8148979591836734,0.8018181818181817,0.7889999999999998,0.7655445544554453,0.7366666666666664,0.6996116504854365,0.6613461538461538,0.6285714285714286,0.6086792452830186,0.5910280373831776,0.5801851851851852,0.5796330275229358,0.5936363636363634,0.6209009009009007,0.6610714285714286,0.7076106194690265,0.752456140350877,0.7852173913043475,0.8036206896551723,0.8268376068376067,0.8437288135593217,0.8536134453781509,0.8516666666666666,0.8439669421487602,0.8380327868852457,0.831382113821138,0.8296774193548385,0.8247999999999999,0.8176190476190474,0.8121259842519682,0.8106249999999999,55.583333333333336,667.0,4.0,4.0,4.0,4.0,4.0,4.0,4.0,4.0,4.0,4.0,4.0,4.0,4.0,4.0,4.0,31.0,60.0,95.0,132.0,161.0,173.0,176.0,177.0,178.0,179.0,179.0,179.0,179.0,179.0,179.0,179.0,179.0,179.0,179.0,179.0,179.0,179.0,179.0,179.0,218.0,276.0,350.0,433.0,514.0,581.0,625.0,643.0,645.0,646.0,646.0,646.0,646.0,646.0,646.0,646.0,646.0,646.0,646.0,646.0,646.0,646.0,646.0,646.0,681.0,727.0,783.0,845.0,904.0,950.0,972.0,975.0,976.0,977.0,977.0,977.0,977.0,977.0,977.0,977.0,977.0,977.0,977.0,977.0,977.0,977.0,977.0,977.0,1014.0,1069.0,1140.0,1221.0,1301.0,1367.0,1409.0,1424.0,1426.0,1427.0,1427.0,1427.0,1427.0,1427.0,1427.0,1427.0,1427.0,1427.0,1427.0,1427.0,1427.0,1427.0,1427.0,1427.0,1458.0,1499.0,1552.0,1611.0,1665.0,1703.0,1718.0,1719.0,1720.0,1721.0,1721.0,1721.0,1721.0,1721.0,1721.0,1721.0,1721.0,51,February 20,Nancy
0.015752119405627058,1.238738978650774,0.5015739883930392,3.474016697633502,3.474016697633502,0.7429276266706641,1.1101315784112704,1.9436582544082668,1.9436582544082668,0.5325702777970078,1.488796202046431,2.9324804426337208,2.9324804426337208,0.7109211468819085,0.7815210945378359,4.4758498522507075,4.4758498522507075,0.5103200204405332,0.8585723599298334,9.305,0.039429660988485306,0.039429660988485306,661.8395128067348,5.8199999999999985,5.52,5.586666666666666,5.369999999999999,5.3199999999999985,5.053333333333332,4.848571428571428,4.72,4.586666666666667,4.45,4.41090909090909,4.461666666666667,4.566153846153846,4.719999999999999,4.9866666666666655,5.244999999999999,5.4670588235294115,5.642222222222221,5.798947368421051,5.924999999999999,5.958095238095238,5.96090909090909,5.872173913043478,5.699166666666667,5.483999999999998,5.266153846153846,5.09037037037037,4.8950000000000005,4.737241379310345,4.556666666666667,4.416774193548387,4.316875,4.24121212121212,4.17,4.114285714285714,4.047777777777778,4.001081081081081,3.9936842105263155,3.9866666666666664,3.9875,3.993170731707317,4.008095238095238,4.043255813953488,4.054090909090909,4.053333333333334,4.065652173913043,4.056170212765958,4.0304166666666665,3.977142857142857,3.91,3.849411764705882,3.818076923076923,3.7992452830188674,3.771851851851852,3.7545454545454544,3.7271428571428573,3.6954385964912277,3.67,3.65728813559322,3.658333333333333,3.660983606557377,3.6474193548387093,3.631111111111111,3.5856250000000003,3.5184615384615383,3.4487878787878783,3.376716417910448,3.30235294117647,3.2199999999999998,3.1285714285714286,3.036901408450704,2.945,2.843287671232877,2.7321621621621617,2.6213333333333333,2.5292105263157896,2.4706493506493508,2.4225641025641025,2.3858227848101263,2.3649999999999998,2.3409876543209878,2.310243902439024,2.2862650602409635,2.2759523809523805,2.2729411764705882,2.2572093023255815,2.2395402298850575,2.2075,2.162696629213483,2.1355555555555554,2.1112087912087913,2.089565217391304,2.0673118279569893,2.0359574468085104,2.0042105263157897,1.966875,1.9303092783505156,1.8975510204081634,1.8583838383838385,1.819,1.7833663366336634,1.7543137254901962,1.7316504854368933,1.705576923076923,1.6942857142857142,1.6775471698113207,1.6695327102803736,1.6635185185185184,1.6677064220183486,1.68,1.6974774774774777,1.7217857142857143,1.7421238938053096,1.759473684210526,1.7782608695652173,1.7967241379310344,1.8157264957264954,1.8250847457627117,1.831764705882353,1.8233333333333333,1.8001652892561983,1.7757377049180325,1.7573983739837398,1.7393548387096773,1.7127999999999999,1.6819047619047618,1.6444094488188976,1.6059375,48.833333333333336,586.0,3.0,3.0,3.0,3.0,3.0,3.0,3.0,3.0,3.0,3.0,3.0,3.0,3.0,3.0,3.0,48.0,120.0,216.0,326.0,437.0,535.0,607.0,649.0,666.0,670.0,670.0,670.0,670.0,670.0,670.0,670.0,670.0,670.0,670.0,670.0,670.0,670.0,670.0,670.0,697.0,726.0,761.0,798.0,827.0,839.0,842.0,843.0,844.0,845.0,845.0,845.0,845.0,845.0,845.0,845.0,845.0,845.0,845.0,845.0,845.0,845.0,845.0,845.0,884.0,942.0,1016.0,1099.0,1180.0,1247.0,1291.0,1309.0,1311.0,1312.0,1312.0,1312.0,1312.0,1312.0,1312.0,1312.0,1312.0,1312.0,1312.0,1312.0,1312.0,1312.0,1312.0,1312.0,1347.0,1393.0,1449.0,1511.0,1570.0,1616.0,1638.0,1641.0,1642.0,1643.0,1643.0,1643.0,1643.0,1643.0,1643.0,1643.0,1643.0,1643.0,1643.0,1643.0,1643.0,1643.0,1643.0,1643.0,1680.0,1735.0,1806.0,1887.0,1967.0,2033.0,2075.0,2090.0,2092.0,2093.0,2093.0,2093.0,2093.0,2093.0,2093.0,2093.0,2093.0,52,February 21,Nancy
0.015752119405627058,1.238738978650774,0.5015739883930392,3.474016697633502,3.474016697633502,0.7429276266706641,1.1101315784112704,1.9436582544082668,1.9436582544082668,0.5325702777970078,1.488796202046431,2.9324804426337208,2.9324804426337208,0.7109211468819085,0.7815210945378359,4.4758498522507075,4.4758498522507075,0.5103200204405332,0.8585723599298334,3.9966666666666697,-0.27424207640314546,0.27424207640314546,462.1142618849038,13.52,12.469999999999999,11.719999999999999,11.094999999999999,10.86,10.469999999999999,10.034285714285714,9.757499999999999,9.60888888888889,9.45,9.338181818181818,9.236666666666666,9.166153846153847,9.227142857142857,9.353333333333333,9.5075,9.708235294117648,9.914444444444445,10.072631578947368,10.165000000000001,10.196190476190475,10.174545454545454,10.089565217391304,9.965833333333334,9.8,9.623846153846152,9.479259259259258,9.309285714285712,9.164827586206895,8.983333333333333,8.81032258064516,8.654375,8.498787878787878,8.343529411764706,8.219999999999999,8.131111111111112,8.068648648648649,8.033157894736844,8.050769230769232,8.0775,8.10048780487805,8.112857142857143,8.1246511627907,8.12909090909091,8.095555555555556,8.050434782608697,7.962553191489363,7.8325000000000005,7.679183673469387,7.521999999999999,7.384705882352942,7.235384615384617,7.1049056603773595,6.96074074074074,6.83818181818182,6.737857142857143,6.651578947368421,6.568275862068965,6.494576271186441,6.415000000000001,6.347868852459017,6.305483870967743,6.264444444444446,6.229375,6.1984615384615385,6.174545454545454,6.164776119402985,6.140588235294119,6.109855072463769,6.088571428571429,6.05380281690141,6.0088888888888885,5.946027397260274,5.874054054054054,5.8066666666666675,5.759473684210527,5.721298701298703,5.677692307692308,5.641518987341773,5.59875,5.553333333333333,5.512682926829268,5.48144578313253,5.46047619047619,5.441176470588236,5.410697674418605,5.378620689655173,5.325681818181818,5.257078651685394,5.1866666666666665,5.114505494505495,5.0406521739130445,4.9608602150537635,4.874255319148937,4.787368421052632,4.700208333333333,4.605567010309278,4.5036734693877545,4.401818181818182,4.314,4.251683168316832,4.197450980392158,4.152038834951457,4.119038461538461,4.083809523809523,4.043584905660377,4.008785046728972,3.9848148148148153,3.9667889908256893,3.93909090909091,3.9100900900900903,3.8700000000000006,3.82,3.7840350877192983,3.750434782608696,3.719137931034483,3.687521367521368,3.6488135593220345,3.6099159663865557,3.566666666666667,3.524132231404958,3.484754098360656,3.4403252032520326,3.3958064516129034,3.3544000000000005,3.318412698412699,3.2877165354330713,3.254375,94.66666666666667,1136.0,15.0,15.0,15.0,15.0,15.0,15.0,15.0,15.0,15.0,15.0,15.0,15.0,15.0,15.0,15.0,59.0,125.0,212.0,311.0,411.0,497.0,557.0,588.0,598.0,601.0,601.0,601.0,601.0,601.0,601.0,601.0,601.0,601.0,601.0,601.0,601.0,601.0,601.0,601.0,646.0,718.0,814.0,924.0,1035.0,1133.0,1205.0,1247.0,1264.0,1268.0,1268.0,1268.0,1268.0,1268.0,1268.0,1268.0,1268.0,1268.0,1268.0,1268.0,1268.0,1268.0,1268.0,1268.0,1295.0,1324.0,1359.0,1396.0,1425.0,1437.0,1440.0,1441.0,1442.0,1443.0,1443.0,1443.0,1443.0,1443.0,1443.0,1443.0,1443.0,1443.0,1443.0,1443.0,1443.0,1443.0,1443.0,1443.0,1482.0,1540.0,1614.0,1697.0,1778.0,1845.0,1889.0,1907.0,1909.0,1910.0,1910.0,1910.0,1910.0,1910.0,1910.0,1910.0,1910.0,1910.0,1910.0,1910.0,1910.0,1910.0,1910.0,1910.0,1945.0,1991.0,2047.0,2109.0,2168.0,2214.0,2236.0,2239.0,2240.0,2241.0,2241.0,2241.0,2241.0,2241.0,2241.0,2241.0,2241.0,53,February 22,Nancy
0.015752119405627058,1.238738978650774,0.5015739883930392,3.474016697633502,3.474016697633502,0.7429276266706641,1.1101315784112704,1.9436582544082668,1.9436582544082668,0.5325702777970078,1.488796202046431,2.9324804426337208,2.9324804426337208,0.7109211468819085,0.7815210945378359,4.4758498522507075,4.4758498522507075,0.5103200204405332,0.8585723599298334,8.796666666666667,-0.20278004176061426,0.20278004176061426,507.6165214096248,9.62,8.969999999999999,8.186666666666667,7.895,7.640000000000001,7.253333333333333,7.034285714285715,6.92,7.031111111111111,7.32,7.574545454545454,8.011666666666668,8.535384615384617,9.134285714285713,9.78,10.27625,10.72,11.053333333333333,11.346315789473685,11.53,11.681904761904761,11.788181818181817,11.911304347826086,12.007499999999999,12.067999999999998,12.04307692307692,11.975555555555555,11.877142857142857,11.809655172413791,11.7,11.561935483870968,11.445,11.353333333333332,11.255294117647058,11.168571428571427,11.083888888888888,11.009189189189188,10.983157894736841,10.986666666666666,11.007499999999999,11.054146341463415,11.11047619047619,11.152558139534884,11.17,11.162222222222223,11.130869565217392,11.068936170212766,10.986666666666666,10.881224489795917,10.768000000000002,10.669019607843138,10.554615384615385,10.452075471698114,10.327407407407408,10.205454545454547,10.09142857142857,9.976140350877193,9.859655172413795,9.760677966101698,9.681666666666667,9.618360655737705,9.571612903225809,9.558095238095241,9.55125,9.543076923076923,9.529090909090911,9.515522388059702,9.497941176470588,9.45623188405797,9.407142857142858,9.32985915492958,9.224166666666667,9.102191780821917,8.976756756756759,8.864,8.742368421052632,8.632987012987012,8.513589743589744,8.40860759493671,8.31875,8.23851851851852,8.160243902439026,8.088674698795181,8.012857142857143,7.945882352941178,7.896744186046513,7.84873563218391,7.805227272727273,7.76494382022472,7.73,7.705714285714287,7.671086956521739,7.631827956989247,7.599787234042554,7.5578947368421066,7.508541666666667,7.4457731958762885,7.376122448979594,7.309898989898991,7.2589999999999995,7.215049504950495,7.167058823529413,7.1248543689320405,7.077692307692307,7.0285714285714285,6.983207547169812,6.945233644859813,6.91537037037037,6.886972477064221,6.850000000000001,6.811891891891894,6.7575,6.690796460176991,6.622631578947368,6.55304347826087,6.482068965517243,6.406324786324786,6.325084745762713,6.243529411764707,6.161666666666667,6.0737190082644625,5.979836065573771,5.885853658536585,5.803064516129033,5.740800000000001,5.685079365079366,5.6365354330708675,5.5981250000000005,80.0,960.0,11.0,11.0,11.0,11.0,11.0,11.0,11.0,11.0,11.0,11.0,11.0,11.0,11.0,11.0,11.0,73.0,181.0,326.0,495.0,672.0,838.0,976.0,1075.0,1132.0,1147.0,1147.0,1147.0,1147.0,1147.0,1147.0,1147.0,1147.0,1147.0,1147.0,1147.0,1147.0,1147.0,1147.0,1147.0,1191.0,1257.0,1344.0,1443.0,1543.0,1629.0,1689.0,1720.0,1730.0,1733.0,1733.0,1733.0,1733.0,1733.0,1733.0,1733.0,1733.0,1733.0,1733.0,1733.0,1733.0,1733.0,1733.0,1733.0,1778.0,1850.0,1946.0,2056.0,2167.0,2265.0,2337.0,2379.0,2396.0,2400.0,2400.0,2400.0,2400.0,2400.0,2400.0,2400.0,2400.0,2400.0,2400.0,2400.0,2400.0,2400.0,2400.0,2400.0,2427.0,2456.0,2491.0,2528.0,2557.0,2569.0,2572.0,2573.0,2574.0,2575.0,2575.0,2575.0,2575.0,2575.0,2575.0,2575.0,2575.0,2575.0,2575.0,2575.0,2575.0,2575.0,2575.0,2575.0,2614.0,2672.0,2746.0,2829.0,2910.0,2977.0,3021.0,3039.0,3041.0,3042.0,3042.0,3042.0,3042.0,3042.0,3042.0,3042.0,3042.0,54,February 23,Nancy
0.015752119405627058,1.238738978650774,0.5015739883930392,3.474016697633502,3.474016697633502,0.7429276266706641,1.1101315784112704,1.9436582544082668,1.9436582544082668,0.5325702777970078,1.488796202046431,2.9324804426337208,2.9324804426337208,0.7109211468819085,0.7815210945378359,4.4758498522507075,4.4758498522507075,0.5103200204405332,0.8585723599298334,11.063333333333334,-0.27910752283399903,0.27910752283399903,459.0162699608316,10.02,10.07,9.72,9.544999999999998,9.52,9.503333333333332,9.477142857142857,9.5075,9.553333333333335,9.499999999999998,9.501818181818182,9.594999999999999,9.712307692307691,9.848571428571429,10.033333333333333,10.17625,10.249411764705881,10.236666666666666,10.277894736842107,10.315000000000001,10.372380952380952,10.406363636363636,10.428695652173912,10.399166666666666,10.368,10.289230769230768,10.153333333333332,10.04142857142857,9.923448275862068,9.769999999999998,9.639354838709673,9.529375,9.480606060606059,9.493529411764705,9.51142857142857,9.603333333333332,9.744324324324323,9.933157894736842,10.16102564102564,10.35,10.532195121951219,10.67952380952381,10.81767441860465,10.913181818181815,10.997777777777776,11.063478260869564,11.13914893617021,11.203333333333333,11.250612244897958,11.253999999999998,11.233725490196077,11.194999999999997,11.170943396226415,11.121851851851849,11.054545454545453,10.996785714285712,10.951578947368422,10.901034482758618,10.855593220338982,10.809999999999999,10.76918032786885,10.757096774193545,10.76285714285714,10.779375,10.81230769230769,10.85181818181818,10.882686567164178,10.897941176470587,10.896811594202896,10.879999999999997,10.842535211267604,10.790833333333333,10.722739726027397,10.648378378378377,10.582666666666666,10.505526315789472,10.435584415584414,10.349487179487177,10.264303797468353,10.18375,10.101481481481482,10.017560975609756,9.945301204819277,9.886666666666665,9.838823529411764,9.802558139534883,9.790114942528735,9.7825,9.773932584269662,9.76111111111111,9.748571428571429,9.73304347826087,9.699569892473118,9.66042553191489,9.6,9.517916666666666,9.423092783505155,9.325102040816327,9.236161616161617,9.14,9.052673267326732,8.957254901960782,8.872427184466018,8.798846153846155,8.732380952380954,8.667169811320756,8.606915887850468,8.543148148148148,8.48605504587156,8.442727272727272,8.40018018018018,8.36107142857143,8.324424778761063,8.291929824561404,8.267826086956523,8.23551724137931,8.199487179487178,8.169152542372881,8.130924369747898,8.086666666666668,8.031570247933884,7.970819672131147,7.912682926829269,7.866774193548387,7.8264,7.782698412698411,7.743622047244094,7.70046875,79.75,957.0,12.0,12.0,12.0,12.0,12.0,12.0,12.0,12.0,12.0,12.0,12.0,12.0,12.0,12.0,14.0,71.0,166.0,293.0,440.0,591.0,730.0,843.0,920.0,961.0,972.0,972.0,972.0,972.0,972.0,972.0,972.0,972.0,972.0,972.0,972.0,972.0,972.0,972.0,972.0,1034.0,1142.0,1287.0,1456.0,1633.0,1799.0,1937.0,2036.0,2093.0,2108.0,2108.0,2108.0,2108.0,2108.0,2108.0,2108.0,2108.0,2108.0,2108.0,2108.0,2108.0,2108.0,2108.0,2108.0,2152.0,2218.0,2305.0,2404.0,2504.0,2590.0,2650.0,2681.0,2691.0,2694.0,2694.0,2694.0,2694.0,2694.0,2694.0,2694.0,2694.0,2694.0,2694.0,2694.0,2694.0,2694.0,2694.0,2694.0,2739.0,2811.0,2907.0,3017.0,3128.0,3226.0,3298.0,3340.0,3357.0,3361.0,3361.0,3361.0,3361.0,3361.0,3361.0,3361.0,3361.0,3361.0,3361.0,3361.0,3361.0,3361.0,3361.0,3361.0,3388.0,3417.0,3452.0,3489.0,3518.0,3530.0,3533.0,3534.0,3535.0,3536.0,3536.0,3536.0,3536.0,3536.0,3536.0,3536.0,3536.0,55,February 24,Nancy
0.015752119405627058,1.238738978650774,0.5015739883930392,3.474016697633502,3.474016697633502,0.7429276266706641,1.1101315784112704,1.9436582544082668,1.9436582544082668,0.5325702777970078,1.488796202046431,2.9324804426337208,2.9324804426337208,0.7109211468819085,0.7815210945378359,4.4758498522507075,4.4758498522507075,0.5103200204405332,0.8585723599298334,9.563333333333334,-0.08148889677725402,0.08148889677725402,584.8466364586964,7.22,8.12,7.953333333333333,7.645,7.2,6.753333333333333,6.377142857142857,6.132499999999999,6.131111111111111,6.06,5.983636363636363,5.978333333333333,6.0661538461538465,6.2057142857142855,6.313333333333333,6.495,6.678823529411765,6.836666666666666,6.972631578947368,7.1,7.181904761904762,7.27,7.3591304347826085,7.4575000000000005,7.56,7.658461538461538,7.70888888888889,7.755714285714285,7.813103448275863,7.866666666666668,7.913548387096775,7.97,8.029090909090911,8.058235294117647,8.1,8.17,8.249729729729731,8.338421052631581,8.448205128205128,8.544999999999998,8.615121951219512,8.64857142857143,8.703720930232558,8.756363636363638,8.817777777777778,8.867826086956523,8.911489361702127,8.928333333333333,8.942448979591838,8.93,8.884705882352941,8.848846153846154,8.806792452830189,8.742222222222223,8.687272727272727,8.641428571428571,8.628771929824563,8.65103448275862,8.67593220338983,8.745000000000001,8.844590163934425,8.974838709677421,9.13111111111111,9.2653125,9.396923076923077,9.507878787878788,9.614029850746268,9.693529411764706,9.766376811594203,9.827142857142855,9.894647887323943,9.954722222222223,10.003561643835617,10.022702702702702,10.025333333333332,10.014736842105263,10.013506493506494,9.994358974358974,9.961772151898733,9.934999999999999,9.916296296296295,9.893170731707317,9.87301204819277,9.852142857142857,9.834117647058822,9.836279069767441,9.851034482758621,9.87340909090909,9.907640449438203,9.946666666666667,9.979340659340659,10.000434782608696,10.009247311827957,10.006170212765957,9.987368421052633,9.9575,9.914845360824742,9.866938775510205,9.825050505050504,9.774,9.727920792079209,9.669019607843136,9.610291262135922,9.554615384615385,9.497142857142858,9.437924528301888,9.387289719626168,9.346851851851852,9.314495412844037,9.290909090909091,9.285765765765763,9.284285714285716,9.281946902654866,9.276140350877194,9.270434782608692,9.262241379310343,9.23965811965812,9.212372881355932,9.167899159663865,9.105833333333331,9.033223140495867,8.957704918032785,8.88910569105691,8.814354838709678,8.746400000000001,8.671587301587302,8.605039370078739,8.54734375,64.08333333333333,769.0,7.0,7.0,7.0,7.0,7.0,7.0,7.0,7.0,7.0,7.0,7.0,7.0,7.0,7.0,10.0,68.0,163.0,289.0,434.0,584.0,723.0,835.0,911.0,952.0,964.0,964.0,964.0,964.0,964.0,964.0,964.0,964.0,964.0,964.0,964.0,964.0,964.0,964.0,966.0,1023.0,1118.0,1245.0,1392.0,1543.0,1682.0,1795.0,1872.0,1913.0,1924.0,1924.0,1924.0,1924.0,1924.0,1924.0,1924.0,1924.0,1924.0,1924.0,1924.0,1924.0,1924.0,1924.0,1924.0,1986.0,2094.0,2239.0,2408.0,2585.0,2751.0,2889.0,2988.0,3045.0,3060.0,3060.0,3060.0,3060.0,3060.0,3060.0,3060.0,3060.0,3060.0,3060.0,3060.0,3060.0,3060.0,3060.0,3060.0,3104.0,3170.0,3257.0,3356.0,3456.0,3542.0,3602.0,3633.0,3643.0,3646.0,3646.0,3646.0,3646.0,3646.0,3646.0,3646.0,3646.0,3646.0,3646.0,3646.0,3646.0,3646.0,3646.0,3646.0,3691.0,3763.0,3859.0,3969.0,4080.0,4178.0,4250.0,4292.0,4309.0,4313.0,4313.0,4313.0,4313.0,4313.0,4313.0,4313.0,4313.0,56,February 25,Nancy
0.015752119405627058,1.238738978650774,0.5015739883930392,3.474016697633502,3.474016697633502,0.7429276266706641,1.1101315784112704,1.9436582544082668,1.9436582544082668,0.5325702777970078,1.488796202046431,2.9324804426337208,2.9324804426337208,0.7109211468819085,0.7815210945378359,4.4758498522507075,4.4758498522507075,0.5103200204405332,0.8585723599298334,12.421666666666667,-0.09171147181184397,0.09171147181184397,578.3375821816718,3.12,2.77,2.853333333333333,2.745,2.9799999999999995,3.2033333333333336,3.4200000000000004,3.6075000000000004,3.897777777777778,4.13,4.292727272727273,4.62,4.981538461538462,5.398571428571429,5.793333333333334,6.1825,6.502352941176472,6.82,7.1147368421052635,7.359999999999999,7.491428571428571,7.547272727272726,7.554782608695651,7.528333333333333,7.516,7.573846153846153,7.575555555555557,7.545,7.471724137931034,7.373333333333332,7.268387096774193,7.179375,7.147272727272727,7.096470588235294,7.042857142857144,7.011666666666667,7.0145945945945956,7.041052631578947,7.061025641025642,7.115,7.1760975609756095,7.2319047619047625,7.282790697674419,7.333636363636364,7.366666666666666,7.404782608695652,7.4455319148936185,7.492916666666667,7.544489795918366,7.596,7.623921568627451,7.650769230769232,7.684150943396226,7.716296296296297,7.745454545454545,7.780714285714287,7.818245614035088,7.8389655172413795,7.867457627118644,7.913333333333333,7.9659016393442625,8.02483870967742,8.097777777777779,8.16375,8.213846153846154,8.241212121212119,8.282686567164177,8.322941176470586,8.369275362318838,8.408571428571426,8.44394366197183,8.461666666666666,8.477534246575342,8.475405405405406,8.450666666666665,8.431842105263156,8.408311688311686,8.368717948717947,8.33518987341772,8.3075,8.302716049382715,8.322439024390242,8.344096385542167,8.397380952380951,8.472941176470586,8.571162790697674,8.688965517241378,8.79159090909091,8.893033707865168,8.98,9.063956043956043,9.128695652173912,9.188817204301074,9.240212765957446,9.296842105263158,9.348125000000001,9.391134020618557,9.411836734693876,9.42,9.418,9.422970297029702,9.414117647058822,9.394757281553398,9.379615384615384,9.37047619047619,9.357735849056603,9.347102803738316,9.33574074074074,9.326422018348621,9.332727272727272,9.348828828828829,9.370892857142858,9.40230088495575,9.437543859649121,9.467826086956519,9.488965517241377,9.50034188034188,9.502203389830509,9.491428571428571,9.471666666666666,9.441487603305784,9.406885245901638,9.376910569105688,9.339354838709676,9.3056,9.26126984126984,9.216850393700787,9.1746875,71.58333333333333,859.0,10.0,10.0,10.0,10.0,10.0,10.0,10.0,10.0,10.0,10.0,10.0,10.0,10.0,10.0,15.0,67.0,148.0,254.0,375.0,498.0,609.0,694.0,747.0,772.0,779.0,779.0,779.0,779.0,779.0,779.0,779.0,779.0,779.0,779.0,779.0,779.0,779.0,779.0,782.0,840.0,935.0,1061.0,1206.0,1356.0,1495.0,1607.0,1683.0,1724.0,1736.0,1736.0,1736.0,1736.0,1736.0,1736.0,1736.0,1736.0,1736.0,1736.0,1736.0,1736.0,1736.0,1736.0,1738.0,1795.0,1890.0,2017.0,2164.0,2315.0,2454.0,2567.0,2644.0,2685.0,2696.0,2696.0,2696.0,2696.0,2696.0,2696.0,2696.0,2696.0,2696.0,2696.0,2696.0,2696.0,2696.0,2696.0,2696.0,2758.0,2866.0,3011.0,3180.0,3357.0,3523.0,3661.0,3760.0,3817.0,3832.0,3832.0,3832.0,3832.0,3832.0,3832.0,3832.0,3832.0,3832.0,3832.0,3832.0,3832.0,3832.0,3832.0,3832.0,3876.0,3942.0,4029.0,4128.0,4228.0,4314.0,4374.0,4405.0,4415.0,4418.0,4418.0,4418.0,4418.0,4418.0,4418.0,4418.0,4418.0,57,February 26,Nancy
0.015752119405627058,1.238738978650774,0.5015739883930392,3.474016697633502,3.474016697633502,0.7429276266706641,1.1101315784112704,1.9436582544082668,1.9436582544082668,0.5325702777970078,1.488796202046431,2.9324804426337208,2.9324804426337208,0.7109211468819085,0.7815210945378359,4.4758498522507075,4.4758498522507075,0.5103200204405332,0.8585723599298334,10.946666666666665,0.05690621576252429,0.05690621576252429,672.9674177831912,4.52,4.02,3.853333333333333,3.445,2.98,2.6199999999999997,2.434285714285714,2.4825,2.7311111111111113,3.07,3.3836363636363633,3.6783333333333332,3.904615384615385,4.127142857142857,4.413333333333333,4.72625,4.943529411764707,5.13111111111111,5.267368421052631,5.365,5.491428571428571,5.588181818181817,5.659130434782608,5.628333333333334,5.5280000000000005,5.408461538461539,5.32,5.2164285714285725,5.171724137931036,5.143333333333334,5.129677419354839,5.123125,5.156363636363636,5.18764705882353,5.20857142857143,5.2922222222222235,5.401081081081082,5.543684210526316,5.6917948717948725,5.85,5.990731707317074,6.13904761904762,6.285116279069766,6.415454545454545,6.497777777777777,6.546086956521738,6.571063829787233,6.578333333333333,6.591428571428571,6.639999999999999,6.659215686274509,6.660384615384615,6.636981132075472,6.597777777777777,6.552727272727273,6.514642857142858,6.507719298245614,6.48896551724138,6.467457627118643,6.458333333333333,6.469180327868853,6.494193548387096,6.515238095238095,6.557499999999999,6.604615384615384,6.648787878787878,6.690149253731342,6.731764705882352,6.7620289855072455,6.7957142857142845,6.831267605633802,6.871388888888889,6.914520547945204,6.957837837837836,6.985333333333331,7.012105263157895,7.043376623376623,7.073846153846154,7.102278481012659,7.135000000000001,7.169382716049383,7.1919512195121955,7.22,7.26047619047619,7.305882352941176,7.356046511627907,7.416551724137933,7.472272727272727,7.516629213483145,7.544444444444443,7.582637362637363,7.619999999999999,7.661935483870967,7.698723404255318,7.732631578947369,7.753333333333333,7.772577319587628,7.778163265306122,7.766464646464645,7.7589999999999995,7.747722772277227,7.72392156862745,7.7044660194174766,7.689230769230767,7.69142857142857,7.712452830188678,7.734953271028036,7.782037037037036,7.8466055045871546,7.92909090909091,8.027207207207207,8.11375,8.199646017699115,8.27438596491228,8.346956521739129,8.40448275862069,8.458461538461538,8.505593220338984,8.556974789915968,8.604166666666666,8.644793388429752,8.667540983606559,8.680162601626016,8.684516129032257,8.6944,8.69301587301587,8.68299212598425,8.67625,35.5,426.0,0.0,0.0,0.0,0.0,0.0,0.0,0.0,0.0,0.0,0.0,0.0,0.0,0.0,0.0,7.0,61.0,149.0,265.0,398.0,534.0,656.0,752.0,816.0,849.0,859.0,859.0,859.0,859.0,859.0,859.0,859.0,859.0,859.0,859.0,859.0,859.0,859.0,859.0,864.0,916.0,997.0,1103.0,1224.0,1347.0,1458.0,1543.0,1596.0,1621.0,1628.0,1628.0,1628.0,1628.0,1628.0,1628.0,1628.0,1628.0,1628.0,1628.0,1628.0,1628.0,1628.0,1628.0,1631.0,1689.0,1784.0,1910.0,2055.0,2205.0,2344.0,2456.0,2532.0,2573.0,2585.0,2585.0,2585.0,2585.0,2585.0,2585.0,2585.0,2585.0,2585.0,2585.0,2585.0,2585.0,2585.0,2585.0,2587.0,2644.0,2739.0,2866.0,3013.0,3164.0,3303.0,3416.0,3493.0,3534.0,3545.0,3545.0,3545.0,3545.0,3545.0,3545.0,3545.0,3545.0,3545.0,3545.0,3545.0,3545.0,3545.0,3545.0,3545.0,3607.0,3715.0,3860.0,4029.0,4206.0,4372.0,4510.0,4609.0,4666.0,4681.0,4681.0,4681.0,4681.0,4681.0,4681.0,4681.0,4681.0,58,February 27,Nancy
0.015752119405627058,1.238738978650774,0.5015739883930392,3.474016697633502,3.474016697633502,0.7429276266706641,1.1101315784112704,1.9436582544082668,1.9436582544082668,0.5325702777970078,1.488796202046431,2.9324804426337208,2.9324804426337208,0.7109211468819085,0.7815210945378359,4.4758498522507075,4.4758498522507075,0.5103200204405332,0.8585723599298334,10.563333333333333,-0.039935878931853096,0.039935878931853096,611.304828021458,8.22,7.970000000000001,7.686666666666667,7.445,7.18,6.653333333333333,6.32,6.045,5.819999999999999,5.76,5.747272727272726,5.853333333333333,5.989230769230769,6.155714285714285,6.320000000000001,6.50125,6.6905882352941175,6.875555555555555,7.05157894736842,7.245,7.41047619047619,7.488181818181818,7.485217391304348,7.453333333333333,7.335999999999999,7.189230769230769,7.053333333333334,6.880714285714285,6.682068965517241,6.486666666666667,6.32,6.210625,6.165454545454545,6.1641176470588235,6.174285714285714,6.195,6.206486486486487,6.227894736842106,6.2841025641025645,6.362500000000001,6.412682926829269,6.45809523809524,6.487441860465117,6.504090909090911,6.53777777777778,6.561304347826088,6.575319148936172,6.540833333333333,6.471020408163266,6.39,6.323921568627453,6.248846153846155,6.204905660377361,6.170000000000001,6.1436363636363645,6.121785714285714,6.123508771929824,6.125172413793104,6.121694915254238,6.156666666666668,6.208524590163936,6.282903225806453,6.362857142857144,6.45125,6.530769230769231,6.616969696969697,6.70358208955224,6.781764705882354,6.830144927536233,6.857142857142858,6.869295774647888,6.87,6.874794520547946,6.903783783783783,6.913333333333333,6.910789473684211,6.891428571428572,6.861025641025642,6.82632911392405,6.796250000000001,6.787901234567901,6.771219512195122,6.752530120481929,6.742619047619049,6.747058823529413,6.761860465116279,6.774022988505749,6.801818181818181,6.833483146067416,6.863333333333334,6.8914285714285715,6.92,6.940430107526882,6.963617021276596,6.9884210526315815,7.016874999999999,7.047835051546391,7.079183673469387,7.098787878787879,7.118,7.140792079207921,7.163137254901962,7.184077669902914,7.208461538461539,7.234285714285715,7.251132075471699,7.272336448598132,7.303333333333335,7.338348623853212,7.377272727272727,7.4245045045045055,7.468214285714287,7.503185840707965,7.525263157894738,7.555652173913043,7.585517241379311,7.619145299145299,7.6488135593220345,7.676302521008404,7.6933333333333325,7.709256198347107,7.714262295081968,7.705365853658536,7.69983870967742,7.6912,7.672380952380952,7.657007874015749,7.645,48.5,582.0,3.0,3.0,3.0,3.0,3.0,3.0,3.0,3.0,3.0,3.0,3.0,3.0,3.0,3.0,12.0,49.0,102.0,171.0,250.0,326.0,386.0,420.0,428.0,429.0,429.0,429.0,429.0,429.0,429.0,429.0,429.0,429.0,429.0,429.0,429.0,429.0,429.0,429.0,436.0,490.0,578.0,694.0,827.0,963.0,1085.0,1181.0,1245.0,1278.0,1288.0,1288.0,1288.0,1288.0,1288.0,1288.0,1288.0,1288.0,1288.0,1288.0,1288.0,1288.0,1288.0,1288.0,1293.0,1345.0,1426.0,1532.0,1653.0,1776.0,1887.0,1972.0,2025.0,2050.0,2057.0,2057.0,2057.0,2057.0,2057.0,2057.0,2057.0,2057.0,2057.0,2057.0,2057.0,2057.0,2057.0,2057.0,2060.0,2118.0,2213.0,2339.0,2484.0,2634.0,2773.0,2885.0,2961.0,3002.0,3014.0,3014.0,3014.0,3014.0,3014.0,3014.0,3014.0,3014.0,3014.0,3014.0,3014.0,3014.0,3014.0,3014.0,3016.0,3073.0,3168.0,3295.0,3442.0,3593.0,3732.0,3845.0,3922.0,3963.0,3974.0,3974.0,3974.0,3974.0,3974.0,3974.0,3974.0,3974.0,59,February 28,Nancy
0.015752119405627058,1.238738978650774,0.5015739883930392,3.474016697633502,3.474016697633502,0.7429276266706641,1.1101315784112704,1.9436582544082668,1.9436582544082668,0.5325702777970078,1.488796202046431,2.9324804426337208,2.9324804426337208,0.7109211468819085,0.7815210945378359,4.4758498522507075,4.4758498522507075,0.5103200204405332,0.8585723599298334,13.121666666666664,-0.2566230081477598,0.2566230081477598,473.332909945383,7.8199999999999985,7.869999999999999,7.453333333333333,7.244999999999999,7.0,6.87,6.577142857142857,6.344999999999999,6.297777777777778,6.279999999999999,6.301818181818181,6.453333333333332,6.712307692307693,6.9628571428571435,7.173333333333333,7.3825,7.543529411764706,7.669999999999998,7.793684210526315,7.85,7.91047619047619,7.947272727272727,7.941739130434782,7.944999999999999,7.9559999999999995,7.946923076923076,7.916296296296296,7.873571428571428,7.813103448275862,7.6866666666666665,7.578064516129031,7.47,7.365454545454544,7.30235294117647,7.254285714285714,7.247777777777778,7.257837837837837,7.285789473684211,7.32,7.3675,7.424878048780487,7.486666666666666,7.550232558139534,7.626818181818183,7.695555555555554,7.726521739130435,7.72,7.699166666666666,7.634285714285714,7.5520000000000005,7.472941176470588,7.3719230769230775,7.253962264150943,7.134814814814815,7.029090909090909,6.953928571428571,6.914736842105263,6.901034482758621,6.89457627118644,6.8950000000000005,6.890491803278689,6.892580645161291,6.916825396825397,6.955937499999999,6.978461538461538,6.998787878787879,7.00955223880597,7.0126470588235295,7.027246376811594,7.035714285714286,7.038309859154929,7.0088888888888885,6.955616438356164,6.894324324324324,6.842666666666667,6.784473684210527,6.747272727272727,6.716153846153846,6.690886075949366,6.66875,6.663209876543209,6.657804878048781,6.6489156626506025,6.667619047619047,6.698823529411763,6.746744186046512,6.799310344827587,6.858636363636363,6.9121348314606745,6.971111111111111,7.030989010989011,7.085217391304347,7.117849462365592,7.134893617021278,7.141052631578948,7.138749999999999,7.13958762886598,7.158775510204081,7.163434343434343,7.159,7.141782178217822,7.116078431372549,7.086990291262137,7.061346153846154,7.052380952380953,7.036981132075472,7.02,7.009814814814814,7.010825688073395,7.0200000000000005,7.0272072072072085,7.046785714285713,7.069557522123894,7.091052631578948,7.111304347826088,7.132068965517241,7.1464957264957265,7.16322033898305,7.181344537815127,7.2025,7.225785123966943,7.249508196721311,7.26390243902439,7.2780645161290325,7.2951999999999995,7.3120634920634915,7.327874015748033,7.3465625,88.16666666666667,1058.0,17.0,17.0,17.0,17.0,17.0,17.0,17.0,17.0,17.0,17.0,17.0,17.0,17.0,17.0,28.0,73.0,139.0,224.0,322.0,421.0,505.0,562.0,589.0,596.0,599.0,599.0,599.0,599.0,599.0,599.0,599.0,599.0,599.0,599.0,599.0,599.0,599.0,599.0,608.0,645.0,698.0,767.0,846.0,922.0,982.0,1016.0,1024.0,1025.0,1025.0,1025.0,1025.0,1025.0,1025.0,1025.0,1025.0,1025.0,1025.0,1025.0,1025.0,1025.0,1025.0,1025.0,1032.0,1086.0,1174.0,1290.0,1423.0,1559.0,1681.0,1777.0,1841.0,1874.0,1884.0,1884.0,1884.0,1884.0,1884.0,1884.0,1884.0,1884.0,1884.0,1884.0,1884.0,1884.0,1884.0,1884.0,1889.0,1941.0,2022.0,2128.0,2249.0,2372.0,2483.0,2568.0,2621.0,2646.0,2653.0,2653.0,2653.0,2653.0,2653.0,2653.0,2653.0,2653.0,2653.0,2653.0,2653.0,2653.0,2653.0,2653.0,2656.0,2714.0,2809.0,2935.0,3080.0,3230.0,3369.0,3481.0,3557.0,3598.0,3610.0,3610.0,3610.0,3610.0,3610.0,3610.0,3610.0,3610.0,60,March 1,Nancy
0.015752119405627058,1.238738978650774,0.5015739883930392,3.474016697633502,3.474016697633502,0.7429276266706641,1.1101315784112704,1.9436582544082668,1.9436582544082668,0.5325702777970078,1.488796202046431,2.9324804426337208,2.9324804426337208,0.7109211468819085,0.7815210945378359,4.4758498522507075,4.4758498522507075,0.5103200204405332,0.8585723599298334,7.33,0.14235589996290515,0.14235589996290515,727.3760800363804,6.52,6.22,6.286666666666666,6.569999999999999,6.780000000000001,6.886666666666668,6.634285714285714,6.3575,6.197777777777778,6.089999999999999,6.001818181818181,5.77,5.589230769230769,5.4557142857142855,5.3533333333333335,5.31375,5.40235294117647,5.642222222222222,5.8042105263157895,5.9799999999999995,6.0914285714285725,6.1790909090909105,6.237391304347827,6.324166666666666,6.3839999999999995,6.443076923076922,6.449629629629628,6.455714285714285,6.440689655172413,6.433333333333333,6.381290322580644,6.329375,6.316969696969697,6.311176470588235,6.317142857142856,6.367222222222221,6.460540540540539,6.559473684210525,6.650769230769229,6.7475,6.829756097560975,6.90095238095238,6.973488372093024,7.0177272727272735,7.064444444444446,7.100434782608697,7.115744680851065,7.134583333333334,7.15673469387755,7.167999999999999,7.167058823529412,7.158461538461538,7.138867924528302,7.081111111111111,7.030909090909092,6.978928571428571,6.927017543859649,6.897586206896552,6.875932203389831,6.878333333333333,6.890491803278689,6.913548387096775,6.940634920634921,6.97625,7.018461538461537,7.0639393939393935,7.111044776119403,7.167058823529412,7.218550724637681,7.245714285714286,7.2481690140845085,7.240833333333334,7.203561643835615,7.153783783783783,7.1053333333333315,7.041052631578946,6.964155844155843,6.8853846153846145,6.814936708860758,6.765000000000001,6.739753086419753,6.732195121951219,6.729638554216867,6.731904761904761,6.730588235294117,6.733953488372092,6.753333333333331,6.783636363636364,6.802022471910114,6.818888888888888,6.828791208791208,6.833043478260867,6.845806451612901,6.854042553191488,6.857894736842103,6.837708333333334,6.7993814432989685,6.75469387755102,6.716969696969695,6.673999999999999,6.646732673267325,6.623921568627448,6.605436893203882,6.589230769230769,6.5857142857142845,6.582264150943395,6.576074766355139,6.591296296296296,6.616330275229356,6.6545454545454525,6.696576576576574,6.744107142857142,6.7872566371681415,6.834912280701754,6.883478260869564,6.927758620689653,6.955042735042734,6.97,6.976302521008402,6.975833333333332,6.977851239669421,6.994590163934427,6.999674796747967,6.997419354838709,6.984799999999999,6.965238095238093,6.94283464566929,6.923125000000001,35.666666666666664,428.0,3.0,3.0,3.0,3.0,3.0,3.0,3.0,3.0,3.0,3.0,3.0,3.0,3.0,3.0,15.0,80.0,183.0,318.0,474.0,636.0,786.0,909.0,995.0,1044.0,1061.0,1061.0,1061.0,1061.0,1061.0,1061.0,1061.0,1061.0,1061.0,1061.0,1061.0,1061.0,1061.0,1061.0,1072.0,1117.0,1183.0,1268.0,1366.0,1465.0,1549.0,1606.0,1633.0,1640.0,1643.0,1643.0,1643.0,1643.0,1643.0,1643.0,1643.0,1643.0,1643.0,1643.0,1643.0,1643.0,1643.0,1643.0,1652.0,1689.0,1742.0,1811.0,1890.0,1966.0,2026.0,2060.0,2068.0,2069.0,2069.0,2069.0,2069.0,2069.0,2069.0,2069.0,2069.0,2069.0,2069.0,2069.0,2069.0,2069.0,2069.0,2069.0,2076.0,2130.0,2218.0,2334.0,2467.0,2603.0,2725.0,2821.0,2885.0,2918.0,2928.0,2928.0,2928.0,2928.0,2928.0,2928.0,2928.0,2928.0,2928.0,2928.0,2928.0,2928.0,2928.0,2928.0,2933.0,2985.0,3066.0,3172.0,3293.0,3416.0,3527.0,3612.0,3665.0,3690.0,3697.0,3697.0,3697.0,3697.0,3697.0,3697.0,3697.0,3697.0,61,November 2,Nancy
0.015752119405627058,1.238738978650774,0.5015739883930392,3.474016697633502,3.474016697633502,0.7429276266706641,1.1101315784112704,1.9436582544082668,1.9436582544082668,0.5325702777970078,1.488796202046431,2.9324804426337208,2.9324804426337208,0.7109211468819085,0.7815210945378359,4.4758498522507075,4.4758498522507075,0.5103200204405332,0.8585723599298334,8.58,0.05457659640467739,0.05457659640467739,671.4840714840715,5.62,5.77,5.6866666666666665,5.17,4.74,4.6033333333333335,4.3914285714285715,4.37,4.497777777777777,4.779999999999999,5.165454545454544,5.645,6.281538461538461,6.805714285714286,7.340000000000001,7.82625,8.272941176470589,8.603333333333332,8.814736842105264,8.98,9.086666666666668,9.17,9.211304347826088,9.1575,9.052,8.931538461538462,8.838518518518518,8.787857142857144,8.747586206896552,8.703333333333331,8.587741935483871,8.4575,8.35030303030303,8.25529411764706,8.165714285714285,8.028333333333332,7.903783783783783,7.793684210526315,7.694358974358974,7.62,7.600487804878049,7.650952380952382,7.6758139534883725,7.713181818181818,7.726666666666667,7.733043478260869,7.728510638297872,7.740833333333334,7.7424489795918365,7.746,7.723921568627452,7.702692307692308,7.6709433962264155,7.644074074074074,7.592727272727273,7.541428571428571,7.512982456140351,7.488965517241379,7.472542372881356,7.483333333333333,7.521639344262295,7.56516129032258,7.605714285714286,7.651249999999999,7.689230769230768,7.721515151515152,7.755820895522388,7.772941176470588,7.792463768115941,7.805714285714283,7.8059154929577454,7.808888888888889,7.814520547945205,7.813243243243242,7.803999999999999,7.789736842105263,7.768051948051946,7.719999999999998,7.676962025316454,7.6325,7.5879012345679016,7.559024390243901,7.535662650602409,7.529523809523808,7.5305882352941165,7.539767441860463,7.552183908045976,7.571136363636364,7.595280898876403,7.622222222222222,7.650769230769231,7.686304347826087,7.718924731182795,7.733829787234042,7.730526315789473,7.7200000000000015,7.68701030927835,7.644489795918368,7.602828282828282,7.5489999999999995,7.4853465346534644,7.419999999999999,7.360776699029125,7.317115384615385,7.292380952380952,7.2813207547169805,7.274205607476635,7.2709259259259245,7.264954128440367,7.262727272727272,7.273153153153152,7.292321428571428,7.302300884955752,7.311228070175439,7.314782608695652,7.313965517241379,7.319999999999999,7.3225423728813555,7.321680672268906,7.301666666666667,7.267107438016529,7.227377049180327,7.193170731707317,7.154677419354838,7.128799999999999,7.106507936507935,7.08771653543307,7.07078125,46.25,555.0,7.0,7.0,7.0,7.0,7.0,7.0,7.0,7.0,7.0,7.0,7.0,7.0,7.0,7.0,7.0,13.0,50.0,108.0,180.0,257.0,329.0,385.0,419.0,432.0,435.0,435.0,435.0,435.0,435.0,435.0,435.0,435.0,435.0,435.0,435.0,435.0,435.0,435.0,447.0,512.0,615.0,750.0,906.0,1068.0,1218.0,1341.0,1427.0,1476.0,1493.0,1493.0,1493.0,1493.0,1493.0,1493.0,1493.0,1493.0,1493.0,1493.0,1493.0,1493.0,1493.0,1493.0,1504.0,1549.0,1615.0,1700.0,1798.0,1897.0,1981.0,2038.0,2065.0,2072.0,2075.0,2075.0,2075.0,2075.0,2075.0,2075.0,2075.0,2075.0,2075.0,2075.0,2075.0,2075.0,2075.0,2075.0,2084.0,2121.0,2174.0,2243.0,2322.0,2398.0,2458.0,2492.0,2500.0,2501.0,2501.0,2501.0,2501.0,2501.0,2501.0,2501.0,2501.0,2501.0,2501.0,2501.0,2501.0,2501.0,2501.0,2501.0,2508.0,2562.0,2650.0,2766.0,2899.0,3035.0,3157.0,3253.0,3317.0,3350.0,3360.0,3360.0,3360.0,3360.0,3360.0,3360.0,3360.0,3360.0,62,November 3,Nancy
0.015752119405627058,1.238738978650774,0.5015739883930392,3.474016697633502,3.474016697633502,0.7429276266706641,1.1101315784112704,1.9436582544082668,1.9436582544082668,0.5325702777970078,1.488796202046431,2.9324804426337208,2.9324804426337208,0.7109211468819085,0.7815210945378359,4.4758498522507075,4.4758498522507075,0.5103200204405332,0.8585723599298334,10.396666666666668,-0.04444740372040964,0.04444740372040964,608.4321898044244,5.8199999999999985,5.719999999999999,5.52,5.445,5.5200000000000005,5.703333333333333,5.848571428571428,6.257499999999999,6.731111111111112,7.220000000000001,7.656363636363636,8.045,8.42,8.712857142857143,8.946666666666665,9.169999999999998,9.48470588235294,9.714444444444446,9.90421052631579,10.014999999999999,10.01047619047619,9.93818181818182,9.854782608695652,9.7325,9.568,9.427692307692308,9.282962962962962,9.080714285714285,8.871724137931036,8.706666666666667,8.526451612903225,8.391874999999999,8.304848484848485,8.275882352941174,8.297142857142859,8.37,8.52,8.65421052631579,8.812307692307694,8.969999999999999,9.127317073170731,9.248571428571427,9.326976744186046,9.390454545454546,9.431111111111111,9.463478260869564,9.47744680851064,9.445,9.385306122448979,9.316,9.259215686274509,9.223846153846155,9.193584905660376,9.16074074074074,9.087272727272728,9.00392857142857,8.932280701754387,8.866551724137931,8.803050847457628,8.71,8.623278688524591,8.544193548387097,8.470793650793652,8.412187499999998,8.387692307692307,8.407878787878788,8.412537313432836,8.425882352941176,8.424347826086958,8.418571428571429,8.40591549295775,8.404722222222222,8.396712328767123,8.390270270270271,8.366666666666667,8.343684210526318,8.313506493506495,8.28666666666667,8.242784810126585,8.19875,8.170617283950618,8.145609756097562,8.126024096385544,8.12595238095238,8.145882352941177,8.170000000000002,8.19241379310345,8.218863636363636,8.240224719101123,8.257777777777779,8.27714285714286,8.28413043478261,8.293118279569894,8.297659574468087,8.29263157894737,8.289791666666668,8.289072164948454,8.28326530612245,8.271515151515151,8.256,8.234851485148516,8.193529411764708,8.15592233009709,8.117115384615385,8.078095238095239,8.051132075471699,8.028411214953271,8.019074074074075,8.015412844036698,8.01818181818182,8.023603603603604,8.034285714285714,8.04920353982301,8.066491228070175,8.085217391304349,8.109655172413794,8.131965811965813,8.14033898305085,8.134285714285715,8.1225,8.092727272727274,8.055245901639344,8.018373983739838,7.971612903225807,7.916800000000001,7.860476190476192,7.8089763779527575,7.77,40.0,480.0,4.0,4.0,4.0,4.0,4.0,4.0,4.0,4.0,4.0,4.0,4.0,4.0,4.0,4.0,4.0,8.0,52.0,121.0,208.0,304.0,397.0,474.0,526.0,552.0,559.0,559.0,559.0,559.0,559.0,559.0,559.0,559.0,559.0,559.0,559.0,559.0,559.0,559.0,559.0,565.0,602.0,660.0,732.0,809.0,881.0,937.0,971.0,984.0,987.0,987.0,987.0,987.0,987.0,987.0,987.0,987.0,987.0,987.0,987.0,987.0,987.0,987.0,999.0,1064.0,1167.0,1302.0,1458.0,1620.0,1770.0,1893.0,1979.0,2028.0,2045.0,2045.0,2045.0,2045.0,2045.0,2045.0,2045.0,2045.0,2045.0,2045.0,2045.0,2045.0,2045.0,2045.0,2056.0,2101.0,2167.0,2252.0,2350.0,2449.0,2533.0,2590.0,2617.0,2624.0,2627.0,2627.0,2627.0,2627.0,2627.0,2627.0,2627.0,2627.0,2627.0,2627.0,2627.0,2627.0,2627.0,2627.0,2636.0,2673.0,2726.0,2795.0,2874.0,2950.0,3010.0,3044.0,3052.0,3053.0,3053.0,3053.0,3053.0,3053.0,3053.0,3053.0,3053.0,3053.0,63,November 4,Nancy
0.015752119405627058,1.238738978650774,0.5015739883930392,3.474016697633502,3.474016697633502,0.7429276266706641,1.1101315784112704,1.9436582544082668,1.9436582544082668,0.5325702777970078,1.488796202046431,2.9324804426337208,2.9324804426337208,0.7109211468819085,0.7815210945378359,4.4758498522507075,4.4758498522507075,0.5103200204405332,0.8585723599298334,8.705,0.37467524473801944,0.37467524473801944,875.3015508328548,3.22,2.52,2.42,2.095,1.8,1.6700000000000002,1.52,1.395,1.508888888888889,1.8199999999999998,2.265454545454545,2.7116666666666664,3.181538461538461,3.6628571428571424,4.1,4.4887500000000005,4.861176470588235,5.158888888888888,5.525263157894736,5.805,5.991428571428572,6.074545454545455,6.1286956521739135,6.1575000000000015,6.144,6.123846153846154,6.086666666666666,6.055714285714286,6.047586206896551,6.066666666666667,6.087741935483871,6.182499999999999,6.3139393939393935,6.47,6.628571428571429,6.786666666666666,6.952432432432433,7.098947368421054,7.230256410256412,7.3625,7.5370731707317065,7.681904761904763,7.813023255813954,7.910909090909093,7.955555555555557,7.9656521739130435,7.966808510638298,7.945,7.897551020408164,7.8580000000000005,7.812156862745098,7.731538461538462,7.642641509433962,7.573703703703704,7.492727272727273,7.434285714285713,7.400701754385966,7.399310344827587,7.426779661016949,7.485,7.590491803278689,7.687741935483872,7.80095238095238,7.9153125,8.03076923076923,8.124545454545455,8.191641791044777,8.249411764705883,8.292463768115944,8.33,8.355211267605634,8.349166666666669,8.324109589041097,8.291621621621623,8.266666666666667,8.255526315789476,8.247272727272728,8.236666666666668,8.19721518987342,8.15,8.110123456790124,8.073658536585366,8.038072289156625,7.980714285714287,7.927058823529412,7.878139534883722,7.83264367816092,7.797272727272727,7.786292134831461,7.807777777777778,7.817802197802199,7.83413043478261,7.839354838709678,7.841276595744682,7.837894736842106,7.842916666666667,7.842680412371134,7.8434693877551025,7.831111111111112,7.819000000000001,7.801188118811883,7.785686274509805,7.756893203883497,7.727692307692308,7.71047619047619,7.6954716981132085,7.684485981308413,7.68851851851852,7.708073394495414,7.730909090909091,7.752432432432434,7.777142857142857,7.797876106194691,7.81561403508772,7.834782608695654,7.844137931034483,7.855042735042736,7.862372881355933,7.862016806722689,7.863333333333332,7.866280991735537,7.865081967213116,7.859024390243902,7.84983870967742,7.836000000000001,7.805714285714286,7.778267716535434,7.749687499999999,1.5833333333333333,19.0,1.0,1.0,1.0,1.0,1.0,1.0,1.0,1.0,1.0,1.0,1.0,1.0,1.0,1.0,1.0,4.0,44.0,107.0,185.0,268.0,347.0,413.0,457.0,477.0,481.0,481.0,481.0,481.0,481.0,481.0,481.0,481.0,481.0,481.0,481.0,481.0,481.0,481.0,481.0,485.0,529.0,598.0,685.0,781.0,874.0,951.0,1003.0,1029.0,1036.0,1036.0,1036.0,1036.0,1036.0,1036.0,1036.0,1036.0,1036.0,1036.0,1036.0,1036.0,1036.0,1036.0,1036.0,1042.0,1079.0,1137.0,1209.0,1286.0,1358.0,1414.0,1448.0,1461.0,1464.0,1464.0,1464.0,1464.0,1464.0,1464.0,1464.0,1464.0,1464.0,1464.0,1464.0,1464.0,1464.0,1464.0,1476.0,1541.0,1644.0,1779.0,1935.0,2097.0,2247.0,2370.0,2456.0,2505.0,2522.0,2522.0,2522.0,2522.0,2522.0,2522.0,2522.0,2522.0,2522.0,2522.0,2522.0,2522.0,2522.0,2522.0,2533.0,2578.0,2644.0,2729.0,2827.0,2926.0,3010.0,3067.0,3094.0,3101.0,3104.0,3104.0,3104.0,3104.0,3104.0,3104.0,3104.0,3104.0,64,November 5,Nancy
0.015752119405627058,1.238738978650774,0.5015739883930392,3.474016697633502,3.474016697633502,0.7429276266706641,1.1101315784112704,1.9436582544082668,1.9436582544082668,0.5325702777970078,1.488796202046431,2.9324804426337208,2.9324804426337208,0.7109211468819085,0.7815210945378359,4.4758498522507075,4.4758498522507075,0.5103200204405332,0.8585723599298334,6.946666666666667,-0.16528647802653937,0.16528647802653937,531.4899232245681,10.22,9.120000000000001,8.753333333333332,7.970000000000001,7.3,6.803333333333334,6.277142857142857,5.8825,5.886666666666667,6.08,6.374545454545454,6.819999999999999,7.335384615384614,7.862857142857142,8.366666666666667,8.8075,9.214117647058822,9.503333333333334,9.693684210526316,9.715,9.63904761904762,9.47,9.254782608695653,9.0575,8.824,8.554615384615385,8.32,8.062857142857144,7.806206896551725,7.58,7.355483870967742,7.141875000000001,6.998787878787879,6.9288235294117655,6.922857142857144,6.942222222222223,6.992972972972975,7.07,7.150769230769231,7.2299999999999995,7.317560975609757,7.386666666666667,7.496744186046512,7.579090909090908,7.626666666666668,7.630869565217391,7.6242553191489355,7.607499999999999,7.571020408163266,7.531999999999999,7.484705882352941,7.441153846153845,7.410566037735849,7.395925925925926,7.383636363636363,7.414642857142858,7.469122807017544,7.540689655172414,7.616610169491525,7.694999999999999,7.780655737704918,7.857096774193548,7.926349206349205,7.998125,8.098461538461539,8.182121212121212,8.258805970149252,8.315588235294117,8.338840579710142,8.340000000000002,8.33549295774648,8.315833333333334,8.278904109589043,8.247027027027027,8.210666666666667,8.150263157894736,8.083636363636364,8.03025641025641,7.968101265822785,7.921249999999999,7.891604938271605,7.884634146341463,7.898313253012048,7.934285714285714,8.004705882352942,8.07,8.147586206896554,8.226818181818182,8.307640449438201,8.373333333333333,8.42,8.460217391304349,8.489892473118278,8.515744680851066,8.53263157894737,8.52625,8.50556701030928,8.479183673469388,8.45838383838384,8.448,8.43980198019802,8.429803921568627,8.397669902912622,8.359423076923076,8.326666666666666,8.296415094339622,8.266728971962616,8.219999999999999,8.175963302752294,8.135454545454545,8.097477477477478,8.067321428571429,8.056283185840707,8.070877192982456,8.076521739130435,8.087241379310345,8.08923076923077,8.08864406779661,8.083865546218487,8.085833333333333,8.083636363636364,8.082295081967214,8.07040650406504,8.058709677419355,8.042399999999999,8.02793650793651,8.002677165354331,7.97703125,83.75,1005.0,20.0,20.0,20.0,20.0,20.0,20.0,20.0,20.0,20.0,20.0,20.0,20.0,20.0,20.0,20.0,21.0,22.0,22.0,26.0,30.0,34.0,37.0,37.0,38.0,39.0,39.0,39.0,39.0,39.0,39.0,39.0,39.0,39.0,39.0,39.0,39.0,39.0,39.0,39.0,42.0,82.0,145.0,223.0,306.0,385.0,451.0,495.0,515.0,519.0,519.0,519.0,519.0,519.0,519.0,519.0,519.0,519.0,519.0,519.0,519.0,519.0,519.0,519.0,523.0,567.0,636.0,723.0,819.0,912.0,989.0,1041.0,1067.0,1074.0,1074.0,1074.0,1074.0,1074.0,1074.0,1074.0,1074.0,1074.0,1074.0,1074.0,1074.0,1074.0,1074.0,1074.0,1080.0,1117.0,1175.0,1247.0,1324.0,1396.0,1452.0,1486.0,1499.0,1502.0,1502.0,1502.0,1502.0,1502.0,1502.0,1502.0,1502.0,1502.0,1502.0,1502.0,1502.0,1502.0,1502.0,1514.0,1579.0,1682.0,1817.0,1973.0,2135.0,2285.0,2408.0,2494.0,2543.0,2560.0,2560.0,2560.0,2560.0,2560.0,2560.0,2560.0,2560.0,65,November 6,Nancy
0.015752119405627058,1.238738978650774,0.5015739883930392,3.474016697633502,3.474016697633502,0.7429276266706641,1.1101315784112704,1.9436582544082668,1.9436582544082668,0.5325702777970078,1.488796202046431,2.9324804426337208,2.9324804426337208,0.7109211468819085,0.7815210945378359,4.4758498522507075,4.4758498522507075,0.5103200204405332,0.8585723599298334,11.23,0.05106643595757624,0.05106643595757624,669.2490353220539,5.72,5.17,4.52,4.07,3.6799999999999997,3.67,4.062857142857143,4.3825,4.797777777777778,5.24,5.7745454545454535,6.295000000000001,6.850769230769231,7.427142857142859,7.886666666666668,8.28875,8.614117647058823,8.947777777777778,9.177894736842106,9.38,9.51047619047619,9.592727272727274,9.62,9.674166666666666,9.696,9.631538461538462,9.571851851851852,9.430714285714288,9.264827586206899,9.100000000000003,8.907096774193551,8.72625,8.641212121212122,8.617058823529412,8.637142857142859,8.72277777777778,8.852432432432435,9.00684210526316,9.171282051282054,9.327499999999999,9.483414634146342,9.600952380952382,9.682790697674418,9.692727272727275,9.657777777777781,9.576521739130436,9.46893617021277,9.365833333333333,9.240408163265306,9.092,8.957254901960786,8.806538461538462,8.652075471698115,8.510740740740742,8.367272727272729,8.227142857142857,8.125263157894736,8.064827586206896,8.042033898305085,8.035000000000002,8.047868852459018,8.078064516129034,8.112063492063493,8.1465625,8.18769230769231,8.218484848484849,8.27671641791045,8.318529411764708,8.338840579710146,8.331428571428573,8.31718309859155,8.296388888888888,8.262465753424658,8.226756756756759,8.185333333333334,8.146315789473686,8.116103896103898,8.096923076923078,8.079493670886079,8.0925,8.12246913580247,8.165121951219513,8.211566265060242,8.26047619047619,8.31529411764706,8.364186046511628,8.408505747126437,8.455227272727273,8.523370786516853,8.58,8.632087912087913,8.670000000000002,8.683440860215056,8.680638297872342,8.673684210526316,8.655416666666667,8.624123711340205,8.596530612244898,8.565454545454546,8.516,8.461584158415842,8.417058823529413,8.365631067961166,8.32576923076923,8.29904761904762,8.289811320754717,8.296635514018693,8.320925925925927,8.372293577981653,8.420000000000002,8.477657657657659,8.536964285714285,8.59787610619469,8.647192982456142,8.681739130434783,8.711379310344828,8.732820512820513,8.75135593220339,8.762857142857142,8.755833333333333,8.737355371900827,8.714262295081966,8.69560975609756,8.685322580645161,8.6768,8.666825396825395,8.638897637795273,8.6059375,4.083333333333333,49.0,1.0,1.0,1.0,1.0,1.0,1.0,1.0,1.0,1.0,1.0,1.0,1.0,1.0,1.0,1.0,1.0,60.0,168.0,311.0,474.0,640.0,792.0,912.0,986.0,1006.0,1006.0,1006.0,1006.0,1006.0,1006.0,1006.0,1006.0,1006.0,1006.0,1006.0,1006.0,1006.0,1006.0,1006.0,1007.0,1008.0,1008.0,1012.0,1016.0,1020.0,1023.0,1023.0,1024.0,1025.0,1025.0,1025.0,1025.0,1025.0,1025.0,1025.0,1025.0,1025.0,1025.0,1025.0,1025.0,1025.0,1025.0,1025.0,1028.0,1068.0,1131.0,1209.0,1292.0,1371.0,1437.0,1481.0,1501.0,1505.0,1505.0,1505.0,1505.0,1505.0,1505.0,1505.0,1505.0,1505.0,1505.0,1505.0,1505.0,1505.0,1505.0,1505.0,1509.0,1553.0,1622.0,1709.0,1805.0,1898.0,1975.0,2027.0,2053.0,2060.0,2060.0,2060.0,2060.0,2060.0,2060.0,2060.0,2060.0,2060.0,2060.0,2060.0,2060.0,2060.0,2060.0,2060.0,2066.0,2103.0,2161.0,2233.0,2310.0,2382.0,2438.0,2472.0,2485.0,2488.0,2488.0,2488.0,2488.0,2488.0,2488.0,2488.0,2488.0,66,November 7,Nancy
0.015752119405627058,1.238738978650774,0.5015739883930392,3.474016697633502,3.474016697633502,0.7429276266706641,1.1101315784112704,1.9436582544082668,1.9436582544082668,0.5325702777970078,1.488796202046431,2.9324804426337208,2.9324804426337208,0.7109211468819085,0.7815210945378359,4.4758498522507075,4.4758498522507075,0.5103200204405332,0.8585723599298334,11.630000000000004,0.11079471719590529,0.11079471719590529,707.280022929206,4.92,4.22,3.6199999999999997,3.2199999999999998,2.7399999999999998,2.353333333333333,2.2199999999999998,2.1449999999999996,2.1199999999999997,2.1700000000000004,2.338181818181818,2.445,2.6353846153846154,2.9414285714285717,3.2600000000000007,3.5825,3.9552941176470586,4.3311111111111105,4.683157894736842,4.9799999999999995,5.2057142857142855,5.374545454545454,5.537391304347826,5.607499999999999,5.611999999999999,5.573846153846153,5.486666666666666,5.387857142857143,5.275172413793103,5.219999999999999,5.258709677419354,5.30125,5.386666666666667,5.499411764705882,5.66,5.836666666666667,6.044324324324324,6.2778947368421045,6.484102564102564,6.68,6.854146341463416,7.0390476190476186,7.185116279069768,7.322272727272726,7.4288888888888875,7.513478260869565,7.571063829787233,7.640833333333333,7.693469387755102,7.7,7.706274509803921,7.666153846153846,7.608679245283018,7.547777777777777,7.467272727272727,7.389642857142856,7.363859649122806,7.371724137931034,7.4047457627118645,7.476666666666666,7.575737704918032,7.690967741935483,7.813650793650792,7.932499999999999,8.052307692307693,8.148787878787878,8.222985074626864,8.250882352941176,8.248985507246376,8.215714285714284,8.163661971830983,8.113055555555555,8.046027397260275,7.9618918918918915,7.885333333333332,7.796315789473683,7.703116883116883,7.617435897435896,7.528860759493669,7.441249999999999,7.379259259259258,7.345609756097561,7.338072289156624,7.34142857142857,7.358823529411763,7.38860465116279,7.4211494252873536,7.454090909090909,7.49191011235955,7.522222222222222,7.572747252747251,7.611304347826087,7.633978494623655,7.6359574468085105,7.632631578947366,7.624166666666667,7.605567010309278,7.58530612244898,7.560404040404039,7.536999999999999,7.519999999999999,7.511176470588234,7.5034951456310655,7.519038461538462,7.5476190476190474,7.5860377358490565,7.627476635514017,7.670925925925924,7.719082568807339,7.762727272727272,7.802882882882881,7.845,7.904070796460177,7.954210526315788,8.000869565217391,8.036379310344827,8.052478632478632,8.055593220338983,8.055294117647056,8.045833333333333,8.025785123966942,8.008524590163933,7.988292682926829,7.9530645161290305,7.9136,7.881904761904761,7.8444094488188965,7.81609375,13.333333333333334,160.0,1.0,1.0,1.0,1.0,1.0,1.0,1.0,1.0,1.0,1.0,1.0,1.0,1.0,1.0,1.0,1.0,14.0,26.0,37.0,43.0,47.0,47.0,48.0,49.0,50.0,50.0,50.0,50.0,50.0,50.0,50.0,50.0,50.0,50.0,50.0,50.0,50.0,50.0,50.0,50.0,109.0,217.0,360.0,523.0,689.0,841.0,961.0,1035.0,1055.0,1055.0,1055.0,1055.0,1055.0,1055.0,1055.0,1055.0,1055.0,1055.0,1055.0,1055.0,1055.0,1055.0,1055.0,1056.0,1057.0,1057.0,1061.0,1065.0,1069.0,1072.0,1072.0,1073.0,1074.0,1074.0,1074.0,1074.0,1074.0,1074.0,1074.0,1074.0,1074.0,1074.0,1074.0,1074.0,1074.0,1074.0,1074.0,1077.0,1117.0,1180.0,1258.0,1341.0,1420.0,1486.0,1530.0,1550.0,1554.0,1554.0,1554.0,1554.0,1554.0,1554.0,1554.0,1554.0,1554.0,1554.0,1554.0,1554.0,1554.0,1554.0,1554.0,1558.0,1602.0,1671.0,1758.0,1854.0,1947.0,2024.0,2076.0,2102.0,2109.0,2109.0,2109.0,2109.0,2109.0,2109.0,2109.0,2109.0,67,November 8,Nancy
0.015752119405627058,1.238738978650774,0.5015739883930392,3.474016697633502,3.474016697633502,0.7429276266706641,1.1101315784112704,1.9436582544082668,1.9436582544082668,0.5325702777970078,1.488796202046431,2.9324804426337208,2.9324804426337208,0.7109211468819085,0.7815210945378359,4.4758498522507075,4.4758498522507075,0.5103200204405332,0.8585723599298334,13.613333333333333,-0.09641482382684806,0.09641482382684806,575.3428011753182,5.02,5.57,6.319999999999999,6.77,6.92,7.003333333333333,6.991428571428571,6.8325,6.653333333333332,6.58,6.574545454545454,6.6866666666666665,6.773846153846154,6.848571428571428,6.993333333333333,7.151249999999999,7.290588235294116,7.442222222222223,7.55157894736842,7.640000000000001,7.63904761904762,7.6381818181818195,7.593913043478261,7.528333333333332,7.424000000000001,7.273846153846154,7.094074074074075,6.912857142857143,6.702758620689656,6.493333333333334,6.329677419354839,6.182499999999999,6.053333333333333,5.952352941176471,5.897142857142857,5.83388888888889,5.809189189189189,5.8384210526315785,5.886666666666666,5.95,6.046829268292683,6.158095238095238,6.271162790697674,6.369999999999999,6.444444444444443,6.498260869565216,6.55404255319149,6.567916666666666,6.55061224489796,6.5120000000000005,6.447450980392157,6.37576923076923,6.295471698113207,6.245925925925925,6.249090909090909,6.255714285714285,6.288421052631578,6.338965517241379,6.42,6.513333333333334,6.628196721311475,6.7619354838709675,6.881904761904762,6.998125,7.103076923076922,7.216969696969696,7.308059701492536,7.395,7.463478260869565,7.518571428571428,7.556619718309859,7.603333333333334,7.639178082191781,7.644324324324324,7.649333333333334,7.622631578947369,7.583636363636363,7.541794871794871,7.485822784810125,7.43125,7.412592592592592,7.417560975609755,7.4404819277108425,7.491428571428571,7.56235294117647,7.645581395348835,7.7349425287356315,7.822272727272726,7.911011235955056,7.9833333333333325,8.039780219780221,8.062391304347827,8.063010752688172,8.040212765957447,8.003157894736841,7.966874999999999,7.917938144329897,7.855714285714286,7.798787878787878,7.731999999999999,7.661584158415842,7.596470588235293,7.528737864077669,7.461346153846154,7.413333333333333,7.386981132075472,7.380747663551402,7.382962962962963,7.3961467889908254,7.419090909090908,7.444324324324324,7.47,7.499646017699115,7.523508771929824,7.563478260869566,7.594137931034483,7.612307692307692,7.614067796610168,7.611596638655461,7.6049999999999995,7.590247933884297,7.5740983606557375,7.554146341463415,7.535322580645161,7.5216,7.514444444444445,7.508188976377953,7.520781250000001,37.0,444.0,3.0,3.0,3.0,3.0,3.0,3.0,3.0,3.0,3.0,3.0,3.0,3.0,3.0,3.0,3.0,3.0,24.0,53.0,86.0,118.0,144.0,158.0,161.0,162.0,163.0,163.0,163.0,163.0,163.0,163.0,163.0,163.0,163.0,163.0,163.0,163.0,163.0,163.0,163.0,163.0,176.0,188.0,199.0,205.0,209.0,209.0,210.0,211.0,212.0,212.0,212.0,212.0,212.0,212.0,212.0,212.0,212.0,212.0,212.0,212.0,212.0,212.0,212.0,212.0,271.0,379.0,522.0,685.0,851.0,1003.0,1123.0,1197.0,1217.0,1217.0,1217.0,1217.0,1217.0,1217.0,1217.0,1217.0,1217.0,1217.0,1217.0,1217.0,1217.0,1217.0,1217.0,1218.0,1219.0,1219.0,1223.0,1227.0,1231.0,1234.0,1234.0,1235.0,1236.0,1236.0,1236.0,1236.0,1236.0,1236.0,1236.0,1236.0,1236.0,1236.0,1236.0,1236.0,1236.0,1236.0,1236.0,1239.0,1279.0,1342.0,1420.0,1503.0,1582.0,1648.0,1692.0,1712.0,1716.0,1716.0,1716.0,1716.0,1716.0,1716.0,1716.0,1716.0,68,November 9,Nancy
0.015752119405627058,1.238738978650774,0.5015739883930392,3.474016697633502,3.474016697633502,0.7429276266706641,1.1101315784112704,1.9436582544082668,1.9436582544082668,0.5325702777970078,1.488796202046431,2.9324804426337208,2.9324804426337208,0.7109211468819085,0.7815210945378359,4.4758498522507075,4.4758498522507075,0.5103200204405332,0.8585723599298334,10.846666666666668,0.0337461807755821,0.0337461807755821,658.2206515058389,7.52,7.119999999999999,6.586666666666666,6.119999999999999,5.799999999999999,5.653333333333333,5.677142857142856,5.757499999999999,5.764444444444444,5.83,5.829090909090908,5.919999999999999,5.95076923076923,5.9985714285714264,5.9866666666666655,6.026249999999999,6.131764705882352,6.153333333333332,6.167368421052631,6.179999999999999,6.20095238095238,6.192727272727273,6.1808695652173915,6.153333333333332,6.1080000000000005,6.108461538461539,6.171851851851852,6.241428571428571,6.285517241379311,6.323333333333333,6.3425806451612905,6.323124999999999,6.289696969696969,6.278823529411763,6.285714285714286,6.331111111111111,6.371351351351351,6.409473684210527,6.476410256410256,6.552499999999999,6.624878048780486,6.7057142857142855,6.771162790697674,6.829090909090909,6.846666666666666,6.863478260869566,6.858297872340426,6.840833333333333,6.801632653061224,6.736000000000001,6.651372549019607,6.562307692307693,6.4539622641509435,6.342222222222222,6.252727272727272,6.17,6.095438596491227,6.035517241379311,6.001355932203389,5.961666666666667,5.944590163934427,5.960322580645162,5.988253968253968,6.02625,6.086153846153846,6.156363636363636,6.228955223880597,6.293529411764706,6.343188405797101,6.38,6.418591549295774,6.429722222222221,6.42,6.395675675675675,6.3533333333333335,6.305526315789474,6.251168831168831,6.217435897435897,6.22,6.225,6.248395061728394,6.284634146341464,6.3428915662650605,6.4104761904761896,6.4941176470588236,6.5920930232558135,6.680919540229885,6.767727272727272,6.84696629213483,6.933333333333334,7.003516483516483,7.0710869565217385,7.12537634408602,7.169999999999999,7.202105263157894,7.240833333333334,7.271546391752577,7.279183673469387,7.286666666666665,7.27,7.2437623762376235,7.215098039215686,7.175339805825242,7.136346153846153,7.124761904761904,7.131320754716981,7.151775700934579,7.194074074074074,7.252110091743118,7.319999999999999,7.392972972972972,7.464642857142857,7.537699115044247,7.598070175438596,7.646086956521739,7.6674137931034485,7.671282051282051,7.656440677966101,7.630084033613445,7.604166666666666,7.56793388429752,7.520819672131147,7.477723577235771,7.426451612903225,7.371999999999999,7.321587301587301,7.268818897637794,7.216093749999999,20.916666666666668,251.0,1.0,1.0,1.0,1.0,1.0,1.0,1.0,1.0,1.0,1.0,1.0,1.0,1.0,1.0,1.0,1.0,36.0,94.0,167.0,246.0,321.0,383.0,424.0,442.0,445.0,445.0,445.0,445.0,445.0,445.0,445.0,445.0,445.0,445.0,445.0,445.0,445.0,445.0,445.0,445.0,466.0,495.0,528.0,560.0,586.0,600.0,603.0,604.0,605.0,605.0,605.0,605.0,605.0,605.0,605.0,605.0,605.0,605.0,605.0,605.0,605.0,605.0,605.0,605.0,618.0,630.0,641.0,647.0,651.0,651.0,652.0,653.0,654.0,654.0,654.0,654.0,654.0,654.0,654.0,654.0,654.0,654.0,654.0,654.0,654.0,654.0,654.0,654.0,713.0,821.0,964.0,1127.0,1293.0,1445.0,1565.0,1639.0,1659.0,1659.0,1659.0,1659.0,1659.0,1659.0,1659.0,1659.0,1659.0,1659.0,1659.0,1659.0,1659.0,1659.0,1659.0,1660.0,1661.0,1661.0,1665.0,1669.0,1673.0,1676.0,1676.0,1677.0,1678.0,1678.0,1678.0,1678.0,1678.0,1678.0,1678.0,1678.0,69,November 10,Nancy
0.015752119405627058,1.238738978650774,0.5015739883930392,3.474016697633502,3.474016697633502,0.7429276266706641,1.1101315784112704,1.9436582544082668,1.9436582544082668,0.5325702777970078,1.488796202046431,2.9324804426337208,2.9324804426337208,0.7109211468819085,0.7815210945378359,4.4758498522507075,4.4758498522507075,0.5103200204405332,0.8585723599298334,12.046666666666667,-0.01726492971034766,0.01726492971034766,625.7401770890979,5.8199999999999985,4.819999999999999,4.953333333333332,5.42,5.959999999999999,6.57,6.862857142857143,7.357500000000001,7.819999999999999,8.209999999999999,8.392727272727273,8.511666666666665,8.566153846153846,8.562857142857142,8.6,8.695,8.731764705882354,8.792222222222222,8.872631578947368,8.929999999999998,8.958095238095236,8.942727272727272,8.902608695652173,8.832500000000001,8.78,8.700769230769229,8.582962962962963,8.445,8.309655172413791,8.196666666666665,8.12,8.063749999999999,7.995757575757574,7.949411764705881,7.888571428571429,7.861666666666666,7.819999999999999,7.788421052631579,7.7379487179487185,7.709999999999999,7.712682926829268,7.684285714285713,7.654883720930232,7.626818181818181,7.604444444444444,7.569999999999999,7.534893617021278,7.492916666666666,7.442448979591836,7.4159999999999995,7.423921568627451,7.437307692307692,7.438867924528302,7.438518518518519,7.429090909090909,7.398571428571428,7.360350877192982,7.335517241379309,7.321694915254238,7.331666666666666,7.33967213114754,7.34741935483871,7.373968253968254,7.4075,7.4399999999999995,7.4790909090909095,7.509552238805971,7.536176470588236,7.5373913043478264,7.538571428571431,7.525633802816904,7.504722222222223,7.469315068493152,7.415945945945949,7.349333333333336,7.279210526315793,7.195324675324678,7.10846153846154,7.036455696202535,6.96875,6.90641975308642,6.854146341463417,6.820000000000002,6.781904761904764,6.760000000000002,6.76186046511628,6.772873563218393,6.79159090909091,6.826741573033709,6.870000000000002,6.915604395604397,6.955869565217393,6.985591397849465,7.00617021276596,7.028421052631582,7.030416666666667,7.016907216494847,6.992448979591837,6.954343434343436,6.912000000000003,6.864554455445546,6.832745098039218,6.828737864077672,6.826730769230769,6.839047619047619,6.861509433962264,6.901308411214954,6.948703703703705,7.008990825688074,7.080909090909093,7.146126126126127,7.210178571428571,7.268672566371682,7.333157894736842,7.385217391304347,7.435517241379311,7.475555555555556,7.508135593220341,7.5309243697479,7.559166666666666,7.581157024793388,7.584754098360655,7.588292682926831,7.57241935483871,7.548800000000001,7.523174603174604,7.4885039370078745,7.454374999999999,10.166666666666666,122.0,1.0,1.0,1.0,1.0,1.0,1.0,1.0,1.0,1.0,1.0,1.0,1.0,1.0,1.0,1.0,1.0,28.0,68.0,115.0,163.0,206.0,237.0,251.0,251.0,252.0,252.0,252.0,252.0,252.0,252.0,252.0,252.0,252.0,252.0,252.0,252.0,252.0,252.0,252.0,252.0,287.0,345.0,418.0,497.0,572.0,634.0,675.0,693.0,696.0,696.0,696.0,696.0,696.0,696.0,696.0,696.0,696.0,696.0,696.0,696.0,696.0,696.0,696.0,696.0,717.0,746.0,779.0,811.0,837.0,851.0,854.0,855.0,856.0,856.0,856.0,856.0,856.0,856.0,856.0,856.0,856.0,856.0,856.0,856.0,856.0,856.0,856.0,856.0,869.0,881.0,892.0,898.0,902.0,902.0,903.0,904.0,905.0,905.0,905.0,905.0,905.0,905.0,905.0,905.0,905.0,905.0,905.0,905.0,905.0,905.0,905.0,905.0,964.0,1072.0,1215.0,1378.0,1544.0,1696.0,1816.0,1890.0,1910.0,1910.0,1910.0,1910.0,1910.0,1910.0,1910.0,1910.0,70,November 11,Nancy
0.015752119405627058,1.238738978650774,0.5015739883930392,3.474016697633502,3.474016697633502,0.7429276266706641,1.1101315784112704,1.9436582544082668,1.9436582544082668,0.5325702777970078,1.488796202046431,2.9324804426337208,2.9324804426337208,0.7109211468819085,0.7815210945378359,4.4758498522507075,4.4758498522507075,0.5103200204405332,0.8585723599298334,14.221666666666668,0.0007830433284424573,0.0007830433284424573,637.2319231219968,2.22,2.5700000000000003,2.8533333333333335,3.3200000000000003,3.5199999999999996,3.5700000000000003,3.7199999999999998,3.845,3.7866666666666666,3.7,3.72,3.8783333333333334,4.004615384615384,4.191428571428571,4.3933333333333335,4.6075,4.8494117647058825,5.097777777777778,5.346315789473685,5.505,5.6676190476190484,5.797272727272727,5.885217391304346,5.915833333333333,5.911999999999999,5.831538461538461,5.808888888888888,5.844999999999999,5.923448275862068,6.046666666666666,6.129677419354837,6.27625,6.435151515151515,6.590588235294117,6.694285714285713,6.781111111111111,6.847027027027027,6.8910526315789475,6.94820512820513,7.027500000000001,7.083414634146342,7.14857142857143,7.22232558139535,7.285909090909092,7.335555555555557,7.363478260869566,7.377446808510639,7.3741666666666665,7.377142857142857,7.364,7.327843137254902,7.277692307692309,7.2256603773584915,7.1829629629629625,7.158181818181819,7.1432142857142855,7.120000000000001,7.1079310344827595,7.086101694915255,7.083333333333335,7.070819672131147,7.063548387096775,7.043809523809524,7.037187499999999,7.049230769230769,7.041212121212122,7.031940298507463,7.022941176470589,7.017101449275362,7.002857142857144,6.987605633802817,6.967222222222222,6.940547945205479,6.929459459459459,6.941333333333332,6.956842105263156,6.964155844155843,6.970000000000001,6.969367088607595,6.953749999999999,6.932345679012346,6.919999999999999,6.915180722891564,6.927142857142856,6.937647058823528,6.947906976744186,6.9717241379310355,7.000681818181818,7.028988764044943,7.062222222222222,7.0892307692307694,7.113478260869566,7.118924731182796,7.124255319148937,7.118947368421053,7.107500000000001,7.084948453608248,7.048571428571428,7.00181818181818,6.951999999999999,6.891287128712871,6.827843137254902,6.775339805825243,6.725769230769231,6.68,6.641698113207546,6.617196261682243,6.589444444444443,6.574128440366973,6.577272727272727,6.587567567567568,6.603928571428571,6.633274336283186,6.669122807017543,6.70695652173913,6.740689655172414,6.766153846153846,6.784406779661017,6.804033613445378,6.8075,6.798512396694214,6.780655737704917,6.75170731707317,6.719193548387096,6.6824,6.658095238095239,6.656220472440945,6.655937499999999,20.333333333333332,244.0,1.0,1.0,1.0,1.0,1.0,1.0,1.0,1.0,1.0,1.0,1.0,1.0,1.0,1.0,1.0,1.0,20.0,45.0,72.0,96.0,113.0,120.0,121.0,122.0,123.0,123.0,123.0,123.0,123.0,123.0,123.0,123.0,123.0,123.0,123.0,123.0,123.0,123.0,123.0,123.0,150.0,190.0,237.0,285.0,328.0,359.0,373.0,373.0,374.0,374.0,374.0,374.0,374.0,374.0,374.0,374.0,374.0,374.0,374.0,374.0,374.0,374.0,374.0,374.0,409.0,467.0,540.0,619.0,694.0,756.0,797.0,815.0,818.0,818.0,818.0,818.0,818.0,818.0,818.0,818.0,818.0,818.0,818.0,818.0,818.0,818.0,818.0,818.0,839.0,868.0,901.0,933.0,959.0,973.0,976.0,977.0,978.0,978.0,978.0,978.0,978.0,978.0,978.0,978.0,978.0,978.0,978.0,978.0,978.0,978.0,978.0,978.0,991.0,1003.0,1014.0,1020.0,1024.0,1024.0,1025.0,1026.0,1027.0,1027.0,1027.0,1027.0,1027.0,1027.0,1027.0,1027.0,71,November 12,Nancy
0.015752119405627058,1.238738978650774,0.5015739883930392,3.474016697633502,3.474016697633502,0.7429276266706641,1.1101315784112704,1.9436582544082668,1.9436582544082668,0.5325702777970078,1.488796202046431,2.9324804426337208,2.9324804426337208,0.7109211468819085,0.7815210945378359,4.4758498522507075,4.4758498522507075,0.5103200204405332,0.8585723599298334,13.755,-0.0257300140922094,0.0257300140922094,620.3501756936871,3.12,3.62,4.420000000000001,4.945,5.2,5.303333333333334,5.405714285714285,5.4575,5.408888888888888,5.339999999999999,5.265454545454545,5.186666666666665,5.143076923076922,5.184285714285714,5.233333333333333,5.351249999999999,5.490588235294118,5.62,5.677894736842105,5.6899999999999995,5.715238095238095,5.665454545454545,5.576521739130433,5.482499999999999,5.352,5.258461538461538,5.1903703703703705,5.173571428571429,5.144137931034484,5.1000000000000005,5.084516129032259,5.073124999999999,5.02,4.958235294117647,4.92857142857143,4.947777777777778,4.963243243243244,5.006842105263158,5.063589743589744,5.132499999999999,5.22,5.317619047619048,5.422325581395349,5.492727272727273,5.568888888888889,5.63304347826087,5.679574468085106,5.699166666666667,5.701632653061225,5.664000000000001,5.655294117647058,5.677692307692307,5.72377358490566,5.795925925925925,5.847272727272727,5.936071428571428,6.034035087719298,6.132068965517241,6.2013559322033895,6.261666666666666,6.31016393442623,6.345806451612903,6.38984126984127,6.448125,6.492307692307692,6.542727272727274,6.59910447761194,6.6494117647058815,6.691014492753623,6.718571428571428,6.736901408450702,6.743611111111111,6.754246575342465,6.753783783783783,6.737333333333333,6.71078947368421,6.682337662337662,6.659743589743591,6.649113924050632,6.644999999999999,6.634814814814814,6.632195121951218,6.622409638554215,6.62595238095238,6.62235294117647,6.622325581395349,6.613103448275862,6.613181818181817,6.626741573033707,6.625555555555555,6.6232967032967025,6.621086956521737,6.621075268817204,6.614680851063831,6.607368421052631,6.5960416666666655,6.57979381443299,6.575102040816326,6.587676767676768,6.603,6.612079207920791,6.62,6.622912621359223,6.614230769230769,6.600952380952381,6.594528301886792,6.593831775700934,6.606111111111112,6.6172477064220185,6.628181818181818,6.64972972972973,6.675357142857143,6.700530973451327,6.729649122807017,6.75391304347826,6.776034482758621,6.783247863247862,6.790338983050848,6.7889075630252105,6.7825,6.767107438016528,6.740491803278688,6.705365853658536,6.667580645161289,6.620799999999999,6.571587301587301,6.531023622047243,6.49265625,28.916666666666668,347.0,1.0,1.0,1.0,1.0,1.0,1.0,1.0,1.0,1.0,1.0,1.0,1.0,1.0,1.0,1.0,1.0,26.0,64.0,111.0,158.0,199.0,229.0,243.0,244.0,245.0,245.0,245.0,245.0,245.0,245.0,245.0,245.0,245.0,245.0,245.0,245.0,245.0,245.0,245.0,245.0,264.0,289.0,316.0,340.0,357.0,364.0,365.0,366.0,367.0,367.0,367.0,367.0,367.0,367.0,367.0,367.0,367.0,367.0,367.0,367.0,367.0,367.0,367.0,367.0,394.0,434.0,481.0,529.0,572.0,603.0,617.0,617.0,618.0,618.0,618.0,618.0,618.0,618.0,618.0,618.0,618.0,618.0,618.0,618.0,618.0,618.0,618.0,618.0,653.0,711.0,784.0,863.0,938.0,1000.0,1041.0,1059.0,1062.0,1062.0,1062.0,1062.0,1062.0,1062.0,1062.0,1062.0,1062.0,1062.0,1062.0,1062.0,1062.0,1062.0,1062.0,1062.0,1083.0,1112.0,1145.0,1177.0,1203.0,1217.0,1220.0,1221.0,1222.0,1222.0,1222.0,1222.0,1222.0,1222.0,1222.0,1222.0,72,November 13,Nancy
0.015752119405627058,1.238738978650774,0.5015739883930392,3.474016697633502,3.474016697633502,0.7429276266706641,1.1101315784112704,1.9436582544082668,1.9436582544082668,0.5325702777970078,1.488796202046431,2.9324804426337208,2.9324804426337208,0.7109211468819085,0.7815210945378359,4.4758498522507075,4.4758498522507075,0.5103200204405332,0.8585723599298334,13.588333333333335,-0.09877837226820947,0.09877837226820947,573.8378510977553,9.62,9.77,9.953333333333333,9.57,9.3,8.936666666666666,8.834285714285715,8.47,8.242222222222223,7.960000000000001,7.774545454545454,7.728333333333334,7.712307692307693,7.7128571428571435,7.706666666666667,7.695,7.684705882352942,7.608888888888889,7.509473684210525,7.425,7.343809523809524,7.219999999999999,7.111304347826086,6.986666666666667,6.832000000000001,6.727692307692307,6.701481481481481,6.694999999999999,6.678620689655172,6.6499999999999995,6.629677419354838,6.604374999999999,6.556363636363636,6.502352941176469,6.445714285714286,6.386666666666666,6.338918918918918,6.322631578947368,6.312307692307691,6.3325000000000005,6.366341463414634,6.40095238095238,6.408372093023256,6.397272727272727,6.393333333333333,6.354782608695652,6.296595744680851,6.234583333333333,6.152653061224489,6.088000000000001,6.035686274509805,6.010384615384615,5.9784905660377365,5.93851851851852,5.914545454545457,5.8932142857142855,5.848070175438597,5.797586206896552,5.765762711864406,5.763333333333334,5.759344262295083,5.773225806451614,5.7961904761904774,5.8278125,5.872307692307692,5.924545454545454,5.98268656716418,6.0200000000000005,6.062028985507247,6.097142857142858,6.121408450704227,6.128333333333334,6.124109589041096,6.092972972972973,6.081333333333333,6.091052631578948,6.117402597402598,6.162307692307692,6.193417721518988,6.25125,6.316296296296296,6.382195121951218,6.428433734939758,6.468809523809524,6.501176470588236,6.524651162790698,6.55448275862069,6.595,6.62561797752809,6.661111111111111,6.701318681318682,6.737391304347825,6.767311827956989,6.787021276595744,6.8,6.804374999999999,6.811752577319586,6.810816326530611,6.797777777777778,6.776999999999999,6.754653465346535,6.736666666666666,6.727766990291262,6.723846153846154,6.715238095238094,6.712452830188679,6.704112149532711,6.706111111111111,6.702568807339449,6.701818181818181,6.693873873873874,6.6932142857142845,6.703185840707964,6.701578947368419,6.699130434782608,6.696724137931034,6.696068376068376,6.690338983050847,6.683865546218487,6.674166666666666,6.660495867768595,6.6560655737704915,6.665528455284553,6.677258064516129,6.684,6.68984126984127,6.691653543307087,6.6840625,15.5,186.0,1.0,1.0,1.0,1.0,1.0,1.0,1.0,1.0,1.0,1.0,1.0,1.0,1.0,1.0,1.0,1.0,30.0,78.0,138.0,202.0,262.0,309.0,337.0,347.0,348.0,348.0,348.0,348.0,348.0,348.0,348.0,348.0,348.0,348.0,348.0,348.0,348.0,348.0,348.0,348.0,373.0,411.0,458.0,505.0,546.0,576.0,590.0,591.0,592.0,592.0,592.0,592.0,592.0,592.0,592.0,592.0,592.0,592.0,592.0,592.0,592.0,592.0,592.0,592.0,611.0,636.0,663.0,687.0,704.0,711.0,712.0,713.0,714.0,714.0,714.0,714.0,714.0,714.0,714.0,714.0,714.0,714.0,714.0,714.0,714.0,714.0,714.0,714.0,741.0,781.0,828.0,876.0,919.0,950.0,964.0,964.0,965.0,965.0,965.0,965.0,965.0,965.0,965.0,965.0,965.0,965.0,965.0,965.0,965.0,965.0,965.0,965.0,1000.0,1058.0,1131.0,1210.0,1285.0,1347.0,1388.0,1406.0,1409.0,1409.0,1409.0,1409.0,1409.0,1409.0,1409.0,1409.0,73,November 14,Nancy
0.015752119405627058,1.238738978650774,0.5015739883930392,3.474016697633502,3.474016697633502,0.7429276266706641,1.1101315784112704,1.9436582544082668,1.9436582544082668,0.5325702777970078,1.488796202046431,2.9324804426337208,2.9324804426337208,0.7109211468819085,0.7815210945378359,4.4758498522507075,4.4758498522507075,0.5103200204405332,0.8585723599298334,14.655,0.025211455276761448,0.025211455276761448,652.7863072898898,5.12,4.42,4.0200000000000005,3.67,3.4800000000000004,3.2533333333333334,3.22,3.02,2.753333333333334,2.46,2.2381818181818183,2.2033333333333336,2.3584615384615386,2.5557142857142856,2.78,2.9825,3.143529411764706,3.2811111111111106,3.4463157894736844,3.6300000000000003,3.8485714285714288,4.001818181818182,4.159130434782609,4.3075,4.52,4.727692307692307,4.934814814814815,5.059285714285714,5.168275862068966,5.233333333333334,5.32967741935484,5.3481250000000005,5.380606060606061,5.381764705882353,5.397142857142858,5.447777777777778,5.503783783783784,5.562105263157895,5.614871794871795,5.6625,5.707804878048781,5.722380952380952,5.722325581395349,5.7245454545454555,5.724444444444444,5.7004347826086965,5.679574468085107,5.647083333333332,5.5955102040816325,5.566000000000002,5.574901960784315,5.593076923076923,5.60490566037736,5.608888888888891,5.616363636363637,5.619999999999999,5.609473684210525,5.594137931034483,5.575932203389831,5.5550000000000015,5.539672131147542,5.542580645161292,5.54857142857143,5.573124999999999,5.606153846153846,5.6396969696969705,5.655820895522388,5.659705882352942,5.667826086956523,5.652857142857144,5.624225352112677,5.592222222222222,5.546027397260274,5.51054054054054,5.482666666666668,5.472631578947369,5.457662337662339,5.436666666666667,5.4263291139240515,5.4174999999999995,5.3916049382716045,5.361463414634146,5.344096385542169,5.347380952380953,5.3494117647058825,5.3641860465116284,5.385517241379311,5.413181818181818,5.4503370786516845,5.493333333333333,5.540879120879121,5.5732608695652175,5.609247311827958,5.640212765957448,5.663157894736844,5.673125,5.674639175257731,5.655714285714286,5.651313131313133,5.663,5.687326732673268,5.725882352941177,5.753980582524273,5.802692307692308,5.857142857142857,5.912452830188679,5.952710280373831,5.98851851851852,6.018165137614679,6.040909090909092,6.068648648648649,6.104821428571428,6.133274336283185,6.165614035087719,6.201739130434782,6.2346551724137935,6.262735042735043,6.28271186440678,6.297310924369748,6.304999999999999,6.31504132231405,6.318360655737704,6.311869918699187,6.299032258064516,6.284800000000001,6.2739682539682535,6.270393700787402,6.27078125,4.75,57.0,0.0,0.0,0.0,0.0,0.0,0.0,0.0,0.0,0.0,0.0,0.0,0.0,0.0,0.0,0.0,0.0,22.0,53.0,89.0,126.0,158.0,179.0,184.0,185.0,186.0,186.0,186.0,186.0,186.0,186.0,186.0,186.0,186.0,186.0,186.0,186.0,186.0,186.0,186.0,186.0,215.0,263.0,323.0,387.0,447.0,494.0,522.0,532.0,533.0,533.0,533.0,533.0,533.0,533.0,533.0,533.0,533.0,533.0,533.0,533.0,533.0,533.0,533.0,533.0,558.0,596.0,643.0,690.0,731.0,761.0,775.0,776.0,777.0,777.0,777.0,777.0,777.0,777.0,777.0,777.0,777.0,777.0,777.0,777.0,777.0,777.0,777.0,777.0,796.0,821.0,848.0,872.0,889.0,896.0,897.0,898.0,899.0,899.0,899.0,899.0,899.0,899.0,899.0,899.0,899.0,899.0,899.0,899.0,899.0,899.0,899.0,899.0,926.0,966.0,1013.0,1061.0,1104.0,1135.0,1149.0,1149.0,1150.0,1150.0,1150.0,1150.0,1150.0,1150.0,1150.0,1150.0,74,November 15,Nancy
0.015752119405627058,1.238738978650774,0.5015739883930392,3.474016697633502,3.474016697633502,0.7429276266706641,1.1101315784112704,1.9436582544082668,1.9436582544082668,0.5325702777970078,1.488796202046431,2.9324804426337208,2.9324804426337208,0.7109211468819085,0.7815210945378359,4.4758498522507075,4.4758498522507075,0.5103200204405332,0.8585723599298334,11.146666666666668,-0.007731066262757545,0.007731066262757545,631.8107057416267,5.8199999999999985,6.0699999999999985,6.253333333333333,6.344999999999999,6.359999999999999,6.353333333333333,6.405714285714287,6.307499999999999,6.1755555555555555,6.089999999999999,5.874545454545454,5.77,5.689230769230767,5.591428571428571,5.526666666666666,5.48875,5.48470588235294,5.492222222222221,5.514736842105262,5.534999999999999,5.548571428571428,5.547272727272727,5.559130434782608,5.5575,5.54,5.469999999999999,5.386666666666666,5.287857142857143,5.199310344827586,5.096666666666666,5.0296774193548375,4.923125,4.792727272727272,4.646470588235294,4.514285714285713,4.439444444444444,4.433513513513512,4.451578947368421,4.489230769230768,4.5275,4.556585365853659,4.581904761904762,4.624651162790698,4.681363636363636,4.76,4.813478260869565,4.873191489361702,4.9325,5.028163265306122,5.126,5.227843137254902,5.289230769230769,5.344528301886792,5.377407407407407,5.42909090909091,5.437857142857142,5.455087719298246,5.4544827586206885,5.462372881355932,5.491666666666666,5.524918032786886,5.5603225806451615,5.593015873015873,5.623125,5.652307692307692,5.662424242424242,5.663283582089552,5.665588235294117,5.666376811594203,5.651428571428572,5.63830985915493,5.617222222222221,5.583013698630136,5.563243243243242,5.569333333333333,5.581842105263156,5.5901298701298705,5.593076923076923,5.598481012658228,5.601249999999999,5.594074074074073,5.58341463414634,5.570602409638553,5.555714285714285,5.5447058823529405,5.546744186046511,5.55103448275862,5.568863636363636,5.5930337078651675,5.617777777777777,5.629890109890109,5.63304347826087,5.639354838709678,5.628510638297873,5.607368421052632,5.583541666666666,5.548865979381444,5.522040816326531,5.500808080808081,5.493000000000002,5.481386138613861,5.465098039215687,5.456893203883496,5.449807692307692,5.429523809523809,5.405849056603775,5.391962616822432,5.394074074074075,5.395229357798166,5.406363636363637,5.422702702702703,5.444107142857142,5.473097345132743,5.506842105263158,5.544347826086956,5.570000000000001,5.598632478632478,5.623389830508476,5.641848739495799,5.65,5.651404958677686,5.636393442622952,5.6330081300813015,5.642580645161291,5.662400000000001,5.6938095238095245,5.716850393700789,5.756718749999999,40.166666666666664,482.0,1.0,1.0,1.0,1.0,1.0,1.0,1.0,1.0,1.0,1.0,1.0,1.0,1.0,1.0,1.0,1.0,16.0,31.0,44.0,53.0,55.0,56.0,57.0,58.0,58.0,58.0,58.0,58.0,58.0,58.0,58.0,58.0,58.0,58.0,58.0,58.0,58.0,58.0,58.0,58.0,80.0,111.0,147.0,184.0,216.0,237.0,242.0,243.0,244.0,244.0,244.0,244.0,244.0,244.0,244.0,244.0,244.0,244.0,244.0,244.0,244.0,244.0,244.0,244.0,273.0,321.0,381.0,445.0,505.0,552.0,580.0,590.0,591.0,591.0,591.0,591.0,591.0,591.0,591.0,591.0,591.0,591.0,591.0,591.0,591.0,591.0,591.0,591.0,616.0,654.0,701.0,748.0,789.0,819.0,833.0,834.0,835.0,835.0,835.0,835.0,835.0,835.0,835.0,835.0,835.0,835.0,835.0,835.0,835.0,835.0,835.0,835.0,854.0,879.0,906.0,930.0,947.0,954.0,955.0,956.0,957.0,957.0,957.0,957.0,957.0,957.0,957.0,957.0,75,November 16,Nancy
0.015752119405627058,1.238738978650774,0.5015739883930392,3.474016697633502,3.474016697633502,0.7429276266706641,1.1101315784112704,1.9436582544082668,1.9436582544082668,0.5325702777970078,1.488796202046431,2.9324804426337208,2.9324804426337208,0.7109211468819085,0.7815210945378359,4.4758498522507075,4.4758498522507075,0.5103200204405332,0.8585723599298334,4.1883333333333335,0.34700041409630633,0.34700041409630633,857.6800636689213,11.42,11.57,11.453333333333333,11.245000000000001,10.940000000000001,10.67,10.391428571428571,10.095,9.942222222222222,9.98,10.065454545454545,10.303333333333333,10.473846153846154,10.555714285714286,10.586666666666666,10.563749999999999,10.52,10.403333333333332,10.277894736842105,10.145,9.953333333333333,9.824545454545454,9.698260869565216,9.578333333333333,9.427999999999999,9.308461538461538,9.208888888888888,9.116428571428571,9.02344827586207,8.933333333333334,8.861935483870969,8.760625000000001,8.65030303030303,8.552352941176471,8.414285714285716,8.308888888888891,8.211891891891895,8.109473684210528,8.020000000000001,7.9425,7.8809756097560975,7.827142857142858,7.782790697674419,7.740454545454548,7.697777777777779,7.650434782608698,7.61148936170213,7.567916666666666,7.51795918367347,7.442,7.359215686274511,7.268076923076924,7.182264150943398,7.08851851851852,7.0145454545454555,6.918214285714285,6.8077192982456145,6.687241379310345,6.574237288135594,6.495000000000001,6.457704918032789,6.436129032258066,6.4279365079365105,6.421562499999999,6.4107692307692306,6.3987878787878785,6.3991044776119415,6.4097058823529425,6.435942028985509,6.447142857142858,6.463661971830987,6.481111111111111,6.524109589041096,6.57,6.62,6.643684210526316,6.664155844155844,6.67,6.689620253164557,6.68,6.676790123456788,6.661463414634146,6.652530120481927,6.659285714285714,6.669411764705882,6.681627906976746,6.692413793103448,6.701818181818182,6.7110112359550556,6.706666666666667,6.6958241758241765,6.686304347826087,6.675913978494625,6.65404255319149,6.633684210526318,6.607499999999999,6.571546391752577,6.546530612244897,6.541212121212122,6.5409999999999995,6.537821782178218,6.53078431372549,6.525825242718448,6.519038461538462,6.504761904761904,6.487924528301886,6.469532710280373,6.449629629629629,6.432844036697247,6.426363636363636,6.421801801801802,6.428035714285714,6.439469026548672,6.451578947368421,6.45391304347826,6.449310344827586,6.447350427350426,6.4318644067796615,6.408235294117647,6.382499999999999,6.348099173553719,6.32,6.296422764227642,6.283709677419355,6.268,6.248571428571429,6.235748031496064,6.22390625,20.583333333333332,247.0,1.0,1.0,1.0,1.0,1.0,1.0,1.0,1.0,1.0,1.0,1.0,1.0,1.0,1.0,1.0,1.0,35.0,96.0,174.0,259.0,341.0,411.0,459.0,482.0,483.0,483.0,483.0,483.0,483.0,483.0,483.0,483.0,483.0,483.0,483.0,483.0,483.0,483.0,483.0,483.0,498.0,513.0,526.0,535.0,537.0,538.0,539.0,540.0,540.0,540.0,540.0,540.0,540.0,540.0,540.0,540.0,540.0,540.0,540.0,540.0,540.0,540.0,540.0,540.0,562.0,593.0,629.0,666.0,698.0,719.0,724.0,725.0,726.0,726.0,726.0,726.0,726.0,726.0,726.0,726.0,726.0,726.0,726.0,726.0,726.0,726.0,726.0,726.0,755.0,803.0,863.0,927.0,987.0,1034.0,1062.0,1072.0,1073.0,1073.0,1073.0,1073.0,1073.0,1073.0,1073.0,1073.0,1073.0,1073.0,1073.0,1073.0,1073.0,1073.0,1073.0,1073.0,1098.0,1136.0,1183.0,1230.0,1271.0,1301.0,1315.0,1316.0,1317.0,1317.0,1317.0,1317.0,1317.0,1317.0,1317.0,1317.0,76,November 17,Nancy
0.015752119405627058,1.238738978650774,0.5015739883930392,3.474016697633502,3.474016697633502,0.7429276266706641,1.1101315784112704,1.9436582544082668,1.9436582544082668,0.5325702777970078,1.488796202046431,2.9324804426337208,2.9324804426337208,0.7109211468819085,0.7815210945378359,4.4758498522507075,4.4758498522507075,0.5103200204405332,0.8585723599298334,1.8216666666666652,-0.6029884542394497,0.6029884542394497,252.79048490393433,16.72,17.27,17.353333333333335,17.095,16.860000000000003,16.72,16.62,16.419999999999998,16.242222222222225,16.25,16.329090909090908,16.486666666666668,16.627692307692307,16.74142857142857,16.793333333333333,16.77625,16.79058823529412,16.82,16.78842105263158,16.714999999999996,16.63428571428571,16.524545454545454,16.337391304347825,16.14916666666667,15.96,15.796923076923077,15.627407407407405,15.448571428571427,15.25103448275862,15.053333333333331,14.849032258064515,14.635625000000001,14.456363636363639,14.33470588235294,14.237142857142857,14.200555555555557,14.155135135135135,14.08842105263158,14.00974358974359,13.915000000000001,13.815121951219512,13.686666666666667,13.554883720930233,13.420000000000003,13.257777777777779,13.124347826086957,12.992340425531914,12.863749999999998,12.719999999999999,12.592,12.474901960784317,12.362307692307695,12.250188679245285,12.140370370370372,12.041818181818183,11.927142857142858,11.807719298245614,11.695862068965518,11.560677966101695,11.445,11.334754098360657,11.22161290322581,11.116825396825398,11.02,10.933846153846154,10.853333333333333,10.779701492537313,10.708235294117648,10.637391304347826,10.564285714285715,10.497464788732396,10.428333333333333,10.355616438356165,10.265945945945948,10.171999999999999,10.072631578947368,9.977142857142857,9.876410256410256,9.789620253164557,9.687499999999998,9.575555555555555,9.456585365853659,9.34289156626506,9.253333333333334,9.194117647058823,9.146744186046512,9.109655172413794,9.074545454545454,9.03685393258427,8.998888888888889,8.97054945054945,8.950434782608696,8.94258064516129,8.924255319148935,8.910526315789474,8.898125,8.905567010309278,8.915918367346938,8.93010101010101,8.925,8.918019801980197,8.900392156862745,8.89378640776699,8.865192307692308,8.841904761904761,8.809622641509435,8.782616822429906,8.768148148148148,8.756697247706422,8.747272727272728,8.737117117117117,8.72625,8.715575221238938,8.694561403508773,8.668695652173913,8.644137931034484,8.619145299145298,8.585254237288137,8.552773109243697,8.515833333333331,8.471239669421486,8.435573770491802,8.415934959349592,8.400645161290322,8.383199999999999,8.362857142857141,8.344409448818897,8.3246875,45.75,549.0,1.0,1.0,1.0,1.0,1.0,1.0,1.0,1.0,1.0,1.0,1.0,1.0,1.0,1.0,1.0,1.0,24.0,62.0,108.0,156.0,199.0,230.0,245.0,247.0,248.0,248.0,248.0,248.0,248.0,248.0,248.0,248.0,248.0,248.0,248.0,248.0,248.0,248.0,248.0,248.0,282.0,343.0,421.0,506.0,588.0,658.0,706.0,729.0,730.0,730.0,730.0,730.0,730.0,730.0,730.0,730.0,730.0,730.0,730.0,730.0,730.0,730.0,730.0,730.0,745.0,760.0,773.0,782.0,784.0,785.0,786.0,787.0,787.0,787.0,787.0,787.0,787.0,787.0,787.0,787.0,787.0,787.0,787.0,787.0,787.0,787.0,787.0,787.0,809.0,840.0,876.0,913.0,945.0,966.0,971.0,972.0,973.0,973.0,973.0,973.0,973.0,973.0,973.0,973.0,973.0,973.0,973.0,973.0,973.0,973.0,973.0,973.0,1002.0,1050.0,1110.0,1174.0,1234.0,1281.0,1309.0,1319.0,1320.0,1320.0,1320.0,1320.0,1320.0,1320.0,1320.0,1320.0,77,November 18,Nancy
0.015752119405627058,1.238738978650774,0.5015739883930392,3.474016697633502,3.474016697633502,0.7429276266706641,1.1101315784112704,1.9436582544082668,1.9436582544082668,0.5325702777970078,1.488796202046431,2.9324804426337208,2.9324804426337208,0.7109211468819085,0.7815210945378359,4.4758498522507075,4.4758498522507075,0.5103200204405332,0.8585723599298334,4.83,-0.04522588011227909,0.04522588011227909,607.9365079365081,12.72,12.07,11.42,10.57,10.0,9.836666666666666,9.820000000000002,9.795,9.92,10.15,10.43818181818182,10.736666666666666,11.073846153846155,11.377142857142855,11.806666666666667,12.195,12.60235294117647,12.992222222222221,13.314736842105262,13.635000000000002,13.920000000000002,14.138181818181819,14.33304347826087,14.457500000000001,14.548000000000002,14.673846153846155,14.77925925925926,14.834285714285716,14.871724137931036,14.910000000000002,14.945806451612906,14.948125000000001,14.944242424242425,14.984705882352943,15.045714285714286,15.133888888888887,15.219999999999999,15.298947368421054,15.355897435897436,15.385,15.42487804878049,15.47,15.487441860465117,15.483636363636363,15.473333333333334,15.44608695652174,15.37744680851064,15.303333333333335,15.224081632653062,15.153999999999998,15.076862745098039,14.991153846153846,14.891698113207546,14.788518518518517,14.678181818181818,14.559285714285712,14.456842105263156,14.385517241379311,14.326779661016948,14.303333333333333,14.274098360655739,14.231290322580644,14.180317460317461,14.118437499999999,14.052307692307693,13.966969696969697,13.878208955223881,13.786176470588234,13.675072463768116,13.581428571428571,13.487605633802817,13.395000000000001,13.291232876712328,13.197027027027028,13.109333333333332,13.023947368421052,12.938181818181818,12.853333333333333,12.775696202531645,12.686250000000001,12.592839506172838,12.504146341463414,12.398313253012047,12.305714285714286,12.216470588235294,12.124651162790698,12.038390804597702,11.9575,11.884044943820225,11.814444444444446,11.74967032967033,11.686304347826086,11.623225806451613,11.558297872340425,11.497894736842104,11.435625,11.370515463917526,11.292448979591837,11.21090909090909,11.124999999999998,11.041782178217822,10.954313725490195,10.877281553398058,10.788269230769231,10.69142857142857,10.588867924528303,10.490093457943926,10.409814814814816,10.353027522935779,10.305454545454545,10.265945945945946,10.228035714285713,10.188141592920354,10.148070175438598,10.115652173913043,10.089827586206898,10.073846153846153,10.049661016949152,10.029243697478991,10.01,10.006776859504132,10.006065573770492,10.008617886178861,9.995806451612903,9.981599999999998,9.958888888888888,9.945196850393701,9.91375,34.166666666666664,410.0,0.0,0.0,0.0,0.0,0.0,0.0,0.0,0.0,0.0,0.0,0.0,0.0,0.0,0.0,0.0,0.0,35.0,101.0,188.0,286.0,382.0,463.0,520.0,548.0,549.0,549.0,549.0,549.0,549.0,549.0,549.0,549.0,549.0,549.0,549.0,549.0,549.0,549.0,549.0,549.0,572.0,610.0,656.0,704.0,747.0,778.0,793.0,795.0,796.0,796.0,796.0,796.0,796.0,796.0,796.0,796.0,796.0,796.0,796.0,796.0,796.0,796.0,796.0,796.0,830.0,891.0,969.0,1054.0,1136.0,1206.0,1254.0,1277.0,1278.0,1278.0,1278.0,1278.0,1278.0,1278.0,1278.0,1278.0,1278.0,1278.0,1278.0,1278.0,1278.0,1278.0,1278.0,1278.0,1293.0,1308.0,1321.0,1330.0,1332.0,1333.0,1334.0,1335.0,1335.0,1335.0,1335.0,1335.0,1335.0,1335.0,1335.0,1335.0,1335.0,1335.0,1335.0,1335.0,1335.0,1335.0,1335.0,1335.0,1357.0,1388.0,1424.0,1461.0,1493.0,1514.0,1519.0,1520.0,1521.0,1521.0,1521.0,1521.0,1521.0,1521.0,1521.0,1521.0,78,November 19,Nancy
0.015752119405627058,1.238738978650774,0.5015739883930392,3.474016697633502,3.474016697633502,0.7429276266706641,1.1101315784112704,1.9436582544082668,1.9436582544082668,0.5325702777970078,1.488796202046431,2.9324804426337208,2.9324804426337208,0.7109211468819085,0.7815210945378359,4.4758498522507075,4.4758498522507075,0.5103200204405332,0.8585723599298334,11.755,-0.15744802099151942,0.15744802099151942,536.4809301006665,9.52,8.969999999999999,8.72,8.370000000000001,8.24,8.203333333333333,8.134285714285713,8.145,8.197777777777777,8.34,8.574545454545454,8.753333333333332,8.958461538461536,9.255714285714287,9.613333333333333,10.0075,10.343529411764706,10.636666666666667,10.946315789473683,11.264999999999999,11.524761904761904,11.756363636363636,11.889565217391304,11.961666666666666,11.991999999999997,11.969999999999999,11.90148148148148,11.762857142857143,11.62344827586207,11.536666666666667,11.478064516129034,11.42,11.404848484848484,11.428823529411764,11.482857142857144,11.553333333333335,11.64972972972973,11.746315789473684,11.902051282051284,12.055000000000001,12.227317073170731,12.403333333333334,12.559534883720929,12.722272727272726,12.875555555555557,13.002608695652176,13.122127659574469,13.209583333333333,13.281224489795918,13.371999999999998,13.453333333333333,13.508461538461537,13.553962264150945,13.599629629629632,13.643636363636364,13.668214285714285,13.688421052631579,13.733793103448274,13.791186440677965,13.865000000000002,13.938032786885246,14.007096774193549,14.062857142857144,14.10125,14.146153846153846,14.194242424242423,14.224477611940298,14.240588235294117,14.251884057971017,14.251428571428571,14.222816901408452,14.189444444444444,14.151506849315068,14.118648648648652,14.080000000000004,14.034473684210525,13.97844155844156,13.91871794871795,13.852911392405066,13.779999999999998,13.71753086419753,13.676097560975611,13.642891566265059,13.634285714285713,13.621176470588235,13.597906976744184,13.568275862068965,13.530227272727272,13.488539325842696,13.432222222222224,13.372747252747253,13.310217391304347,13.232903225806453,13.167872340425532,13.102105263157895,13.036666666666667,12.962268041237113,12.894489795918368,12.831111111111111,12.769,12.706138613861388,12.643529411764707,12.586019417475729,12.519038461538461,12.448571428571428,12.381320754716981,12.300373831775701,12.229259259259258,12.160366972477064,12.089090909090908,12.021801801801802,11.958392857142858,11.900530973451326,11.84543859649123,11.79391304347826,11.743275862068966,11.692649572649572,11.640338983050848,11.59142857142857,11.540833333333333,11.487768595041322,11.424098360655737,11.357398373983738,11.286935483870968,11.218399999999999,11.146190476190474,11.082204724409449,11.00828125,38.833333333333336,466.0,0.0,0.0,0.0,0.0,0.0,0.0,0.0,0.0,0.0,0.0,0.0,0.0,0.0,0.0,0.0,0.0,30.0,83.0,151.0,225.0,296.0,355.0,394.0,410.0,410.0,410.0,410.0,410.0,410.0,410.0,410.0,410.0,410.0,410.0,410.0,410.0,410.0,410.0,410.0,410.0,445.0,511.0,598.0,696.0,792.0,873.0,930.0,958.0,959.0,959.0,959.0,959.0,959.0,959.0,959.0,959.0,959.0,959.0,959.0,959.0,959.0,959.0,959.0,959.0,982.0,1020.0,1066.0,1114.0,1157.0,1188.0,1203.0,1205.0,1206.0,1206.0,1206.0,1206.0,1206.0,1206.0,1206.0,1206.0,1206.0,1206.0,1206.0,1206.0,1206.0,1206.0,1206.0,1206.0,1240.0,1301.0,1379.0,1464.0,1546.0,1616.0,1664.0,1687.0,1688.0,1688.0,1688.0,1688.0,1688.0,1688.0,1688.0,1688.0,1688.0,1688.0,1688.0,1688.0,1688.0,1688.0,1688.0,1688.0,1703.0,1718.0,1731.0,1740.0,1742.0,1743.0,1744.0,1745.0,1745.0,1745.0,1745.0,1745.0,1745.0,1745.0,1745.0,1745.0,79,November 20,Nancy
0.015752119405627058,1.238738978650774,0.5015739883930392,3.474016697633502,3.474016697633502,0.7429276266706641,1.1101315784112704,1.9436582544082668,1.9436582544082668,0.5325702777970078,1.488796202046431,2.9324804426337208,2.9324804426337208,0.7109211468819085,0.7815210945378359,4.4758498522507075,4.4758498522507075,0.5103200204405332,0.8585723599298334,14.038333333333336,0.06870800994823094,0.06870800994823094,680.4820135343701,3.02,2.9699999999999998,2.7866666666666666,2.295,2.2199999999999998,2.07,2.162857142857143,2.3325,2.642222222222222,3.01,3.383636363636364,3.6700000000000004,3.973846153846154,4.234285714285715,4.46,4.7075,4.908235294117646,5.075555555555556,5.183157894736842,5.335,5.481904761904762,5.633636363636364,5.789565217391305,5.9575,6.1,6.18923076923077,6.264444444444444,6.302142857142856,6.35103448275862,6.406666666666665,6.449032258064515,6.504375,6.568484848484849,6.658235294117648,6.779999999999999,6.889444444444444,7.01189189189189,7.172631578947368,7.363589743589744,7.577500000000001,7.77609756097561,7.962857142857143,8.16186046511628,8.370000000000001,8.555555555555555,8.730869565217391,8.860425531914894,8.959583333333333,9.036326530612245,9.084,9.104313725490195,9.083461538461538,9.057735849056604,9.057037037037036,9.069090909090908,9.078928571428571,9.11122807017544,9.164827586206895,9.235254237288133,9.315,9.41016393442623,9.505483870967742,9.637460317460317,9.768437500000001,9.912307692307692,10.059393939393939,10.19462686567164,10.334705882352939,10.46927536231884,10.587142857142858,10.700281690140844,10.792222222222222,10.873424657534246,10.967297297297296,11.054666666666666,11.123947368421051,11.186233766233766,11.248205128205127,11.308607594936708,11.355,11.397777777777778,11.45780487804878,11.526024096385541,11.605714285714285,11.68470588235294,11.760697674418605,11.826896551724138,11.880227272727273,11.937977528089888,11.997777777777777,12.044175824175827,12.079782608695652,12.111397849462367,12.133829787234044,12.134736842105266,12.131458333333333,12.124123711340205,12.12,12.110909090909091,12.095999999999998,12.072475247524752,12.04549019607843,12.013203883495144,11.974807692307694,11.943809523809524,11.928490566037736,11.919065420560749,11.928333333333333,11.933761467889909,11.930909090909092,11.922702702702704,11.907499999999999,11.889026548672566,11.858596491228072,11.82521739130435,11.788965517241381,11.740512820512821,11.701355932203391,11.661176470588236,11.620833333333334,11.57289256198347,11.52983606557377,11.489918699186994,11.450645161290321,11.4104,11.37,11.333385826771654,11.28875,7.5,90.0,0.0,0.0,0.0,0.0,0.0,0.0,0.0,0.0,0.0,0.0,0.0,0.0,0.0,0.0,0.0,0.0,32.0,90.0,166.0,249.0,330.0,398.0,445.0,466.0,466.0,466.0,466.0,466.0,466.0,466.0,466.0,466.0,466.0,466.0,466.0,466.0,466.0,466.0,466.0,466.0,496.0,549.0,617.0,691.0,762.0,821.0,860.0,876.0,876.0,876.0,876.0,876.0,876.0,876.0,876.0,876.0,876.0,876.0,876.0,876.0,876.0,876.0,876.0,876.0,911.0,977.0,1064.0,1162.0,1258.0,1339.0,1396.0,1424.0,1425.0,1425.0,1425.0,1425.0,1425.0,1425.0,1425.0,1425.0,1425.0,1425.0,1425.0,1425.0,1425.0,1425.0,1425.0,1425.0,1448.0,1486.0,1532.0,1580.0,1623.0,1654.0,1669.0,1671.0,1672.0,1672.0,1672.0,1672.0,1672.0,1672.0,1672.0,1672.0,1672.0,1672.0,1672.0,1672.0,1672.0,1672.0,1672.0,1672.0,1706.0,1767.0,1845.0,1930.0,2012.0,2082.0,2130.0,2153.0,2154.0,2154.0,2154.0,2154.0,2154.0,2154.0,2154.0,2154.0,80,November 21,Nancy
0.015752119405627058,1.238738978650774,0.5015739883930392,3.474016697633502,3.474016697633502,0.7429276266706641,1.1101315784112704,1.9436582544082668,1.9436582544082668,0.5325702777970078,1.488796202046431,2.9324804426337208,2.9324804426337208,0.7109211468819085,0.7815210945378359,4.4758498522507075,4.4758498522507075,0.5103200204405332,0.8585723599298334,13.755,-0.11510271761906007,0.11510271761906007,563.4435962680237,6.02,6.02,5.586666666666666,5.17,4.9799999999999995,4.92,4.819999999999999,4.795,4.931111111111111,5.139999999999999,5.41090909090909,5.694999999999999,5.943076923076922,6.191428571428571,6.293333333333334,6.38875,6.390588235294118,6.364444444444443,6.298947368421051,6.165,6.067619047619046,5.992727272727273,5.93304347826087,5.828333333333333,5.716,5.6084615384615395,5.49037037037037,5.323571428571428,5.206206896551725,5.076666666666667,5.000645161290323,4.954375000000001,4.959393939393939,4.999411764705883,5.06,5.108888888888889,5.176756756756757,5.241052631578947,5.302051282051282,5.38,5.446829268292683,5.505714285714286,5.543255813953489,5.6040909090909095,5.666666666666667,5.735217391304348,5.80936170212766,5.892916666666667,5.966938775510204,6.015999999999999,6.059215686274509,6.083461538461539,6.114339622641511,6.14962962962963,6.17818181818182,6.214642857142857,6.256842105263158,6.3148275862068965,6.392881355932204,6.465000000000001,6.546229508196722,6.65225806451613,6.77873015873016,6.9215625,7.056923076923077,7.1866666666666665,7.325970149253731,7.472941176470588,7.60695652173913,7.735714285714284,7.835492957746478,7.915833333333334,7.981643835616439,8.028108108108107,8.056000000000001,8.055526315789473,8.05116883116883,8.063589743589745,8.084556962025317,8.10375,8.138518518518518,8.18829268292683,8.250120481927711,8.318809523809522,8.398823529411764,8.479302325581395,8.586666666666668,8.693863636363638,8.811011235955055,8.931111111111111,9.043076923076924,9.15913043478261,9.271612903225805,9.372127659574469,9.469473684210527,9.551250000000001,9.625154639175257,9.708775510204083,9.787676767676768,9.853,9.913069306930693,9.972941176470588,10.031650485436893,10.079615384615387,10.124761904761904,10.183207547169811,10.248037383177572,10.321851851851852,10.395229357798167,10.466363636363637,10.52990990990991,10.583392857142858,10.640353982300883,10.69894736842105,10.74695652173913,10.786379310344827,10.822564102564103,10.85135593220339,10.862857142857143,10.870833333333334,10.875371900826448,10.882295081967213,10.885040650406504,10.88290322580645,10.8736,10.861269841269841,10.844409448818897,10.822343749999998,40.333333333333336,484.0,0.0,0.0,0.0,0.0,0.0,0.0,0.0,0.0,0.0,0.0,0.0,0.0,0.0,0.0,0.0,0.0,16.0,36.0,57.0,75.0,86.0,88.0,89.0,90.0,90.0,90.0,90.0,90.0,90.0,90.0,90.0,90.0,90.0,90.0,90.0,90.0,90.0,90.0,90.0,90.0,122.0,180.0,256.0,339.0,420.0,488.0,535.0,556.0,556.0,556.0,556.0,556.0,556.0,556.0,556.0,556.0,556.0,556.0,556.0,556.0,556.0,556.0,556.0,556.0,586.0,639.0,707.0,781.0,852.0,911.0,950.0,966.0,966.0,966.0,966.0,966.0,966.0,966.0,966.0,966.0,966.0,966.0,966.0,966.0,966.0,966.0,966.0,966.0,1001.0,1067.0,1154.0,1252.0,1348.0,1429.0,1486.0,1514.0,1515.0,1515.0,1515.0,1515.0,1515.0,1515.0,1515.0,1515.0,1515.0,1515.0,1515.0,1515.0,1515.0,1515.0,1515.0,1515.0,1538.0,1576.0,1622.0,1670.0,1713.0,1744.0,1759.0,1761.0,1762.0,1762.0,1762.0,1762.0,1762.0,1762.0,1762.0,1762.0,81,November 22,Nancy
0.015752119405627058,1.238738978650774,0.5015739883930392,3.474016697633502,3.474016697633502,0.7429276266706641,1.1101315784112704,1.9436582544082668,1.9436582544082668,0.5325702777970078,1.488796202046431,2.9324804426337208,2.9324804426337208,0.7109211468819085,0.7815210945378359,4.4758498522507075,4.4758498522507075,0.5103200204405332,0.8585723599298334,12.696666666666667,-0.0019965497847305976,0.0019965497847305976,635.4620635337358,6.42,5.92,5.5200000000000005,5.32,5.159999999999999,5.02,4.977142857142857,5.1075,5.208888888888889,5.2,5.165454545454545,5.153333333333333,5.035384615384615,4.97,4.92,4.95125,5.014117647058823,5.07,5.1410526315789475,5.26,5.42,5.547272727272728,5.646086956521739,5.699166666666667,5.712,5.723846153846154,5.6866666666666665,5.623571428571428,5.575172413793103,5.543333333333333,5.500645161290322,5.473125,5.489696969696968,5.534705882352941,5.608571428571428,5.697777777777777,5.784864864864864,5.880526315789473,5.927692307692307,5.975,5.985853658536585,5.984285714285714,5.964186046511627,5.91090909090909,5.8711111111111105,5.839565217391305,5.813617021276597,5.763749999999999,5.707755102040816,5.652,5.588627450980393,5.496923076923078,5.429433962264151,5.353333333333334,5.3054545454545465,5.273571428571428,5.270877192982456,5.288965517241379,5.32,5.345000000000001,5.3822950819672135,5.418387096774194,5.453333333333334,5.4996875,5.539999999999999,5.576060606060606,5.599104477611941,5.63764705882353,5.677971014492755,5.722857142857143,5.77211267605634,5.828333333333333,5.878904109589041,5.913243243243244,5.944,5.962105263157896,5.984935064935065,6.0110256410256415,6.032658227848103,6.06,6.0916049382716055,6.1346341463414635,6.192289156626506,6.246190476190476,6.307058823529412,6.3862790697674425,6.480919540229886,6.588181818181818,6.690786516853931,6.789999999999999,6.896923076923076,7.010217391304347,7.114623655913978,7.2157446808510635,7.295789473684211,7.361666666666667,7.416907216494844,7.4577551020408155,7.484646464646465,7.49,7.492277227722773,7.507254901960783,7.52873786407767,7.548846153846153,7.58095238095238,7.6247169811320745,7.677943925233644,7.736666666666666,7.804403669724769,7.872727272727273,7.9623423423423425,8.052142857142856,8.15008849557522,8.250701754385965,8.345217391304347,8.443275862068965,8.538803418803418,8.625084745762711,8.709075630252102,8.780833333333332,8.846446280991737,8.920000000000002,8.989918699186994,9.049032258064518,9.104000000000001,9.15888888888889,9.212913385826774,9.258281250000001,5.75,69.0,0.0,0.0,0.0,0.0,0.0,0.0,0.0,0.0,0.0,0.0,0.0,0.0,0.0,0.0,0.0,0.0,31.0,90.0,169.0,257.0,342.0,414.0,462.0,484.0,484.0,484.0,484.0,484.0,484.0,484.0,484.0,484.0,484.0,484.0,484.0,484.0,484.0,484.0,484.0,484.0,500.0,520.0,541.0,559.0,570.0,572.0,573.0,574.0,574.0,574.0,574.0,574.0,574.0,574.0,574.0,574.0,574.0,574.0,574.0,574.0,574.0,574.0,574.0,574.0,606.0,664.0,740.0,823.0,904.0,972.0,1019.0,1040.0,1040.0,1040.0,1040.0,1040.0,1040.0,1040.0,1040.0,1040.0,1040.0,1040.0,1040.0,1040.0,1040.0,1040.0,1040.0,1040.0,1070.0,1123.0,1191.0,1265.0,1336.0,1395.0,1434.0,1450.0,1450.0,1450.0,1450.0,1450.0,1450.0,1450.0,1450.0,1450.0,1450.0,1450.0,1450.0,1450.0,1450.0,1450.0,1450.0,1450.0,1485.0,1551.0,1638.0,1736.0,1832.0,1913.0,1970.0,1998.0,1999.0,1999.0,1999.0,1999.0,1999.0,1999.0,1999.0,1999.0,82,November 23,Nancy
0.015752119405627058,1.238738978650774,0.5015739883930392,3.474016697633502,3.474016697633502,0.7429276266706641,1.1101315784112704,1.9436582544082668,1.9436582544082668,0.5325702777970078,1.488796202046431,2.9324804426337208,2.9324804426337208,0.7109211468819085,0.7815210945378359,4.4758498522507075,4.4758498522507075,0.5103200204405332,0.8585723599298334,14.038333333333336,0.01866330595637775,0.01866330595637775,648.6168823459575,6.02,5.77,5.653333333333333,5.17,4.619999999999999,4.336666666666667,4.0200000000000005,3.9074999999999998,3.6866666666666656,3.54,3.438181818181818,3.2949999999999995,3.2199999999999998,3.255714285714286,3.3600000000000003,3.5387500000000003,3.749411764705882,3.964444444444444,4.241052631578947,4.555000000000001,4.853333333333333,5.065454545454545,5.22,5.299166666666667,5.344000000000001,5.346923076923078,5.323703703703704,5.302142857142857,5.275172413793103,5.243333333333333,5.226451612903225,5.25125,5.274545454545454,5.2700000000000005,5.257142857142856,5.250555555555555,5.206486486486486,5.177894736842105,5.153333333333332,5.16,5.180975609756098,5.200952380952382,5.229302325581395,5.281363636363637,5.355555555555555,5.417826086956521,5.468936170212765,5.499166666666667,5.509795918367347,5.519999999999999,5.504313725490196,5.4738461538461545,5.450188679245285,5.434814814814816,5.412727272727275,5.398571428571429,5.409473684210526,5.437241379310344,5.482711864406779,5.538333333333333,5.593770491803279,5.655483870967742,5.688253968253968,5.721562499999999,5.732307692307691,5.7351515151515144,5.7259701492537305,5.695,5.672173913043478,5.654285714285715,5.6397183098591555,5.608888888888889,5.573424657534246,5.537567567567567,5.4959999999999996,5.434473684210526,5.388831168831169,5.336666666666667,5.3035443037974686,5.281249999999999,5.279259259259258,5.291951219512194,5.313975903614456,5.331904761904761,5.358823529411764,5.385116279069767,5.4108045977011505,5.445,5.47505617977528,5.502222222222222,5.52,5.549347826086957,5.580215053763442,5.614680851063829,5.652631578947367,5.696041666666666,5.735463917525772,5.762857142857142,5.787676767676767,5.802999999999998,5.8219801980198005,5.843529411764704,5.861747572815533,5.884423076923077,5.9104761904761896,5.945471698113208,5.99196261682243,6.035740740740741,6.0851376146788985,6.149090909090908,6.2254054054054055,6.311964285714287,6.395221238938053,6.476140350877193,6.563478260869565,6.6562068965517245,6.742222222222222,6.82593220338983,6.893109243697478,6.949166666666667,6.996859504132231,7.03311475409836,7.058211382113821,7.065967741935483,7.071199999999999,7.086666666666665,7.1074015748031485,7.12703125,2.4166666666666665,29.0,0.0,0.0,0.0,0.0,0.0,0.0,0.0,0.0,0.0,0.0,0.0,0.0,0.0,0.0,0.0,0.0,15.0,31.0,46.0,58.0,64.0,67.0,68.0,69.0,69.0,69.0,69.0,69.0,69.0,69.0,69.0,69.0,69.0,69.0,69.0,69.0,69.0,69.0,69.0,69.0,100.0,159.0,238.0,326.0,411.0,483.0,531.0,553.0,553.0,553.0,553.0,553.0,553.0,553.0,553.0,553.0,553.0,553.0,553.0,553.0,553.0,553.0,553.0,553.0,569.0,589.0,610.0,628.0,639.0,641.0,642.0,643.0,643.0,643.0,643.0,643.0,643.0,643.0,643.0,643.0,643.0,643.0,643.0,643.0,643.0,643.0,643.0,643.0,675.0,733.0,809.0,892.0,973.0,1041.0,1088.0,1109.0,1109.0,1109.0,1109.0,1109.0,1109.0,1109.0,1109.0,1109.0,1109.0,1109.0,1109.0,1109.0,1109.0,1109.0,1109.0,1109.0,1139.0,1192.0,1260.0,1334.0,1405.0,1464.0,1503.0,1519.0,1519.0,1519.0,1519.0,1519.0,1519.0,1519.0,1519.0,1519.0,83,November 24,Nancy
0.015752119405627058,1.238738978650774,0.5015739883930392,3.474016697633502,3.474016697633502,0.7429276266706641,1.1101315784112704,1.9436582544082668,1.9436582544082668,0.5325702777970078,1.488796202046431,2.9324804426337208,2.9324804426337208,0.7109211468819085,0.7815210945378359,4.4758498522507075,4.4758498522507075,0.5103200204405332,0.8585723599298334,15.505,0.006190531450316673,0.006190531450316673,640.6750510587982,3.42,3.27,3.22,2.745,2.4,2.27,2.1485714285714286,2.1575,2.2200000000000006,2.2800000000000002,2.438181818181818,2.6033333333333335,2.835384615384615,2.991428571428571,3.06,3.12,3.208235294117647,3.42,3.667368421052632,3.91,4.005714285714285,4.115454545454545,4.2156521739130435,4.2825,4.352,4.396923076923077,4.434814814814815,4.409285714285714,4.340689655172414,4.293333333333334,4.223225806451612,4.188750000000001,4.12,4.064117647058823,4.017142857142857,3.953333333333333,3.909189189189189,3.90421052631579,3.927692307692307,3.9849999999999994,4.0614634146341455,4.146190476190476,4.264186046511628,4.406363636363635,4.5488888888888885,4.65695652173913,4.741276595744681,4.7908333333333335,4.82408163265306,4.835999999999999,4.833725490196079,4.831538461538461,4.82566037735849,4.816296296296296,4.8145454545454545,4.836071428571429,4.8568421052631585,4.8613793103448275,4.8606779661016954,4.863333333333333,4.84295081967213,4.831290322580645,4.821587301587303,4.8309375,4.849230769230769,4.866969696969697,4.890149253731344,4.9288235294117655,4.98231884057971,5.0285714285714285,5.067887323943662,5.0936111111111115,5.106301369863013,5.118648648648648,5.113333333333334,5.097631578947368,5.086233766233766,5.0802564102564105,5.069367088607595,5.063750000000001,5.075555555555556,5.099268292682927,5.13566265060241,5.17952380952381,5.223529411764706,5.272325581395348,5.3004597701149425,5.329090909090909,5.341348314606741,5.347777777777777,5.3452747252747255,5.326521739130435,5.313548387096774,5.304042553191489,5.296842105263158,5.277291666666666,5.254020618556701,5.230204081632652,5.201818181818181,5.157999999999999,5.125940594059404,5.088627450980391,5.065631067961164,5.05076923076923,5.051428571428572,5.063396226415094,5.082616822429906,5.098703703703704,5.121834862385321,5.1445454545454545,5.1668468468468465,5.195892857142858,5.221769911504424,5.245438596491228,5.261739130434782,5.287241379310344,5.314017094017094,5.343728813559322,5.376302521008403,5.413333333333332,5.447272727272727,5.471639344262295,5.493983739837398,5.508709677419354,5.5264,5.546190476190477,5.563307086614173,5.5840625,7.916666666666667,95.0,0.0,0.0,0.0,0.0,0.0,0.0,0.0,0.0,0.0,0.0,0.0,0.0,0.0,0.0,0.0,0.0,12.0,21.0,24.0,25.0,26.0,27.0,28.0,29.0,29.0,29.0,29.0,29.0,29.0,29.0,29.0,29.0,29.0,29.0,29.0,29.0,29.0,29.0,29.0,29.0,44.0,60.0,75.0,87.0,93.0,96.0,97.0,98.0,98.0,98.0,98.0,98.0,98.0,98.0,98.0,98.0,98.0,98.0,98.0,98.0,98.0,98.0,98.0,98.0,129.0,188.0,267.0,355.0,440.0,512.0,560.0,582.0,582.0,582.0,582.0,582.0,582.0,582.0,582.0,582.0,582.0,582.0,582.0,582.0,582.0,582.0,582.0,582.0,598.0,618.0,639.0,657.0,668.0,670.0,671.0,672.0,672.0,672.0,672.0,672.0,672.0,672.0,672.0,672.0,672.0,672.0,672.0,672.0,672.0,672.0,672.0,672.0,704.0,762.0,838.0,921.0,1002.0,1070.0,1117.0,1138.0,1138.0,1138.0,1138.0,1138.0,1138.0,1138.0,1138.0,1138.0,84,November 25,Nancy
0.015752119405627058,1.238738978650774,0.5015739883930392,3.474016697633502,3.474016697633502,0.7429276266706641,1.1101315784112704,1.9436582544082668,1.9436582544082668,0.5325702777970078,1.488796202046431,2.9324804426337208,2.9324804426337208,0.7109211468819085,0.7815210945378359,4.4758498522507075,4.4758498522507075,0.5103200204405332,0.8585723599298334,17.005,0.005065703543991673,0.005065703543991673,639.9588356365775,1.12,1.87,1.9866666666666666,1.7950000000000002,1.78,1.7533333333333332,1.705714285714286,1.6825,1.6533333333333333,1.7400000000000002,1.810909090909091,1.8616666666666666,1.9661538461538461,2.0628571428571427,2.106666666666667,2.2325,2.3611764705882354,2.4588888888888882,2.556842105263158,2.6849999999999996,2.8295238095238093,2.997272727272727,3.12,3.1783333333333332,3.1880000000000006,3.1853846153846157,3.1829629629629634,3.1164285714285715,3.044137931034483,2.996666666666667,2.9458064516129037,2.9231249999999998,2.9169696969696974,2.914117647058824,2.945714285714286,2.986666666666667,3.0578378378378384,3.1094736842105264,3.1328205128205133,3.1550000000000002,3.190731707317073,3.2819047619047628,3.394418604651163,3.510909090909091,3.5644444444444447,3.6265217391304345,3.685957446808511,3.7304166666666667,3.7771428571428576,3.812,3.843529411764706,3.8411538461538464,3.8143396226415094,3.797777777777778,3.767272727272727,3.755714285714286,3.7235087719298248,3.6975862068965517,3.6759322033898303,3.643333333333333,3.6216393442622947,3.623225806451613,3.642222222222222,3.6825,3.7353846153846155,3.7942424242424244,3.8752238805970145,3.9729411764705893,4.072173913043479,4.150000000000001,4.212957746478874,4.253333333333334,4.283013698630136,4.298378378378379,4.304,4.309473684210527,4.3122077922077935,4.3123076923076935,4.317468354430381,4.338749999999999,4.359506172839506,4.368780487804878,4.37421686746988,4.381904761904762,4.372941176470588,4.370000000000001,4.368275862068967,4.380227272727273,4.398651685393259,4.416666666666667,4.4386813186813185,4.472173913043479,4.516774193548388,4.5561702127659585,4.590526315789474,4.614791666666666,4.629278350515463,4.643469387755101,4.6442424242424245,4.6370000000000005,4.632871287128713,4.632745098039217,4.628737864077671,4.6286538461538465,4.641904761904762,4.66433962264151,4.696635514018692,4.734814814814815,4.773211009174313,4.815454545454545,4.841621621621623,4.868214285714286,4.881946902654867,4.891052631578947,4.89304347826087,4.882068965517242,4.875555555555556,4.8716949152542375,4.869579831932773,4.8575,4.8423140495867765,4.82655737704918,4.806991869918699,4.77483870967742,4.752,4.724761904761905,4.708976377952756,4.6996875,3.3333333333333335,40.0,0.0,0.0,0.0,0.0,0.0,0.0,0.0,0.0,0.0,0.0,0.0,0.0,0.0,0.0,0.0,0.0,16.0,36.0,58.0,77.0,89.0,93.0,94.0,95.0,95.0,95.0,95.0,95.0,95.0,95.0,95.0,95.0,95.0,95.0,95.0,95.0,95.0,95.0,95.0,95.0,107.0,116.0,119.0,120.0,121.0,122.0,123.0,124.0,124.0,124.0,124.0,124.0,124.0,124.0,124.0,124.0,124.0,124.0,124.0,124.0,124.0,124.0,124.0,124.0,139.0,155.0,170.0,182.0,188.0,191.0,192.0,193.0,193.0,193.0,193.0,193.0,193.0,193.0,193.0,193.0,193.0,193.0,193.0,193.0,193.0,193.0,193.0,193.0,224.0,283.0,362.0,450.0,535.0,607.0,655.0,677.0,677.0,677.0,677.0,677.0,677.0,677.0,677.0,677.0,677.0,677.0,677.0,677.0,677.0,677.0,677.0,677.0,693.0,713.0,734.0,752.0,763.0,765.0,766.0,767.0,767.0,767.0,767.0,767.0,767.0,767.0,767.0,767.0,85,November 26,Nancy
0.015752119405627058,1.238738978650774,0.5015739883930392,3.474016697633502,3.474016697633502,0.7429276266706641,1.1101315784112704,1.9436582544082668,1.9436582544082668,0.5325702777970078,1.488796202046431,2.9324804426337208,2.9324804426337208,0.7109211468819085,0.7815210945378359,4.4758498522507075,4.4758498522507075,0.5103200204405332,0.8585723599298334,17.63,0.0018461953629481252,0.0018461953629481252,637.9088674607677,0.31999999999999995,0.07,-0.2800000000000001,-0.20500000000000004,-0.10000000000000005,0.08666666666666661,0.21999999999999995,0.41999999999999993,0.6311111111111112,0.8,0.9654545454545456,1.0533333333333335,1.0507692307692307,1.112857142857143,1.1533333333333333,1.28875,1.4552941176470588,1.5477777777777777,1.6884210526315788,1.8550000000000004,1.948571428571429,1.9927272727272731,2.03304347826087,2.0241666666666664,1.9879999999999998,2.0123076923076924,2.02,1.9914285714285715,1.9820689655172414,1.9700000000000002,1.9522580645161296,1.9387500000000002,1.923030303030303,1.9405882352941173,1.9571428571428566,1.9699999999999998,2.0037837837837835,2.0384210526315782,2.0558974358974353,2.1075,2.1639024390243904,2.2104761904761903,2.2595348837209297,2.324545454545454,2.3999999999999995,2.4895652173913034,2.560425531914893,2.60125,2.6179591836734692,2.6279999999999997,2.6376470588235295,2.6123076923076924,2.5822641509433963,2.5644444444444447,2.5436363636363644,2.537857142857143,2.541052631578948,2.5458620689655174,2.570847457627119,2.601666666666667,2.651147540983607,2.6893548387096775,2.7104761904761907,2.7309375,2.76,2.8245454545454542,2.9035820895522386,2.9861764705882354,3.0286956521739135,3.0771428571428574,3.1242253521126764,3.1616666666666666,3.200821917808219,3.2321621621621617,3.2613333333333334,3.2673684210526317,3.256363636363636,3.2520512820512826,3.2377215189873416,3.2362500000000005,3.2199999999999998,3.2078048780487802,3.198313253012048,3.180714285714285,3.170588235294117,3.1769767441860455,3.1958620689655164,3.2302272727272725,3.2739325842696636,3.3222222222222224,3.3870329670329666,3.464565217391304,3.543655913978494,3.607234042553191,3.659999999999999,3.6960416666666673,3.7241237113402064,3.741428571428571,3.751313131313131,3.7609999999999997,3.768514851485148,3.7739215686274505,3.783106796116504,3.8046153846153845,3.8257142857142856,3.837924528301887,3.8471028037383177,3.857962962962963,3.8557798165137607,3.8581818181818175,3.861441441441441,3.8753571428571427,3.8943362831858406,3.912982456140351,3.9347826086956523,3.965689655172413,4.005470085470085,4.041186440677965,4.072941176470588,4.096666666666667,4.112561983471075,4.128196721311475,4.133008130081301,4.131290322580645,4.132000000000001,4.135873015873017,4.136535433070867,4.140312499999999,20.166666666666668,242.0,0.0,0.0,0.0,0.0,0.0,0.0,0.0,0.0,0.0,0.0,0.0,0.0,0.0,0.0,0.0,0.0,12.0,23.0,32.0,36.0,37.0,38.0,39.0,40.0,40.0,40.0,40.0,40.0,40.0,40.0,40.0,40.0,40.0,40.0,40.0,40.0,40.0,40.0,40.0,40.0,56.0,76.0,98.0,117.0,129.0,133.0,134.0,135.0,135.0,135.0,135.0,135.0,135.0,135.0,135.0,135.0,135.0,135.0,135.0,135.0,135.0,135.0,135.0,135.0,147.0,156.0,159.0,160.0,161.0,162.0,163.0,164.0,164.0,164.0,164.0,164.0,164.0,164.0,164.0,164.0,164.0,164.0,164.0,164.0,164.0,164.0,164.0,164.0,179.0,195.0,210.0,222.0,228.0,231.0,232.0,233.0,233.0,233.0,233.0,233.0,233.0,233.0,233.0,233.0,233.0,233.0,233.0,233.0,233.0,233.0,233.0,233.0,264.0,323.0,402.0,490.0,575.0,647.0,695.0,717.0,717.0,717.0,717.0,717.0,717.0,717.0,717.0,717.0,86,November 27,Nancy
0.015752119405627058,1.238738978650774,0.5015739883930392,3.474016697633502,3.474016697633502,0.7429276266706641,1.1101315784112704,1.9436582544082668,1.9436582544082668,0.5325702777970078,1.488796202046431,2.9324804426337208,2.9324804426337208,0.7109211468819085,0.7815210945378359,4.4758498522507075,4.4758498522507075,0.5103200204405332,0.8585723599298334,12.988333333333333,-0.04321042929685824,0.04321042929685824,609.2198126523804,6.72,6.07,5.62,5.195,4.88,4.62,4.3914285714285715,3.9825000000000004,3.664444444444444,3.47,3.3290909090909087,3.3200000000000003,3.366153846153846,3.3628571428571425,3.3200000000000003,3.2700000000000005,3.1964705882352944,3.0922222222222224,3.0147368421052634,2.9850000000000003,2.9819047619047616,2.97,2.928695652173914,2.845,2.744,2.6315384615384616,2.497777777777778,2.4092857142857147,2.337241379310345,2.2933333333333334,2.252258064516129,2.2387500000000005,2.2412121212121217,2.243529411764706,2.254285714285714,2.247777777777778,2.2145945945945944,2.2068421052631577,2.1943589743589746,2.2225,2.2687804878048783,2.289047619047619,2.333953488372093,2.395,2.426666666666667,2.4373913043478264,2.447659574468085,2.4345833333333333,2.407755102040816,2.412,2.408235294117647,2.3853846153846154,2.3728301886792456,2.3588888888888886,2.3418181818181822,2.327142857142857,2.3112280701754386,2.314827586206897,2.318305084745763,2.3200000000000003,2.334754098360656,2.350645161290322,2.356507936507936,2.3840625,2.4153846153846152,2.4412121212121214,2.469253731343283,2.5082352941176467,2.554782608695652,2.611428571428571,2.6566197183098588,2.6825,2.6926027397260275,2.6983783783783784,2.7039999999999997,2.6857894736842107,2.664155844155844,2.6507692307692308,2.6351898734177213,2.6300000000000003,2.6311111111111116,2.6334146341463414,2.650120481927711,2.671190476190476,2.705882352941176,2.7327906976744183,2.7475862068965515,2.7620454545454547,2.782921348314607,2.83,2.8881318681318686,2.949347826086957,2.981290322580646,3.0178723404255328,3.0536842105263164,3.0824999999999996,3.1127835051546398,3.1373469387755106,3.1604040404040408,3.1660000000000013,3.1586138613861396,3.156274509803923,3.146213592233011,3.1459615384615387,3.1342857142857143,3.1256603773584906,3.1190654205607484,3.106111111111112,3.098899082568808,3.104545454545455,3.120000000000001,3.147678571428572,3.18283185840708,3.2217543859649127,3.2739130434782613,3.3363793103448285,3.4003418803418812,3.452203389830509,3.495630252100841,3.5258333333333334,3.549752066115703,3.5650819672131155,3.5744715447154483,3.5837096774193555,3.5912000000000006,3.5969841269841276,3.605826771653544,3.6246875000000003,39.166666666666664,470.0,0.0,0.0,0.0,0.0,0.0,0.0,0.0,0.0,0.0,0.0,0.0,0.0,0.0,0.0,0.0,0.0,21.0,57.0,102.0,149.0,192.0,224.0,240.0,242.0,242.0,242.0,242.0,242.0,242.0,242.0,242.0,242.0,242.0,242.0,242.0,242.0,242.0,242.0,242.0,242.0,254.0,265.0,274.0,278.0,279.0,280.0,281.0,282.0,282.0,282.0,282.0,282.0,282.0,282.0,282.0,282.0,282.0,282.0,282.0,282.0,282.0,282.0,282.0,282.0,298.0,318.0,340.0,359.0,371.0,375.0,376.0,377.0,377.0,377.0,377.0,377.0,377.0,377.0,377.0,377.0,377.0,377.0,377.0,377.0,377.0,377.0,377.0,377.0,389.0,398.0,401.0,402.0,403.0,404.0,405.0,406.0,406.0,406.0,406.0,406.0,406.0,406.0,406.0,406.0,406.0,406.0,406.0,406.0,406.0,406.0,406.0,406.0,421.0,437.0,452.0,464.0,470.0,473.0,474.0,475.0,475.0,475.0,475.0,475.0,475.0,475.0,475.0,475.0,87,November 28,Nancy
0.015752119405627058,1.238738978650774,0.5015739883930392,3.474016697633502,3.474016697633502,0.7429276266706641,1.1101315784112704,1.9436582544082668,1.9436582544082668,0.5325702777970078,1.488796202046431,2.9324804426337208,2.9324804426337208,0.7109211468819085,0.7815210945378359,4.4758498522507075,4.4758498522507075,0.5103200204405332,0.8585723599298334,13.455000000000002,0.01800496705651188,0.01800496705651188,648.1976960237829,1.42,2.0700000000000003,2.8866666666666667,3.4699999999999998,4.139999999999999,4.753333333333333,5.0200000000000005,5.27,5.464444444444444,5.539999999999999,5.538181818181817,5.52,5.596923076923076,5.7628571428571425,5.913333333333331,6.038749999999999,6.0847058823529405,6.158888888888889,6.162105263157894,6.139999999999999,6.124761904761904,6.183636363636362,6.241739130434781,6.265833333333333,6.283999999999999,6.25076923076923,6.194074074074074,6.112857142857142,6.026896551724137,5.936666666666666,5.842580645161289,5.694999999999999,5.556363636363636,5.443529411764706,5.342857142857142,5.283888888888888,5.247027027027027,5.196315789473684,5.132820512820513,5.0675,4.993170731707316,4.905714285714285,4.829302325581395,4.774545454545454,4.733333333333333,4.689565217391304,4.632765957446808,4.555416666666667,4.468979591836734,4.3759999999999994,4.270980392156862,4.189230769230769,4.116226415094339,4.058888888888888,4.003636363636363,3.9646428571428567,3.9357894736842094,3.907931034482758,3.886101694915254,3.855,3.808524590163934,3.778064516129032,3.745396825396825,3.7387499999999996,3.7446153846153845,3.7351515151515144,3.7423880597014922,3.7611764705882345,3.762028985507247,3.75,3.73830985915493,3.711666666666666,3.676164383561644,3.661891891891893,3.6426666666666674,3.6107894736842105,3.5862337662337667,3.561025641025642,3.5339240506329124,3.50875,3.482962962962963,3.4712195121951224,3.4597590361445785,3.4473809523809535,3.444705882352942,3.4432558139534892,3.434942528735633,3.4427272727272733,3.453707865168539,3.4611111111111117,3.4705494505494503,3.4884782608695657,3.51247311827957,3.5444680851063834,3.5684210526315794,3.578333333333333,3.576701030927835,3.5720408163265307,3.5674747474747477,3.5450000000000004,3.5200000000000005,3.5013725490196084,3.4811650485436894,3.469038461538461,3.461904761904762,3.4558490566037734,3.461121495327103,3.4700000000000006,3.4897247706422023,3.503636363636364,3.5082882882882886,3.5128571428571433,3.5226548672566373,3.553333333333334,3.59304347826087,3.635517241379311,3.6550427350427355,3.6784745762711863,3.7015126050420175,3.7191666666666667,3.7381818181818183,3.7527868852459023,3.7663414634146344,3.7659677419354844,3.7552000000000003,3.748571428571429,3.7357480314960636,3.7309375,34.25,411.0,0.0,0.0,0.0,0.0,0.0,0.0,0.0,0.0,0.0,0.0,0.0,0.0,0.0,0.0,0.0,0.0,29.0,87.0,164.0,250.0,334.0,404.0,451.0,470.0,470.0,470.0,470.0,470.0,470.0,470.0,470.0,470.0,470.0,470.0,470.0,470.0,470.0,470.0,470.0,470.0,491.0,527.0,572.0,619.0,662.0,694.0,710.0,712.0,712.0,712.0,712.0,712.0,712.0,712.0,712.0,712.0,712.0,712.0,712.0,712.0,712.0,712.0,712.0,712.0,724.0,735.0,744.0,748.0,749.0,750.0,751.0,752.0,752.0,752.0,752.0,752.0,752.0,752.0,752.0,752.0,752.0,752.0,752.0,752.0,752.0,752.0,752.0,752.0,768.0,788.0,810.0,829.0,841.0,845.0,846.0,847.0,847.0,847.0,847.0,847.0,847.0,847.0,847.0,847.0,847.0,847.0,847.0,847.0,847.0,847.0,847.0,847.0,859.0,868.0,871.0,872.0,873.0,874.0,875.0,876.0,876.0,876.0,876.0,876.0,876.0,876.0,876.0,876.0,88,November 29,Nancy
0.015752119405627058,1.238738978650774,0.5015739883930392,3.474016697633502,3.474016697633502,0.7429276266706641,1.1101315784112704,1.9436582544082668,1.9436582544082668,0.5325702777970078,1.488796202046431,2.9324804426337208,2.9324804426337208,0.7109211468819085,0.7815210945378359,4.4758498522507075,4.4758498522507075,0.5103200204405332,0.8585723599298334,10.005,0.08682963512485224,0.08682963512485224,692.0206563384975,5.8199999999999985,5.869999999999999,5.919999999999999,5.67,5.640000000000001,5.753333333333333,6.062857142857142,6.4825,6.8199999999999985,7.2,7.71090909090909,8.17,8.619999999999997,8.94142857142857,9.12,9.195,9.114117647058823,8.958888888888888,8.76736842105263,8.539999999999997,8.239047619047618,7.906363636363636,7.611304347826086,7.357499999999999,7.119999999999999,6.950769230769229,6.860740740740739,6.802142857142855,6.802758620689654,6.836666666666665,6.829677419354836,6.835624999999999,6.841212121212121,6.822941176470587,6.785714285714286,6.744999999999999,6.738918918918918,6.77,6.8020512820512815,6.83,6.829756097560975,6.843809523809522,6.829302325581395,6.804090909090909,6.782222222222222,6.796086956521738,6.811489361702128,6.811666666666665,6.809795918367347,6.781999999999999,6.741568627450979,6.687307692307692,6.62943396226415,6.568148148148147,6.503636363636363,6.4075,6.314736842105263,6.235517241379311,6.162372881355932,6.113333333333333,6.077377049180328,6.032903225806451,5.98031746031746,5.92625,5.866153846153845,5.797272727272727,5.7349253731343275,5.686176470588235,5.646086956521739,5.604285714285713,5.553802816901408,5.489444444444445,5.418630136986302,5.342972972972973,5.258666666666667,5.189736842105264,5.126493506493506,5.073846153846153,5.02253164556962,4.9825,4.949629629629629,4.9175609756097565,4.889879518072289,4.855714285714286,4.810588235294118,4.776976744186046,4.74183908045977,4.725681818181818,4.718876404494382,4.701111111111111,4.695824175824175,4.699347826086957,4.689892473118279,4.671063829787233,4.652631578947368,4.623125,4.587010309278351,4.566938775510204,4.543232323232323,4.51,4.482376237623762,4.454313725490196,4.4248543689320385,4.396923076923077,4.368571428571428,4.351132075471698,4.334018691588785,4.316296296296296,4.3062385321100916,4.297272727272727,4.2830630630630635,4.281607142857142,4.2828318584070795,4.28140350877193,4.281739130434782,4.28896551724138,4.3011965811965815,4.32,4.332605042016807,4.334166666666666,4.326611570247935,4.31672131147541,4.306991869918699,4.282903225806451,4.256799999999999,4.235873015873016,4.213700787401574,4.198124999999999,19.333333333333332,232.0,0.0,0.0,0.0,0.0,0.0,0.0,0.0,0.0,0.0,0.0,0.0,0.0,0.0,0.0,0.0,0.0,27.0,79.0,148.0,224.0,297.0,357.0,396.0,411.0,411.0,411.0,411.0,411.0,411.0,411.0,411.0,411.0,411.0,411.0,411.0,411.0,411.0,411.0,411.0,411.0,440.0,498.0,575.0,661.0,745.0,815.0,862.0,881.0,881.0,881.0,881.0,881.0,881.0,881.0,881.0,881.0,881.0,881.0,881.0,881.0,881.0,881.0,881.0,881.0,902.0,938.0,983.0,1030.0,1073.0,1105.0,1121.0,1123.0,1123.0,1123.0,1123.0,1123.0,1123.0,1123.0,1123.0,1123.0,1123.0,1123.0,1123.0,1123.0,1123.0,1123.0,1123.0,1123.0,1135.0,1146.0,1155.0,1159.0,1160.0,1161.0,1162.0,1163.0,1163.0,1163.0,1163.0,1163.0,1163.0,1163.0,1163.0,1163.0,1163.0,1163.0,1163.0,1163.0,1163.0,1163.0,1163.0,1163.0,1179.0,1199.0,1221.0,1240.0,1252.0,1256.0,1257.0,1258.0,1258.0,1258.0,1258.0,1258.0,1258.0,1258.0,1258.0,1258.0,89,November 30,Nancy
0.015752119405627058,1.238738978650774,0.5015739883930392,3.474016697633502,3.474016697633502,0.7429276266706641,1.1101315784112704,1.9436582544082668,1.9436582544082668,0.5325702777970078,1.488796202046431,2.9324804426337208,2.9324804426337208,0.7109211468819085,0.7815210945378359,4.4758498522507075,4.4758498522507075,0.5103200204405332,0.8585723599298334,11.688333333333334,-0.09019570173781541,0.09019570173781541,579.3027235134749,7.42,6.32,5.886666666666666,5.67,5.659999999999999,5.6866666666666665,5.662857142857143,5.7825,5.986666666666666,6.209999999999999,6.565454545454545,6.953333333333333,7.381538461538461,7.755714285714285,8.146666666666667,8.445,8.625882352941176,8.764444444444443,8.851578947368422,8.885,8.815238095238096,8.706363636363635,8.57217391304348,8.474166666666667,8.368,8.273846153846154,8.19037037037037,8.073571428571428,7.985517241379311,7.929999999999999,7.92967741935484,7.976249999999999,8.023030303030303,8.099411764705883,8.234285714285713,8.372777777777777,8.525405405405404,8.646315789473682,8.722564102564101,8.7625,8.739512195121952,8.681904761904763,8.603720930232557,8.504090909090909,8.364444444444445,8.202608695652172,8.05191489361702,7.915833333333333,7.783265306122449,7.682,7.619999999999999,7.573846153846153,7.559622641509433,7.564444444444444,7.547272727272726,7.537857142857142,7.52877192982456,7.506206896551724,7.472542372881355,7.4366666666666665,7.421639344262295,7.429677419354839,7.439047619047619,7.4465625,7.436923076923078,7.4366666666666665,7.418507462686567,7.393529411764706,7.3707246376811595,7.371428571428571,7.373521126760561,7.365833333333334,7.356986301369862,7.330810810810811,7.295999999999999,7.251578947368421,7.2044155844155835,7.1546153846153855,7.102278481012659,7.027499999999999,6.954567901234567,6.890731707317073,6.830843373493975,6.787857142857142,6.7541176470588224,6.714186046511629,6.668275862068965,6.621136363636364,6.56943820224719,6.51111111111111,6.457362637362637,6.413478260869564,6.375913978494623,6.3370212765957445,6.291578947368421,6.235625,6.174639175257731,6.109795918367347,6.038181818181818,5.978,5.921980198019801,5.873921568627451,5.826796116504854,5.788269230769231,5.755238095238094,5.722830188679246,5.693831775700934,5.659814814814814,5.6172477064220185,5.583636363636363,5.548828828828828,5.528928571428572,5.516460176991151,5.495438596491227,5.484347826086956,5.480344827586206,5.466153846153846,5.44457627118644,5.423361344537815,5.3933333333333335,5.358016528925618,5.335573770491803,5.310243902439024,5.277258064516129,5.248799999999999,5.220000000000001,5.19007874015748,5.16140625,35.666666666666664,428.0,0.0,0.0,0.0,0.0,0.0,0.0,0.0,0.0,0.0,0.0,0.0,0.0,0.0,0.0,0.0,0.0,21.0,56.0,99.0,144.0,185.0,215.0,230.0,232.0,232.0,232.0,232.0,232.0,232.0,232.0,232.0,232.0,232.0,232.0,232.0,232.0,232.0,232.0,232.0,232.0,259.0,311.0,380.0,456.0,529.0,589.0,628.0,643.0,643.0,643.0,643.0,643.0,643.0,643.0,643.0,643.0,643.0,643.0,643.0,643.0,643.0,643.0,643.0,643.0,672.0,730.0,807.0,893.0,977.0,1047.0,1094.0,1113.0,1113.0,1113.0,1113.0,1113.0,1113.0,1113.0,1113.0,1113.0,1113.0,1113.0,1113.0,1113.0,1113.0,1113.0,1113.0,1113.0,1134.0,1170.0,1215.0,1262.0,1305.0,1337.0,1353.0,1355.0,1355.0,1355.0,1355.0,1355.0,1355.0,1355.0,1355.0,1355.0,1355.0,1355.0,1355.0,1355.0,1355.0,1355.0,1355.0,1355.0,1367.0,1378.0,1387.0,1391.0,1392.0,1393.0,1394.0,1395.0,1395.0,1395.0,1395.0,1395.0,1395.0,1395.0,1395.0,1395.0,90,December 1,Nancy
0.015752119405627058,1.238738978650774,0.5015739883930392,3.474016697633502,3.474016697633502,0.7429276266706641,1.1101315784112704,1.9436582544082668,1.9436582544082668,0.5325702777970078,1.488796202046431,2.9324804426337208,2.9324804426337208,0.7109211468819085,0.7815210945378359,4.4758498522507075,4.4758498522507075,0.5103200204405332,0.8585723599298334,7.655000000000001,0.08151221730281404,0.08151221730281404,688.634879163945,11.52,10.77,9.853333333333333,9.145,8.419999999999998,7.769999999999999,7.105714285714285,6.807499999999999,6.564444444444444,6.469999999999999,6.4018181818181805,6.3616666666666655,6.373846153846153,6.3771428571428554,6.453333333333332,6.557499999999999,6.661176470588235,6.764444444444444,6.930526315789474,7.08,7.177142857142859,7.23818181818182,7.285217391304349,7.336666666666666,7.340000000000001,7.258461538461538,7.175555555555557,7.0985714285714305,7.047586206896552,7.006666666666669,6.958709677419357,6.948124999999999,6.968484848484849,7.00529411764706,7.094285714285714,7.20888888888889,7.352432432432433,7.491052631578946,7.648205128205126,7.779999999999999,7.871219512195123,7.948571428571427,8.006046511627908,8.040454545454544,8.026666666666666,7.99173913043478,7.941276595744679,7.9054166666666665,7.862857142857142,7.823999999999999,7.788627450980391,7.733461538461537,7.691698113207544,7.666296296296294,7.670909090909088,7.702142857142857,7.734035087719298,7.783793103448274,7.86915254237288,7.958333333333331,8.057704918032785,8.139354838709675,8.194603174603172,8.227812499999999,8.22153846153846,8.192727272727272,8.149850746268655,8.09205882352941,8.006956521739129,7.905714285714284,7.81014084507042,7.722777777777777,7.6364383561643825,7.569999999999999,7.529333333333333,7.49894736842105,7.490129870129869,7.494358974358974,7.483291139240506,7.477499999999999,7.47185185185185,7.456585365853658,7.433253012048191,7.408095238095238,7.397647058823529,7.4037209302325575,7.410804597701148,7.416590909090909,7.409887640449439,7.409999999999998,7.396923076923076,7.378695652173912,7.361935483870966,7.36255319148936,7.364210526315788,7.3585416666666665,7.351958762886598,7.332244897959183,7.305858585858585,7.271999999999999,7.235841584158416,7.197450980392156,7.156893203883495,7.098846153846154,7.041904761904762,6.991698113207546,6.9442990654205605,6.909814814814814,6.882385321100916,6.849999999999999,6.812792792792792,6.774464285714286,6.732389380530973,6.684912280701754,6.640869565217391,6.604482758620689,6.572991452991452,6.540338983050846,6.502352941176469,6.455833333333333,6.405123966942148,6.351147540983606,6.291544715447154,6.240967741935483,6.193599999999999,6.152539682539681,6.112125984251968,6.07859375,21.583333333333332,259.0,0.0,0.0,0.0,0.0,0.0,0.0,0.0,0.0,0.0,0.0,0.0,0.0,0.0,0.0,0.0,0.0,27.0,81.0,153.0,232.0,308.0,371.0,412.0,428.0,428.0,428.0,428.0,428.0,428.0,428.0,428.0,428.0,428.0,428.0,428.0,428.0,428.0,428.0,428.0,428.0,449.0,484.0,527.0,572.0,613.0,643.0,658.0,660.0,660.0,660.0,660.0,660.0,660.0,660.0,660.0,660.0,660.0,660.0,660.0,660.0,660.0,660.0,660.0,660.0,687.0,739.0,808.0,884.0,957.0,1017.0,1056.0,1071.0,1071.0,1071.0,1071.0,1071.0,1071.0,1071.0,1071.0,1071.0,1071.0,1071.0,1071.0,1071.0,1071.0,1071.0,1071.0,1071.0,1100.0,1158.0,1235.0,1321.0,1405.0,1475.0,1522.0,1541.0,1541.0,1541.0,1541.0,1541.0,1541.0,1541.0,1541.0,1541.0,1541.0,1541.0,1541.0,1541.0,1541.0,1541.0,1541.0,1541.0,1562.0,1598.0,1643.0,1690.0,1733.0,1765.0,1781.0,1783.0,1783.0,1783.0,1783.0,1783.0,1783.0,1783.0,1783.0,1783.0,91,December 2,Nancy
0.015752119405627058,1.238738978650774,0.5015739883930392,3.474016697633502,3.474016697633502,0.7429276266706641,1.1101315784112704,1.9436582544082668,1.9436582544082668,0.5325702777970078,1.488796202046431,2.9324804426337208,2.9324804426337208,0.7109211468819085,0.7815210945378359,4.4758498522507075,4.4758498522507075,0.5103200204405332,0.8585723599298334,8.838333333333333,-0.03435318791288705,0.03435318791288705,614.8595134829343,10.12,8.87,8.186666666666666,7.869999999999999,7.540000000000001,7.136666666666666,6.905714285714285,6.932499999999999,7.0088888888888885,7.13,7.210909090909092,7.245000000000001,7.304615384615385,7.491428571428572,7.833333333333333,8.2575,8.708235294117648,9.131111111111112,9.43578947368421,9.62,9.700952380952382,9.729090909090907,9.741739130434782,9.795,9.863999999999999,9.870000000000001,9.801481481481481,9.702142857142857,9.55793103448276,9.390000000000002,9.18774193548387,9.048124999999999,8.913939393939392,8.817058823529411,8.728571428571428,8.650555555555554,8.592972972972975,8.535789473684211,8.50974358974359,8.5,8.495609756097561,8.496190476190478,8.529302325581396,8.56090909090909,8.573333333333334,8.57217391304348,8.566808510638298,8.565833333333332,8.542448979591837,8.475999999999999,8.408235294117647,8.343076923076923,8.291698113207548,8.245925925925926,8.196363636363635,8.168214285714285,8.15859649122807,8.159655172413792,8.192881355932203,8.243333333333334,8.31344262295082,8.382903225806452,8.466031746031746,8.535625,8.581538461538463,8.620000000000001,8.646865671641791,8.659705882352942,8.641739130434784,8.610000000000001,8.567887323943662,8.535277777777777,8.498082191780822,8.463243243243243,8.430666666666667,8.384473684210526,8.347272727272728,8.321282051282052,8.316202531645569,8.330000000000002,8.34469135802469,8.372439024390243,8.426024096385543,8.483095238095238,8.548235294117648,8.60139534883721,8.636091954022989,8.655227272727274,8.645842696629213,8.62,8.583736263736263,8.536304347826087,8.468387096774194,8.388085106382979,8.311578947368421,8.240833333333333,8.170515463917527,8.114897959183674,8.078585858585859,8.05,8.037821782178218,8.035686274509803,8.021941747572816,8.012307692307692,8.002857142857142,7.986037735849057,7.962990654205608,7.938518518518519,7.925504587155964,7.925454545454546,7.926306306306307,7.9262500000000005,7.916460176991151,7.912105263157895,7.897391304347827,7.878620689655172,7.861025641025641,7.85728813559322,7.854453781512604,7.845833333333333,7.836528925619834,7.816721311475411,7.791544715447155,7.760322580645161,7.727200000000001,7.692222222222222,7.655433070866142,7.604374999999999,34.583333333333336,415.0,0.0,0.0,0.0,0.0,0.0,0.0,0.0,0.0,0.0,0.0,0.0,0.0,0.0,0.0,0.0,0.0,21.0,59.0,107.0,158.0,204.0,238.0,256.0,259.0,259.0,259.0,259.0,259.0,259.0,259.0,259.0,259.0,259.0,259.0,259.0,259.0,259.0,259.0,259.0,259.0,286.0,340.0,412.0,491.0,567.0,630.0,671.0,687.0,687.0,687.0,687.0,687.0,687.0,687.0,687.0,687.0,687.0,687.0,687.0,687.0,687.0,687.0,687.0,687.0,708.0,743.0,786.0,831.0,872.0,902.0,917.0,919.0,919.0,919.0,919.0,919.0,919.0,919.0,919.0,919.0,919.0,919.0,919.0,919.0,919.0,919.0,919.0,919.0,946.0,998.0,1067.0,1143.0,1216.0,1276.0,1315.0,1330.0,1330.0,1330.0,1330.0,1330.0,1330.0,1330.0,1330.0,1330.0,1330.0,1330.0,1330.0,1330.0,1330.0,1330.0,1330.0,1330.0,1359.0,1417.0,1494.0,1580.0,1664.0,1734.0,1781.0,1800.0,1800.0,1800.0,1800.0,1800.0,1800.0,1800.0,1800.0,1800.0,92,December 3,Nancy
0.015752119405627058,1.238738978650774,0.5015739883930392,3.474016697633502,3.474016697633502,0.7429276266706641,1.1101315784112704,1.9436582544082668,1.9436582544082668,0.5325702777970078,1.488796202046431,2.9324804426337208,2.9324804426337208,0.7109211468819085,0.7815210945378359,4.4758498522507075,4.4758498522507075,0.5103200204405332,0.8585723599298334,11.738333333333333,-0.03183464311761051,0.03183464311761051,616.46315490558,5.8199999999999985,5.77,5.753333333333333,5.744999999999999,5.9399999999999995,6.153333333333332,6.562857142857142,6.9075,7.208888888888887,7.519999999999999,7.774545454545453,8.128333333333332,8.41230769230769,8.627142857142855,8.8,8.907499999999999,8.990588235294116,9.097777777777777,9.22,9.349999999999998,9.453333333333333,9.529090909090908,9.585217391304347,9.645,9.663999999999998,9.585384615384616,9.482962962962963,9.391428571428571,9.282068965517242,9.143333333333336,9.026451612903228,8.966875,8.926060606060606,8.90529411764706,8.88,8.845,8.822702702702706,8.851578947368424,8.94820512820513,9.09,9.256585365853658,9.424761904761905,9.552558139534884,9.633636363636365,9.671111111111113,9.68521739130435,9.692340425531917,9.72,9.75673469387755,9.762,9.727843137254903,9.675769230769232,9.59735849056604,9.503333333333337,9.38727272727273,9.303928571428571,9.221754385964912,9.159655172413794,9.10135593220339,9.048333333333336,9.00688524590164,8.965161290322582,8.942222222222224,8.929375,8.920000000000002,8.913939393939394,8.9289552238806,8.94352941176471,8.946086956521741,8.940000000000003,8.931267605633806,8.925555555555555,8.904931506849316,8.855135135135136,8.804,8.75421052631579,8.713506493506495,8.676410256410257,8.636455696202534,8.611249999999998,8.599012345679013,8.594390243902438,8.61277108433735,8.643809523809525,8.689411764705884,8.73511627906977,8.791264367816096,8.838181818181818,8.868314606741574,8.893333333333334,8.910109890109892,8.916739130434784,8.900645161290324,8.874255319148938,8.840000000000002,8.812708333333333,8.781855670103093,8.75265306122449,8.725050505050506,8.687000000000001,8.655643564356437,8.632745098039218,8.625825242718449,8.633461538461539,8.641904761904764,8.66056603773585,8.699439252336449,8.741296296296296,8.789724770642202,8.82909090909091,8.854234234234236,8.867321428571428,8.858053097345133,8.835789473684212,8.805217391304348,8.765689655172414,8.70974358974359,8.643728813559322,8.580504201680673,8.521666666666667,8.46297520661157,8.415901639344263,8.384227642276423,8.358709677419355,8.346400000000001,8.34222222222222,8.328661417322834,8.3184375,11.166666666666666,134.0,0.0,0.0,0.0,0.0,0.0,0.0,0.0,0.0,0.0,0.0,0.0,0.0,0.0,0.0,0.0,0.0,26.0,78.0,148.0,226.0,301.0,362.0,401.0,415.0,415.0,415.0,415.0,415.0,415.0,415.0,415.0,415.0,415.0,415.0,415.0,415.0,415.0,415.0,415.0,415.0,436.0,474.0,522.0,573.0,619.0,653.0,671.0,674.0,674.0,674.0,674.0,674.0,674.0,674.0,674.0,674.0,674.0,674.0,674.0,674.0,674.0,674.0,674.0,674.0,701.0,755.0,827.0,906.0,982.0,1045.0,1086.0,1102.0,1102.0,1102.0,1102.0,1102.0,1102.0,1102.0,1102.0,1102.0,1102.0,1102.0,1102.0,1102.0,1102.0,1102.0,1102.0,1102.0,1123.0,1158.0,1201.0,1246.0,1287.0,1317.0,1332.0,1334.0,1334.0,1334.0,1334.0,1334.0,1334.0,1334.0,1334.0,1334.0,1334.0,1334.0,1334.0,1334.0,1334.0,1334.0,1334.0,1334.0,1361.0,1413.0,1482.0,1558.0,1631.0,1691.0,1730.0,1745.0,1745.0,1745.0,1745.0,1745.0,1745.0,1745.0,1745.0,1745.0,93,December 4,Nancy
0.015752119405627058,1.238738978650774,0.5015739883930392,3.474016697633502,3.474016697633502,0.7429276266706641,1.1101315784112704,1.9436582544082668,1.9436582544082668,0.5325702777970078,1.488796202046431,2.9324804426337208,2.9324804426337208,0.7109211468819085,0.7815210945378359,4.4758498522507075,4.4758498522507075,0.5103200204405332,0.8585723599298334,12.905,-0.0304704477859454,0.0304704477859454,617.3317835464289,4.12,4.12,4.186666666666667,4.5200000000000005,4.720000000000001,4.836666666666667,5.177142857142856,5.369999999999999,5.3311111111111105,5.299999999999999,5.301818181818181,5.22,5.1584615384615375,5.119999999999999,5.213333333333335,5.3825,5.625882352941177,5.87,6.151578947368421,6.425,6.624761904761904,6.715454545454546,6.741739130434783,6.740833333333334,6.704,6.666153846153846,6.631111111111111,6.59857142857143,6.602758620689656,6.623333333333334,6.700645161290322,6.7825,6.868484848484847,6.97,7.065714285714285,7.203333333333333,7.328108108108108,7.435789473684209,7.532820512820512,7.607499999999999,7.673658536585366,7.7509523809523815,7.836279069767442,7.926818181818183,8.006666666666666,8.074347826086955,8.132765957446809,8.192916666666667,8.232244897959184,8.22,8.192549019607844,8.168076923076923,8.131320754716981,8.075555555555555,8.02909090909091,8.012857142857142,8.005964912280703,8.009655172413792,8.009830508474575,8.003333333333334,8.003606557377049,8.034516129032259,8.107301587301587,8.209062499999998,8.327692307692306,8.44878787878788,8.54537313432836,8.612647058823528,8.651884057971015,8.675714285714285,8.694647887323942,8.726944444444445,8.765205479452055,8.782162162162162,8.772,8.748947368421051,8.707012987012986,8.653333333333332,8.583291139240506,8.535,8.486666666666666,8.45170731707317,8.41879518072289,8.389047619047618,8.36705882352941,8.344418604651162,8.334942528735631,8.3325,8.332359550561797,8.334444444444443,8.351868131868132,8.36891304347826,8.376989247311828,8.378510638297872,8.377894736842105,8.379375,8.369484536082473,8.337346938775509,8.303838383838384,8.271,8.244752475247523,8.22098039215686,8.194757281553397,8.179615384615383,8.174285714285713,8.174716981132075,8.192897196261683,8.220925925925926,8.260366972477064,8.299999999999999,8.347927927927927,8.38875,8.416460176991151,8.44017543859649,8.457391304347826,8.466551724137931,8.457606837606837,8.440338983050848,8.416638655462185,8.398333333333333,8.37702479338843,8.356885245901639,8.337886178861789,8.31032258064516,8.287999999999997,8.27238095238095,8.269606299212597,8.278593749999999,31.833333333333332,382.0,0.0,0.0,0.0,0.0,0.0,0.0,0.0,0.0,0.0,0.0,0.0,0.0,0.0,0.0,0.0,0.0,17.0,41.0,69.0,96.0,118.0,131.0,132.0,134.0,134.0,134.0,134.0,134.0,134.0,134.0,134.0,134.0,134.0,134.0,134.0,134.0,134.0,134.0,134.0,134.0,160.0,212.0,282.0,360.0,435.0,496.0,535.0,549.0,549.0,549.0,549.0,549.0,549.0,549.0,549.0,549.0,549.0,549.0,549.0,549.0,549.0,549.0,549.0,549.0,570.0,608.0,656.0,707.0,753.0,787.0,805.0,808.0,808.0,808.0,808.0,808.0,808.0,808.0,808.0,808.0,808.0,808.0,808.0,808.0,808.0,808.0,808.0,808.0,835.0,889.0,961.0,1040.0,1116.0,1179.0,1220.0,1236.0,1236.0,1236.0,1236.0,1236.0,1236.0,1236.0,1236.0,1236.0,1236.0,1236.0,1236.0,1236.0,1236.0,1236.0,1236.0,1236.0,1257.0,1292.0,1335.0,1380.0,1421.0,1451.0,1466.0,1468.0,1468.0,1468.0,1468.0,1468.0,1468.0,1468.0,1468.0,1468.0,94,December 5,Nancy
0.015752119405627058,1.238738978650774,0.5015739883930392,3.474016697633502,3.474016697633502,0.7429276266706641,1.1101315784112704,1.9436582544082668,1.9436582544082668,0.5325702777970078,1.488796202046431,2.9324804426337208,2.9324804426337208,0.7109211468819085,0.7815210945378359,4.4758498522507075,4.4758498522507075,0.5103200204405332,0.8585723599298334,8.338333333333331,-0.008421352800297219,0.008421352800297219,631.371177293624,8.72,8.620000000000001,8.786666666666667,9.045,9.179999999999998,9.136666666666665,9.234285714285715,9.219999999999999,9.153333333333332,9.059999999999999,8.874545454545455,8.661666666666665,8.573846153846153,8.527142857142858,8.46,8.52,8.578823529411764,8.625555555555556,8.604210526315791,8.51,8.358095238095238,8.210909090909091,8.046086956521737,7.878333333333333,7.728,7.589230769230769,7.468148148148149,7.398571428571428,7.333793103448275,7.269999999999999,7.268387096774194,7.25125,7.183636363636363,7.119999999999999,7.0685714285714285,6.992222222222222,6.922702702702702,6.862105263157894,6.853333333333333,6.88,6.94439024390244,7.017619047619048,7.115348837209302,7.217727272727273,7.293333333333333,7.322173913043479,7.322127659574469,7.309583333333333,7.2791836734693875,7.247999999999999,7.218039215686274,7.189230769230769,7.180377358490566,7.181111111111112,7.214545454545455,7.252142857142857,7.293684210526316,7.345862068965516,7.396271186440678,7.473333333333333,7.544590163934426,7.607096774193548,7.664444444444444,7.7090625,7.74923076923077,7.797272727272727,7.851343283582089,7.909705882352942,7.962028985507247,8.007142857142858,8.046760563380282,8.088055555555556,8.115890410958905,8.10918918918919,8.092,8.076578947368422,8.052467532467531,8.014871794871796,7.9832911392405075,7.972499999999999,7.968148148148149,7.9712195121951215,7.9718072289156625,7.967619047619048,7.9682352941176475,7.990930232558139,8.044137931034482,8.118863636363637,8.206516853932584,8.296666666666667,8.36945054945055,8.421086956521739,8.452258064516128,8.472127659574468,8.48842105263158,8.514791666666666,8.54577319587629,8.560816326530613,8.555353535353534,8.54,8.51009900990099,8.470980392156864,8.419029126213593,8.383461538461537,8.347619047619048,8.32188679245283,8.297570093457944,8.275555555555556,8.259449541284404,8.242727272727272,8.236216216216217,8.235178571428571,8.235929203539822,8.238421052631578,8.253043478260869,8.267413793103447,8.274700854700855,8.276779661016949,8.277142857142858,8.279166666666667,8.27206611570248,8.247049180327869,8.220813008130081,8.195,8.1744,8.155714285714286,8.134960629921261,8.123124999999998,29.333333333333332,352.0,0.0,0.0,0.0,0.0,0.0,0.0,0.0,0.0,0.0,0.0,0.0,0.0,0.0,0.0,0.0,0.0,26.0,76.0,141.0,212.0,280.0,336.0,371.0,382.0,382.0,382.0,382.0,382.0,382.0,382.0,382.0,382.0,382.0,382.0,382.0,382.0,382.0,382.0,382.0,382.0,399.0,423.0,451.0,478.0,500.0,513.0,514.0,516.0,516.0,516.0,516.0,516.0,516.0,516.0,516.0,516.0,516.0,516.0,516.0,516.0,516.0,516.0,516.0,516.0,542.0,594.0,664.0,742.0,817.0,878.0,917.0,931.0,931.0,931.0,931.0,931.0,931.0,931.0,931.0,931.0,931.0,931.0,931.0,931.0,931.0,931.0,931.0,931.0,952.0,990.0,1038.0,1089.0,1135.0,1169.0,1187.0,1190.0,1190.0,1190.0,1190.0,1190.0,1190.0,1190.0,1190.0,1190.0,1190.0,1190.0,1190.0,1190.0,1190.0,1190.0,1190.0,1190.0,1217.0,1271.0,1343.0,1422.0,1498.0,1561.0,1602.0,1618.0,1618.0,1618.0,1618.0,1618.0,1618.0,1618.0,1618.0,1618.0,95,December 6,Nancy
0.015752119405627058,1.238738978650774,0.5015739883930392,3.474016697633502,3.474016697633502,0.7429276266706641,1.1101315784112704,1.9436582544082668,1.9436582544082668,0.5325702777970078,1.488796202046431,2.9324804426337208,2.9324804426337208,0.7109211468819085,0.7815210945378359,4.4758498522507075,4.4758498522507075,0.5103200204405332,0.8585723599298334,10.638333333333334,0.08386038043119623,0.08386038043119623,690.1300328998902,6.42,6.07,5.953333333333333,5.895,5.88,6.053333333333332,6.22,6.494999999999999,6.6755555555555555,6.889999999999999,7.083636363636364,7.278333333333332,7.527692307692307,7.812857142857142,8.133333333333333,8.395,8.672941176470587,8.914444444444444,9.098947368421051,9.284999999999998,9.42,9.479090909090907,9.472173913043477,9.47,9.44,9.404615384615385,9.394074074074075,9.409285714285716,9.420000000000002,9.403333333333336,9.41677419354839,9.407499999999999,9.383636363636365,9.349411764705884,9.282857142857145,9.200555555555558,9.155135135135138,9.122631578947372,9.081538461538464,9.09,9.10048780487805,9.108095238095238,9.087441860465118,9.033636363636365,8.951111111111114,8.867826086956525,8.773191489361706,8.674166666666666,8.581224489795918,8.492,8.410196078431374,8.354615384615387,8.301132075471699,8.24777777777778,8.229090909090912,8.202142857142857,8.146315789473684,8.09241379310345,8.04542372881356,7.983333333333334,7.924918032786886,7.871612903225808,7.850158730158732,7.851249999999999,7.876923076923077,7.909393939393937,7.958805970149254,8.01264705882353,8.050434782608695,8.05857142857143,8.048169014084507,8.029722222222222,7.99945205479452,7.968648648648648,7.938666666666666,7.909473684210527,7.8940259740259755,7.885384615384616,7.899746835443039,7.917500000000001,7.938518518518518,7.967560975609755,7.995903614457831,8.043809523809523,8.088235294117649,8.126976744186045,8.162528735632185,8.189318181818182,8.213258426966291,8.243333333333332,8.278241758241759,8.316739130434783,8.351182795698925,8.380638297872341,8.406315789473684,8.433541666666668,8.450927835051544,8.442448979591838,8.426060606060606,8.411,8.38930693069307,8.357254901960784,8.329708737864078,8.318076923076923,8.311428571428571,8.310566037735848,8.307850467289718,8.301481481481481,8.298899082568807,8.313636363636363,8.352432432432433,8.408392857142857,8.474867256637166,8.543684210526315,8.599130434782609,8.638103448275864,8.661025641025642,8.675084745762712,8.68638655462185,8.705833333333334,8.729090909090909,8.739672131147541,8.733821138211383,8.720000000000002,8.6944,8.661269841269842,8.617637795275591,8.587187499999999,3.5833333333333335,43.0,0.0,0.0,0.0,0.0,0.0,0.0,0.0,0.0,0.0,0.0,0.0,0.0,0.0,0.0,0.0,0.0,25.0,73.0,135.0,201.0,263.0,313.0,343.0,352.0,352.0,352.0,352.0,352.0,352.0,352.0,352.0,352.0,352.0,352.0,352.0,352.0,352.0,352.0,352.0,352.0,378.0,428.0,493.0,564.0,632.0,688.0,723.0,734.0,734.0,734.0,734.0,734.0,734.0,734.0,734.0,734.0,734.0,734.0,734.0,734.0,734.0,734.0,734.0,734.0,751.0,775.0,803.0,830.0,852.0,865.0,866.0,868.0,868.0,868.0,868.0,868.0,868.0,868.0,868.0,868.0,868.0,868.0,868.0,868.0,868.0,868.0,868.0,868.0,894.0,946.0,1016.0,1094.0,1169.0,1230.0,1269.0,1283.0,1283.0,1283.0,1283.0,1283.0,1283.0,1283.0,1283.0,1283.0,1283.0,1283.0,1283.0,1283.0,1283.0,1283.0,1283.0,1283.0,1304.0,1342.0,1390.0,1441.0,1487.0,1521.0,1539.0,1542.0,1542.0,1542.0,1542.0,1542.0,1542.0,1542.0,1542.0,1542.0,96,December 7,Nancy
0.015752119405627058,1.238738978650774,0.5015739883930392,3.474016697633502,3.474016697633502,0.7429276266706641,1.1101315784112704,1.9436582544082668,1.9436582544082668,0.5325702777970078,1.488796202046431,2.9324804426337208,2.9324804426337208,0.7109211468819085,0.7815210945378359,4.4758498522507075,4.4758498522507075,0.5103200204405332,0.8585723599298334,8.788333333333332,0.011810928953915095,0.011810928953915095,644.2537454959228,9.82,9.469999999999999,8.853333333333333,8.42,7.92,7.670000000000001,7.534285714285715,7.545,7.642222222222222,7.780000000000001,7.883636363636364,8.028333333333334,8.212307692307693,8.462857142857144,8.606666666666666,8.73875,8.808235294117646,8.875555555555556,8.93578947368421,8.965,8.924761904761905,8.865454545454543,8.78086956521739,8.694999999999999,8.604,8.493076923076924,8.39037037037037,8.295,8.209655172413793,8.166666666666666,8.136129032258063,8.145,8.144242424242425,8.164117647058823,8.188571428571429,8.222777777777779,8.284864864864863,8.370000000000001,8.47897435897436,8.575,8.685853658536585,8.789047619047619,8.873488372093023,8.963181818181816,9.033333333333333,9.07,9.07531914893617,9.0825,9.075102040816327,9.064,9.065098039215686,9.079615384615384,9.091698113207547,9.08851851851852,9.101818181818182,9.102142857142857,9.093684210526316,9.078620689655173,9.043728813559323,8.998333333333333,8.974098360655738,8.957096774193547,8.934285714285714,8.941875000000001,8.950769230769232,8.957878787878789,8.94686567164179,8.914117647058825,8.862028985507246,8.80857142857143,8.746760563380281,8.681111111111111,8.618630136986301,8.55783783783784,8.501333333333333,8.462105263157897,8.423896103896103,8.385384615384615,8.370632911392404,8.35,8.30888888888889,8.268780487804877,8.233253012048193,8.186666666666667,8.14235294117647,8.101395348837208,8.083218390804598,8.081363636363635,8.097528089887641,8.11888888888889,8.152967032967032,8.190652173913044,8.216774193548387,8.221063829787234,8.21157894736842,8.196041666666666,8.171546391752576,8.146530612244899,8.122020202020202,8.098,8.084356435643565,8.075882352941177,8.08504854368932,8.096923076923078,8.111428571428572,8.132264150943396,8.152710280373832,8.188518518518519,8.221834862385322,8.25090909090909,8.277657657657658,8.297678571428571,8.315575221238939,8.33842105263158,8.365217391304348,8.395000000000001,8.421709401709402,8.444576271186442,8.46453781512605,8.485833333333334,8.499338842975208,8.49213114754098,8.478536585365854,8.465967741935481,8.447999999999997,8.421587301587298,8.398740157480312,8.38875,16.25,195.0,0.0,0.0,0.0,0.0,0.0,0.0,0.0,0.0,0.0,0.0,0.0,0.0,0.0,0.0,0.0,0.0,11.0,22.0,32.0,36.0,37.0,39.0,41.0,43.0,43.0,43.0,43.0,43.0,43.0,43.0,43.0,43.0,43.0,43.0,43.0,43.0,43.0,43.0,43.0,43.0,68.0,116.0,178.0,244.0,306.0,356.0,386.0,395.0,395.0,395.0,395.0,395.0,395.0,395.0,395.0,395.0,395.0,395.0,395.0,395.0,395.0,395.0,395.0,395.0,421.0,471.0,536.0,607.0,675.0,731.0,766.0,777.0,777.0,777.0,777.0,777.0,777.0,777.0,777.0,777.0,777.0,777.0,777.0,777.0,777.0,777.0,777.0,777.0,794.0,818.0,846.0,873.0,895.0,908.0,909.0,911.0,911.0,911.0,911.0,911.0,911.0,911.0,911.0,911.0,911.0,911.0,911.0,911.0,911.0,911.0,911.0,911.0,937.0,989.0,1059.0,1137.0,1212.0,1273.0,1312.0,1326.0,1326.0,1326.0,1326.0,1326.0,1326.0,1326.0,1326.0,1326.0,97,December 8,Nancy
0.015752119405627058,1.238738978650774,0.5015739883930392,3.474016697633502,3.474016697633502,0.7429276266706641,1.1101315784112704,1.9436582544082668,1.9436582544082668,0.5325702777970078,1.488796202046431,2.9324804426337208,2.9324804426337208,0.7109211468819085,0.7815210945378359,4.4758498522507075,4.4758498522507075,0.5103200204405332,0.8585723599298334,11.455,-0.07586788213757098,0.07586788213757098,588.4257238469372,8.120000000000001,7.870000000000001,7.22,6.7700000000000005,6.460000000000001,6.12,5.791428571428573,5.5825,5.608888888888889,5.669999999999999,5.819999999999999,6.011666666666667,6.243076923076924,6.427142857142857,6.626666666666667,6.78875,7.014117647058824,7.303333333333334,7.562105263157895,7.829999999999998,8.10095238095238,8.329090909090906,8.498260869565216,8.611666666666666,8.66,8.677692307692308,8.638518518518518,8.584285714285713,8.492413793103449,8.423333333333332,8.368387096774192,8.344999999999999,8.347272727272726,8.367058823529412,8.382857142857144,8.417222222222223,8.471351351351354,8.55684210526316,8.609743589743593,8.6625,8.693170731707317,8.724761904761905,8.754883720930234,8.772272727272728,8.757777777777779,8.733043478260871,8.694468085106385,8.653333333333334,8.607755102040816,8.55,8.494509803921568,8.441153846153847,8.391698113207546,8.364444444444446,8.343636363636364,8.344999999999999,8.341052631578947,8.349310344827586,8.360677966101694,8.378333333333334,8.41344262295082,8.463548387096774,8.529523809523807,8.58875,8.658461538461538,8.724545454545455,8.779701492537312,8.839117647058822,8.886666666666667,8.912857142857142,8.918591549295773,8.925555555555556,8.922739726027398,8.9172972972973,8.92,8.931842105263158,8.942077922077921,8.94179487179487,8.952911392405063,8.955000000000002,8.950864197530864,8.941951219512195,8.91879518072289,8.887857142857142,8.871764705882352,8.860697674418605,8.845287356321839,8.851818181818182,8.859325842696629,8.865555555555556,8.858461538461539,8.835217391304347,8.797419354838711,8.758297872340425,8.712631578947368,8.66375,8.616907216494846,8.571020408163266,8.528080808080809,8.498,8.468514851485148,8.438627450980391,8.426796116504855,8.410384615384617,8.378095238095238,8.346415094339623,8.318130841121494,8.28111111111111,8.245688073394495,8.212727272727271,8.197477477477477,8.195,8.206725663716814,8.222631578947368,8.248695652173913,8.277758620689655,8.297777777777776,8.30050847457627,8.292268907563026,8.279166666666667,8.258842975206612,8.238032786885247,8.217560975609755,8.19741935483871,8.1856,8.177936507936506,8.184566929133856,8.1934375,34.916666666666664,419.0,0.0,0.0,0.0,0.0,0.0,0.0,0.0,0.0,0.0,0.0,0.0,0.0,0.0,0.0,0.0,0.0,18.0,49.0,87.0,127.0,162.0,185.0,193.0,195.0,195.0,195.0,195.0,195.0,195.0,195.0,195.0,195.0,195.0,195.0,195.0,195.0,195.0,195.0,195.0,195.0,206.0,217.0,227.0,231.0,232.0,234.0,236.0,238.0,238.0,238.0,238.0,238.0,238.0,238.0,238.0,238.0,238.0,238.0,238.0,238.0,238.0,238.0,238.0,238.0,263.0,311.0,373.0,439.0,501.0,551.0,581.0,590.0,590.0,590.0,590.0,590.0,590.0,590.0,590.0,590.0,590.0,590.0,590.0,590.0,590.0,590.0,590.0,590.0,616.0,666.0,731.0,802.0,870.0,926.0,961.0,972.0,972.0,972.0,972.0,972.0,972.0,972.0,972.0,972.0,972.0,972.0,972.0,972.0,972.0,972.0,972.0,972.0,989.0,1013.0,1041.0,1068.0,1090.0,1103.0,1104.0,1106.0,1106.0,1106.0,1106.0,1106.0,1106.0,1106.0,1106.0,1106.0,98,December 9,Nancy
0.015752119405627058,1.238738978650774,0.5015739883930392,3.474016697633502,3.474016697633502,0.7429276266706641,1.1101315784112704,1.9436582544082668,1.9436582544082668,0.5325702777970078,1.488796202046431,2.9324804426337208,2.9324804426337208,0.7109211468819085,0.7815210945378359,4.4758498522507075,4.4758498522507075,0.5103200204405332,0.8585723599298334,12.413333333333336,0.012548553578780675,0.012548553578780675,644.7234156820622,5.22,5.07,5.12,5.12,5.2,5.1866666666666665,5.248571428571428,5.245,5.153333333333333,5.18,5.410909090909091,5.603333333333334,5.735384615384616,5.869999999999999,6.08,6.2387500000000005,6.378823529411765,6.464444444444444,6.588421052631579,6.714999999999999,6.805714285714285,6.8972727272727266,6.998260869565217,7.074166666666667,7.1160000000000005,7.135384615384615,7.09037037037037,7.030714285714285,6.968275862068966,6.883333333333334,6.784516129032259,6.70125,6.674545454545455,6.661176470588235,6.68,6.72,6.782162162162162,6.83578947368421,6.902051282051284,6.959999999999999,7.049268292682928,7.172380952380954,7.289767441860468,7.417727272727274,7.553333333333334,7.674347826086957,7.771063829787235,7.8429166666666665,7.88326530612245,7.908,7.9023529411764715,7.887307692307693,7.850188679245284,7.823703703703705,7.8036363636363655,7.800357142857143,7.811228070175439,7.832068965517243,7.850508474576272,7.88,7.921639344262297,7.982903225806452,8.024761904761906,8.066875,8.095384615384615,8.124545454545453,8.152835820895524,8.172941176470587,8.17217391304348,8.164285714285716,8.146760563380283,8.126944444444444,8.103561643835617,8.071351351351353,8.04,8.009473684210526,7.98103896103896,7.967435897435896,7.957974683544303,7.96375,7.96567901234568,7.976097560975609,7.98867469879518,8.005714285714285,8.035294117647059,8.075813953488371,8.128045977011494,8.175681818181818,8.23123595505618,8.284444444444444,8.32989010989011,8.378695652173914,8.418924731182797,8.44340425531915,8.452631578947368,8.462708333333333,8.46536082474227,8.465918367346939,8.472525252525253,8.486,8.49821782178218,8.502352941176472,8.515145631067961,8.520961538461538,8.52190476190476,8.519056603773585,8.505046728971962,8.484814814814815,8.475963302752293,8.47090909090909,8.462342342342343,8.470892857142857,8.480176991150444,8.488421052631578,8.48608695652174,8.470862068965518,8.443931623931624,8.415762711864406,8.38218487394958,8.345833333333333,8.310909090909092,8.276557377049182,8.244390243902439,8.22241935483871,8.200800000000001,8.17873015873016,8.171181102362205,8.15984375,20.0,240.0,0.0,0.0,0.0,0.0,0.0,0.0,0.0,0.0,0.0,0.0,0.0,0.0,0.0,0.0,0.0,0.0,27.0,81.0,152.0,231.0,307.0,369.0,408.0,419.0,419.0,419.0,419.0,419.0,419.0,419.0,419.0,419.0,419.0,419.0,419.0,419.0,419.0,419.0,419.0,419.0,437.0,468.0,506.0,546.0,581.0,604.0,612.0,614.0,614.0,614.0,614.0,614.0,614.0,614.0,614.0,614.0,614.0,614.0,614.0,614.0,614.0,614.0,614.0,614.0,625.0,636.0,646.0,650.0,651.0,653.0,655.0,657.0,657.0,657.0,657.0,657.0,657.0,657.0,657.0,657.0,657.0,657.0,657.0,657.0,657.0,657.0,657.0,657.0,682.0,730.0,792.0,858.0,920.0,970.0,1000.0,1009.0,1009.0,1009.0,1009.0,1009.0,1009.0,1009.0,1009.0,1009.0,1009.0,1009.0,1009.0,1009.0,1009.0,1009.0,1009.0,1009.0,1035.0,1085.0,1150.0,1221.0,1289.0,1345.0,1380.0,1391.0,1391.0,1391.0,1391.0,1391.0,1391.0,1391.0,1391.0,1391.0,99,December 10,Nancy
0.015752119405627058,1.238738978650774,0.5015739883930392,3.474016697633502,3.474016697633502,0.7429276266706641,1.1101315784112704,1.9436582544082668,1.9436582544082668,0.5325702777970078,1.488796202046431,2.9324804426337208,2.9324804426337208,0.7109211468819085,0.7815210945378359,4.4758498522507075,4.4758498522507075,0.5103200204405332,0.8585723599298334,12.805,-0.07520861209501441,0.07520861209501441,588.8455030587011,4.52,4.82,4.886666666666667,5.095,5.16,5.1866666666666665,5.248571428571428,5.2825,5.33111111111111,5.489999999999999,5.629090909090909,5.803333333333334,5.935384615384615,6.098571428571428,6.366666666666665,6.576249999999999,6.708235294117647,6.775555555555555,6.83578947368421,6.87,6.843809523809525,6.824545454545455,6.750434782608696,6.695,6.636,6.570000000000001,6.5200000000000005,6.47,6.437241379310345,6.393333333333333,6.368387096774194,6.3325,6.274545454545455,6.249411764705883,6.291428571428573,6.331111111111111,6.357837837837838,6.3910526315789475,6.458461538461538,6.5125,6.563902439024391,6.5961904761904755,6.647906976744187,6.704090909090909,6.746666666666667,6.791739130434783,6.843404255319149,6.884583333333334,6.9097959183673465,6.9239999999999995,6.904313725490195,6.875769230769231,6.844528301886793,6.79962962962963,6.745454545454545,6.698571428571428,6.683157894736841,6.675172413793103,6.686101694915253,6.71,6.747868852459017,6.781290322580646,6.8231746031746034,6.860625000000001,6.918461538461538,6.998787878787878,7.076716417910448,7.16264705882353,7.254782608695653,7.338571428571429,7.407323943661972,7.46027777777778,7.492602739726028,7.5145945945945956,7.515999999999999,7.510789473684211,7.49012987012987,7.476410256410256,7.466835443037975,7.46875,7.480493827160492,7.499268292682926,7.516385542168675,7.54142857142857,7.575294117647057,7.623488372093022,7.6579310344827585,7.692727272727273,7.717752808988764,7.743333333333333,7.768351648351648,7.787391304347826,7.790967741935483,7.789148936170212,7.78,7.768958333333333,7.755051546391753,7.734285714285713,7.713939393939394,7.694,7.675445544554455,7.6680392156862744,7.663689320388349,7.670961538461539,7.675238095238095,7.686037735849056,7.698504672897196,7.714444444444444,7.74018348623853,7.7745454545454535,7.818198198198198,7.858392857142856,7.904955752212389,7.949824561403507,7.988695652173912,8.030344827586205,8.065299145299145,8.087796610169491,8.098151260504203,8.109166666666667,8.114214876033058,8.117540983606558,8.125691056910568,8.139354838709677,8.152,8.158095238095239,8.171181102362205,8.178593750000001,42.833333333333336,514.0,0.0,0.0,0.0,0.0,0.0,0.0,0.0,0.0,0.0,0.0,0.0,0.0,0.0,0.0,0.0,0.0,22.0,59.0,104.0,151.0,193.0,224.0,239.0,240.0,240.0,240.0,240.0,240.0,240.0,240.0,240.0,240.0,240.0,240.0,240.0,240.0,240.0,240.0,240.0,240.0,267.0,321.0,392.0,471.0,547.0,609.0,648.0,659.0,659.0,659.0,659.0,659.0,659.0,659.0,659.0,659.0,659.0,659.0,659.0,659.0,659.0,659.0,659.0,659.0,677.0,708.0,746.0,786.0,821.0,844.0,852.0,854.0,854.0,854.0,854.0,854.0,854.0,854.0,854.0,854.0,854.0,854.0,854.0,854.0,854.0,854.0,854.0,854.0,865.0,876.0,886.0,890.0,891.0,893.0,895.0,897.0,897.0,897.0,897.0,897.0,897.0,897.0,897.0,897.0,897.0,897.0,897.0,897.0,897.0,897.0,897.0,897.0,922.0,970.0,1032.0,1098.0,1160.0,1210.0,1240.0,1249.0,1249.0,1249.0,1249.0,1249.0,1249.0,1249.0,1249.0,1249.0,100,December 11,Nancy
