Laine de verre¤TTP_TMateriau_Cond,North¤TTP_TOuverture_Uw,North¤TTP_TOuverture_Sw,North¤TTP_TOuverture_Largeur,North¤TTP_TOuverture_Hauteur,South¤TTP_TOuverture_Uw,South¤TTP_TOuverture_Sw,South¤TTP_TOuverture_Largeur,South¤TTP_TOuverture_Hauteur,East¤TTP_TOuverture_Uw,East¤TTP_TOuverture_Sw,East¤TTP_TOuverture_Largeur,East¤TTP_TOuverture_Hauteur,West¤TTP_TOuverture_Uw,West¤TTP_TOuverture_Sw,West¤TTP_TOuverture_Largeur,West¤TTP_TOuverture_Hauteur,Zone 1¤TTP_TinfiltrationZone,¤TMeteo,Text-average,Bias,Bias_Absolute,HLC,Text-1,Text-2,Text-3,Text-4,Text-5,Text-6,Text-7,Text-8,Text-9,Text-10,Text-11,Text-12,Text-13,Text-14,Text-15,Text-16,Text-17,Text-18,Text-19,Text-20,Text-21,Text-22,Text-23,Text-24,Text-25,Text-26,Text-27,Text-28,Text-29,Text-30,Text-31,Text-32,Text-33,Text-34,Text-35,Text-36,Text-37,Text-38,Text-39,Text-40,Text-41,Text-42,Text-43,Text-44,Text-45,Text-46,Text-47,Text-48,Text-49,Text-50,Text-51,Text-52,Text-53,Text-54,Text-55,Text-56,Text-57,Text-58,Text-59,Text-60,Text-61,Text-62,Text-63,Text-64,Text-65,Text-66,Text-67,Text-68,Text-69,Text-70,Text-71,Text-72,Text-73,Text-74,Text-75,Text-76,Text-77,Text-78,Text-79,Text-80,Text-81,Text-82,Text-83,Text-84,Text-85,Text-86,Text-87,Text-88,Text-89,Text-90,Text-91,Text-92,Text-93,Text-94,Text-95,Text-96,Text-97,Text-98,Text-99,Text-100,Text-101,Text-102,Text-103,Text-104,Text-105,Text-106,Text-107,Text-108,Text-109,Text-110,Text-111,Text-112,Text-113,Text-114,Text-115,Text-116,Text-117,Text-118,Text-119,Text-120,Text-121,Text-122,Text-123,Text-124,Text-125,Text-126,Text-127,Text-128,GHR_mean,GHR_sum,GHR-sum-1,GHR-sum-2,GHR-sum-3,GHR-sum-4,GHR-sum-5,GHR-sum-6,GHR-sum-7,GHR-sum-8,GHR-sum-9,GHR-sum-10,GHR-sum-11,GHR-sum-12,GHR-sum-13,GHR-sum-14,GHR-sum-15,GHR-sum-16,GHR-sum-17,GHR-sum-18,GHR-sum-19,GHR-sum-20,GHR-sum-21,GHR-sum-22,GHR-sum-23,GHR-sum-24,GHR-sum-25,GHR-sum-26,GHR-sum-27,GHR-sum-28,GHR-sum-29,GHR-sum-30,GHR-sum-31,GHR-sum-32,GHR-sum-33,GHR-sum-34,GHR-sum-35,GHR-sum-36,GHR-sum-37,GHR-sum-38,GHR-sum-39,GHR-sum-40,GHR-sum-41,GHR-sum-42,GHR-sum-43,GHR-sum-44,GHR-sum-45,GHR-sum-46,GHR-sum-47,GHR-sum-48,GHR-sum-49,GHR-sum-50,GHR-sum-51,GHR-sum-52,GHR-sum-53,GHR-sum-54,GHR-sum-55,GHR-sum-56,GHR-sum-57,GHR-sum-58,GHR-sum-59,GHR-sum-60,GHR-sum-61,GHR-sum-62,GHR-sum-63,GHR-sum-64,GHR-sum-65,GHR-sum-66,GHR-sum-67,GHR-sum-68,GHR-sum-69,GHR-sum-70,GHR-sum-71,GHR-sum-72,GHR-sum-73,GHR-sum-74,GHR-sum-75,GHR-sum-76,GHR-sum-77,GHR-sum-78,GHR-sum-79,GHR-sum-80,GHR-sum-81,GHR-sum-82,GHR-sum-83,GHR-sum-84,GHR-sum-85,GHR-sum-86,GHR-sum-87,GHR-sum-88,GHR-sum-89,GHR-sum-90,GHR-sum-91,GHR-sum-92,GHR-sum-93,GHR-sum-94,GHR-sum-95,GHR-sum-96,GHR-sum-97,GHR-sum-98,GHR-sum-99,GHR-sum-100,GHR-sum-101,GHR-sum-102,GHR-sum-103,GHR-sum-104,GHR-sum-105,GHR-sum-106,GHR-sum-107,GHR-sum-108,GHR-sum-109,GHR-sum-110,GHR-sum-111,GHR-sum-112,GHR-sum-113,GHR-sum-114,GHR-sum-115,GHR-sum-116,GHR-sum-117,GHR-sum-118,GHR-sum-119,GHR-sum-120,GHR-sum-121,GHR-sum-122,GHR-sum-123,GHR-sum-124,GHR-sum-125,GHR-sum-126,GHR-sum-127,GHR-sum-128,day_index,Date,Climate_zone
0.0019457140808987145,1.298762322386136,1.0482621861589028,2.197977820321764,2.197977820321764,0.4733015207805796,0.7293875999896601,1.0432553671500722,1.0432553671500722,0.48994739699021006,0.7083061203074715,3.708186578328597,3.708186578328597,0.5103517457842615,1.298843602472778,4.3029272724747125,4.3029272724747125,0.2274450620926604,0.6071313915913071,19.221666666666668,-0.06123600200865752,0.06123600200865752,114.34145495534551,-4.98,-5.03,-5.080000000000001,-4.655000000000001,-4.5600000000000005,-4.430000000000001,-4.337142857142857,-4.067500000000001,-3.6155555555555563,-3.2540000000000004,-2.958181818181819,-2.7116666666666673,-2.5030769230769234,-2.3242857142857147,-2.169333333333334,-2.0337500000000004,-1.914117647058824,-1.8077777777777781,-1.7126315789473687,-1.6270000000000002,-1.5495238095238097,-1.4790909090909095,-1.4147826086956525,-1.3558333333333337,-1.3016000000000003,-1.2515384615384617,-1.2051851851851854,-1.1621428571428574,-1.1220689655172416,-1.084666666666667,-1.0496774193548388,-1.0168750000000002,-0.9860606060606063,-0.957058823529412,-0.9297142857142859,-0.9038888888888891,-0.8794594594594596,-0.8563157894736844,-0.8343589743589745,-0.8135000000000001,-0.793658536585366,-0.7747619047619049,-0.7567441860465117,-0.7395454545454547,-0.7231111111111113,-0.7073913043478263,-0.692340425531915,-0.6779166666666668,-0.6640816326530613,-0.6508000000000002,-0.6380392156862746,-0.6257692307692309,-0.6139622641509435,-0.6025925925925927,-0.5916363636363637,-0.5810714285714287,-0.5708771929824562,-0.5610344827586208,-0.5515254237288136,-0.5423333333333334,-0.5334426229508198,-0.5248387096774194,-0.5165079365079366,-0.5084375000000001,-0.5006153846153847,-0.49303030303030315,-0.4856716417910449,-0.478529411764706,-0.4715942028985508,-0.46485714285714297,-0.45830985915492967,-0.45194444444444454,-0.4457534246575343,-0.4397297297297298,-0.43386666666666673,-0.4281578947368422,-0.4225974025974027,-0.4171794871794873,-0.4118987341772153,-0.40675000000000006,-0.40172839506172847,-0.396829268292683,-0.39204819277108444,-0.38738095238095244,-0.3828235294117648,-0.37837209302325586,-0.3740229885057472,-0.36977272727272736,-0.36561797752808994,-0.36155555555555563,-0.35758241758241766,-0.35369565217391313,-0.34989247311827965,-0.3461702127659575,-0.34252631578947373,-0.3389583333333334,-0.33546391752577326,-0.33204081632653065,-0.32868686868686875,-0.3254000000000001,-0.32217821782178224,-0.3190196078431373,-0.3159223300970874,-0.3128846153846154,-0.30990476190476196,-0.30698113207547173,-0.3041121495327103,-0.30129629629629634,-0.2985321100917432,-0.29581818181818187,-0.2931531531531532,-0.29053571428571434,-0.28796460176991157,-0.2854385964912281,-0.2829565217391305,-0.2805172413793104,-0.27811965811965816,-0.2757627118644068,-0.2734453781512606,-0.2711666666666667,-0.2689256198347108,-0.2667213114754099,-0.2645528455284553,-0.2624193548387097,-0.26032000000000005,-0.2582539682539683,-0.2562204724409449,-0.25421875000000005,21.916666666666668,263.0,0.0,0.0,0.0,0.0,0.0,0.0,0.0,0.0,0.0,0.0,0.0,0.0,0.0,0.0,0.0,0.0,0.0,0.0,0.0,0.0,0.0,0.0,0.0,0.0,0.0,0.0,0.0,0.0,0.0,0.0,0.0,0.0,0.0,0.0,0.0,0.0,0.0,0.0,0.0,0.0,0.0,0.0,0.0,0.0,0.0,0.0,0.0,0.0,0.0,0.0,0.0,0.0,0.0,0.0,0.0,0.0,0.0,0.0,0.0,0.0,0.0,0.0,0.0,0.0,0.0,0.0,0.0,0.0,0.0,0.0,0.0,0.0,0.0,0.0,0.0,0.0,0.0,0.0,0.0,0.0,0.0,0.0,0.0,0.0,0.0,0.0,0.0,0.0,0.0,0.0,0.0,0.0,0.0,0.0,0.0,0.0,0.0,0.0,0.0,0.0,0.0,0.0,0.0,0.0,0.0,0.0,0.0,0.0,0.0,0.0,0.0,0.0,0.0,0.0,0.0,0.0,0.0,0.0,0.0,0.0,0.0,0.0,0.0,0.0,0.0,0.0,0.0,0.0,1,January 1,Nancy
0.0019457140808987145,1.298762322386136,1.0482621861589028,2.197977820321764,2.197977820321764,0.4733015207805796,0.7293875999896601,1.0432553671500722,1.0432553671500722,0.48994739699021006,0.7083061203074715,3.708186578328597,3.708186578328597,0.5103517457842615,1.298843602472778,4.3029272724747125,4.3029272724747125,0.2274450620926604,0.6071313915913071,14.055,-0.028758900690597677,0.028758900690597677,118.2971658958852,2.22,1.77,1.8533333333333335,2.145,2.54,3.0199999999999996,3.2914285714285714,3.5199999999999996,3.6422222222222222,3.63,3.647272727272728,3.678333333333334,3.7046153846153844,3.7342857142857144,3.806666666666667,3.8324999999999996,3.7317647058823527,3.6033333333333335,3.430526315789474,3.2150000000000007,2.981904761904762,2.7563636363636363,2.4982608695652173,2.228333333333333,1.94,1.6699999999999997,1.4162962962962964,1.2449999999999997,1.0579310344827584,0.8966666666666664,0.745806451612903,0.6543749999999999,0.6345454545454545,0.6158823529411763,0.5982857142857141,0.5816666666666666,0.5659459459459458,0.5510526315789472,0.5369230769230767,0.5235,0.5107317073170731,0.49857142857142844,0.48697674418604636,0.4759090909090908,0.4653333333333332,0.4552173913043477,0.4455319148936169,0.43624999999999997,0.42734693877551017,0.4187999999999999,0.41058823529411753,0.40269230769230757,0.3950943396226414,0.38777777777777767,0.38072727272727264,0.3739285714285714,0.36736842105263157,0.3610344827586206,0.35491525423728804,0.3489999999999999,0.3432786885245901,0.3377419354838709,0.3323809523809523,0.32718749999999996,0.3221538461538461,0.3172727272727272,0.31253731343283575,0.30794117647058816,0.30347826086956514,0.29914285714285704,0.29492957746478865,0.2908333333333333,0.2868493150684931,0.2829729729729729,0.27919999999999995,0.2755263157894736,0.2719480519480519,0.26846153846153836,0.26506329113924043,0.26175,0.2585185185185185,0.25536585365853653,0.252289156626506,0.24928571428571422,0.24635294117647052,0.24348837209302318,0.24068965517241372,0.23795454545454542,0.23528089887640447,0.2326666666666666,0.23010989010989005,0.22760869565217384,0.2251612903225806,0.22276595744680844,0.22042105263157888,0.21812499999999999,0.2158762886597938,0.21367346938775506,0.21151515151515146,0.20939999999999995,0.20732673267326726,0.20529411764705877,0.20330097087378635,0.2013461538461538,0.1994285714285714,0.1975471698113207,0.19570093457943918,0.19388888888888883,0.19211009174311922,0.19036363636363632,0.1886486486486486,0.1869642857142857,0.18530973451327432,0.18368421052631573,0.1820869565217391,0.1805172413793103,0.17897435897435893,0.17745762711864402,0.1759663865546218,0.1745,0.1730578512396694,0.17163934426229505,0.17024390243902435,0.16887096774193544,0.16751999999999995,0.16619047619047614,0.1648818897637795,0.16359374999999998,36.916666666666664,443.0,0.0,0.0,0.0,0.0,0.0,0.0,0.0,0.0,0.0,0.0,0.0,0.0,0.0,0.0,0.0,0.0,26.0,68.0,120.0,173.0,219.0,250.0,262.0,263.0,263.0,263.0,263.0,263.0,263.0,263.0,263.0,263.0,263.0,263.0,263.0,263.0,263.0,263.0,263.0,263.0,263.0,263.0,263.0,263.0,263.0,263.0,263.0,263.0,263.0,263.0,263.0,263.0,263.0,263.0,263.0,263.0,263.0,263.0,263.0,263.0,263.0,263.0,263.0,263.0,263.0,263.0,263.0,263.0,263.0,263.0,263.0,263.0,263.0,263.0,263.0,263.0,263.0,263.0,263.0,263.0,263.0,263.0,263.0,263.0,263.0,263.0,263.0,263.0,263.0,263.0,263.0,263.0,263.0,263.0,263.0,263.0,263.0,263.0,263.0,263.0,263.0,263.0,263.0,263.0,263.0,263.0,263.0,263.0,263.0,263.0,263.0,263.0,263.0,263.0,263.0,263.0,263.0,263.0,263.0,263.0,263.0,263.0,263.0,263.0,263.0,263.0,263.0,263.0,2,January 2,Nancy
0.0019457140808987145,1.298762322386136,1.0482621861589028,2.197977820321764,2.197977820321764,0.4733015207805796,0.7293875999896601,1.0432553671500722,1.0432553671500722,0.48994739699021006,0.7083061203074715,3.708186578328597,3.708186578328597,0.5103517457842615,1.298843602472778,4.3029272724747125,4.3029272724747125,0.2274450620926604,0.6071313915913071,12.154999999999998,-0.01591534451574992,0.01591534451574992,119.86151103798166,8.52,8.620000000000001,8.753333333333334,8.870000000000001,9.14,9.286666666666667,9.091428571428569,8.857500000000002,8.708888888888888,8.6,8.574545454545454,8.469999999999999,8.41230769230769,8.434285714285712,8.433333333333332,8.407499999999999,8.331764705882353,8.181111111111113,8.020000000000001,7.860000000000001,7.73904761904762,7.597272727272728,7.4156521739130445,7.2075,7.007999999999999,6.78923076923077,6.612592592592592,6.484285714285714,6.402758620689656,6.370000000000001,6.323225806451613,6.285625,6.235151515151515,6.155294117647059,6.088571428571428,6.0311111111111115,5.976756756756757,5.927894736842107,5.8994871794871795,5.8575,5.766341463414634,5.662857142857144,5.5386046511627915,5.3927272727272735,5.235555555555556,5.078695652173913,4.902978723404256,4.7179166666666665,4.52,4.328,4.14156862745098,3.9969230769230775,3.842641509433962,3.701481481481482,3.5654545454545454,3.462857142857143,3.4021052631578943,3.3434482758620687,3.286779661016949,3.232,3.1790163934426228,3.127741935483871,3.078095238095238,3.0300000000000002,2.9833846153846153,2.938181818181818,2.894328358208955,2.851764705882353,2.8104347826086955,2.7702857142857145,2.7312676056338026,2.6933333333333334,2.6564383561643834,2.6205405405405404,2.5856,2.551578947368421,2.5184415584415585,2.4861538461538464,2.4546835443037973,2.4240000000000004,2.394074074074074,2.3648780487804877,2.3363855421686743,2.3085714285714287,2.281411764705882,2.254883720930233,2.228965517241379,2.2036363636363636,2.178876404494382,2.1546666666666665,2.130989010989011,2.1078260869565217,2.0851612903225805,2.0629787234042554,2.0412631578947367,2.02,1.9991752577319586,1.9787755102040816,1.9587878787878787,1.9392000000000003,1.92,1.9011764705882355,1.8827184466019415,1.8646153846153848,1.8468571428571428,1.829433962264151,1.8123364485981308,1.7955555555555558,1.7790825688073393,1.762909090909091,1.747027027027027,1.7314285714285715,1.7161061946902654,1.7010526315789471,1.6862608695652173,1.6717241379310346,1.6574358974358974,1.6433898305084746,1.629579831932773,1.616,1.6026446280991735,1.5895081967213114,1.5765853658536584,1.5638709677419356,1.5513599999999999,1.5390476190476192,1.5269291338582676,1.5150000000000001,8.833333333333334,106.0,0.0,0.0,0.0,0.0,0.0,0.0,0.0,0.0,0.0,0.0,0.0,0.0,0.0,0.0,0.0,0.0,34.0,96.0,175.0,260.0,338.0,399.0,434.0,443.0,443.0,443.0,443.0,443.0,443.0,443.0,443.0,443.0,443.0,443.0,443.0,443.0,443.0,443.0,443.0,443.0,469.0,511.0,563.0,616.0,662.0,693.0,705.0,706.0,706.0,706.0,706.0,706.0,706.0,706.0,706.0,706.0,706.0,706.0,706.0,706.0,706.0,706.0,706.0,706.0,706.0,706.0,706.0,706.0,706.0,706.0,706.0,706.0,706.0,706.0,706.0,706.0,706.0,706.0,706.0,706.0,706.0,706.0,706.0,706.0,706.0,706.0,706.0,706.0,706.0,706.0,706.0,706.0,706.0,706.0,706.0,706.0,706.0,706.0,706.0,706.0,706.0,706.0,706.0,706.0,706.0,706.0,706.0,706.0,706.0,706.0,706.0,706.0,706.0,706.0,706.0,706.0,706.0,706.0,706.0,706.0,706.0,706.0,706.0,706.0,706.0,706.0,706.0,706.0,3,January 3,Nancy
0.0019457140808987145,1.298762322386136,1.0482621861589028,2.197977820321764,2.197977820321764,0.4733015207805796,0.7293875999896601,1.0432553671500722,1.0432553671500722,0.48994739699021006,0.7083061203074715,3.708186578328597,3.708186578328597,0.5103517457842615,1.298843602472778,4.3029272724747125,4.3029272724747125,0.2274450620926604,0.6071313915913071,10.271666666666668,-0.08992618963692184,0.08992618963692184,110.84699010222292,11.32,11.17,11.12,10.92,10.620000000000001,10.486666666666666,10.362857142857141,10.195,10.064444444444442,10.080000000000002,10.138181818181817,10.128333333333332,10.120000000000001,10.034285714285714,9.94,9.87,9.731764705882354,9.531111111111109,9.309473684210525,9.129999999999999,9.024761904761904,8.997272727272726,9.02,8.986666666666666,8.968,8.958461538461538,8.960740740740741,8.97,9.013103448275862,9.046666666666665,9.01032258064516,8.954374999999999,8.91090909090909,8.872941176470588,8.857142857142856,8.814444444444442,8.784864864864863,8.783157894736842,8.773846153846153,8.755,8.715121951219512,8.641428571428571,8.55953488372093,8.474545454545455,8.404444444444444,8.322173913043477,8.217872340425531,8.097083333333332,7.977142857142857,7.843999999999999,7.729803921568627,7.639230769230768,7.572830188679244,7.532962962962962,7.4854545454545445,7.4432142857142845,7.393684210526316,7.326896551724136,7.267457627118643,7.213333333333332,7.160983606557376,7.111935483870967,7.075555555555556,7.0309375,6.955384615384616,6.871515151515151,6.773731343283582,6.661176470588234,6.540289855072463,6.418571428571428,6.28338028169014,6.140833333333333,5.988493150684931,5.838918918918918,5.691999999999999,5.572631578947368,5.445974025974025,5.327692307692307,5.212405063291139,5.12,5.05679012345679,4.995121951219512,4.934939759036144,4.876190476190476,4.818823529411764,4.7627906976744185,4.708045977011494,4.654545454545455,4.6022471910112355,4.551111111111111,4.501098901098901,4.452173913043478,4.404301075268817,4.357446808510638,4.311578947368421,4.266666666666667,4.222680412371133,4.179591836734693,4.137373737373737,4.096,4.0554455445544555,4.015686274509804,3.976699029126214,3.9384615384615387,3.9009523809523805,3.864150943396226,3.82803738317757,3.7925925925925923,3.7577981651376144,3.723636363636363,3.69009009009009,3.6571428571428575,3.6247787610619464,3.5929824561403505,3.5617391304347823,3.53103448275862,3.5008547008547004,3.471186440677966,3.4420168067226893,3.4133333333333336,3.3851239669421487,3.3573770491803274,3.3300813008130077,3.3032258064516125,3.2767999999999997,3.2507936507936503,3.225196850393701,3.2,58.416666666666664,701.0,0.0,0.0,0.0,0.0,0.0,0.0,0.0,0.0,0.0,0.0,0.0,0.0,0.0,0.0,0.0,0.0,19.0,45.0,72.0,94.0,106.0,106.0,106.0,106.0,106.0,106.0,106.0,106.0,106.0,106.0,106.0,106.0,106.0,106.0,106.0,106.0,106.0,106.0,106.0,106.0,140.0,202.0,281.0,366.0,444.0,505.0,540.0,549.0,549.0,549.0,549.0,549.0,549.0,549.0,549.0,549.0,549.0,549.0,549.0,549.0,549.0,549.0,549.0,549.0,575.0,617.0,669.0,722.0,768.0,799.0,811.0,812.0,812.0,812.0,812.0,812.0,812.0,812.0,812.0,812.0,812.0,812.0,812.0,812.0,812.0,812.0,812.0,812.0,812.0,812.0,812.0,812.0,812.0,812.0,812.0,812.0,812.0,812.0,812.0,812.0,812.0,812.0,812.0,812.0,812.0,812.0,812.0,812.0,812.0,812.0,812.0,812.0,812.0,812.0,812.0,812.0,812.0,812.0,812.0,812.0,812.0,812.0,812.0,812.0,812.0,812.0,812.0,812.0,4,January 4,Nancy
0.0019457140808987145,1.298762322386136,1.0482621861589028,2.197977820321764,2.197977820321764,0.4733015207805796,0.7293875999896601,1.0432553671500722,1.0432553671500722,0.48994739699021006,0.7083061203074715,3.708186578328597,3.708186578328597,0.5103517457842615,1.298843602472778,4.3029272724747125,4.3029272724747125,0.2274450620926604,0.6071313915913071,12.088333333333335,-0.11083732522661481,0.11083732522661481,108.30001378739831,11.22,11.27,11.12,10.895,10.32,9.836666666666668,9.377142857142857,8.77,8.364444444444445,8.190000000000001,8.083636363636362,8.219999999999999,8.32,8.384285714285713,8.52,8.651250000000001,8.75529411764706,8.831111111111111,8.88315789473684,8.895,8.924761904761905,8.933636363636364,8.937391304347825,8.974166666666667,9.068,9.143076923076922,9.212592592592593,9.252142857142857,9.257931034482759,9.276666666666667,9.287741935483872,9.279375,9.271515151515153,9.299411764705882,9.34,9.35888888888889,9.376756756756759,9.364736842105264,9.345641025641028,9.3325,9.28829268292683,9.212857142857143,9.122325581395348,9.045,8.997777777777777,8.985217391304348,8.996595744680851,8.980416666666667,8.971020408163266,8.966000000000001,8.967058823529413,8.971923076923078,8.995471698113207,9.014444444444445,8.994545454545456,8.962857142857143,8.937543859649123,8.914827586206895,8.904745762711864,8.878333333333334,8.859344262295084,8.85709677419355,8.850158730158732,8.837187499999999,8.810769230769232,8.762424242424244,8.70805970149254,8.65088235294118,8.602608695652176,8.545714285714288,8.473521126760565,8.389444444444443,8.304931506849314,8.21054054054054,8.128000000000002,8.060789473684212,8.00961038961039,7.976410256410257,7.937721518987344,7.902500000000001,7.861975308641974,7.809024390243903,7.7609638554216875,7.716428571428573,7.67294117647059,7.631627906976745,7.599310344827587,7.5609090909090915,7.499775280898876,7.432222222222223,7.354065934065936,7.264565217391306,7.168387096774194,7.071063829787236,6.963157894736842,6.849166666666666,6.7272164948453606,6.606734693877551,6.487676767676769,6.389000000000001,6.284356435643565,6.185686274509805,6.088932038834952,6.009423076923077,5.952190476190476,5.896037735849057,5.840934579439253,5.7868518518518535,5.7337614678899085,5.681636363636365,5.630450450450451,5.580178571428571,5.530796460176991,5.482280701754386,5.434608695652174,5.387758620689656,5.341709401709402,5.296440677966102,5.251932773109244,5.208166666666667,5.165123966942149,5.122786885245902,5.081138211382114,5.040161290322581,4.99984,4.9601587301587315,4.921102362204724,4.88265625,25.166666666666668,302.0,0.0,0.0,0.0,0.0,0.0,0.0,0.0,0.0,0.0,0.0,0.0,0.0,0.0,0.0,0.0,0.0,43.0,129.0,245.0,374.0,500.0,607.0,678.0,701.0,701.0,701.0,701.0,701.0,701.0,701.0,701.0,701.0,701.0,701.0,701.0,701.0,701.0,701.0,701.0,701.0,720.0,746.0,773.0,795.0,807.0,807.0,807.0,807.0,807.0,807.0,807.0,807.0,807.0,807.0,807.0,807.0,807.0,807.0,807.0,807.0,807.0,807.0,807.0,807.0,841.0,903.0,982.0,1067.0,1145.0,1206.0,1241.0,1250.0,1250.0,1250.0,1250.0,1250.0,1250.0,1250.0,1250.0,1250.0,1250.0,1250.0,1250.0,1250.0,1250.0,1250.0,1250.0,1250.0,1276.0,1318.0,1370.0,1423.0,1469.0,1500.0,1512.0,1513.0,1513.0,1513.0,1513.0,1513.0,1513.0,1513.0,1513.0,1513.0,1513.0,1513.0,1513.0,1513.0,1513.0,1513.0,1513.0,1513.0,1513.0,1513.0,1513.0,1513.0,1513.0,1513.0,1513.0,1513.0,1513.0,1513.0,1513.0,1513.0,1513.0,1513.0,1513.0,1513.0,5,January 5,Nancy
0.0019457140808987145,1.298762322386136,1.0482621861589028,2.197977820321764,2.197977820321764,0.4733015207805796,0.7293875999896601,1.0432553671500722,1.0432553671500722,0.48994739699021006,0.7083061203074715,3.708186578328597,3.708186578328597,0.5103517457842615,1.298843602472778,4.3029272724747125,4.3029272724747125,0.2274450620926604,0.6071313915913071,9.663333333333336,-0.05932683882274106,0.05932683882274106,114.57399103139014,8.02,7.52,7.753333333333333,7.92,8.079999999999998,8.17,8.262857142857143,8.32,8.253333333333334,8.16,8.129090909090907,8.236666666666666,8.258461538461539,8.348571428571429,8.42,8.469999999999999,8.372941176470588,8.292222222222223,8.183157894736844,8.065000000000001,7.972380952380953,7.951818181818182,8.002608695652174,8.074166666666665,8.2,8.32,8.412592592592594,8.477142857142857,8.461379310344828,8.426666666666668,8.368387096774194,8.248125,8.153333333333334,8.108235294117646,8.077142857142857,8.122777777777777,8.160540540540541,8.188421052631579,8.245641025641026,8.304999999999998,8.35658536585366,8.398571428571426,8.431627906976743,8.447272727272727,8.47111111111111,8.485217391304348,8.496595744680851,8.524166666666666,8.581224489795918,8.63,8.676862745098038,8.708461538461538,8.721886792452832,8.742222222222223,8.75818181818182,8.762857142857142,8.767368421052632,8.792413793103448,8.82508474576271,8.844999999999999,8.864262295081968,8.86516129032258,8.86126984126984,8.860624999999999,8.839999999999998,8.798787878787879,8.74686567164179,8.70235294117647,8.676521739130434,8.672857142857142,8.684788732394367,8.678333333333335,8.676164383561643,8.676756756756756,8.681333333333333,8.688421052631577,8.708311688311689,8.725128205128204,8.71493670886076,8.69625,8.681728395061727,8.668780487804877,8.66457831325301,8.648571428571428,8.637647058823529,8.63860465116279,8.636091954022989,8.629090909090907,8.612134831460674,8.578888888888887,8.54087912087912,8.500434782608695,8.466236559139785,8.42531914893617,8.372631578947368,8.310625,8.24783505154639,8.177142857142856,8.114949494949494,8.063999999999998,8.024950495049504,7.99941176470588,7.969514563106796,7.942115384615385,7.9104761904761896,7.869056603773584,7.8312149532710285,7.795925925925925,7.761284403669724,7.728181818181818,7.701981981981982,7.670892857142856,7.621769911504424,7.567368421052631,7.504347826086956,7.4320689655172405,7.3541880341880335,7.275084745762711,7.187226890756302,7.094166666666666,6.994380165289256,6.895409836065573,6.797235772357723,6.71516129032258,6.627999999999999,6.545396825396825,6.464094488188976,6.3965625,27.916666666666668,335.0,0.0,0.0,0.0,0.0,0.0,0.0,0.0,0.0,0.0,0.0,0.0,0.0,0.0,0.0,0.0,0.0,29.0,77.0,136.0,196.0,248.0,284.0,299.0,302.0,302.0,302.0,302.0,302.0,302.0,302.0,302.0,302.0,302.0,302.0,302.0,302.0,302.0,302.0,302.0,302.0,345.0,431.0,547.0,676.0,802.0,909.0,980.0,1003.0,1003.0,1003.0,1003.0,1003.0,1003.0,1003.0,1003.0,1003.0,1003.0,1003.0,1003.0,1003.0,1003.0,1003.0,1003.0,1003.0,1022.0,1048.0,1075.0,1097.0,1109.0,1109.0,1109.0,1109.0,1109.0,1109.0,1109.0,1109.0,1109.0,1109.0,1109.0,1109.0,1109.0,1109.0,1109.0,1109.0,1109.0,1109.0,1109.0,1109.0,1143.0,1205.0,1284.0,1369.0,1447.0,1508.0,1543.0,1552.0,1552.0,1552.0,1552.0,1552.0,1552.0,1552.0,1552.0,1552.0,1552.0,1552.0,1552.0,1552.0,1552.0,1552.0,1552.0,1552.0,1578.0,1620.0,1672.0,1725.0,1771.0,1802.0,1814.0,1815.0,1815.0,1815.0,1815.0,1815.0,1815.0,1815.0,1815.0,1815.0,6,January 6,Nancy
0.0019457140808987145,1.298762322386136,1.0482621861589028,2.197977820321764,2.197977820321764,0.4733015207805796,0.7293875999896601,1.0432553671500722,1.0432553671500722,0.48994739699021006,0.7083061203074715,3.708186578328597,3.708186578328597,0.5103517457842615,1.298843602472778,4.3029272724747125,4.3029272724747125,0.2274450620926604,0.6071313915913071,14.138333333333335,-0.07861700412318895,0.07861700412318895,112.22444889779558,3.92,3.42,3.1533333333333338,2.9450000000000003,3.0200000000000005,3.22,3.4771428571428578,3.8325,4.408888888888889,4.94,5.401818181818181,5.886666666666667,6.273846153846154,6.684285714285713,7.033333333333333,7.344999999999999,7.619999999999999,7.853333333333331,8.004210526315788,8.079999999999998,8.124761904761902,8.115454545454542,8.115652173913043,8.111666666666666,8.108,8.066153846153846,8.07185185185185,8.084285714285715,8.106206896551724,8.123333333333331,8.145806451612902,8.16375,8.15030303030303,8.125882352941177,8.117142857142857,8.153333333333334,8.163243243243242,8.198947368421054,8.23025641025641,8.254999999999999,8.22,8.18904761904762,8.14325581395349,8.090454545454545,8.046666666666667,8.035217391304348,8.058297872340425,8.092916666666666,8.156734693877551,8.22,8.270980392156863,8.30846153846154,8.303018867924528,8.286666666666667,8.256363636363636,8.189642857142857,8.135789473684211,8.109655172413794,8.091186440677966,8.118333333333332,8.141311475409836,8.158709677419356,8.194603174603172,8.2325,8.266153846153843,8.294242424242421,8.317014925373133,8.328823529411764,8.34608695652174,8.357142857142858,8.366478873239437,8.386666666666665,8.426849315068493,8.46189189189189,8.495999999999999,8.52,8.531688311688312,8.548205128205128,8.561772151898735,8.567499999999999,8.573086419753086,8.593170731707316,8.61879518072289,8.635476190476188,8.651764705882353,8.654883720930233,8.65448275862069,8.656363636363636,8.643595505617975,8.615555555555554,8.579340659340659,8.548260869565215,8.530752688172042,8.529574468085107,8.540000000000001,8.536666666666667,8.536494845360824,8.538367346938774,8.543232323232322,8.549999999999999,8.566534653465345,8.58078431372549,8.574368932038835,8.561346153846152,8.55142857142857,8.54264150943396,8.54056074766355,8.529259259259257,8.52183486238532,8.523636363636363,8.522702702702702,8.518214285714285,8.505840707964602,8.480526315789472,8.451304347826085,8.419999999999998,8.393504273504272,8.361525423728814,8.319999999999999,8.270833333333334,8.220826446280991,8.164262295081967,8.11430894308943,8.073225806451612,8.041599999999999,8.020793650793651,7.996377952755904,7.97390625,15.0,180.0,0.0,0.0,0.0,0.0,0.0,0.0,0.0,0.0,0.0,0.0,0.0,0.0,0.0,0.0,0.0,0.0,31.0,83.0,147.0,213.0,271.0,312.0,331.0,335.0,335.0,335.0,335.0,335.0,335.0,335.0,335.0,335.0,335.0,335.0,335.0,335.0,335.0,335.0,335.0,335.0,364.0,412.0,471.0,531.0,583.0,619.0,634.0,637.0,637.0,637.0,637.0,637.0,637.0,637.0,637.0,637.0,637.0,637.0,637.0,637.0,637.0,637.0,637.0,637.0,680.0,766.0,882.0,1011.0,1137.0,1244.0,1315.0,1338.0,1338.0,1338.0,1338.0,1338.0,1338.0,1338.0,1338.0,1338.0,1338.0,1338.0,1338.0,1338.0,1338.0,1338.0,1338.0,1338.0,1357.0,1383.0,1410.0,1432.0,1444.0,1444.0,1444.0,1444.0,1444.0,1444.0,1444.0,1444.0,1444.0,1444.0,1444.0,1444.0,1444.0,1444.0,1444.0,1444.0,1444.0,1444.0,1444.0,1444.0,1478.0,1540.0,1619.0,1704.0,1782.0,1843.0,1878.0,1887.0,1887.0,1887.0,1887.0,1887.0,1887.0,1887.0,1887.0,1887.0,7,January 7,Nancy
0.0019457140808987145,1.298762322386136,1.0482621861589028,2.197977820321764,2.197977820321764,0.4733015207805796,0.7293875999896601,1.0432553671500722,1.0432553671500722,0.48994739699021006,0.7083061203074715,3.708186578328597,3.708186578328597,0.5103517457842615,1.298843602472778,4.3029272724747125,4.3029272724747125,0.2274450620926604,0.6071313915913071,17.488333333333333,-0.0947518847892495,0.0947518847892495,110.25922043266941,1.12,0.97,0.62,0.62,0.9800000000000001,1.5033333333333332,2.048571428571428,2.5824999999999996,3.0311111111111106,3.38,3.6654545454545446,3.928333333333333,4.15076923076923,4.298571428571428,4.379999999999999,4.50125,4.584705882352941,4.675555555555555,4.841052631578947,4.929999999999999,4.972380952380952,4.974545454545455,4.954782608695651,4.895,4.856,4.781538461538461,4.701481481481481,4.616428571428572,4.571724137931034,4.559999999999999,4.574838709677418,4.629375,4.762424242424242,4.908235294117647,5.0542857142857125,5.225555555555555,5.379459459459459,5.554210526315789,5.717435897435896,5.874999999999999,6.024878048780487,6.162857142857142,6.268837209302325,6.342727272727273,6.402222222222223,6.435217391304349,6.471063829787235,6.503333333333333,6.534285714285715,6.544,6.5768627450980395,6.612307692307693,6.652075471698113,6.68851851851852,6.7272727272727275,6.762857142857143,6.779649122807016,6.788965517241379,6.806440677966101,6.85,6.877377049180328,6.92,6.9596825396825395,6.994999999999999,6.9923076923076914,6.99121212121212,6.9797014925373135,6.962647058823529,6.950434782608696,6.958571428571428,6.989014084507042,7.026944444444442,7.084383561643835,7.1416216216216215,7.190666666666666,7.230526315789473,7.2407792207792205,7.243076923076922,7.235189873417722,7.201249999999999,7.175555555555555,7.168780487804878,7.1669879518072275,7.197380952380952,7.224705882352938,7.2479069767441855,7.284367816091953,7.322272727272726,7.357078651685393,7.387777777777776,7.414505494505494,7.433043478260869,7.455483870967741,7.4731914893616995,7.489473684210527,7.513749999999999,7.552989690721649,7.588367346938776,7.623030303030302,7.65,7.667524752475246,7.688627450980391,7.707378640776698,7.719999999999999,7.732380952380952,7.755849056603773,7.7835514018691585,7.804259259259259,7.824587155963302,7.834545454545454,7.841621621621622,7.850357142857142,7.847433628318583,7.832280701754385,7.810434782608695,7.792413793103448,7.7849572649572645,7.790338983050846,7.8048739495798305,7.808333333333334,7.8142148760330565,7.821639344262295,7.831382113821137,7.84258064516129,7.861599999999998,7.878730158730157,7.879055118110236,7.873906249999999,26.25,315.0,0.0,0.0,0.0,0.0,0.0,0.0,0.0,0.0,0.0,0.0,0.0,0.0,0.0,0.0,0.0,0.0,24.0,59.0,99.0,137.0,166.0,180.0,180.0,180.0,180.0,180.0,180.0,180.0,180.0,180.0,180.0,180.0,180.0,180.0,180.0,180.0,180.0,180.0,180.0,180.0,211.0,263.0,327.0,393.0,451.0,492.0,511.0,515.0,515.0,515.0,515.0,515.0,515.0,515.0,515.0,515.0,515.0,515.0,515.0,515.0,515.0,515.0,515.0,515.0,544.0,592.0,651.0,711.0,763.0,799.0,814.0,817.0,817.0,817.0,817.0,817.0,817.0,817.0,817.0,817.0,817.0,817.0,817.0,817.0,817.0,817.0,817.0,817.0,860.0,946.0,1062.0,1191.0,1317.0,1424.0,1495.0,1518.0,1518.0,1518.0,1518.0,1518.0,1518.0,1518.0,1518.0,1518.0,1518.0,1518.0,1518.0,1518.0,1518.0,1518.0,1518.0,1518.0,1537.0,1563.0,1590.0,1612.0,1624.0,1624.0,1624.0,1624.0,1624.0,1624.0,1624.0,1624.0,1624.0,1624.0,1624.0,1624.0,8,January 8,Nancy
0.0019457140808987145,1.298762322386136,1.0482621861589028,2.197977820321764,2.197977820321764,0.4733015207805796,0.7293875999896601,1.0432553671500722,1.0432553671500722,0.48994739699021006,0.7083061203074715,3.708186578328597,3.708186578328597,0.5103517457842615,1.298843602472778,4.3029272724747125,4.3029272724747125,0.2274450620926604,0.6071313915913071,15.613333333333333,-0.018643279921586094,0.018643279921586094,119.52924850555081,-1.18,-1.13,-1.1466666666666665,-1.4549999999999998,-1.8799999999999997,-2.013333333333333,-2.137142857142857,-2.055,-1.8688888888888888,-1.59,-1.4345454545454546,-1.2550000000000001,-1.0338461538461539,-0.822857142857143,-0.6,-0.42374999999999996,-0.19764705882352937,-0.002222222222222175,0.19894736842105268,0.34000000000000014,0.44380952380952393,0.52,0.5852173913043479,0.6283333333333334,0.6480000000000001,0.6546153846153847,0.6274074074074076,0.6271428571428572,0.6889655172413796,0.8033333333333335,0.949032258064516,1.1168749999999998,1.2836363636363635,1.4376470588235295,1.582857142857143,1.728333333333333,1.8659459459459458,1.980526315789473,2.071282051282051,2.1774999999999998,2.2687804878048774,2.3628571428571425,2.4897674418604647,2.5836363636363635,2.655555555555555,2.7069565217391296,2.745531914893616,2.7616666666666667,2.7853061224489792,2.7879999999999994,2.7847058823529407,2.7757692307692303,2.786037735849056,2.8125925925925914,2.8527272727272717,2.9146428571428573,3.021754385964912,3.1372413793103444,3.253898305084745,3.386666666666666,3.5101639344262288,3.647419354838709,3.778730158730158,3.9074999999999998,4.0323076923076915,4.15030303030303,4.248358208955223,4.325882352941177,4.393913043478261,4.444285714285715,4.496056338028168,4.544999999999999,4.592602739726027,4.625405405405405,4.673333333333333,4.722631578947368,4.774545454545454,4.823846153846154,4.874430379746835,4.922499999999999,4.957037037037037,4.985853658536586,5.02,5.072380952380952,5.1129411764705885,5.164186046511628,5.213103448275862,5.258636363636364,5.276179775280899,5.294444444444444,5.304615384615384,5.310217391304348,5.318924731182796,5.342340425531915,5.382105263157895,5.427291666666666,5.48701030927835,5.546530612244897,5.599797979797979,5.646,5.66950495049505,5.686666666666667,5.695728155339806,5.684423076923076,5.67904761904762,5.6879245283018856,5.700373831775702,5.737592592592592,5.772293577981651,5.803636363636363,5.845225225225225,5.887857142857142,5.927964601769911,5.964736842105262,5.998260869565218,6.025172413793103,6.0550427350427345,6.081016949152542,6.105714285714286,6.136666666666666,6.179504132231404,6.219180327868853,6.258211382113821,6.290967741935483,6.315999999999999,6.343809523809523,6.369606299212598,6.3903124999999985,30.833333333333332,370.0,0.0,0.0,0.0,0.0,0.0,0.0,0.0,0.0,0.0,0.0,0.0,0.0,0.0,0.0,0.0,0.0,31.0,81.0,142.0,205.0,259.0,296.0,312.0,315.0,315.0,315.0,315.0,315.0,315.0,315.0,315.0,315.0,315.0,315.0,315.0,315.0,315.0,315.0,315.0,315.0,339.0,374.0,414.0,452.0,481.0,495.0,495.0,495.0,495.0,495.0,495.0,495.0,495.0,495.0,495.0,495.0,495.0,495.0,495.0,495.0,495.0,495.0,495.0,495.0,526.0,578.0,642.0,708.0,766.0,807.0,826.0,830.0,830.0,830.0,830.0,830.0,830.0,830.0,830.0,830.0,830.0,830.0,830.0,830.0,830.0,830.0,830.0,830.0,859.0,907.0,966.0,1026.0,1078.0,1114.0,1129.0,1132.0,1132.0,1132.0,1132.0,1132.0,1132.0,1132.0,1132.0,1132.0,1132.0,1132.0,1132.0,1132.0,1132.0,1132.0,1132.0,1132.0,1175.0,1261.0,1377.0,1506.0,1632.0,1739.0,1810.0,1833.0,1833.0,1833.0,1833.0,1833.0,1833.0,1833.0,1833.0,1833.0,9,January 9,Nancy
0.0019457140808987145,1.298762322386136,1.0482621861589028,2.197977820321764,2.197977820321764,0.4733015207805796,0.7293875999896601,1.0432553671500722,1.0432553671500722,0.48994739699021006,0.7083061203074715,3.708186578328597,3.708186578328597,0.5103517457842615,1.298843602472778,4.3029272724747125,4.3029272724747125,0.2274450620926604,0.6071313915913071,16.73,-0.033721120824610415,0.033721120824610415,117.69276748356245,1.22,1.67,1.7533333333333332,1.67,1.42,1.0366666666666666,0.82,0.6325,0.5311111111111111,0.4999999999999999,0.6018181818181818,0.7616666666666667,1.0815384615384616,1.42,1.7533333333333334,2.0324999999999998,2.284705882352941,2.525555555555555,2.7199999999999998,2.8249999999999997,2.8342857142857145,2.77,2.6721739130434785,2.5741666666666663,2.424,2.2892307692307687,2.1607407407407404,1.9985714285714287,1.8062068965517242,1.6566666666666665,1.5103225806451612,1.4168749999999999,1.3624242424242423,1.349411764705882,1.3142857142857143,1.2977777777777775,1.3064864864864865,1.3226315789473684,1.3533333333333333,1.375,1.4248780487804877,1.4699999999999998,1.5246511627906978,1.5586363636363638,1.5800000000000003,1.591739130434783,1.6008510638297875,1.6012499999999996,1.5914285714285712,1.5760000000000003,1.543529411764706,1.5257692307692308,1.5426415094339623,1.5903703703703709,1.6581818181818184,1.7414285714285713,1.827017543859649,1.9079310344827585,1.9861016949152541,2.066666666666667,2.144590163934426,2.2103225806451605,2.2628571428571425,2.32625,2.381538461538461,2.43969696969697,2.5199999999999996,2.580294117647058,2.627246376811594,2.6614285714285706,2.6876056338028165,2.6991666666666663,2.715890410958904,2.7186486486486485,2.717333333333333,2.7121052631578944,2.7199999999999993,2.739230769230769,2.7681012658227844,2.8124999999999996,2.8891358024691356,2.9724390243902437,3.057349397590361,3.15452380952381,3.2458823529411776,3.347906976744187,3.4464367816091963,3.5438636363636364,3.6391011235955055,3.7300000000000004,3.806813186813187,3.8689130434782615,3.924301075268818,3.9668085106382986,4.010526315789474,4.052291666666666,4.093195876288661,4.123061224489796,4.164444444444444,4.207000000000001,4.251683168316832,4.294509803921569,4.338446601941748,4.380576923076923,4.4123809523809525,4.439811320754717,4.471401869158878,4.517222222222222,4.553944954128441,4.59909090909091,4.642522522522523,4.683392857142857,4.7023008849557515,4.721754385964913,4.734782608695652,4.744137931034482,4.755897435897435,4.779322033898304,4.81579831932773,4.8566666666666665,4.909256198347108,4.961803278688524,5.009430894308942,5.051451612903225,5.075199999999999,5.093809523809522,5.105826771653542,5.101249999999999,21.25,255.0,0.0,0.0,0.0,0.0,0.0,0.0,0.0,0.0,0.0,0.0,0.0,0.0,0.0,0.0,0.0,0.0,35.0,91.0,160.0,232.0,296.0,342.0,365.0,370.0,370.0,370.0,370.0,370.0,370.0,370.0,370.0,370.0,370.0,370.0,370.0,370.0,370.0,370.0,370.0,370.0,401.0,451.0,512.0,575.0,629.0,666.0,682.0,685.0,685.0,685.0,685.0,685.0,685.0,685.0,685.0,685.0,685.0,685.0,685.0,685.0,685.0,685.0,685.0,685.0,709.0,744.0,784.0,822.0,851.0,865.0,865.0,865.0,865.0,865.0,865.0,865.0,865.0,865.0,865.0,865.0,865.0,865.0,865.0,865.0,865.0,865.0,865.0,865.0,896.0,948.0,1012.0,1078.0,1136.0,1177.0,1196.0,1200.0,1200.0,1200.0,1200.0,1200.0,1200.0,1200.0,1200.0,1200.0,1200.0,1200.0,1200.0,1200.0,1200.0,1200.0,1200.0,1200.0,1229.0,1277.0,1336.0,1396.0,1448.0,1484.0,1499.0,1502.0,1502.0,1502.0,1502.0,1502.0,1502.0,1502.0,1502.0,1502.0,10,January 10,Nancy
0.0019457140808987145,1.298762322386136,1.0482621861589028,2.197977820321764,2.197977820321764,0.4733015207805796,0.7293875999896601,1.0432553671500722,1.0432553671500722,0.48994739699021006,0.7083061203074715,3.708186578328597,3.708186578328597,0.5103517457842615,1.298843602472778,4.3029272724747125,4.3029272724747125,0.2274450620926604,0.6071313915913071,15.588333333333335,-0.055385932913703896,0.055385932913703896,115.05399337111086,1.92,2.37,2.42,2.1950000000000003,2.1,1.87,1.6485714285714284,1.445,1.4533333333333334,1.51,1.5109090909090908,1.5700000000000003,1.6815384615384614,1.8057142857142858,1.9533333333333331,2.0075,2.0905882352941174,2.2033333333333336,2.309473684210527,2.4050000000000002,2.481904761904762,2.479090909090909,2.4591304347826086,2.42,2.372,2.3623076923076924,2.345925925925926,2.312857142857143,2.2475862068965515,2.143333333333333,2.0587096774193547,1.973125,1.9048484848484846,1.855294117647059,1.8485714285714288,1.8672222222222226,1.9497297297297298,2.0515789473684207,2.163589743589743,2.2649999999999997,2.36390243902439,2.4652380952380955,2.552558139534884,2.604090909090909,2.613333333333333,2.587391304347826,2.5434042553191483,2.4970833333333333,2.4220408163265303,2.3520000000000003,2.2827450980392157,2.1930769230769225,2.084150943396226,1.9959259259259257,1.907272727272727,1.846785714285714,1.807719298245614,1.792413793103448,1.7640677966101694,1.7466666666666666,1.744590163934426,1.7474193548387096,1.7596825396825393,1.7668749999999998,1.7923076923076922,1.8154545454545452,1.8453731343283581,1.862647058823529,1.8721739130434776,1.8757142857142854,1.877746478873239,1.8741666666666665,1.8638356164383558,1.8497297297297293,1.824,1.808157894736842,1.8161038961038962,1.8456410256410258,1.889620253164557,1.9449999999999998,2.002716049382716,2.0578048780487803,2.1115662650602407,2.1676190476190476,2.222352941176471,2.2688372093023252,2.306206896551724,2.3518181818181816,2.3919101123595503,2.434444444444444,2.4936263736263733,2.538478260869565,2.573763440860215,2.599787234042553,2.62,2.629375,2.6426804123711345,2.645510204081633,2.645252525252525,2.642,2.6487128712871293,2.6641176470588235,2.686990291262136,2.7219230769230767,2.7819047619047623,2.847358490566038,2.9143925233644863,2.9912962962962957,3.0640366972477064,3.1454545454545455,3.2245045045045044,3.303035714285715,3.380176991150443,3.4542105263157903,3.517391304347826,3.5691379310344824,3.615726495726496,3.652203389830509,3.6897478991596637,3.7258333333333336,3.7613223140495875,3.788032786885246,3.8240650406504066,3.8611290322580643,3.9,3.9374603174603173,3.975905511811024,4.012968750000001,58.5,702.0,0.0,0.0,0.0,0.0,0.0,0.0,0.0,0.0,0.0,0.0,0.0,0.0,0.0,0.0,0.0,0.0,30.0,75.0,128.0,179.0,221.0,247.0,255.0,255.0,255.0,255.0,255.0,255.0,255.0,255.0,255.0,255.0,255.0,255.0,255.0,255.0,255.0,255.0,255.0,255.0,290.0,346.0,415.0,487.0,551.0,597.0,620.0,625.0,625.0,625.0,625.0,625.0,625.0,625.0,625.0,625.0,625.0,625.0,625.0,625.0,625.0,625.0,625.0,625.0,656.0,706.0,767.0,830.0,884.0,921.0,937.0,940.0,940.0,940.0,940.0,940.0,940.0,940.0,940.0,940.0,940.0,940.0,940.0,940.0,940.0,940.0,940.0,940.0,964.0,999.0,1039.0,1077.0,1106.0,1120.0,1120.0,1120.0,1120.0,1120.0,1120.0,1120.0,1120.0,1120.0,1120.0,1120.0,1120.0,1120.0,1120.0,1120.0,1120.0,1120.0,1120.0,1120.0,1151.0,1203.0,1267.0,1333.0,1391.0,1432.0,1451.0,1455.0,1455.0,1455.0,1455.0,1455.0,1455.0,1455.0,1455.0,1455.0,11,January 11,Nancy
0.0019457140808987145,1.298762322386136,1.0482621861589028,2.197977820321764,2.197977820321764,0.4733015207805796,0.7293875999896601,1.0432553671500722,1.0432553671500722,0.48994739699021006,0.7083061203074715,3.708186578328597,3.708186578328597,0.5103517457842615,1.298843602472778,4.3029272724747125,4.3029272724747125,0.2274450620926604,0.6071313915913071,12.371666666666664,0.028512321464794328,0.028512321464794328,125.27280075441195,4.72,4.02,3.2533333333333334,2.67,2.3200000000000003,2.0366666666666666,1.9342857142857142,1.9825,2.042222222222222,2.02,2.02,2.0533333333333332,2.1046153846153848,2.1414285714285715,2.273333333333334,2.4825,2.7258823529411766,2.87,3.041052631578947,3.1850000000000005,3.2628571428571433,3.3063636363636366,3.276521739130434,3.2325,3.18,3.166153846153846,3.1422222222222214,3.0842857142857136,3.0372413793103443,2.9600000000000004,2.8748387096774186,2.785625,2.747272727272727,2.7258823529411766,2.6914285714285713,2.678333333333333,2.6875675675675677,2.706842105263158,2.74051282051282,2.7425,2.7590243902439027,2.791428571428571,2.824651162790698,2.856363636363636,2.882222222222222,2.872173913043478,2.8540425531914893,2.82625,2.7934693877551013,2.7799999999999994,2.7631372549019604,2.737307692307692,2.693584905660376,2.6274074074074067,2.5709090909090904,2.512857142857143,2.463859649122807,2.425172413793103,2.411525423728813,2.413333333333333,2.4544262295081962,2.5087096774193545,2.57079365079365,2.6278125,2.6846153846153844,2.744242424242424,2.796119402985074,2.825882352941176,2.8286956521739124,2.8085714285714283,2.7763380281690133,2.7422222222222223,2.688493150684932,2.6375675675675674,2.5866666666666664,2.5213157894736837,2.4420779220779214,2.376410256410256,2.3098734177215183,2.2625,2.229876543209876,2.21390243902439,2.1886746987951806,2.1711904761904757,2.1647058823529406,2.1618604651162787,2.165977011494252,2.166590909090909,2.1806741573033706,2.193333333333333,2.211208791208791,2.2199999999999998,2.2232258064516124,2.222127659574468,2.2199999999999993,2.2137499999999997,2.202474226804124,2.1883673469387754,2.1654545454545455,2.15,2.1526732673267324,2.171960784313725,2.2025242718446596,2.2421153846153845,2.2838095238095235,2.3237735849056604,2.3629906542056074,2.404259259259259,2.444770642201835,2.47909090909091,2.506486486486487,2.540535714285714,2.5704424778761066,2.6024561403508772,2.647826086956522,2.682068965517242,2.70888888888889,2.728474576271187,2.7435294117647064,2.75,2.759669421487604,2.760983606557377,2.7598373983739846,2.756290322580645,2.7608000000000006,2.772380952380953,2.790078740157481,2.8176562499999998,16.5,198.0,0.0,0.0,0.0,0.0,0.0,0.0,0.0,0.0,0.0,0.0,0.0,0.0,0.0,0.0,0.0,0.0,50.0,143.0,263.0,393.0,516.0,617.0,681.0,702.0,702.0,702.0,702.0,702.0,702.0,702.0,702.0,702.0,702.0,702.0,702.0,702.0,702.0,702.0,702.0,702.0,732.0,777.0,830.0,881.0,923.0,949.0,957.0,957.0,957.0,957.0,957.0,957.0,957.0,957.0,957.0,957.0,957.0,957.0,957.0,957.0,957.0,957.0,957.0,957.0,992.0,1048.0,1117.0,1189.0,1253.0,1299.0,1322.0,1327.0,1327.0,1327.0,1327.0,1327.0,1327.0,1327.0,1327.0,1327.0,1327.0,1327.0,1327.0,1327.0,1327.0,1327.0,1327.0,1327.0,1358.0,1408.0,1469.0,1532.0,1586.0,1623.0,1639.0,1642.0,1642.0,1642.0,1642.0,1642.0,1642.0,1642.0,1642.0,1642.0,1642.0,1642.0,1642.0,1642.0,1642.0,1642.0,1642.0,1642.0,1666.0,1701.0,1741.0,1779.0,1808.0,1822.0,1822.0,1822.0,1822.0,1822.0,1822.0,1822.0,1822.0,1822.0,1822.0,1822.0,12,January 12,Nancy
0.0019457140808987145,1.298762322386136,1.0482621861589028,2.197977820321764,2.197977820321764,0.4733015207805796,0.7293875999896601,1.0432553671500722,1.0432553671500722,0.48994739699021006,0.7083061203074715,3.708186578328597,3.708186578328597,0.5103517457842615,1.298843602472778,4.3029272724747125,4.3029272724747125,0.2274450620926604,0.6071313915913071,13.613333333333333,-0.059819729844046675,0.059819729844046675,114.51395690499511,3.52,3.2199999999999998,2.8866666666666667,2.495,2.2,2.0866666666666664,2.1914285714285713,2.345,2.5755555555555554,2.86,3.101818181818182,3.3700000000000006,3.558461538461539,3.7842857142857147,3.993333333333334,4.1825,4.372941176470587,4.514444444444444,4.698947368421052,4.909999999999999,5.1342857142857135,5.351818181818181,5.472173913043478,5.4991666666666665,5.468000000000001,5.3853846153846145,5.249629629629629,5.094999999999999,4.951034482758621,4.8066666666666675,4.694193548387097,4.619999999999999,4.556363636363636,4.475882352941177,4.405714285714286,4.350555555555555,4.306486486486486,4.262105263157895,4.258461538461539,4.2925,4.349268292682927,4.3723809523809525,4.413023255813954,4.447272727272727,4.455555555555556,4.4504347826086965,4.411489361702127,4.365833333333334,4.315918367346939,4.286,4.2513725490196075,4.198846153846153,4.1520754716981125,4.088518518518518,4.02,3.948571428571429,3.905964912280702,3.8734482758620685,3.833559322033898,3.8066666666666666,3.793770491803279,3.787741935483871,3.791428571428572,3.77625,3.7707692307692313,3.776060606060606,3.782686567164179,3.789117647058823,3.792463768115942,3.772857142857143,3.748169014084507,3.717222222222223,3.683013698630137,3.6618918918918912,3.638666666666667,3.609473684210527,3.568051948051948,3.5110256410256406,3.460506329113924,3.4087500000000004,3.3632098765432095,3.3248780487804885,3.3043373493975907,3.2950000000000004,3.3141176470588234,3.3432558139534883,3.3786206896551723,3.410909090909091,3.443595505617978,3.478888888888889,3.5090109890109895,3.5232608695652177,3.5178494623655916,3.495531914893617,3.464210526315789,3.4314583333333335,3.383917525773196,3.338367346938776,3.2927272727272734,3.236,3.168514851485148,3.1111764705882354,3.053009708737864,3.009423076923077,2.977142857142857,2.957735849056604,2.9312149532710285,2.9107407407407413,2.8988990825688075,2.8899999999999997,2.8866666666666663,2.8807142857142862,2.885486725663717,2.8892982456140355,2.8973913043478263,2.8984482758620693,2.8952136752136752,2.88864406779661,2.881344537815126,2.870833333333333,2.8563636363636364,2.839672131147541,2.815934959349594,2.798225806451613,2.7952,2.8057142857142856,2.8255118110236217,2.8528125,62.666666666666664,752.0,0.0,0.0,0.0,0.0,0.0,0.0,0.0,0.0,0.0,0.0,0.0,0.0,0.0,0.0,0.0,0.0,27.0,65.0,109.0,151.0,183.0,198.0,198.0,198.0,198.0,198.0,198.0,198.0,198.0,198.0,198.0,198.0,198.0,198.0,198.0,198.0,198.0,198.0,198.0,198.0,248.0,341.0,461.0,591.0,714.0,815.0,879.0,900.0,900.0,900.0,900.0,900.0,900.0,900.0,900.0,900.0,900.0,900.0,900.0,900.0,900.0,900.0,900.0,900.0,930.0,975.0,1028.0,1079.0,1121.0,1147.0,1155.0,1155.0,1155.0,1155.0,1155.0,1155.0,1155.0,1155.0,1155.0,1155.0,1155.0,1155.0,1155.0,1155.0,1155.0,1155.0,1155.0,1155.0,1190.0,1246.0,1315.0,1387.0,1451.0,1497.0,1520.0,1525.0,1525.0,1525.0,1525.0,1525.0,1525.0,1525.0,1525.0,1525.0,1525.0,1525.0,1525.0,1525.0,1525.0,1525.0,1525.0,1525.0,1556.0,1606.0,1667.0,1730.0,1784.0,1821.0,1837.0,1840.0,1840.0,1840.0,1840.0,1840.0,1840.0,1840.0,1840.0,1840.0,13,January 13,Nancy
0.0019457140808987145,1.298762322386136,1.0482621861589028,2.197977820321764,2.197977820321764,0.4733015207805796,0.7293875999896601,1.0432553671500722,1.0432553671500722,0.48994739699021006,0.7083061203074715,3.708186578328597,3.708186578328597,0.5103517457842615,1.298843602472778,4.3029272724747125,4.3029272724747125,0.2274450620926604,0.6071313915913071,14.196666666666667,-0.058788286063589636,0.058788286063589636,114.63958675745478,2.3200000000000003,2.3200000000000003,2.8866666666666667,3.17,3.4,3.3699999999999997,3.4057142857142857,3.37,3.464444444444444,3.47,3.4745454545454546,3.686666666666666,4.004615384615385,4.298571428571428,4.533333333333331,4.645,4.796470588235294,4.947777777777777,5.05157894736842,5.099999999999999,5.134285714285713,5.147272727272725,5.0895652173913035,5.036666666666666,4.975999999999999,4.896923076923077,4.797777777777777,4.673571428571428,4.5475862068965505,4.446666666666666,4.394193548387096,4.36375,4.365454545454545,4.396470588235293,4.428571428571429,4.481111111111111,4.517297297297297,4.575263157894736,4.635384615384615,4.695,4.761463414634147,4.812857142857142,4.887441860465116,4.979090909090909,5.082222222222222,5.187391304347826,5.249787234042553,5.267916666666666,5.256734693877551,5.218,5.1494117647058815,5.068076923076924,4.989811320754717,4.908888888888888,4.843636363636362,4.798571428571428,4.75859649122807,4.707931034482757,4.662372881355931,4.624999999999998,4.593770491803277,4.561935483870967,4.554920634920634,4.5715625,4.603076923076923,4.613939393939393,4.636417910447761,4.655294117647058,4.657681159420289,4.651428571428571,4.62281690140845,4.589444444444443,4.552876712328766,4.529459459459459,4.5026666666666655,4.463421052631578,4.427792207792207,4.380256410256409,4.32886075949367,4.275,4.240987654320987,4.21390243902439,4.18144578313253,4.158095238095237,4.14470588235294,4.136279069767442,4.134942528735632,4.119999999999999,4.112134831460674,4.112222222222223,4.113406593406593,4.114565217391304,4.113548387096774,4.095531914893616,4.073684210526316,4.047083333333333,4.017938144329897,3.9985714285714287,3.977575757575757,3.9519999999999995,3.9170297029702965,3.8699999999999997,3.827766990291262,3.784423076923077,3.745714285714286,3.712452830188679,3.6928971962616823,3.6820370370370368,3.6933944954128437,3.712727272727273,3.737117117117117,3.7592857142857143,3.7819469026548673,3.8068421052631582,3.8278260869565215,3.8363793103448276,3.829401709401709,3.8089830508474574,3.7813445378151256,3.7525,3.711735537190083,3.6724590163934425,3.6330081300813006,3.5845161290322576,3.5271999999999997,3.4779365079365077,3.4278740157480314,3.38953125,27.916666666666668,335.0,0.0,0.0,0.0,0.0,0.0,0.0,0.0,0.0,0.0,0.0,0.0,0.0,0.0,0.0,0.0,0.0,53.0,149.0,274.0,411.0,544.0,655.0,727.0,752.0,752.0,752.0,752.0,752.0,752.0,752.0,752.0,752.0,752.0,752.0,752.0,752.0,752.0,752.0,752.0,752.0,779.0,817.0,861.0,903.0,935.0,950.0,950.0,950.0,950.0,950.0,950.0,950.0,950.0,950.0,950.0,950.0,950.0,950.0,950.0,950.0,950.0,950.0,950.0,950.0,1000.0,1093.0,1213.0,1343.0,1466.0,1567.0,1631.0,1652.0,1652.0,1652.0,1652.0,1652.0,1652.0,1652.0,1652.0,1652.0,1652.0,1652.0,1652.0,1652.0,1652.0,1652.0,1652.0,1652.0,1682.0,1727.0,1780.0,1831.0,1873.0,1899.0,1907.0,1907.0,1907.0,1907.0,1907.0,1907.0,1907.0,1907.0,1907.0,1907.0,1907.0,1907.0,1907.0,1907.0,1907.0,1907.0,1907.0,1907.0,1942.0,1998.0,2067.0,2139.0,2203.0,2249.0,2272.0,2277.0,2277.0,2277.0,2277.0,2277.0,2277.0,2277.0,2277.0,2277.0,14,January 14,Nancy
0.0019457140808987145,1.298762322386136,1.0482621861589028,2.197977820321764,2.197977820321764,0.4733015207805796,0.7293875999896601,1.0432553671500722,1.0432553671500722,0.48994739699021006,0.7083061203074715,3.708186578328597,3.708186578328597,0.5103517457842615,1.298843602472778,4.3029272724747125,4.3029272724747125,0.2274450620926604,0.6071313915913071,17.355,-0.101792205240481,0.101792205240481,109.40170940170941,2.3200000000000003,2.2700000000000005,2.2533333333333334,2.5450000000000004,2.8600000000000003,3.22,3.548571428571428,3.9074999999999998,4.253333333333333,4.6,4.838181818181817,5.036666666666666,5.196923076923077,5.327142857142858,5.413333333333332,5.50125,5.619999999999999,5.67,5.725263157894737,5.725,5.691428571428572,5.619999999999999,5.541739130434782,5.419999999999999,5.296,5.181538461538461,5.138518518518519,5.098571428571427,5.071724137931034,5.01,4.96516129032258,4.907499999999999,4.886666666666666,4.846470588235293,4.808571428571427,4.8422222222222215,4.9227027027027015,5.006842105263158,5.078974358974358,5.109999999999999,5.161463414634146,5.217619047619047,5.257209302325581,5.2745454545454535,5.286666666666666,5.289565217391305,5.2582978723404254,5.228333333333333,5.193469387755101,5.148000000000001,5.090588235294117,5.018076923076923,4.942641509433963,4.8792592592592605,4.841818181818183,4.816428571428571,4.809473684210526,4.82,4.831864406779662,4.856666666666667,4.872459016393443,4.90225806451613,4.934285714285714,4.966875,5.004615384615384,5.033636363636363,5.078208955223881,5.134705882352942,5.199710144927536,5.267142857142858,5.307323943661973,5.31861111111111,5.31041095890411,5.283513513513513,5.236000000000001,5.1792105263157895,5.123896103896105,5.0661538461538465,5.01873417721519,4.984999999999999,4.954567901234567,4.916341463414633,4.881445783132531,4.852142857142858,4.827058823529413,4.801395348837209,4.793563218390805,4.802954545454545,4.823370786516853,4.828888888888889,4.843076923076922,4.854782608695652,4.854408602150538,4.847659574468085,4.824210526315789,4.797083333333333,4.767422680412371,4.747551020408163,4.725050505050505,4.6930000000000005,4.663564356435644,4.624901960784314,4.583106796116505,4.539230769230769,4.510476190476189,4.486981132075472,4.459252336448599,4.438518518518519,4.425504587155963,4.416363636363636,4.412792792792794,4.398571428571429,4.389911504424779,4.3875438596491225,4.38608695652174,4.384655172413793,4.3815384615384625,4.364915254237289,4.345210084033614,4.321666666666666,4.29603305785124,4.278196721311476,4.259024390243903,4.236129032258065,4.2056000000000004,4.165238095238096,4.128661417322835,4.09109375,29.166666666666668,350.0,0.0,0.0,0.0,0.0,0.0,0.0,0.0,0.0,0.0,0.0,0.0,0.0,0.0,0.0,0.0,0.0,36.0,91.0,156.0,221.0,277.0,316.0,333.0,335.0,335.0,335.0,335.0,335.0,335.0,335.0,335.0,335.0,335.0,335.0,335.0,335.0,335.0,335.0,335.0,335.0,388.0,484.0,609.0,746.0,879.0,990.0,1062.0,1087.0,1087.0,1087.0,1087.0,1087.0,1087.0,1087.0,1087.0,1087.0,1087.0,1087.0,1087.0,1087.0,1087.0,1087.0,1087.0,1087.0,1114.0,1152.0,1196.0,1238.0,1270.0,1285.0,1285.0,1285.0,1285.0,1285.0,1285.0,1285.0,1285.0,1285.0,1285.0,1285.0,1285.0,1285.0,1285.0,1285.0,1285.0,1285.0,1285.0,1285.0,1335.0,1428.0,1548.0,1678.0,1801.0,1902.0,1966.0,1987.0,1987.0,1987.0,1987.0,1987.0,1987.0,1987.0,1987.0,1987.0,1987.0,1987.0,1987.0,1987.0,1987.0,1987.0,1987.0,1987.0,2017.0,2062.0,2115.0,2166.0,2208.0,2234.0,2242.0,2242.0,2242.0,2242.0,2242.0,2242.0,2242.0,2242.0,2242.0,2242.0,15,January 15,Nancy
0.0019457140808987145,1.298762322386136,1.0482621861589028,2.197977820321764,2.197977820321764,0.4733015207805796,0.7293875999896601,1.0432553671500722,1.0432553671500722,0.48994739699021006,0.7083061203074715,3.708186578328597,3.708186578328597,0.5103517457842615,1.298843602472778,4.3029272724747125,4.3029272724747125,0.2274450620926604,0.6071313915913071,14.088333333333335,-0.02231541274199041,0.02231541274199041,119.08198272802557,1.12,0.97,0.25333333333333335,-0.0050000000000000044,-0.039999999999999945,-0.24666666666666667,-0.37999999999999995,-0.455,-0.46888888888888886,-0.43,-0.28,-0.1383333333333334,0.01999999999999994,0.14857142857142855,0.30666666666666664,0.5075,0.6788235294117646,0.8200000000000001,0.9831578947368422,1.09,1.1247619047619049,1.188181818181818,1.2200000000000002,1.2533333333333332,1.296,1.3315384615384613,1.3644444444444443,1.4378571428571427,1.5303448275862068,1.6466666666666663,1.7716129032258063,1.9168749999999999,2.0715151515151513,2.2376470588235295,2.3799999999999994,2.514444444444444,2.6389189189189186,2.754210526315789,2.8533333333333326,2.9525,3.0639024390243903,3.1461904761904758,3.229302325581395,3.2859090909090907,3.3244444444444436,3.341739130434782,3.3519148936170207,3.3366666666666664,3.3159183673469386,3.2960000000000003,3.310196078431372,3.3238461538461532,3.3426415094339617,3.3403703703703695,3.3454545454545443,3.341428571428571,3.3568421052631576,3.3596551724137926,3.362372881355932,3.4066666666666663,3.4790163934426226,3.553870967741935,3.6215873015873012,3.66375,3.7184615384615385,3.7760606060606055,3.8229850746268657,3.8552941176470585,3.8837681159420283,3.905714285714286,3.9045070422535213,3.9033333333333338,3.898082191780822,3.8848648648648645,3.8626666666666667,3.82921052631579,3.792727272727273,3.7635897435897436,3.751645569620253,3.7474999999999996,3.7558024691358027,3.776097560975609,3.7971084337349392,3.8271428571428574,3.8505882352941176,3.8839534883720934,3.918850574712644,3.9540909090909087,3.9930337078651683,4.025555555555556,4.06945054945055,4.122173913043478,4.1812903225806455,4.242340425531915,4.283157894736842,4.302291666666666,4.30659793814433,4.296530612244898,4.27050505050505,4.237,4.204158415841584,4.169019607843137,4.141359223300971,4.123846153846153,4.1085714285714285,4.086981132075471,4.0676635514018695,4.052407407407407,4.040183486238532,4.027272727272727,4.028108108108108,4.042321428571428,4.065132743362832,4.076140350877193,4.093913043478261,4.1096551724137935,4.115726495726496,4.116610169491526,4.104033613445378,4.088333333333333,4.070413223140496,4.060163934426229,4.0476422764227635,4.027258064516129,4.0088,3.982698412698413,3.9538582677165355,3.9231249999999998,36.333333333333336,436.0,0.0,0.0,0.0,0.0,0.0,0.0,0.0,0.0,0.0,0.0,0.0,0.0,0.0,0.0,0.0,1.0,38.0,94.0,161.0,229.0,288.0,329.0,347.0,350.0,350.0,350.0,350.0,350.0,350.0,350.0,350.0,350.0,350.0,350.0,350.0,350.0,350.0,350.0,350.0,350.0,386.0,441.0,506.0,571.0,627.0,666.0,683.0,685.0,685.0,685.0,685.0,685.0,685.0,685.0,685.0,685.0,685.0,685.0,685.0,685.0,685.0,685.0,685.0,685.0,738.0,834.0,959.0,1096.0,1229.0,1340.0,1412.0,1437.0,1437.0,1437.0,1437.0,1437.0,1437.0,1437.0,1437.0,1437.0,1437.0,1437.0,1437.0,1437.0,1437.0,1437.0,1437.0,1437.0,1464.0,1502.0,1546.0,1588.0,1620.0,1635.0,1635.0,1635.0,1635.0,1635.0,1635.0,1635.0,1635.0,1635.0,1635.0,1635.0,1635.0,1635.0,1635.0,1635.0,1635.0,1635.0,1635.0,1635.0,1685.0,1778.0,1898.0,2028.0,2151.0,2252.0,2316.0,2337.0,2337.0,2337.0,2337.0,2337.0,2337.0,2337.0,2337.0,2337.0,16,January 16,Nancy
0.0019457140808987145,1.298762322386136,1.0482621861589028,2.197977820321764,2.197977820321764,0.4733015207805796,0.7293875999896601,1.0432553671500722,1.0432553671500722,0.48994739699021006,0.7083061203074715,3.708186578328597,3.708186578328597,0.5103517457842615,1.298843602472778,4.3029272724747125,4.3029272724747125,0.2274450620926604,0.6071313915913071,11.755,-0.05081790999742282,0.05081790999742282,115.6103785623139,5.42,5.07,4.786666666666666,4.32,4.12,4.02,3.8200000000000003,3.7825,3.775555555555556,3.8400000000000007,3.9563636363636365,4.078333333333333,4.235384615384616,4.441428571428572,4.56,4.6825,4.790588235294118,4.92,5.062105263157895,5.17,5.2057142857142855,5.174545454545455,5.102608695652174,4.995,4.84,4.685384615384615,4.468148148148148,4.280714285714286,4.126896551724138,3.9466666666666668,3.781290322580645,3.6325,3.5048484848484853,3.3994117647058824,3.337142857142857,3.283888888888889,3.2470270270270274,3.2094736842105265,3.191794871794872,3.2,3.2053658536585363,3.2057142857142855,3.2223255813953484,3.2199999999999993,3.188888888888888,3.1743478260869553,3.1476595744680846,3.124166666666666,3.1077551020408163,3.0899999999999994,3.072941176470588,3.079615384615384,3.0992452830188677,3.1348148148148143,3.1781818181818178,3.236071428571428,3.302456140350877,3.3786206896551723,3.443728813559322,3.5066666666666664,3.5659016393442617,3.621612903225806,3.6692063492063487,3.7184375,3.7769230769230764,3.8184848484848484,3.8617910447761195,3.889117647058823,3.905507246376812,3.9085714285714297,3.907323943661973,3.889444444444444,3.8679452054794523,3.847027027027027,3.849333333333335,3.8515789473684223,3.8576623376623385,3.84948717948718,3.8465822784810135,3.8374999999999995,3.842222222222222,3.8382926829268293,3.834457831325302,3.8604761904761915,3.907058823529413,3.9560465116279073,4.000459770114943,4.026818181818182,4.062696629213483,4.101111111111111,4.132087912087912,4.152608695652175,4.1705376344086025,4.183829787234043,4.180000000000001,4.1762500000000005,4.169484536082474,4.156734693877552,4.137171717171718,4.109000000000001,4.078415841584159,4.053333333333334,4.041359223300971,4.035384615384616,4.039047619047619,4.052075471698114,4.065794392523365,4.086666666666668,4.102568807339451,4.126363636363637,4.151531531531533,4.177142857142857,4.205840707964602,4.229649122807017,4.262608695652175,4.302758620689656,4.348205128205128,4.395423728813559,4.42672268907563,4.440833333333333,4.443140495867769,4.4339344262295075,4.411869918699186,4.383709677419354,4.356000000000001,4.326349206349207,4.30267716535433,4.2871875,64.83333333333333,778.0,0.0,0.0,0.0,0.0,0.0,0.0,0.0,0.0,0.0,0.0,0.0,0.0,0.0,0.0,0.0,2.0,44.0,110.0,190.0,273.0,346.0,400.0,429.0,436.0,436.0,436.0,436.0,436.0,436.0,436.0,436.0,436.0,436.0,436.0,436.0,436.0,436.0,436.0,436.0,437.0,474.0,530.0,597.0,665.0,724.0,765.0,783.0,786.0,786.0,786.0,786.0,786.0,786.0,786.0,786.0,786.0,786.0,786.0,786.0,786.0,786.0,786.0,786.0,786.0,822.0,877.0,942.0,1007.0,1063.0,1102.0,1119.0,1121.0,1121.0,1121.0,1121.0,1121.0,1121.0,1121.0,1121.0,1121.0,1121.0,1121.0,1121.0,1121.0,1121.0,1121.0,1121.0,1121.0,1174.0,1270.0,1395.0,1532.0,1665.0,1776.0,1848.0,1873.0,1873.0,1873.0,1873.0,1873.0,1873.0,1873.0,1873.0,1873.0,1873.0,1873.0,1873.0,1873.0,1873.0,1873.0,1873.0,1873.0,1900.0,1938.0,1982.0,2024.0,2056.0,2071.0,2071.0,2071.0,2071.0,2071.0,2071.0,2071.0,2071.0,2071.0,2071.0,2071.0,17,January 17,Nancy
0.0019457140808987145,1.298762322386136,1.0482621861589028,2.197977820321764,2.197977820321764,0.4733015207805796,0.7293875999896601,1.0432553671500722,1.0432553671500722,0.48994739699021006,0.7083061203074715,3.708186578328597,3.708186578328597,0.5103517457842615,1.298843602472778,4.3029272724747125,4.3029272724747125,0.2274450620926604,0.6071313915913071,14.98,-0.06548450296436124,0.06548450296436124,113.8239875389408,7.62,6.719999999999999,5.953333333333333,5.694999999999999,5.84,5.97,6.191428571428572,6.182499999999999,6.253333333333333,6.45,6.647272727272727,6.736666666666667,6.78923076923077,6.791428571428571,6.793333333333334,6.86375,6.92,6.986666666666666,7.146315789473684,7.324999999999998,7.462857142857142,7.542727272727271,7.528695652173911,7.490833333333334,7.408,7.304615384615385,7.19037037037037,7.037857142857142,6.909655172413792,6.796666666666665,6.661935483870967,6.563750000000001,6.477575757575758,6.417058823529412,6.38,6.353333333333333,6.3470270270270275,6.367368421052631,6.363589743589744,6.3675,6.371219512195123,6.38904761904762,6.417674418604652,6.4359090909090915,6.424444444444445,6.383043478260871,6.322127659574469,6.242916666666666,6.138367346938775,6.032,5.8905882352941195,5.762307692307693,5.650188679245284,5.521851851851853,5.400000000000001,5.286071428571428,5.183157894736842,5.092413793103447,5.02677966101695,4.966666666666668,4.916721311475411,4.8667741935483875,4.82952380952381,4.8090625,4.787692307692308,4.763939393939395,4.751343283582089,4.72735294117647,4.685217391304349,4.654285714285715,4.615774647887324,4.579722222222222,4.548767123287671,4.517297297297297,4.486666666666666,4.472631578947369,4.468051948051949,4.475128205128206,4.488354430379747,4.5125,4.543456790123456,4.582195121951219,4.613975903614458,4.6450000000000005,4.674117647058823,4.7013953488372096,4.7234482758620695,4.747272727272727,4.778426966292135,4.797777777777778,4.818901098901099,4.828695652173914,4.830752688172043,4.823191489361704,4.812631578947369,4.789791666666667,4.764329896907216,4.73938775510204,4.732121212121212,4.7250000000000005,4.720990099009901,4.706274509803922,4.695728155339806,4.680576923076923,4.6761904761904765,4.665283018867925,4.654579439252336,4.667222222222223,4.696146788990826,4.7272727272727275,4.755135135135135,4.769107142857142,4.79079646017699,4.814736842105263,4.833043478260869,4.843275862068965,4.851623931623931,4.8564406779661,4.847731092436974,4.839166666666667,4.828264462809917,4.812622950819673,4.791544715447155,4.763548387096773,4.733599999999999,4.708095238095237,4.693228346456693,4.68328125,5.416666666666667,65.0,0.0,0.0,0.0,0.0,0.0,0.0,0.0,0.0,0.0,0.0,0.0,0.0,0.0,0.0,0.0,3.0,61.0,162.0,291.0,433.0,568.0,679.0,752.0,778.0,778.0,778.0,778.0,778.0,778.0,778.0,778.0,778.0,778.0,778.0,778.0,778.0,778.0,778.0,778.0,780.0,822.0,888.0,968.0,1051.0,1124.0,1178.0,1207.0,1214.0,1214.0,1214.0,1214.0,1214.0,1214.0,1214.0,1214.0,1214.0,1214.0,1214.0,1214.0,1214.0,1214.0,1214.0,1214.0,1215.0,1252.0,1308.0,1375.0,1443.0,1502.0,1543.0,1561.0,1564.0,1564.0,1564.0,1564.0,1564.0,1564.0,1564.0,1564.0,1564.0,1564.0,1564.0,1564.0,1564.0,1564.0,1564.0,1564.0,1564.0,1600.0,1655.0,1720.0,1785.0,1841.0,1880.0,1897.0,1899.0,1899.0,1899.0,1899.0,1899.0,1899.0,1899.0,1899.0,1899.0,1899.0,1899.0,1899.0,1899.0,1899.0,1899.0,1899.0,1899.0,1952.0,2048.0,2173.0,2310.0,2443.0,2554.0,2626.0,2651.0,2651.0,2651.0,2651.0,2651.0,2651.0,2651.0,2651.0,2651.0,18,January 18,Nancy
0.0019457140808987145,1.298762322386136,1.0482621861589028,2.197977820321764,2.197977820321764,0.4733015207805796,0.7293875999896601,1.0432553671500722,1.0432553671500722,0.48994739699021006,0.7083061203074715,3.708186578328597,3.708186578328597,0.5103517457842615,1.298843602472778,4.3029272724747125,4.3029272724747125,0.2274450620926604,0.6071313915913071,13.563333333333333,-0.14099799799920987,0.14099799799920987,104.62644384369624,10.52,9.719999999999999,9.319999999999999,9.195,9.080000000000002,8.770000000000001,8.777142857142858,8.870000000000001,8.93111111111111,8.959999999999999,8.892727272727273,8.72,8.473846153846152,8.255714285714285,7.993333333333333,7.8637500000000005,7.778823529411765,7.647777777777778,7.4936842105263155,7.3549999999999995,7.2009523809523825,7.056363636363637,6.928695652173913,6.87,6.900000000000001,6.858461538461539,6.76814814814815,6.702142857142857,6.692413793103449,6.6899999999999995,6.716774193548387,6.698125,6.701818181818182,6.746470588235294,6.800000000000001,6.825555555555556,6.841621621621622,6.841052631578947,6.84051282051282,6.8675,6.890731707317073,6.92,6.992093023255813,7.076818181818182,7.146666666666666,7.191739130434784,7.192340425531915,7.180416666666666,7.144489795918368,7.096,7.039607843137254,6.960384615384614,6.891698113207547,6.829259259259259,6.752727272727272,6.694999999999999,6.642807017543859,6.60448275862069,6.579322033898305,6.56,6.552786885245901,6.561935483870967,6.556507936507937,6.555937500000001,6.5553846153846145,6.5639393939393935,6.579701492537313,6.589117647058822,6.579420289855072,6.55,6.507323943661972,6.451944444444444,6.37890410958904,6.303783783783784,6.204,6.112105263157894,6.03038961038961,5.9366666666666665,5.846582278481012,5.7612499999999995,5.6829629629629625,5.612682926829268,5.559759036144578,5.51047619047619,5.468235294117647,5.4258139534883725,5.392413793103448,5.371136363636364,5.349213483146067,5.325555555555556,5.3101098901098895,5.2863043478260865,5.249032258064516,5.22,5.185263157894736,5.152291666666666,5.123092783505154,5.093469387755102,5.064444444444444,5.047999999999999,5.038811881188119,5.0386274509803926,5.043300970873787,5.056538461538462,5.075238095238095,5.100188679245283,5.119999999999999,5.139444444444444,5.157614678899082,5.174545454545454,5.187567567567568,5.202142857142857,5.2226548672566375,5.234035087719298,5.24695652173913,5.25103448275862,5.249059829059829,5.239491525423729,5.227563025210085,5.2058333333333335,5.18198347107438,5.1585245901639345,5.149268292682927,5.14016129032258,5.1335999999999995,5.1184126984126985,5.106614173228346,5.09109375,67.08333333333333,805.0,0.0,0.0,0.0,0.0,0.0,0.0,0.0,0.0,0.0,0.0,0.0,0.0,0.0,0.0,0.0,5.0,23.0,42.0,58.0,65.0,65.0,65.0,65.0,65.0,65.0,65.0,65.0,65.0,65.0,65.0,65.0,65.0,65.0,65.0,65.0,65.0,65.0,65.0,65.0,68.0,126.0,227.0,356.0,498.0,633.0,744.0,817.0,843.0,843.0,843.0,843.0,843.0,843.0,843.0,843.0,843.0,843.0,843.0,843.0,843.0,843.0,843.0,843.0,845.0,887.0,953.0,1033.0,1116.0,1189.0,1243.0,1272.0,1279.0,1279.0,1279.0,1279.0,1279.0,1279.0,1279.0,1279.0,1279.0,1279.0,1279.0,1279.0,1279.0,1279.0,1279.0,1279.0,1280.0,1317.0,1373.0,1440.0,1508.0,1567.0,1608.0,1626.0,1629.0,1629.0,1629.0,1629.0,1629.0,1629.0,1629.0,1629.0,1629.0,1629.0,1629.0,1629.0,1629.0,1629.0,1629.0,1629.0,1629.0,1665.0,1720.0,1785.0,1850.0,1906.0,1945.0,1962.0,1964.0,1964.0,1964.0,1964.0,1964.0,1964.0,1964.0,1964.0,1964.0,19,January 19,Nancy
0.0019457140808987145,1.298762322386136,1.0482621861589028,2.197977820321764,2.197977820321764,0.4733015207805796,0.7293875999896601,1.0432553671500722,1.0432553671500722,0.48994739699021006,0.7083061203074715,3.708186578328597,3.708186578328597,0.5103517457842615,1.298843602472778,4.3029272724747125,4.3029272724747125,0.2274450620926604,0.6071313915913071,14.105,-0.043115720376168516,0.043115720376168516,116.54850525818267,3.62,3.12,3.0866666666666673,3.0200000000000005,2.8600000000000003,2.8533333333333335,2.777142857142857,2.6950000000000003,2.575555555555556,2.47,2.3472727272727276,2.2783333333333338,2.273846153846154,2.3628571428571425,2.433333333333333,2.4450000000000003,2.5258823529411765,2.664444444444444,2.851578947368421,3.1199999999999997,3.439047619047619,3.774545454545455,4.0721739130434775,4.3575,4.604,4.7700000000000005,4.908888888888889,5.048571428571429,5.171724137931035,5.239999999999999,5.355483870967741,5.485625,5.604848484848485,5.711176470588235,5.782857142857143,5.811666666666667,5.803783783783784,5.793684210526316,5.755897435897436,5.76,5.77609756097561,5.767619047619048,5.743255813953488,5.720000000000001,5.684444444444445,5.648260869565218,5.615744680851064,5.6137500000000005,5.65469387755102,5.658,5.6337254901960785,5.62,5.635094339622642,5.653333333333334,5.6872727272727275,5.695,5.714736842105263,5.757931034482759,5.806440677966101,5.838333333333333,5.864262295081968,5.879677419354838,5.894603174603174,5.9262500000000005,5.955384615384616,5.988181818181818,6.048358208955224,6.117058823529412,6.176521739130435,6.220000000000001,6.234084507042255,6.239444444444445,6.228219178082191,6.207837837837838,6.181333333333334,6.138421052631579,6.101818181818182,6.068717948717949,6.02506329113924,5.99375,5.96567901234568,5.946829268292682,5.936867469879518,5.930714285714286,5.932941176470588,5.946744186046512,5.949885057471264,5.956363636363637,5.962696629213482,5.975555555555556,5.993626373626373,6.006956521739132,6.006021505376345,5.990212765957448,5.964210526315792,5.928333333333335,5.878762886597938,5.8271428571428565,5.756363636363638,5.691,5.632871287128713,5.5650980392156875,5.499611650485439,5.437307692307693,5.38,5.328490566037735,5.290093457943925,5.254259259259259,5.223669724770644,5.192727272727273,5.16864864864865,5.153928571428572,5.13858407079646,5.121754385964913,5.111304347826087,5.094137931034482,5.066153846153847,5.044576271186441,5.018319327731094,4.993333333333333,4.971239669421488,4.948688524590164,4.926504065040651,4.914354838709677,4.908000000000001,4.90888888888889,4.913700787401576,4.92546875,17.416666666666668,209.0,0.0,0.0,0.0,0.0,0.0,0.0,0.0,0.0,0.0,0.0,0.0,0.0,0.0,0.0,0.0,6.0,67.0,170.0,302.0,446.0,586.0,701.0,777.0,805.0,805.0,805.0,805.0,805.0,805.0,805.0,805.0,805.0,805.0,805.0,805.0,805.0,805.0,805.0,805.0,810.0,828.0,847.0,863.0,870.0,870.0,870.0,870.0,870.0,870.0,870.0,870.0,870.0,870.0,870.0,870.0,870.0,870.0,870.0,870.0,870.0,870.0,870.0,870.0,873.0,931.0,1032.0,1161.0,1303.0,1438.0,1549.0,1622.0,1648.0,1648.0,1648.0,1648.0,1648.0,1648.0,1648.0,1648.0,1648.0,1648.0,1648.0,1648.0,1648.0,1648.0,1648.0,1648.0,1650.0,1692.0,1758.0,1838.0,1921.0,1994.0,2048.0,2077.0,2084.0,2084.0,2084.0,2084.0,2084.0,2084.0,2084.0,2084.0,2084.0,2084.0,2084.0,2084.0,2084.0,2084.0,2084.0,2084.0,2085.0,2122.0,2178.0,2245.0,2313.0,2372.0,2413.0,2431.0,2434.0,2434.0,2434.0,2434.0,2434.0,2434.0,2434.0,2434.0,2434.0,20,January 20,Nancy
0.0019457140808987145,1.298762322386136,1.0482621861589028,2.197977820321764,2.197977820321764,0.4733015207805796,0.7293875999896601,1.0432553671500722,1.0432553671500722,0.48994739699021006,0.7083061203074715,3.708186578328597,3.708186578328597,0.5103517457842615,1.298843602472778,4.3029272724747125,4.3029272724747125,0.2274450620926604,0.6071313915913071,16.696666666666665,-0.11530345542227584,0.11530345542227584,107.7560391295668,3.22,2.92,3.0866666666666664,3.37,3.5199999999999996,3.5033333333333334,3.4628571428571426,3.3825000000000003,3.2422222222222223,3.21,3.2199999999999993,3.353333333333333,3.5815384615384613,3.8128571428571427,3.986666666666666,4.17625,4.296470588235294,4.37,4.441052631578948,4.525,4.581904761904762,4.592727272727273,4.60695652173913,4.6241666666666665,4.584,4.508461538461538,4.453333333333333,4.3950000000000005,4.32,4.2700000000000005,4.207096774193549,4.141875000000001,4.065454545454545,3.9905882352941178,3.908571428571429,3.842222222222222,3.798378378378378,3.7910526315789466,3.781538461538461,3.7525000000000004,3.7541463414634144,3.7842857142857143,3.8409302325581387,3.9404545454545454,4.071111111111111,4.217826086956522,4.354042553191489,4.490833333333334,4.613877551020408,4.7,4.774901960784313,4.852692307692307,4.92377358490566,4.9662962962962975,5.036363636363637,5.116428571428571,5.191929824561403,5.261379310344828,5.311525423728814,5.336666666666669,5.339672131147543,5.3409677419354855,5.324761904761907,5.3340625,5.350769230769232,5.3518181818181825,5.342388059701493,5.333235294117649,5.315652173913046,5.297142857142859,5.280563380281693,5.283888888888888,5.315890410958904,5.322702702702704,5.310666666666667,5.305526315789475,5.32,5.336666666666668,5.364303797468356,5.373749999999999,5.391604938271605,5.42609756097561,5.464578313253012,5.491428571428572,5.514117647058825,5.529302325581397,5.544137931034484,5.571136363636364,5.596404494382023,5.624444444444445,5.672747252747253,5.727608695652174,5.775913978494623,5.812553191489362,5.827368421052632,5.835625,5.831340206185568,5.82,5.803838383838384,5.775,5.750693069306931,5.728823529411765,5.69864077669903,5.677692307692308,5.6590476190476195,5.647358490566038,5.6424299065420565,5.640370370370371,5.644770642201836,5.658181818181818,5.663243243243243,5.670892857142857,5.678407079646019,5.691052631578948,5.707826086956523,5.720862068965517,5.722564102564103,5.712372881355932,5.693949579831932,5.6675,5.629917355371901,5.590491803278689,5.535447154471544,5.484516129032259,5.4392,5.385873015873016,5.334173228346457,5.28484375,57.583333333333336,691.0,0.0,0.0,0.0,0.0,0.0,0.0,0.0,0.0,0.0,0.0,0.0,0.0,0.0,0.0,0.0,8.0,39.0,79.0,123.0,164.0,195.0,209.0,209.0,209.0,209.0,209.0,209.0,209.0,209.0,209.0,209.0,209.0,209.0,209.0,209.0,209.0,209.0,209.0,209.0,215.0,276.0,379.0,511.0,655.0,795.0,910.0,986.0,1014.0,1014.0,1014.0,1014.0,1014.0,1014.0,1014.0,1014.0,1014.0,1014.0,1014.0,1014.0,1014.0,1014.0,1014.0,1014.0,1019.0,1037.0,1056.0,1072.0,1079.0,1079.0,1079.0,1079.0,1079.0,1079.0,1079.0,1079.0,1079.0,1079.0,1079.0,1079.0,1079.0,1079.0,1079.0,1079.0,1079.0,1079.0,1079.0,1079.0,1082.0,1140.0,1241.0,1370.0,1512.0,1647.0,1758.0,1831.0,1857.0,1857.0,1857.0,1857.0,1857.0,1857.0,1857.0,1857.0,1857.0,1857.0,1857.0,1857.0,1857.0,1857.0,1857.0,1857.0,1859.0,1901.0,1967.0,2047.0,2130.0,2203.0,2257.0,2286.0,2293.0,2293.0,2293.0,2293.0,2293.0,2293.0,2293.0,2293.0,2293.0,21,January 21,Nancy
0.0019457140808987145,1.298762322386136,1.0482621861589028,2.197977820321764,2.197977820321764,0.4733015207805796,0.7293875999896601,1.0432553671500722,1.0432553671500722,0.48994739699021006,0.7083061203074715,3.708186578328597,3.708186578328597,0.5103517457842615,1.298843602472778,4.3029272724747125,4.3029272724747125,0.2274450620926604,0.6071313915913071,13.213333333333335,-0.07293722318601403,0.07293722318601403,112.91624621594349,5.62,5.220000000000001,5.153333333333333,5.0200000000000005,5.0600000000000005,5.236666666666667,5.377142857142856,5.3575,5.3533333333333335,5.1899999999999995,5.047272727272727,4.919999999999999,4.819999999999999,4.619999999999999,4.546666666666666,4.4575,4.384705882352941,4.381111111111112,4.362105263157894,4.365,4.353333333333334,4.27,4.167826086956523,4.111666666666667,4.0760000000000005,4.0200000000000005,3.997777777777778,4.005714285714285,4.009655172413793,3.9900000000000007,3.9651612903225812,3.929375,3.8745454545454545,3.8464705882352943,3.8314285714285714,3.8588888888888895,3.9254054054054057,4.001578947368421,4.063589743589744,4.1375,4.18829268292683,4.222380952380952,4.257209302325582,4.299545454545455,4.331111111111112,4.3417391304347825,4.35404255319149,4.367916666666667,4.35265306122449,4.3180000000000005,4.292549019607843,4.264230769230769,4.22566037735849,4.19962962962963,4.165454545454545,4.128928571428571,4.084912280701754,4.040689655172414,3.991186440677966,3.95,3.9216393442622954,3.915161290322581,3.9073015873015873,3.8871875,3.8861538461538463,3.9033333333333333,3.9379104477611944,4.000882352941177,4.085217391304348,4.181428571428572,4.272112676056339,4.364444444444445,4.448767123287671,4.509189189189189,4.562666666666667,4.6186842105263155,4.6706493506493505,4.703333333333334,4.755443037974684,4.8149999999999995,4.871851851851852,4.924878048780488,4.9645783132530115,4.986666666666666,4.9929411764705875,4.997906976744186,4.990114942528736,5.0006818181818184,5.016629213483146,5.021111111111112,5.017802197802197,5.014565217391304,5.00494623655914,4.994468085106383,4.985263157894737,4.990833333333334,5.017938144329897,5.026122448979592,5.02,5.019,5.032871287128714,5.048431372549019,5.0724271844660205,5.0825000000000005,5.099047619047619,5.128490566037736,5.1611214953271025,5.184814814814815,5.205321100917432,5.220000000000001,5.234414414414415,5.258392857142857,5.281061946902655,5.305964912280703,5.346956521739131,5.393275862068966,5.434529914529914,5.466610169491525,5.481344537815127,5.490833333333334,5.490247933884298,5.483934426229509,5.473658536585366,5.453064516129033,5.436000000000001,5.420793650793651,5.398740157480316,5.3840625,34.583333333333336,415.0,0.0,0.0,0.0,0.0,0.0,0.0,0.0,0.0,0.0,0.0,0.0,0.0,0.0,0.0,0.0,9.0,69.0,164.0,280.0,403.0,518.0,611.0,670.0,691.0,691.0,691.0,691.0,691.0,691.0,691.0,691.0,691.0,691.0,691.0,691.0,691.0,691.0,691.0,691.0,699.0,730.0,770.0,814.0,855.0,886.0,900.0,900.0,900.0,900.0,900.0,900.0,900.0,900.0,900.0,900.0,900.0,900.0,900.0,900.0,900.0,900.0,900.0,900.0,906.0,967.0,1070.0,1202.0,1346.0,1486.0,1601.0,1677.0,1705.0,1705.0,1705.0,1705.0,1705.0,1705.0,1705.0,1705.0,1705.0,1705.0,1705.0,1705.0,1705.0,1705.0,1705.0,1705.0,1710.0,1728.0,1747.0,1763.0,1770.0,1770.0,1770.0,1770.0,1770.0,1770.0,1770.0,1770.0,1770.0,1770.0,1770.0,1770.0,1770.0,1770.0,1770.0,1770.0,1770.0,1770.0,1770.0,1770.0,1773.0,1831.0,1932.0,2061.0,2203.0,2338.0,2449.0,2522.0,2548.0,2548.0,2548.0,2548.0,2548.0,2548.0,2548.0,2548.0,2548.0,22,January 22,Nancy
0.0019457140808987145,1.298762322386136,1.0482621861589028,2.197977820321764,2.197977820321764,0.4733015207805796,0.7293875999896601,1.0432553671500722,1.0432553671500722,0.48994739699021006,0.7083061203074715,3.708186578328597,3.708186578328597,0.5103517457842615,1.298843602472778,4.3029272724747125,4.3029272724747125,0.2274450620926604,0.6071313915913071,12.313333333333333,-0.04835027377640728,0.04835027377640728,115.91093665403359,3.02,3.2199999999999998,3.0533333333333332,3.195,3.2399999999999998,3.3699999999999997,3.334285714285714,3.0949999999999998,2.7644444444444445,2.4499999999999997,2.2927272727272725,2.1699999999999995,2.2276923076923074,2.334285714285714,2.5266666666666664,2.80125,2.9847058823529413,3.186666666666667,3.430526315789473,3.7199999999999998,3.981904761904762,4.201818181818182,4.367826086956522,4.4783333333333335,4.524,4.535384615384616,4.553333333333334,4.555714285714286,4.578620689655173,4.629999999999999,4.681290322580645,4.698125,4.716969696969697,4.687647058823529,4.6571428571428575,4.625555555555556,4.598378378378378,4.530526315789474,4.504615384615385,4.470000000000001,4.439512195121951,4.4366666666666665,4.426976744186046,4.426818181818182,4.42,4.378695652173913,4.326382978723404,4.295,4.273061224489797,4.24,4.223921568627451,4.2238461538461545,4.22188679245283,4.207037037037037,4.189090909090909,4.164642857142857,4.128771929824562,4.107931034482759,4.094576271186441,4.1066666666666665,4.142950819672131,4.186129032258064,4.221587301587302,4.2653125,4.295384615384616,4.315454545454545,4.336417910447762,4.36264705882353,4.382318840579711,4.388571428571429,4.39605633802817,4.404722222222222,4.393972602739726,4.369999999999999,4.352,4.331842105263158,4.304415584415585,4.285384615384615,4.260506329113925,4.233749999999999,4.201481481481481,4.168780487804877,4.132048192771084,4.100952380952381,4.078823529411765,4.072325581395349,4.0648275862068965,4.04840909090909,4.045842696629213,4.056666666666667,4.080439560439561,4.1254347826086954,4.1866666666666665,4.2572340425531925,4.32421052631579,4.392916666666667,4.456082474226804,4.5016326530612245,4.542222222222223,4.585000000000001,4.624950495049505,4.650392156862745,4.690873786407767,4.7373076923076916,4.781904761904761,4.82377358490566,4.855514018691588,4.873703703703703,4.879633027522936,4.884545454545453,4.879459459459459,4.88875,4.902300884955753,4.9068421052631574,4.905217391304348,4.903620689655172,4.896923076923076,4.889491525423728,4.883025210084033,4.888333333333333,4.910909090909091,4.918360655737706,4.914308943089431,4.914354838709677,4.926399999999999,4.93984126984127,4.96015748031496,4.96921875,40.75,489.0,0.0,0.0,0.0,0.0,0.0,0.0,0.0,0.0,0.0,0.0,0.0,0.0,0.0,0.0,0.0,11.0,55.0,121.0,198.0,275.0,341.0,388.0,411.0,415.0,415.0,415.0,415.0,415.0,415.0,415.0,415.0,415.0,415.0,415.0,415.0,415.0,415.0,415.0,415.0,424.0,484.0,579.0,695.0,818.0,933.0,1026.0,1085.0,1106.0,1106.0,1106.0,1106.0,1106.0,1106.0,1106.0,1106.0,1106.0,1106.0,1106.0,1106.0,1106.0,1106.0,1106.0,1106.0,1114.0,1145.0,1185.0,1229.0,1270.0,1301.0,1315.0,1315.0,1315.0,1315.0,1315.0,1315.0,1315.0,1315.0,1315.0,1315.0,1315.0,1315.0,1315.0,1315.0,1315.0,1315.0,1315.0,1315.0,1321.0,1382.0,1485.0,1617.0,1761.0,1901.0,2016.0,2092.0,2120.0,2120.0,2120.0,2120.0,2120.0,2120.0,2120.0,2120.0,2120.0,2120.0,2120.0,2120.0,2120.0,2120.0,2120.0,2120.0,2125.0,2143.0,2162.0,2178.0,2185.0,2185.0,2185.0,2185.0,2185.0,2185.0,2185.0,2185.0,2185.0,2185.0,2185.0,2185.0,2185.0,23,January 23,Nancy
0.0019457140808987145,1.298762322386136,1.0482621861589028,2.197977820321764,2.197977820321764,0.4733015207805796,0.7293875999896601,1.0432553671500722,1.0432553671500722,0.48994739699021006,0.7083061203074715,3.708186578328597,3.708186578328597,0.5103517457842615,1.298843602472778,4.3029272724747125,4.3029272724747125,0.2274450620926604,0.6071313915913071,16.546666666666667,-0.05489474958618297,0.05489474958618297,115.11381950040291,0.92,1.27,2.02,2.395,2.8,3.0866666666666664,3.4485714285714293,3.8824999999999994,4.32,4.76,5.083636363636364,5.328333333333333,5.458461538461538,5.619999999999999,5.92,6.188749999999999,6.367058823529412,6.414444444444445,6.498947368421053,6.594999999999999,6.672380952380952,6.665454545454546,6.589565217391304,6.5075,6.3679999999999986,6.254615384615383,6.123703703703703,6.034285714285715,5.944137931034483,5.88,5.790967741935484,5.654375,5.4866666666666655,5.314117647058823,5.182857142857143,5.0616666666666665,5.003783783783783,4.97,4.976410256410257,5.025,5.046829268292683,5.0842857142857145,5.147906976744187,5.240454545454546,5.328888888888889,5.404782608695653,5.460425531914894,5.492916666666667,5.495510204081633,5.481999999999999,5.472941176470588,5.456538461538462,5.452075471698114,5.464444444444444,5.478181818181818,5.473571428571428,5.4708771929824564,5.440689655172414,5.409830508474577,5.378333333333333,5.349508196721311,5.295806451612902,5.267619047619047,5.2340625,5.203076923076923,5.18969696969697,5.1722388059701485,5.161176470588235,5.146086956521739,5.108571428571428,5.063661971830986,5.0325,5.007671232876713,4.9754054054054055,4.954666666666666,4.945,4.934285714285713,4.914871794871795,4.893417721518986,4.8675,4.833580246913581,4.810243902439025,4.792289156626505,4.792619047619048,4.810588235294118,4.833953488372092,4.852183908045977,4.876818181818181,4.89191011235955,4.9,4.909010989010989,4.922173913043478,4.930752688172042,4.929574468085106,4.929473684210526,4.930416666666666,4.916907216494845,4.893469387755102,4.874545454545454,4.854,4.827920792079207,4.8082352941176465,4.784077669902913,4.758461538461538,4.728571428571428,4.698301886792453,4.664859813084112,4.63574074074074,4.613577981651376,4.603636363636363,4.592972972972972,4.5753571428571425,4.5686725663716805,4.572631578947369,4.586956521739129,4.618275862068964,4.662735042735042,4.714915254237287,4.76453781512605,4.815833333333334,4.86297520661157,4.89622950819672,4.925691056910568,4.957096774193548,4.986399999999999,5.004126984126983,5.0341732283464555,5.069218749999999,1.3333333333333333,16.0,0.0,0.0,0.0,0.0,0.0,0.0,0.0,0.0,0.0,0.0,0.0,0.0,0.0,0.0,0.0,12.0,60.0,133.0,221.0,312.0,392.0,450.0,481.0,489.0,489.0,489.0,489.0,489.0,489.0,489.0,489.0,489.0,489.0,489.0,489.0,489.0,489.0,489.0,489.0,500.0,544.0,610.0,687.0,764.0,830.0,877.0,900.0,904.0,904.0,904.0,904.0,904.0,904.0,904.0,904.0,904.0,904.0,904.0,904.0,904.0,904.0,904.0,904.0,913.0,973.0,1068.0,1184.0,1307.0,1422.0,1515.0,1574.0,1595.0,1595.0,1595.0,1595.0,1595.0,1595.0,1595.0,1595.0,1595.0,1595.0,1595.0,1595.0,1595.0,1595.0,1595.0,1595.0,1603.0,1634.0,1674.0,1718.0,1759.0,1790.0,1804.0,1804.0,1804.0,1804.0,1804.0,1804.0,1804.0,1804.0,1804.0,1804.0,1804.0,1804.0,1804.0,1804.0,1804.0,1804.0,1804.0,1804.0,1810.0,1871.0,1974.0,2106.0,2250.0,2390.0,2505.0,2581.0,2609.0,2609.0,2609.0,2609.0,2609.0,2609.0,2609.0,2609.0,2609.0,24,January 24,Nancy
0.0019457140808987145,1.298762322386136,1.0482621861589028,2.197977820321764,2.197977820321764,0.4733015207805796,0.7293875999896601,1.0432553671500722,1.0432553671500722,0.48994739699021006,0.7083061203074715,3.708186578328597,3.708186578328597,0.5103517457842615,1.298843602472778,4.3029272724747125,4.3029272724747125,0.2274450620926604,0.6071313915913071,20.996666666666666,-0.09657382997431505,0.09657382997431505,110.03730750912842,-0.8800000000000001,-0.8800000000000001,-0.5800000000000001,-0.43000000000000005,-0.14000000000000004,0.06999999999999999,0.21999999999999997,0.3825,0.4977777777777777,0.6300000000000001,0.8109090909090907,1.0949999999999998,1.2969230769230768,1.5057142857142858,1.7533333333333334,2.045,2.243529411764706,2.342222222222222,2.3884210526315792,2.445,2.4342857142857146,2.4154545454545455,2.3460869565217393,2.2741666666666664,2.2199999999999998,2.1969230769230768,2.245925925925926,2.2914285714285714,2.3648275862068964,2.4366666666666665,2.539354838709678,2.6762499999999996,2.8321212121212125,3.005294117647059,3.1571428571428575,3.292222222222222,3.3929729729729727,3.5068421052631584,3.676410256410257,3.84,3.971219512195122,4.048571428571429,4.14093023255814,4.238181818181818,4.326666666666668,4.374347826086957,4.385957446808511,4.390833333333333,4.362857142857142,4.343999999999999,4.3121568627450975,4.298846153846155,4.282264150943396,4.277407407407408,4.256363636363637,4.2057142857142855,4.134035087719298,4.056206896551724,3.999661016949153,3.9466666666666668,3.929836065573771,3.9264516129032265,3.9469841269841277,3.9934374999999998,4.023076923076923,4.0624242424242425,4.118507462686567,4.193529411764706,4.266376811594203,4.33142857142857,4.38338028169014,4.42,4.436438356164384,4.441621621621622,4.449333333333334,4.451578947368421,4.4615584415584415,4.4828205128205125,4.504810126582279,4.51375,4.523703703703704,4.51390243902439,4.503132530120482,4.491428571428571,4.481176470588235,4.452558139534883,4.441839080459769,4.426818181818182,4.413258426966292,4.412222222222223,4.407912087912088,4.408043478260869,4.404946236559139,4.384893617021276,4.3589473684210525,4.3429166666666665,4.331340206185567,4.313877551020408,4.304848484848485,4.303999999999999,4.302178217821782,4.293529411764705,4.283106796116504,4.269038461538462,4.248571428571428,4.236037735849057,4.2274766355140185,4.232962962962962,4.252110091743118,4.275454545454545,4.294774774774774,4.319107142857143,4.3359292035398225,4.34719298245614,4.3591304347826085,4.3743103448275855,4.385811965811965,4.389491525423728,4.393949579831932,4.399166666666665,4.392727272727272,4.378196721311475,4.3671544715447155,4.354677419354838,4.337599999999999,4.325555555555555,4.309763779527558,4.292656249999999,31.25,375.0,0.0,0.0,0.0,0.0,0.0,0.0,0.0,0.0,0.0,0.0,0.0,0.0,0.0,0.0,0.0,14.0,16.0,16.0,16.0,16.0,16.0,16.0,16.0,16.0,16.0,16.0,16.0,16.0,16.0,16.0,16.0,16.0,16.0,16.0,16.0,16.0,16.0,16.0,16.0,28.0,76.0,149.0,237.0,328.0,408.0,466.0,497.0,505.0,505.0,505.0,505.0,505.0,505.0,505.0,505.0,505.0,505.0,505.0,505.0,505.0,505.0,505.0,505.0,516.0,560.0,626.0,703.0,780.0,846.0,893.0,916.0,920.0,920.0,920.0,920.0,920.0,920.0,920.0,920.0,920.0,920.0,920.0,920.0,920.0,920.0,920.0,920.0,929.0,989.0,1084.0,1200.0,1323.0,1438.0,1531.0,1590.0,1611.0,1611.0,1611.0,1611.0,1611.0,1611.0,1611.0,1611.0,1611.0,1611.0,1611.0,1611.0,1611.0,1611.0,1611.0,1611.0,1619.0,1650.0,1690.0,1734.0,1775.0,1806.0,1820.0,1820.0,1820.0,1820.0,1820.0,1820.0,1820.0,1820.0,1820.0,1820.0,1820.0,25,January 25,Nancy
0.0019457140808987145,1.298762322386136,1.0482621861589028,2.197977820321764,2.197977820321764,0.4733015207805796,0.7293875999896601,1.0432553671500722,1.0432553671500722,0.48994739699021006,0.7083061203074715,3.708186578328597,3.708186578328597,0.5103517457842615,1.298843602472778,4.3029272724747125,4.3029272724747125,0.2274450620926604,0.6071313915913071,21.61333333333333,-0.04520562931718229,0.04520562931718229,116.2939543491672,-5.78,-5.03,-4.98,-4.955,-4.76,-4.363333333333333,-3.98,-3.655,-3.2911111111111113,-3.0799999999999996,-2.9436363636363634,-2.688333333333333,-2.5415384615384613,-2.48,-2.413333333333333,-2.2925,-2.168235294117647,-2.068888888888889,-2.001052631578947,-1.97,-1.9704761904761903,-1.9663636363636363,-1.9191304347826088,-1.8425,-1.804,-1.7684615384615385,-1.7022222222222223,-1.6407142857142858,-1.5489655172413794,-1.4600000000000002,-1.376774193548387,-1.28625,-1.2042424242424243,-1.1152941176470588,-1.0085714285714285,-0.8633333333333334,-0.7394594594594596,-0.6089473684210528,-0.45948717948717954,-0.2875000000000001,-0.14829268292682934,-0.04904761904761902,0.026976744186046474,0.10636363636363638,0.15333333333333324,0.19391304347826083,0.2072340425531913,0.21583333333333332,0.23020408163265307,0.2579999999999999,0.32196078431372543,0.38346153846153835,0.45962264150943394,0.5348148148148147,0.6272727272727271,0.7396428571428572,0.8638596491228069,0.9993103448275861,1.1233898305084744,1.2383333333333333,1.3331147540983608,1.4361290322580647,1.5739682539682538,1.7090625,1.8246153846153845,1.9063636363636363,1.9976119402985075,2.0920588235294115,2.1808695652173915,2.242857142857143,2.2805633802816905,2.3130555555555556,2.322739726027397,2.337567567567568,2.3426666666666667,2.3594736842105264,2.3732467532467534,2.394358974358975,2.403544303797468,2.3912500000000003,2.36320987654321,2.329756097560976,2.3103614457831325,2.2926190476190476,2.3000000000000003,2.3165116279069773,2.3498850574712646,2.401818181818182,2.4413483146067416,2.4877777777777776,2.5463736263736267,2.6189130434782615,2.68989247311828,2.7551063829787235,2.8105263157894744,2.8543749999999997,2.882886597938145,2.9026530612244903,2.924040404040405,2.9410000000000003,2.963564356435644,2.994509803921569,3.025825242718447,3.046923076923077,3.068571428571429,3.0747169811320756,3.0798130841121503,3.0838888888888896,3.088807339449542,3.0790909090909095,3.0830630630630633,3.083392857142857,3.0846017699115045,3.095438596491228,3.1034782608695655,3.114827586206897,3.123418803418804,3.118305084745763,3.1082352941176477,3.1058333333333334,3.1067768595041323,3.1027868852459024,3.1053658536585367,3.1143548387096778,3.1224000000000003,3.124761904761905,3.125511811023622,3.123125,21.833333333333332,262.0,0.0,0.0,0.0,0.0,0.0,0.0,0.0,0.0,0.0,0.0,0.0,0.0,0.0,0.0,0.0,15.0,58.0,118.0,188.0,258.0,318.0,359.0,375.0,375.0,375.0,375.0,375.0,375.0,375.0,375.0,375.0,375.0,375.0,375.0,375.0,375.0,375.0,375.0,375.0,389.0,391.0,391.0,391.0,391.0,391.0,391.0,391.0,391.0,391.0,391.0,391.0,391.0,391.0,391.0,391.0,391.0,391.0,391.0,391.0,391.0,391.0,391.0,391.0,403.0,451.0,524.0,612.0,703.0,783.0,841.0,872.0,880.0,880.0,880.0,880.0,880.0,880.0,880.0,880.0,880.0,880.0,880.0,880.0,880.0,880.0,880.0,880.0,891.0,935.0,1001.0,1078.0,1155.0,1221.0,1268.0,1291.0,1295.0,1295.0,1295.0,1295.0,1295.0,1295.0,1295.0,1295.0,1295.0,1295.0,1295.0,1295.0,1295.0,1295.0,1295.0,1295.0,1304.0,1364.0,1459.0,1575.0,1698.0,1813.0,1906.0,1965.0,1986.0,1986.0,1986.0,1986.0,1986.0,1986.0,1986.0,1986.0,1986.0,26,January 26,Nancy
0.0019457140808987145,1.298762322386136,1.0482621861589028,2.197977820321764,2.197977820321764,0.4733015207805796,0.7293875999896601,1.0432553671500722,1.0432553671500722,0.48994739699021006,0.7083061203074715,3.708186578328597,3.708186578328597,0.5103517457842615,1.298843602472778,4.3029272724747125,4.3029272724747125,0.2274450620926604,0.6071313915913071,18.663333333333334,-0.00565753150266388,0.00565753150266388,121.11091266297554,-3.1800000000000006,-2.8300000000000005,-2.78,-2.3800000000000003,-2.22,-2.2133333333333334,-2.5228571428571427,-2.755,-3.002222222222222,-3.09,-3.0072727272727278,-2.73,-2.5184615384615388,-2.337142857142857,-2.1866666666666665,-2.0612500000000002,-1.9623529411764706,-1.907777777777778,-1.8431578947368423,-1.8199999999999998,-1.8466666666666665,-1.902727272727273,-2.0452173913043477,-2.171666666666667,-2.3160000000000003,-2.3915384615384614,-2.4837037037037044,-2.569285714285715,-2.6179310344827598,-2.610000000000001,-2.580000000000001,-2.5425000000000004,-2.476969696969697,-2.438823529411765,-2.4142857142857146,-2.34388888888889,-2.301621621621622,-2.2852631578947378,-2.2646153846153854,-2.2199999999999998,-2.1702439024390245,-2.127619047619048,-2.096279069767442,-2.0800000000000005,-2.077777777777778,-2.0734782608695657,-2.0480851063829792,-2.0070833333333336,-1.9840816326530615,-1.9620000000000002,-1.9231372549019614,-1.8857692307692313,-1.8309433962264154,-1.776296296296297,-1.7236363636363643,-1.6657142857142857,-1.6115789473684212,-1.5524137931034483,-1.4816949152542376,-1.3866666666666672,-1.3029508196721316,-1.213870967741936,-1.111746031746032,-0.9940625000000001,-0.8953846153846156,-0.8209090909090909,-0.7605970149253731,-0.6976470588235295,-0.6553623188405798,-0.6171428571428571,-0.5969014084507043,-0.58,-0.5594520547945205,-0.53,-0.4759999999999999,-0.42342105263157903,-0.3605194805194805,-0.297948717948718,-0.2230379746835443,-0.13375000000000004,-0.03555555555555564,0.0712195121951218,0.17060240963855408,0.2640476190476189,0.3435294117647058,0.4293023255813953,0.5406896551724136,0.650681818181818,0.7469662921348313,0.8188888888888889,0.898021978021978,0.9797826086956519,1.0576344086021503,1.1157446808510636,1.1557894736842103,1.1918750000000002,1.210721649484536,1.233265306122449,1.2482828282828282,1.2719999999999998,1.293267326732673,1.3199999999999998,1.3374757281553398,1.3382692307692308,1.3266666666666669,1.3105660377358492,1.3050467289719627,1.3005555555555557,1.3154128440366972,1.3372727272727272,1.3722522522522522,1.4217857142857147,1.4615929203539826,1.5068421052631584,1.561739130434783,1.6277586206896553,1.6926495726495725,1.7530508474576272,1.8057142857142856,1.8491666666666668,1.8803305785123965,1.904426229508197,1.9297560975609755,1.9514516129032258,1.9775999999999996,2.0104761904761905,2.043622047244094,2.0684375,23.25,279.0,0.0,0.0,0.0,0.0,0.0,0.0,0.0,0.0,0.0,0.0,0.0,0.0,0.0,0.0,0.0,17.0,54.0,102.0,154.0,203.0,241.0,261.0,262.0,262.0,262.0,262.0,262.0,262.0,262.0,262.0,262.0,262.0,262.0,262.0,262.0,262.0,262.0,262.0,262.0,277.0,320.0,380.0,450.0,520.0,580.0,621.0,637.0,637.0,637.0,637.0,637.0,637.0,637.0,637.0,637.0,637.0,637.0,637.0,637.0,637.0,637.0,637.0,637.0,651.0,653.0,653.0,653.0,653.0,653.0,653.0,653.0,653.0,653.0,653.0,653.0,653.0,653.0,653.0,653.0,653.0,653.0,653.0,653.0,653.0,653.0,653.0,653.0,665.0,713.0,786.0,874.0,965.0,1045.0,1103.0,1134.0,1142.0,1142.0,1142.0,1142.0,1142.0,1142.0,1142.0,1142.0,1142.0,1142.0,1142.0,1142.0,1142.0,1142.0,1142.0,1142.0,1153.0,1197.0,1263.0,1340.0,1417.0,1483.0,1530.0,1553.0,1557.0,1557.0,1557.0,1557.0,1557.0,1557.0,1557.0,1557.0,1557.0,27,January 27,Nancy
0.0019457140808987145,1.298762322386136,1.0482621861589028,2.197977820321764,2.197977820321764,0.4733015207805796,0.7293875999896601,1.0432553671500722,1.0432553671500722,0.48994739699021006,0.7083061203074715,3.708186578328597,3.708186578328597,0.5103517457842615,1.298843602472778,4.3029272724747125,4.3029272724747125,0.2274450620926604,0.6071313915913071,19.03,-0.023881573213843505,0.023881573213843505,118.89122438255386,0.62,-0.27999999999999997,-0.9133333333333334,-1.3299999999999998,-1.6800000000000002,-1.7633333333333334,-1.7085714285714286,-1.73,-1.7022222222222223,-1.6599999999999997,-1.570909090909091,-1.4966666666666668,-1.3723076923076922,-1.2871428571428571,-1.2066666666666668,-1.0175,-0.7976470588235296,-0.5800000000000001,-0.3957894736842105,-0.2,-0.07523809523809533,-0.016363636363636334,-0.023478260869565254,-0.08,-0.20400000000000001,-0.2915384615384616,-0.38000000000000006,-0.40857142857142864,-0.44896551724137934,-0.5066666666666667,-0.6316129032258064,-0.74875,-0.876969696969697,-0.9652941176470591,-1.0,-0.9633333333333335,-0.9367567567567566,-0.911578947368421,-0.8902564102564102,-0.8724999999999999,-0.860487804878049,-0.8633333333333335,-0.8590697674418606,-0.870909090909091,-0.9044444444444445,-0.9517391304347826,-1.0417021276595746,-1.1258333333333332,-1.2208163265306122,-1.2819999999999998,-1.3525490196078436,-1.4203846153846154,-1.4686792452830189,-1.4855555555555557,-1.4890909090909092,-1.487142857142857,-1.467719298245614,-1.4627586206896552,-1.4647457627118647,-1.4383333333333332,-1.4275409836065576,-1.4316129032258065,-1.4323809523809525,-1.4175,-1.3984615384615384,-1.383030303030303,-1.3740298507462687,-1.3741176470588237,-1.3828985507246376,-1.3900000000000001,-1.3828169014084508,-1.3647222222222222,-1.3580821917808217,-1.3516216216216215,-1.3333333333333335,-1.3155263157894737,-1.2851948051948052,-1.2543589743589745,-1.2243037974683546,-1.19,-1.1577777777777778,-1.1214634146341464,-1.0763855421686748,-1.0133333333333334,-0.9576470588235295,-0.8974418604651163,-0.8271264367816092,-0.7447727272727274,-0.6755056179775281,-0.6233333333333334,-0.5810989010989012,-0.5365217391304349,-0.5068817204301075,-0.48000000000000004,-0.46631578947368424,-0.4549999999999999,-0.4408247422680412,-0.4197959183673469,-0.37999999999999995,-0.341,-0.29386138613861384,-0.24666666666666667,-0.1897087378640777,-0.12134615384615385,-0.0457142857142858,0.036981132075471594,0.11439252336448587,0.18759259259259253,0.250275229357798,0.3181818181818181,0.40648648648648633,0.49410714285714274,0.5713274336283186,0.6296491228070176,0.693913043478261,0.7605172413793103,0.8242735042735043,0.8725423728813558,0.9065546218487397,0.9375000000000001,0.954710743801653,0.9749180327868853,0.9891056910569106,1.0103225806451612,1.0295999999999998,1.053333333333333,1.0696062992125983,1.07234375,23.416666666666668,281.0,0.0,0.0,0.0,0.0,0.0,0.0,0.0,0.0,0.0,0.0,0.0,0.0,0.0,0.0,0.0,18.0,56.0,107.0,163.0,215.0,255.0,276.0,279.0,279.0,279.0,279.0,279.0,279.0,279.0,279.0,279.0,279.0,279.0,279.0,279.0,279.0,279.0,279.0,279.0,296.0,333.0,381.0,433.0,482.0,520.0,540.0,541.0,541.0,541.0,541.0,541.0,541.0,541.0,541.0,541.0,541.0,541.0,541.0,541.0,541.0,541.0,541.0,541.0,556.0,599.0,659.0,729.0,799.0,859.0,900.0,916.0,916.0,916.0,916.0,916.0,916.0,916.0,916.0,916.0,916.0,916.0,916.0,916.0,916.0,916.0,916.0,916.0,930.0,932.0,932.0,932.0,932.0,932.0,932.0,932.0,932.0,932.0,932.0,932.0,932.0,932.0,932.0,932.0,932.0,932.0,932.0,932.0,932.0,932.0,932.0,932.0,944.0,992.0,1065.0,1153.0,1244.0,1324.0,1382.0,1413.0,1421.0,1421.0,1421.0,1421.0,1421.0,1421.0,1421.0,1421.0,1421.0,28,January 28,Nancy
0.0019457140808987145,1.298762322386136,1.0482621861589028,2.197977820321764,2.197977820321764,0.4733015207805796,0.7293875999896601,1.0432553671500722,1.0432553671500722,0.48994739699021006,0.7083061203074715,3.708186578328597,3.708186578328597,0.5103517457842615,1.298843602472778,4.3029272724747125,4.3029272724747125,0.2274450620926604,0.6071313915913071,14.838333333333335,0.021915271083509637,0.021915271083509637,124.46928001797147,-0.17999999999999994,-0.98,-1.38,-1.78,-2.3,-2.696666666666667,-3.0228571428571436,-3.1800000000000006,-3.1466666666666665,-2.7900000000000005,-2.3890909090909096,-2.096666666666667,-1.8876923076923076,-1.722857142857143,-1.5800000000000003,-1.3987500000000002,-1.291764705882353,-1.1855555555555557,-1.0642105263157895,-0.9750000000000002,-0.860952380952381,-0.7390909090909094,-0.6321739130434784,-0.5633333333333335,-0.5160000000000001,-0.5415384615384616,-0.6022222222222224,-0.6728571428571429,-0.7558620689655173,-0.8033333333333335,-0.8219354838709678,-0.8550000000000002,-0.873939393939394,-0.8858823529411766,-0.8800000000000001,-0.8744444444444447,-0.8475675675675677,-0.8300000000000002,-0.8107692307692309,-0.7450000000000001,-0.6604878048780488,-0.5704761904761907,-0.48930232558139547,-0.39818181818181825,-0.33555555555555555,-0.3017391304347826,-0.29914893617021276,-0.32166666666666677,-0.3800000000000001,-0.4220000000000001,-0.46627450980392166,-0.4800000000000001,-0.5007547169811322,-0.5318518518518519,-0.6018181818181818,-0.6692857142857144,-0.7449122807017544,-0.7989655172413793,-0.8223728813559322,-0.8033333333333333,-0.7898360655737706,-0.7767741935483873,-0.7657142857142859,-0.7565625,-0.7507692307692309,-0.7542424242424244,-0.753134328358209,-0.7623529411764707,-0.7857971014492754,-0.8185714285714287,-0.88,-0.9383333333333334,-1.0046575342465756,-1.048918918918919,-1.1000000000000003,-1.1497368421052634,-1.186493506493507,-1.201794871794872,-1.207848101265823,-1.21,-1.1997530864197532,-1.1995121951219512,-1.204096385542169,-1.1883333333333337,-1.183529411764706,-1.1893023255813955,-1.1926436781609198,-1.1845454545454546,-1.1732584269662922,-1.1644444444444446,-1.1602197802197804,-1.1626086956521742,-1.1713978494623658,-1.178936170212766,-1.1757894736842107,-1.164375,-1.1614432989690722,-1.1585714285714288,-1.1466666666666667,-1.1350000000000002,-1.113663366336634,-1.0917647058823532,-1.0702912621359226,-1.0453846153846154,-1.021904761904762,-0.9950943396226417,-0.9613084112149534,-0.9133333333333334,-0.8708256880733947,-0.8245454545454548,-0.7700900900900902,-0.7058928571428572,-0.6516814159292037,-0.610701754385965,-0.5773913043478263,-0.5420689655172414,-0.5184615384615384,-0.4969491525423729,-0.48588235294117654,-0.4766666666666666,-0.4651239669421487,-0.4480327868852459,-0.41577235772357723,-0.3840322580645162,-0.3456,-0.30698412698412697,-0.26031496062992127,-0.20421875000000003,36.666666666666664,440.0,0.0,0.0,0.0,0.0,0.0,0.0,0.0,0.0,0.0,0.0,0.0,0.0,0.0,0.0,0.0,20.0,57.0,108.0,165.0,218.0,258.0,279.0,281.0,281.0,281.0,281.0,281.0,281.0,281.0,281.0,281.0,281.0,281.0,281.0,281.0,281.0,281.0,281.0,281.0,299.0,337.0,388.0,444.0,496.0,536.0,557.0,560.0,560.0,560.0,560.0,560.0,560.0,560.0,560.0,560.0,560.0,560.0,560.0,560.0,560.0,560.0,560.0,560.0,577.0,614.0,662.0,714.0,763.0,801.0,821.0,822.0,822.0,822.0,822.0,822.0,822.0,822.0,822.0,822.0,822.0,822.0,822.0,822.0,822.0,822.0,822.0,822.0,837.0,880.0,940.0,1010.0,1080.0,1140.0,1181.0,1197.0,1197.0,1197.0,1197.0,1197.0,1197.0,1197.0,1197.0,1197.0,1197.0,1197.0,1197.0,1197.0,1197.0,1197.0,1197.0,1197.0,1211.0,1213.0,1213.0,1213.0,1213.0,1213.0,1213.0,1213.0,1213.0,1213.0,1213.0,1213.0,1213.0,1213.0,1213.0,1213.0,1213.0,29,January 29,Nancy
0.0019457140808987145,1.298762322386136,1.0482621861589028,2.197977820321764,2.197977820321764,0.4733015207805796,0.7293875999896601,1.0432553671500722,1.0432553671500722,0.48994739699021006,0.7083061203074715,3.708186578328597,3.708186578328597,0.5103517457842615,1.298843602472778,4.3029272724747125,4.3029272724747125,0.2274450620926604,0.6071313915913071,17.246666666666666,-0.06254938961575585,0.06254938961575585,114.18148434480094,-0.28,-0.9299999999999999,-1.0133333333333334,-1.155,-1.3199999999999998,-1.3633333333333333,-1.2228571428571426,-0.9049999999999998,-0.5022222222222221,-0.049999999999999954,0.42,0.8366666666666669,1.1892307692307695,1.5414285714285716,1.8933333333333333,2.2075,2.3964705882352937,2.558888888888889,2.709473684210526,2.855,2.9723809523809517,3.0518181818181813,3.0504347826086957,2.999166666666666,2.872,2.693076923076923,2.512592592592592,2.316428571428571,2.08551724137931,1.8599999999999999,1.6393548387096775,1.4543749999999998,1.3230303030303028,1.296470588235294,1.3057142857142856,1.3005555555555555,1.282162162162162,1.2594736842105263,1.2379487179487179,1.2399999999999998,1.22,1.2057142857142853,1.203720930232558,1.1927272727272724,1.1977777777777778,1.211304347826087,1.2221276595744683,1.2179166666666665,1.2057142857142853,1.158,1.092549019607843,1.0219230769230767,0.9445283018867924,0.8866666666666666,0.8454545454545453,0.7967857142857141,0.7568421052631578,0.7217241379310344,0.6979661016949151,0.6749999999999999,0.6659016393442624,0.652258064516129,0.6406349206349206,0.6590624999999999,0.6907692307692307,0.7275757575757575,0.7602985074626865,0.8008823529411764,0.8243478260869564,0.8300000000000001,0.815774647887324,0.7852777777777776,0.7309589041095889,0.6875675675675675,0.6426666666666666,0.6186842105263156,0.5901298701298701,0.5546153846153847,0.49215189873417714,0.4312499999999999,0.3644444444444444,0.3126829268292683,0.2826506024096385,0.2830952380952381,0.28,0.27697674418604645,0.27287356321839085,0.26772727272727265,0.2604494382022471,0.2466666666666666,0.23648351648351643,0.2189130434782608,0.1909677419354838,0.1561702127659574,0.09999999999999998,0.0460416666666666,-0.014020618556701106,-0.05755102040816334,-0.10626262626262631,-0.15400000000000003,-0.19188118811881194,-0.21333333333333337,-0.22757281553398062,-0.23865384615384622,-0.24000000000000002,-0.24886792452830195,-0.2613084112149533,-0.2577777777777778,-0.26256880733944954,-0.27545454545454545,-0.28630630630630627,-0.2880357142857143,-0.2870796460176991,-0.28789473684210526,-0.2921739130434783,-0.30155172413793097,-0.31589743589743585,-0.3291525423728813,-0.333781512605042,-0.3316666666666667,-0.33619834710743807,-0.3406557377049181,-0.33772357723577245,-0.33483870967741935,-0.324,-0.31253968253968256,-0.301259842519685,-0.28703125000000007,41.833333333333336,502.0,0.0,0.0,0.0,0.0,0.0,0.0,0.0,0.0,0.0,0.0,0.0,0.0,0.0,0.0,0.0,21.0,69.0,138.0,219.0,300.0,369.0,416.0,438.0,440.0,440.0,440.0,440.0,440.0,440.0,440.0,440.0,440.0,440.0,440.0,440.0,440.0,440.0,440.0,440.0,460.0,497.0,548.0,605.0,658.0,698.0,719.0,721.0,721.0,721.0,721.0,721.0,721.0,721.0,721.0,721.0,721.0,721.0,721.0,721.0,721.0,721.0,721.0,721.0,739.0,777.0,828.0,884.0,936.0,976.0,997.0,1000.0,1000.0,1000.0,1000.0,1000.0,1000.0,1000.0,1000.0,1000.0,1000.0,1000.0,1000.0,1000.0,1000.0,1000.0,1000.0,1000.0,1017.0,1054.0,1102.0,1154.0,1203.0,1241.0,1261.0,1262.0,1262.0,1262.0,1262.0,1262.0,1262.0,1262.0,1262.0,1262.0,1262.0,1262.0,1262.0,1262.0,1262.0,1262.0,1262.0,1262.0,1277.0,1320.0,1380.0,1450.0,1520.0,1580.0,1621.0,1637.0,1637.0,1637.0,1637.0,1637.0,1637.0,1637.0,1637.0,1637.0,1637.0,30,January 30,Nancy
0.0019457140808987145,1.298762322386136,1.0482621861589028,2.197977820321764,2.197977820321764,0.4733015207805796,0.7293875999896601,1.0432553671500722,1.0432553671500722,0.48994739699021006,0.7083061203074715,3.708186578328597,3.708186578328597,0.5103517457842615,1.298843602472778,4.3029272724747125,4.3029272724747125,0.2274450620926604,0.6071313915913071,14.805,0.03161016587282177,0.03161016587282177,125.65011820330969,-0.48,-1.4800000000000002,-2.4133333333333336,-3.0050000000000003,-3.400000000000001,-3.630000000000001,-3.7800000000000007,-3.830000000000001,-3.668888888888889,-3.34,-2.98,-2.5883333333333343,-2.1876923076923083,-1.815714285714286,-1.4800000000000004,-1.1300000000000003,-0.8623529411764708,-0.5911111111111115,-0.38526315789473703,-0.22000000000000028,-0.08476190476190489,0.029090909090908734,0.06347826086956485,0.08249999999999981,0.06799999999999981,0.004615384615384432,-0.039259259259259424,-0.09428571428571442,-0.15931034482758635,-0.20666666666666683,-0.21225806451612914,-0.1643750000000001,-0.07696969696969706,0.043529411764705775,0.18857142857142842,0.3338888888888887,0.4713513513513512,0.6199999999999996,0.7789743589743591,0.9324999999999998,1.0419512195121952,1.1438095238095234,1.2432558139534882,1.3427272727272725,1.4311111111111106,1.5026086956521731,1.534893617021276,1.5408333333333328,1.5057142857142853,1.4399999999999997,1.3690196078431371,1.285384615384615,1.1784905660377354,1.0699999999999996,0.9599999999999995,0.8664285714285712,0.8007017543859647,0.7941379310344827,0.8081355932203388,0.8133333333333331,0.8101639344262291,0.8038709677419352,0.7977777777777775,0.8059374999999998,0.7999999999999999,0.7972727272727272,0.8020895522388057,0.8008823529411763,0.809855072463768,0.8242857142857141,0.8369014084507039,0.8394444444444443,0.8364383561643834,0.809189189189189,0.7693333333333331,0.7252631578947366,0.6758441558441557,0.6392307692307689,0.613670886075949,0.5824999999999998,0.5570370370370369,0.5346341463414632,0.5199999999999999,0.5057142857142856,0.5011764705882351,0.49325581395348816,0.4866666666666663,0.5018181818181816,0.5267415730337077,0.5555555555555555,0.5815384615384613,0.6134782608695649,0.6329032258064514,0.6391489361702125,0.6305263157894734,0.6095833333333333,0.5705154639175256,0.5393877551020407,0.5068686868686867,0.48999999999999977,0.4695049504950493,0.4435294117647056,0.3966990291262135,0.35076923076923067,0.29999999999999993,0.26056603773584897,0.2377570093457943,0.23851851851851844,0.23651376146788985,0.23454545454545445,0.23171171171171165,0.22803571428571418,0.22265486725663708,0.21210526315789463,0.2043478260869564,0.19068965517241365,0.1687179487179486,0.14118644067796593,0.096470588235294,0.05333333333333323,0.005123966942148655,-0.0300000000000001,-0.06943089430894317,-0.108225806451613,-0.13920000000000013,-0.1569841269841271,-0.168976377952756,-0.17843750000000008,18.833333333333332,226.0,0.0,0.0,0.0,0.0,0.0,0.0,0.0,0.0,0.0,0.0,0.0,0.0,0.0,0.0,0.0,23.0,75.0,150.0,238.0,329.0,409.0,466.0,496.0,502.0,502.0,502.0,502.0,502.0,502.0,502.0,502.0,502.0,502.0,502.0,502.0,502.0,502.0,502.0,502.0,523.0,571.0,640.0,721.0,802.0,871.0,918.0,940.0,942.0,942.0,942.0,942.0,942.0,942.0,942.0,942.0,942.0,942.0,942.0,942.0,942.0,942.0,942.0,942.0,962.0,999.0,1050.0,1107.0,1160.0,1200.0,1221.0,1223.0,1223.0,1223.0,1223.0,1223.0,1223.0,1223.0,1223.0,1223.0,1223.0,1223.0,1223.0,1223.0,1223.0,1223.0,1223.0,1223.0,1241.0,1279.0,1330.0,1386.0,1438.0,1478.0,1499.0,1502.0,1502.0,1502.0,1502.0,1502.0,1502.0,1502.0,1502.0,1502.0,1502.0,1502.0,1502.0,1502.0,1502.0,1502.0,1502.0,1502.0,1519.0,1556.0,1604.0,1656.0,1705.0,1743.0,1763.0,1764.0,1764.0,1764.0,1764.0,1764.0,1764.0,1764.0,1764.0,1764.0,1764.0,31,January 31,Nancy
0.0019457140808987145,1.298762322386136,1.0482621861589028,2.197977820321764,2.197977820321764,0.4733015207805796,0.7293875999896601,1.0432553671500722,1.0432553671500722,0.48994739699021006,0.7083061203074715,3.708186578328597,3.708186578328597,0.5103517457842615,1.298843602472778,4.3029272724747125,4.3029272724747125,0.2274450620926604,0.6071313915913071,21.67166666666667,-0.022424659611833965,0.022424659611833965,119.06867645927862,-7.78,-7.93,-7.5133333333333345,-7.08,-6.4,-5.946666666666666,-5.408571428571429,-4.805,-4.346666666666668,-3.9200000000000004,-3.570909090909091,-3.2133333333333334,-2.8261538461538462,-2.38,-1.9600000000000004,-1.4800000000000004,-1.027058823529412,-0.5466666666666669,-0.06947368421052647,0.2949999999999999,0.5771428571428571,0.8336363636363638,0.9721739130434782,0.9908333333333332,0.9319999999999997,0.8007692307692305,0.6125925925925926,0.41999999999999993,0.23379310344827586,0.06666666666666664,-0.08645161290322612,-0.21437500000000026,-0.28000000000000025,-0.2829411764705886,-0.25714285714285745,-0.20222222222222253,-0.1259459459459463,-0.043157894736842374,0.04051282051282026,0.1424999999999997,0.22243902439024366,0.31285714285714256,0.3827906976744183,0.4404545454545452,0.4888888888888886,0.5308695652173911,0.5370212765957446,0.5366666666666665,0.5199999999999998,0.4779999999999998,0.4454901960784312,0.4065384615384614,0.3615094339622641,0.32555555555555554,0.31272727272727263,0.33071428571428557,0.37263157894736826,0.4355172413793102,0.5149152542372882,0.5966666666666665,0.6757377049180326,0.7635483870967739,0.8596825396825392,0.9543749999999999,1.023076923076923,1.088181818181818,1.1528358208955223,1.2185294117647054,1.2779710144927532,1.3271428571428565,1.3509859154929569,1.3574999999999997,1.3364383561643831,1.294324324324324,1.2479999999999998,1.1923684210526313,1.1199999999999997,1.0456410256410251,0.9693670886075944,0.9037499999999998,0.8570370370370367,0.8517073170731706,0.8609638554216863,0.8640476190476187,0.8611764705882349,0.8560465116279066,0.8510344827586201,0.8563636363636362,0.8514606741573031,0.8488888888888888,0.8518681318681318,0.8504347826086954,0.856559139784946,0.8668085106382974,0.8757894736842101,0.8772916666666665,0.8746391752577317,0.8536734693877549,0.8230303030303028,0.7889999999999998,0.7506930693069305,0.7219607843137251,0.701553398058252,0.676730769230769,0.656190476190476,0.6379245283018867,0.6256074766355139,0.6135185185185184,0.6089908256880731,0.6018181818181815,0.5956756756756754,0.6066071428571427,0.6253097345132742,0.6471929824561402,0.6669565217391302,0.6915517241379306,0.706324786324786,0.7106779661016945,0.703193277310924,0.6858333333333332,0.6538842975206609,0.6281967213114752,0.6013008130081298,0.5869354838709676,0.5695999999999998,0.5477777777777775,0.5089763779527555,0.47078124999999993,5.416666666666667,65.0,0.0,0.0,0.0,0.0,0.0,0.0,0.0,0.0,0.0,0.0,0.0,0.0,0.0,0.0,0.0,25.0,59.0,101.0,146.0,187.0,216.0,226.0,226.0,226.0,226.0,226.0,226.0,226.0,226.0,226.0,226.0,226.0,226.0,226.0,226.0,226.0,226.0,226.0,226.0,249.0,301.0,376.0,464.0,555.0,635.0,692.0,722.0,728.0,728.0,728.0,728.0,728.0,728.0,728.0,728.0,728.0,728.0,728.0,728.0,728.0,728.0,728.0,728.0,749.0,797.0,866.0,947.0,1028.0,1097.0,1144.0,1166.0,1168.0,1168.0,1168.0,1168.0,1168.0,1168.0,1168.0,1168.0,1168.0,1168.0,1168.0,1168.0,1168.0,1168.0,1168.0,1168.0,1188.0,1225.0,1276.0,1333.0,1386.0,1426.0,1447.0,1449.0,1449.0,1449.0,1449.0,1449.0,1449.0,1449.0,1449.0,1449.0,1449.0,1449.0,1449.0,1449.0,1449.0,1449.0,1449.0,1449.0,1467.0,1505.0,1556.0,1612.0,1664.0,1704.0,1725.0,1728.0,1728.0,1728.0,1728.0,1728.0,1728.0,1728.0,1728.0,1728.0,1728.0,32,February 1,Nancy
0.0019457140808987145,1.298762322386136,1.0482621861589028,2.197977820321764,2.197977820321764,0.4733015207805796,0.7293875999896601,1.0432553671500722,1.0432553671500722,0.48994739699021006,0.7083061203074715,3.708186578328597,3.708186578328597,0.5103517457842615,1.298843602472778,4.3029272724747125,4.3029272724747125,0.2274450620926604,0.6071313915913071,16.27166666666667,-0.05582502350030707,0.05582502350030707,115.0005121376626,-1.5799999999999998,-1.08,-0.4133333333333333,-0.12999999999999995,0.31999999999999995,0.7366666666666667,1.1485714285714288,1.5950000000000002,1.986666666666667,2.3400000000000007,2.5290909090909097,2.5283333333333338,2.5200000000000005,2.391428571428572,2.233333333333334,2.02,1.8847058823529412,1.7033333333333336,1.5673684210526317,1.4650000000000003,1.262857142857143,1.0336363636363637,0.7678260869565219,0.4283333333333333,0.09999999999999992,-0.21461538461538476,-0.4540740740740742,-0.6442857142857144,-0.7489655172413793,-0.8466666666666669,-0.8896774193548389,-0.8800000000000002,-0.873939393939394,-0.8505882352941176,-0.8285714285714286,-0.7855555555555556,-0.7151351351351352,-0.6063157894736841,-0.4902564102564102,-0.3350000000000001,-0.1751219512195123,0.010476190476190365,0.2083720930232557,0.36772727272727274,0.49777777777777776,0.6221739130434782,0.694468085106383,0.7095833333333332,0.6853061224489796,0.622,0.5258823529411765,0.4238461538461538,0.3218867924528301,0.2274074074074073,0.13818181818181804,0.0610714285714284,0.01824561403508755,0.011379310344827417,0.02169491525423713,0.049999999999999836,0.09213114754098344,0.13935483870967727,0.18825396825396815,0.24968749999999987,0.2984615384615384,0.35484848484848475,0.39910447761194023,0.4361764705882352,0.46782608695652167,0.49571428571428555,0.5002816901408449,0.5005555555555554,0.48986301369863,0.4618918918918918,0.4399999999999999,0.41342105263157886,0.3823376623376623,0.35717948717948705,0.3478481012658227,0.35999999999999993,0.38913580246913576,0.43341463414634135,0.48987951807228913,0.5485714285714286,0.6058823529411764,0.6699999999999999,0.7406896551724138,0.8109090909090907,0.862696629213483,0.9122222222222222,0.9617582417582418,1.0123913043478259,1.0587096774193547,1.097659574468085,1.1178947368421053,1.1252083333333331,1.1117525773195875,1.0822448979591837,1.0492929292929292,1.009,0.9556435643564356,0.900392156862745,0.8433009708737864,0.7940384615384614,0.759047619047619,0.7558490566037734,0.7639252336448598,0.7672222222222222,0.7658715596330274,0.7627272727272727,0.7596396396396394,0.7646428571428571,0.7615929203539822,0.7603508771929822,0.7634782608695652,0.7631034482758621,0.7687179487179486,0.7776271186440676,0.785546218487395,0.7874999999999999,0.7861157024793388,0.77,0.7460162601626016,0.7191935483870967,0.6888,0.6660317460317459,0.6499212598425197,0.6301562499999999,72.91666666666667,875.0,0.0,0.0,0.0,0.0,0.0,0.0,0.0,0.0,0.0,0.0,0.0,0.0,0.0,0.0,0.0,25.0,44.0,58.0,65.0,65.0,65.0,65.0,65.0,65.0,65.0,65.0,65.0,65.0,65.0,65.0,65.0,65.0,65.0,65.0,65.0,65.0,65.0,65.0,65.0,90.0,124.0,166.0,211.0,252.0,281.0,291.0,291.0,291.0,291.0,291.0,291.0,291.0,291.0,291.0,291.0,291.0,291.0,291.0,291.0,291.0,291.0,291.0,291.0,314.0,366.0,441.0,529.0,620.0,700.0,757.0,787.0,793.0,793.0,793.0,793.0,793.0,793.0,793.0,793.0,793.0,793.0,793.0,793.0,793.0,793.0,793.0,793.0,814.0,862.0,931.0,1012.0,1093.0,1162.0,1209.0,1231.0,1233.0,1233.0,1233.0,1233.0,1233.0,1233.0,1233.0,1233.0,1233.0,1233.0,1233.0,1233.0,1233.0,1233.0,1233.0,1233.0,1253.0,1290.0,1341.0,1398.0,1451.0,1491.0,1512.0,1514.0,1514.0,1514.0,1514.0,1514.0,1514.0,1514.0,1514.0,1514.0,1514.0,33,February 2,Nancy
0.0019457140808987145,1.298762322386136,1.0482621861589028,2.197977820321764,2.197977820321764,0.4733015207805796,0.7293875999896601,1.0432553671500722,1.0432553671500722,0.48994739699021006,0.7083061203074715,3.708186578328597,3.708186578328597,0.5103517457842615,1.298843602472778,4.3029272724747125,4.3029272724747125,0.2274450620926604,0.6071313915913071,10.221666666666664,-0.0012040170313387356,0.0012040170313387356,121.65335072558294,2.12,2.0700000000000003,2.12,1.7950000000000002,1.6600000000000001,1.6533333333333335,1.5914285714285714,1.3325,1.2866666666666664,1.47,1.7109090909090912,1.9366666666666665,2.143076923076923,2.312857142857143,2.4466666666666668,2.6137499999999996,2.784705882352941,2.942222222222222,3.0199999999999996,3.085,3.096190476190476,3.0336363636363632,2.946086956521739,2.8325,2.656,2.531538461538462,2.4718518518518517,2.4092857142857147,2.3993103448275863,2.413333333333333,2.4522580645161294,2.5231250000000003,2.6018181818181816,2.6876470588235293,2.737142857142857,2.7311111111111104,2.7227027027027026,2.67,2.6020512820512818,2.5075,2.4395121951219516,2.3485714285714288,2.2734883720930235,2.2109090909090905,2.1,1.9721739130434786,1.8221276595744682,1.6304166666666668,1.4383673469387757,1.2480000000000002,1.0925490196078431,0.9603846153846154,0.8728301886792451,0.7885185185185184,0.7345454545454544,0.7110714285714285,0.6866666666666665,0.6734482758620689,0.6606779661016948,0.6616666666666666,0.6806557377049178,0.7248387096774193,0.7755555555555553,0.8528125,0.9353846153846153,1.0366666666666666,1.1483582089552238,1.237647058823529,1.3098550724637679,1.38,1.4171830985915495,1.4172222222222222,1.3912328767123288,1.3389189189189188,1.264,1.1844736842105261,1.1044155844155843,1.028974358974359,0.9567088607594935,0.8924999999999998,0.8520987654320985,0.8370731707317073,0.834457831325301,0.8449999999999998,0.8658823529411762,0.8909302325581394,0.9177011494252872,0.954090909090909,0.9817977528089887,1.0155555555555555,1.0408791208791208,1.0613043478260868,1.078064516129032,1.092340425531915,1.0894736842105261,1.0835416666666664,1.069484536082474,1.0424489795918368,1.02,0.9939999999999999,0.9645544554455444,0.939607843137255,0.9267961165048543,0.9305769230769231,0.9476190476190476,0.9766037735849056,1.0153271028037383,1.056111111111111,1.0961467889908256,1.1418181818181818,1.1929729729729732,1.2441071428571429,1.2810619469026547,1.3164912280701755,1.3521739130434782,1.3889655172413793,1.4225641025641025,1.4505084745762709,1.4636974789915964,1.4666666666666666,1.4530578512396695,1.4265573770491802,1.3972357723577236,1.3619354838709676,1.316,1.2684126984126984,1.219212598425197,1.17625,65.41666666666667,785.0,0.0,0.0,0.0,0.0,0.0,0.0,0.0,0.0,0.0,0.0,0.0,0.0,0.0,0.0,0.0,28.0,107.0,224.0,365.0,513.0,652.0,765.0,842.0,875.0,875.0,875.0,875.0,875.0,875.0,875.0,875.0,875.0,875.0,875.0,875.0,875.0,875.0,875.0,875.0,900.0,919.0,933.0,940.0,940.0,940.0,940.0,940.0,940.0,940.0,940.0,940.0,940.0,940.0,940.0,940.0,940.0,940.0,940.0,940.0,940.0,940.0,940.0,940.0,965.0,999.0,1041.0,1086.0,1127.0,1156.0,1166.0,1166.0,1166.0,1166.0,1166.0,1166.0,1166.0,1166.0,1166.0,1166.0,1166.0,1166.0,1166.0,1166.0,1166.0,1166.0,1166.0,1166.0,1189.0,1241.0,1316.0,1404.0,1495.0,1575.0,1632.0,1662.0,1668.0,1668.0,1668.0,1668.0,1668.0,1668.0,1668.0,1668.0,1668.0,1668.0,1668.0,1668.0,1668.0,1668.0,1668.0,1668.0,1689.0,1737.0,1806.0,1887.0,1968.0,2037.0,2084.0,2106.0,2108.0,2108.0,2108.0,2108.0,2108.0,2108.0,2108.0,2108.0,2108.0,34,February 3,Nancy
0.0019457140808987145,1.298762322386136,1.0482621861589028,2.197977820321764,2.197977820321764,0.4733015207805796,0.7293875999896601,1.0432553671500722,1.0432553671500722,0.48994739699021006,0.7083061203074715,3.708186578328597,3.708186578328597,0.5103517457842615,1.298843602472778,4.3029272724747125,4.3029272724747125,0.2274450620926604,0.6071313915913071,9.846666666666666,-0.0737143035020838,0.0737143035020838,112.82159783344619,7.3199999999999985,7.3199999999999985,7.12,6.92,6.659999999999999,6.403333333333332,6.134285714285714,5.632499999999999,5.3533333333333335,5.24,5.392727272727273,5.761666666666667,6.173846153846153,6.577142857142855,6.933333333333333,7.32,7.643529411764706,7.903333333333332,8.088421052631578,8.155,8.181904761904761,8.15181818181818,8.002608695652174,7.7700000000000005,7.544,7.331538461538462,7.142222222222222,6.916428571428571,6.716551724137931,6.546666666666667,6.3748387096774195,6.160625,6.001818181818182,5.917058823529412,5.865714285714286,5.825555555555555,5.792972972972973,5.759473684210526,5.722564102564102,5.7075000000000005,5.702926829268293,5.700952380952381,5.671162790697674,5.640454545454545,5.588888888888889,5.504782608695652,5.409361702127659,5.30125,5.160816326530612,5.045999999999999,4.965098039215686,4.883461538461538,4.831320754716981,4.794074074074074,4.7727272727272725,4.7717857142857145,4.7778947368421045,4.790689655172414,4.784406779661016,4.746666666666667,4.708524590163935,4.644193548387097,4.57079365079365,4.4809375,4.407692307692307,4.32,4.242388059701493,4.172941176470588,4.072173913043478,3.960000000000001,3.832676056338028,3.6769444444444437,3.5199999999999996,3.3632432432432426,3.229333333333333,3.11078947368421,3.0225974025974023,2.9366666666666665,2.8718987341772153,2.82875,2.785432098765432,2.7504878048780483,2.7163855421686747,2.6926190476190475,2.6823529411764704,2.6909302325581392,2.705057471264368,2.7393181818181818,2.7784269662921344,2.8322222222222218,2.8947252747252747,2.9417391304347826,2.976989247311828,3.011489361702128,3.022105263157895,3.0054166666666666,2.9694845360824744,2.913877551020408,2.841212121212121,2.7649999999999992,2.688316831683168,2.6150980392156864,2.5442718446601944,2.4796153846153848,2.4333333333333327,2.4067924528301883,2.3900934579439244,2.3838888888888885,2.3860550458715597,2.3918181818181816,2.399279279279279,2.4146428571428564,2.423539823008849,2.437543859649123,2.445217391304348,2.449310344827586,2.450769230769231,2.4505084745762713,2.436806722689076,2.4208333333333334,2.3985123966942146,2.365901639344262,2.337073170731707,2.305483870967742,2.2712,2.2406349206349208,2.2200000000000006,2.21296875,47.166666666666664,566.0,0.0,0.0,0.0,0.0,0.0,0.0,0.0,0.0,0.0,0.0,0.0,0.0,0.0,0.0,0.0,30.0,103.0,210.0,339.0,473.0,596.0,694.0,758.0,785.0,785.0,785.0,785.0,785.0,785.0,785.0,785.0,785.0,785.0,785.0,785.0,785.0,785.0,785.0,785.0,813.0,892.0,1009.0,1150.0,1298.0,1437.0,1550.0,1627.0,1660.0,1660.0,1660.0,1660.0,1660.0,1660.0,1660.0,1660.0,1660.0,1660.0,1660.0,1660.0,1660.0,1660.0,1660.0,1660.0,1685.0,1704.0,1718.0,1725.0,1725.0,1725.0,1725.0,1725.0,1725.0,1725.0,1725.0,1725.0,1725.0,1725.0,1725.0,1725.0,1725.0,1725.0,1725.0,1725.0,1725.0,1725.0,1725.0,1725.0,1750.0,1784.0,1826.0,1871.0,1912.0,1941.0,1951.0,1951.0,1951.0,1951.0,1951.0,1951.0,1951.0,1951.0,1951.0,1951.0,1951.0,1951.0,1951.0,1951.0,1951.0,1951.0,1951.0,1951.0,1974.0,2026.0,2101.0,2189.0,2280.0,2360.0,2417.0,2447.0,2453.0,2453.0,2453.0,2453.0,2453.0,2453.0,2453.0,2453.0,2453.0,35,February 4,Nancy
0.0019457140808987145,1.298762322386136,1.0482621861589028,2.197977820321764,2.197977820321764,0.4733015207805796,0.7293875999896601,1.0432553671500722,1.0432553671500722,0.48994739699021006,0.7083061203074715,3.708186578328597,3.708186578328597,0.5103517457842615,1.298843602472778,4.3029272724747125,4.3029272724747125,0.2274450620926604,0.6071313915913071,8.463333333333333,-0.12255513496838488,0.12255513496838488,106.87278456085072,5.92,5.42,5.1866666666666665,5.145,5.279999999999999,5.37,5.591428571428571,5.757499999999999,5.92,6.06,6.374545454545454,6.711666666666666,6.981538461538461,7.312857142857141,7.619999999999999,7.901249999999999,8.167058823529413,8.325555555555553,8.435789473684208,8.534999999999998,8.586666666666666,8.583636363636362,8.537391304347823,8.4325,8.388,8.346923076923074,8.286666666666665,8.216428571428569,8.126896551724137,8.026666666666666,7.913548387096773,7.7325,7.592727272727272,7.493529411764705,7.477142857142857,7.5422222222222235,7.63891891891892,7.748947368421054,7.855897435897437,7.9875,8.105365853658537,8.205714285714285,8.280465116279071,8.306363636363637,8.315555555555555,8.298260869565217,8.222127659574468,8.10125,7.979183673469388,7.860000000000001,7.749411764705883,7.616153846153848,7.493584905660378,7.384814814814815,7.272727272727273,7.134285714285714,7.025263157894737,6.95793103448276,6.9098305084745775,6.868333333333334,6.831475409836067,6.7941935483870965,6.754920634920635,6.729375,6.71076923076923,6.694242424242425,6.660298507462687,6.6258823529411774,6.577971014492754,6.508571428571429,6.431267605633804,6.345000000000001,6.236438356164384,6.144324324324325,6.074666666666667,6.0042105263157906,5.953766233766234,5.913589743589744,5.884556962025317,5.87,5.8607407407407415,5.856585365853658,5.839277108433736,5.799761904761905,5.760000000000001,5.7013953488372096,5.636091954022989,5.558636363636364,5.493033707865169,5.416666666666667,5.3474725274725285,5.284130434782609,5.19741935483871,5.101914893617022,4.994736842105263,4.865833333333334,4.735463917525774,4.60469387755102,4.490707070707071,4.388000000000001,4.308118811881188,4.229803921568628,4.167572815533981,4.121923076923077,4.076190476190476,4.036981132075472,3.9985046728971967,3.9681481481481486,3.948440366972477,3.9436363636363643,3.943423423423423,3.959285714285714,3.9792920353982297,4.011228070175438,4.050434782608696,4.0777586206896554,4.096068376068376,4.11406779661017,4.11327731092437,4.090833333333333,4.053057851239669,3.9995081967213113,3.9321951219512203,3.861935483870968,3.7912000000000003,3.7231746031746034,3.657007874015748,3.59578125,68.66666666666667,824.0,0.0,0.0,0.0,0.0,0.0,0.0,0.0,0.0,0.0,0.0,0.0,0.0,0.0,0.0,0.0,31.0,89.0,171.0,269.0,369.0,457.0,521.0,556.0,566.0,566.0,566.0,566.0,566.0,566.0,566.0,566.0,566.0,566.0,566.0,566.0,566.0,566.0,566.0,566.0,596.0,669.0,776.0,905.0,1039.0,1162.0,1260.0,1324.0,1351.0,1351.0,1351.0,1351.0,1351.0,1351.0,1351.0,1351.0,1351.0,1351.0,1351.0,1351.0,1351.0,1351.0,1351.0,1351.0,1379.0,1458.0,1575.0,1716.0,1864.0,2003.0,2116.0,2193.0,2226.0,2226.0,2226.0,2226.0,2226.0,2226.0,2226.0,2226.0,2226.0,2226.0,2226.0,2226.0,2226.0,2226.0,2226.0,2226.0,2251.0,2270.0,2284.0,2291.0,2291.0,2291.0,2291.0,2291.0,2291.0,2291.0,2291.0,2291.0,2291.0,2291.0,2291.0,2291.0,2291.0,2291.0,2291.0,2291.0,2291.0,2291.0,2291.0,2291.0,2316.0,2350.0,2392.0,2437.0,2478.0,2507.0,2517.0,2517.0,2517.0,2517.0,2517.0,2517.0,2517.0,2517.0,2517.0,2517.0,2517.0,36,February 5,Nancy
0.0019457140808987145,1.298762322386136,1.0482621861589028,2.197977820321764,2.197977820321764,0.4733015207805796,0.7293875999896601,1.0432553671500722,1.0432553671500722,0.48994739699021006,0.7083061203074715,3.708186578328597,3.708186578328597,0.5103517457842615,1.298843602472778,4.3029272724747125,4.3029272724747125,0.2274450620926604,0.6071313915913071,11.938333333333334,-0.218353667943755,0.218353667943755,95.20452324445064,8.120000000000001,7.42,7.186666666666667,7.07,7.040000000000001,7.053333333333332,7.362857142857142,7.5575,7.819999999999999,8.180000000000001,8.52,8.97,9.343076923076923,9.705714285714285,9.986666666666668,10.201250000000002,10.30235294117647,10.381111111111112,10.48842105263158,10.56,10.567619047619047,10.52909090909091,10.402608695652173,10.253333333333332,10.08,9.88153846153846,9.69037037037037,9.52357142857143,9.395862068965517,9.276666666666669,9.200645161290325,9.129375,9.071515151515152,9.020000000000001,9.034285714285716,9.07277777777778,9.103783783783786,9.170000000000002,9.240512820512825,9.3125,9.38829268292683,9.427142857142858,9.450232558139536,9.47227272727273,9.475555555555559,9.454782608695655,9.413617021276599,9.342916666666667,9.301632653061224,9.262,9.212156862745099,9.156538461538464,9.08981132075472,9.016296296296296,8.934545454545457,8.812857142857142,8.71298245614035,8.635517241379311,8.606440677966102,8.626666666666669,8.667540983606559,8.718387096774196,8.76920634920635,8.837187499999999,8.898461538461538,8.95030303030303,8.987164179104477,8.993529411764706,8.989565217391304,8.968571428571428,8.908732394366199,8.81861111111111,8.726849315068494,8.636216216216217,8.550666666666668,8.448947368421052,8.353766233766233,8.267435897435897,8.178227848101267,8.069999999999999,7.9817283950617295,7.922439024390243,7.876626506024098,7.835476190476191,7.797647058823531,7.759534883720931,7.720000000000002,7.690454545454545,7.666067415730338,7.643333333333333,7.607912087912088,7.572173913043479,7.526451612903227,7.46468085106383,7.396842105263159,7.322083333333334,7.230309278350516,7.150612244897959,7.0876767676767685,7.024000000000001,6.975445544554455,6.934705882352941,6.902524271844662,6.8815384615384625,6.864761904761904,6.852075471698114,6.829345794392524,6.789444444444445,6.749357798165138,6.694545454545454,6.634414414414415,6.564642857142857,6.5040707964601765,6.434912280701755,6.371304347826087,6.312241379310346,6.234529914529915,6.149661016949152,6.055294117647059,5.943333333333333,5.829917355371901,5.7159016393442625,5.615121951219513,5.523225806451614,5.4496,5.377142857142858,5.3176377952755916,5.2715625,64.58333333333333,775.0,0.0,0.0,0.0,0.0,0.0,0.0,0.0,0.0,0.0,0.0,0.0,0.0,0.0,0.0,0.0,33.0,110.0,221.0,353.0,492.0,622.0,727.0,795.0,824.0,824.0,824.0,824.0,824.0,824.0,824.0,824.0,824.0,824.0,824.0,824.0,824.0,824.0,824.0,824.0,855.0,913.0,995.0,1093.0,1193.0,1281.0,1345.0,1380.0,1390.0,1390.0,1390.0,1390.0,1390.0,1390.0,1390.0,1390.0,1390.0,1390.0,1390.0,1390.0,1390.0,1390.0,1390.0,1390.0,1420.0,1493.0,1600.0,1729.0,1863.0,1986.0,2084.0,2148.0,2175.0,2175.0,2175.0,2175.0,2175.0,2175.0,2175.0,2175.0,2175.0,2175.0,2175.0,2175.0,2175.0,2175.0,2175.0,2175.0,2203.0,2282.0,2399.0,2540.0,2688.0,2827.0,2940.0,3017.0,3050.0,3050.0,3050.0,3050.0,3050.0,3050.0,3050.0,3050.0,3050.0,3050.0,3050.0,3050.0,3050.0,3050.0,3050.0,3050.0,3075.0,3094.0,3108.0,3115.0,3115.0,3115.0,3115.0,3115.0,3115.0,3115.0,3115.0,3115.0,3115.0,3115.0,3115.0,3115.0,3115.0,37,February 6,Nancy
0.0019457140808987145,1.298762322386136,1.0482621861589028,2.197977820321764,2.197977820321764,0.4733015207805796,0.7293875999896601,1.0432553671500722,1.0432553671500722,0.48994739699021006,0.7083061203074715,3.708186578328597,3.708186578328597,0.5103517457842615,1.298843602472778,4.3029272724747125,4.3029272724747125,0.2274450620926604,0.6071313915913071,13.138333333333335,-0.13768628090586726,0.13768628090586726,105.02981098566536,2.92,3.0700000000000003,3.1533333333333338,3.27,3.4800000000000004,3.6700000000000004,3.7628571428571433,3.8700000000000006,3.8200000000000003,3.8000000000000007,3.8290909090909095,3.77,3.835384615384615,3.941428571428571,4.1466666666666665,4.36375,4.584705882352942,4.836666666666667,5.0884210526315785,5.34,5.500952380952381,5.665454545454545,5.802608695652173,5.915833333333334,6.004,6.031538461538461,6.057037037037036,6.0807142857142855,6.109655172413793,6.143333333333333,6.24258064516129,6.32625,6.435151515151515,6.581764705882352,6.734285714285713,6.933888888888887,7.12,7.312105263157895,7.481538461538462,7.63,7.734634146341463,7.829523809523811,7.936279069767443,8.026818181818184,8.086666666666668,8.12217391304348,8.111489361702128,8.084583333333333,8.040408163265305,7.978000000000001,7.9141176470588235,7.858461538461539,7.819999999999999,7.782962962962962,7.767272727272728,7.752142857142856,7.742807017543859,7.735517241379311,7.765762711864408,7.8100000000000005,7.849508196721311,7.910322580645161,7.973968253968255,8.03875,8.106153846153846,8.15030303030303,8.184179104477613,8.217058823529413,8.237391304347828,8.241428571428573,8.231267605633805,8.200555555555557,8.18849315068493,8.176756756756758,8.157333333333334,8.133157894736843,8.100519480519482,8.062307692307696,8.017468354430381,7.943750000000001,7.884197530864197,7.8395121951219515,7.828433734939759,7.852142857142859,7.890588235294119,7.936279069767444,7.982068965517243,8.040454545454546,8.094157303370787,8.141111111111112,8.177142857142858,8.190652173913044,8.196344086021506,8.189148936170215,8.152631578947371,8.092916666666667,8.031340206185567,7.970000000000001,7.911919191919194,7.841,7.774455445544556,7.714117647058825,7.65106796116505,7.572884615384615,7.5095238095238095,7.4681132075471695,7.4368224299065435,7.408888888888891,7.38330275229358,7.357272727272728,7.329909909909911,7.310178571428572,7.294336283185841,7.279649122807018,7.2547826086956535,7.229482758620691,7.196068376068379,7.149661016949154,7.0981512605042045,7.040833333333334,6.969586776859504,6.907704918032788,6.859024390243903,6.80951612903226,6.772000000000002,6.740634920634922,6.716062992125987,6.700468750000001,52.0,624.0,0.0,0.0,0.0,0.0,0.0,0.0,0.0,0.0,0.0,0.0,0.0,0.0,0.0,0.0,0.0,35.0,110.0,216.0,341.0,471.0,591.0,687.0,749.0,775.0,775.0,775.0,775.0,775.0,775.0,775.0,775.0,775.0,775.0,775.0,775.0,775.0,775.0,775.0,775.0,808.0,885.0,996.0,1128.0,1267.0,1397.0,1502.0,1570.0,1599.0,1599.0,1599.0,1599.0,1599.0,1599.0,1599.0,1599.0,1599.0,1599.0,1599.0,1599.0,1599.0,1599.0,1599.0,1599.0,1630.0,1688.0,1770.0,1868.0,1968.0,2056.0,2120.0,2155.0,2165.0,2165.0,2165.0,2165.0,2165.0,2165.0,2165.0,2165.0,2165.0,2165.0,2165.0,2165.0,2165.0,2165.0,2165.0,2165.0,2195.0,2268.0,2375.0,2504.0,2638.0,2761.0,2859.0,2923.0,2950.0,2950.0,2950.0,2950.0,2950.0,2950.0,2950.0,2950.0,2950.0,2950.0,2950.0,2950.0,2950.0,2950.0,2950.0,2950.0,2978.0,3057.0,3174.0,3315.0,3463.0,3602.0,3715.0,3792.0,3825.0,3825.0,3825.0,3825.0,3825.0,3825.0,3825.0,3825.0,3825.0,38,February 7,Nancy
0.0019457140808987145,1.298762322386136,1.0482621861589028,2.197977820321764,2.197977820321764,0.4733015207805796,0.7293875999896601,1.0432553671500722,1.0432553671500722,0.48994739699021006,0.7083061203074715,3.708186578328597,3.708186578328597,0.5103517457842615,1.298843602472778,4.3029272724747125,4.3029272724747125,0.2274450620926604,0.6071313915913071,14.596666666666668,-0.1569050075164683,0.1569050075164683,102.68897008449416,3.22,3.42,3.92,4.345,4.8,5.12,5.362857142857143,5.4825,5.397777777777778,5.389999999999999,5.510909090909091,5.586666666666666,5.735384615384614,5.805714285714286,5.9333333333333345,6.07625,6.225882352941177,6.3533333333333335,6.456842105263157,6.515000000000001,6.491428571428571,6.433636363636364,6.324347826086956,6.224166666666666,6.0920000000000005,5.981538461538462,5.882962962962962,5.802142857142857,5.75103448275862,5.713333333333334,5.668387096774193,5.635625,5.568484848484848,5.511176470588235,5.4714285714285715,5.4061111111111115,5.384864864864865,5.383157894736843,5.425128205128205,5.4799999999999995,5.544390243902439,5.62952380952381,5.722325581395349,5.822272727272727,5.886666666666668,5.956956521739131,6.017872340425534,6.07,6.111836734693878,6.1240000000000006,6.135686274509806,6.146923076923078,6.161509433962267,6.179259259259261,6.234545454545456,6.2825,6.346315789473684,6.433793103448276,6.526779661016951,6.650000000000001,6.767540983606558,6.890967741935485,7.002539682539684,7.1028125,7.176923076923077,7.245757575757576,7.3229850746268665,7.390588235294118,7.438840579710145,7.4714285714285715,7.473521126760564,7.464444444444443,7.443287671232879,7.409189189189189,7.373333333333333,7.342368421052631,7.322597402597402,7.303333333333333,7.298481012658228,7.29375,7.2928395061728395,7.293170731707317,7.319999999999999,7.356904761904761,7.390588235294117,7.4397674418604645,7.491264367816092,7.543863636363636,7.598651685393258,7.636666666666668,7.667252747252747,7.697173913043478,7.717849462365591,7.726382978723404,7.72421052631579,7.706458333333333,7.702474226804124,7.698571428571429,7.68868686868687,7.675,7.654653465346536,7.6298039215686275,7.599611650485438,7.546923076923078,7.504761904761905,7.473773584905662,7.468598130841121,7.49037037037037,7.5236697247706426,7.562727272727273,7.601981981981982,7.65125,7.696991150442478,7.737543859649123,7.769565217391304,7.783793103448276,7.791794871794871,7.789491525423729,7.763697478991596,7.719166666666666,7.672892561983471,7.62655737704918,7.5826016260162605,7.5280645161290325,7.4768,7.43031746031746,7.381417322834647,7.32,60.833333333333336,730.0,0.0,0.0,0.0,0.0,0.0,0.0,0.0,0.0,0.0,0.0,0.0,0.0,0.0,0.0,0.0,34.0,99.0,189.0,294.0,400.0,494.0,565.0,608.0,624.0,624.0,624.0,624.0,624.0,624.0,624.0,624.0,624.0,624.0,624.0,624.0,624.0,624.0,624.0,624.0,659.0,734.0,840.0,965.0,1095.0,1215.0,1311.0,1373.0,1399.0,1399.0,1399.0,1399.0,1399.0,1399.0,1399.0,1399.0,1399.0,1399.0,1399.0,1399.0,1399.0,1399.0,1399.0,1399.0,1432.0,1509.0,1620.0,1752.0,1891.0,2021.0,2126.0,2194.0,2223.0,2223.0,2223.0,2223.0,2223.0,2223.0,2223.0,2223.0,2223.0,2223.0,2223.0,2223.0,2223.0,2223.0,2223.0,2223.0,2254.0,2312.0,2394.0,2492.0,2592.0,2680.0,2744.0,2779.0,2789.0,2789.0,2789.0,2789.0,2789.0,2789.0,2789.0,2789.0,2789.0,2789.0,2789.0,2789.0,2789.0,2789.0,2789.0,2789.0,2819.0,2892.0,2999.0,3128.0,3262.0,3385.0,3483.0,3547.0,3574.0,3574.0,3574.0,3574.0,3574.0,3574.0,3574.0,3574.0,3574.0,39,February 8,Nancy
0.0019457140808987145,1.298762322386136,1.0482621861589028,2.197977820321764,2.197977820321764,0.4733015207805796,0.7293875999896601,1.0432553671500722,1.0432553671500722,0.48994739699021006,0.7083061203074715,3.708186578328597,3.708186578328597,0.5103517457842615,1.298843602472778,4.3029272724747125,4.3029272724747125,0.2274450620926604,0.6071313915913071,13.705000000000002,-0.05852002683010746,0.05852002683010746,114.67226073209291,2.52,2.4699999999999998,2.42,2.62,2.92,3.0533333333333332,3.1342857142857143,2.9450000000000003,2.997777777777778,3.0000000000000004,3.065454545454546,3.186666666666667,3.3661538461538467,3.6128571428571425,3.813333333333333,4.03875,4.2435294117647056,4.397777777777778,4.4936842105263155,4.459999999999999,4.42,4.388181818181818,4.363478260869565,4.295,4.252,4.227692307692307,4.253333333333334,4.302142857142857,4.382068965517242,4.459999999999999,4.5361290322580645,4.591875,4.595757575757576,4.617058823529412,4.677142857142857,4.725555555555555,4.8010810810810804,4.851578947368421,4.925128205128205,5.0075,5.095609756097561,5.177142857142857,5.250232558139535,5.304090909090909,5.319999999999999,5.317826086956522,5.288085106382978,5.2595833333333335,5.211836734693878,5.172000000000001,5.135686274509803,5.106538461538462,5.091698113207547,5.082962962962965,5.06909090909091,5.061071428571428,5.032280701754386,5.007931034482758,4.992881355932204,4.961666666666667,4.956065573770493,4.961935483870969,4.994603174603176,5.035625,5.083076923076923,5.144242424242424,5.211044776119403,5.283235294117647,5.33304347826087,5.387142857142858,5.43549295774648,5.4783333333333335,5.514520547945205,5.530810810810811,5.546666666666667,5.562105263157895,5.57974025974026,5.59948717948718,5.645316455696204,5.686249999999999,5.738518518518518,5.80780487804878,5.88144578313253,5.977142857142856,6.069411764705882,6.166511627906976,6.255632183908046,6.337045454545454,6.399775280898876,6.458888888888887,6.524395604395603,6.583043478260869,6.6275268817204305,6.660425531914894,6.670526315789474,6.672083333333333,6.6643298969072156,6.646530612244897,6.627070707070707,6.611000000000001,6.603168316831683,6.595490196078432,6.598640776699029,6.601730769230769,6.607619047619047,6.614339622641508,6.6414953271028025,6.676481481481481,6.7089908256880735,6.753636363636363,6.800180180180179,6.847678571428571,6.896991150442477,6.933157894736841,6.9634782608695645,6.993275862068966,7.015726495726496,7.028474576271186,7.032605042016808,7.024166666666667,7.026611570247934,7.029016393442622,7.02650406504065,7.020806451612903,7.009600000000001,6.994603174603175,6.975118110236221,6.9371875,24.083333333333332,289.0,0.0,0.0,0.0,0.0,0.0,0.0,0.0,0.0,0.0,0.0,0.0,0.0,0.0,0.0,0.0,36.0,108.0,210.0,330.0,453.0,565.0,652.0,707.0,730.0,730.0,730.0,730.0,730.0,730.0,730.0,730.0,730.0,730.0,730.0,730.0,730.0,730.0,730.0,730.0,764.0,829.0,919.0,1024.0,1130.0,1224.0,1295.0,1338.0,1354.0,1354.0,1354.0,1354.0,1354.0,1354.0,1354.0,1354.0,1354.0,1354.0,1354.0,1354.0,1354.0,1354.0,1354.0,1354.0,1389.0,1464.0,1570.0,1695.0,1825.0,1945.0,2041.0,2103.0,2129.0,2129.0,2129.0,2129.0,2129.0,2129.0,2129.0,2129.0,2129.0,2129.0,2129.0,2129.0,2129.0,2129.0,2129.0,2129.0,2162.0,2239.0,2350.0,2482.0,2621.0,2751.0,2856.0,2924.0,2953.0,2953.0,2953.0,2953.0,2953.0,2953.0,2953.0,2953.0,2953.0,2953.0,2953.0,2953.0,2953.0,2953.0,2953.0,2953.0,2984.0,3042.0,3124.0,3222.0,3322.0,3410.0,3474.0,3509.0,3519.0,3519.0,3519.0,3519.0,3519.0,3519.0,3519.0,3519.0,3519.0,40,February 9,Nancy
0.0019457140808987145,1.298762322386136,1.0482621861589028,2.197977820321764,2.197977820321764,0.4733015207805796,0.7293875999896601,1.0432553671500722,1.0432553671500722,0.48994739699021006,0.7083061203074715,3.708186578328597,3.708186578328597,0.5103517457842615,1.298843602472778,4.3029272724747125,4.3029272724747125,0.2274450620926604,0.6071313915913071,10.963333333333333,-0.006553166972956918,0.006553166972956918,121.00182426269384,4.12,4.42,4.486666666666667,4.5200000000000005,4.5200000000000005,4.57,4.562857142857143,4.645,4.6755555555555555,4.539999999999999,4.392727272727272,4.328333333333332,4.312307692307692,4.412857142857143,4.573333333333334,4.7575,4.937647058823529,5.1033333333333335,5.246315789473685,5.385000000000001,5.481904761904762,5.4790909090909095,5.437391304347826,5.3116666666666665,5.2,5.093076923076923,4.99037037037037,4.927142857142857,4.899310344827586,4.859999999999999,4.82,4.719999999999999,4.68060606060606,4.631764705882353,4.605714285714285,4.6033333333333335,4.628108108108108,4.685789473684211,4.735384615384616,4.8025,4.868780487804878,4.92,4.950232558139534,4.924545454545455,4.895555555555556,4.87,4.847659574468085,4.803333333333334,4.771020408163266,4.748,4.751372549019608,4.768076923076924,4.8030188679245285,4.838518518518519,4.874545454545456,4.900357142857142,4.89719298245614,4.9044827586206905,4.935254237288136,4.96,5.001967213114754,5.029677419354838,5.072380952380953,5.1215625,5.1753846153846155,5.226060606060606,5.272238805970149,5.306764705882353,5.317101449275362,5.315714285714285,5.29605633802817,5.276944444444444,5.244657534246575,5.217297297297298,5.192,5.1713157894736845,5.1602597402597405,5.153333333333333,5.142784810126582,5.1362499999999995,5.115061728395061,5.096829268292684,5.0850602409638554,5.061666666666667,5.056470588235294,5.05953488372093,5.082068965517241,5.11090909090909,5.144719101123595,5.188888888888889,5.237582417582417,5.290652173913044,5.327526881720431,5.3678723404255315,5.404210526315789,5.4366666666666665,5.464329896907216,5.477142857142857,5.48969696969697,5.502000000000001,5.5160396039603965,5.531764705882353,5.567572815533981,5.599807692307693,5.640952380952381,5.695471698113208,5.753644859813084,5.82925925925926,5.902568807339449,5.9799999999999995,6.0515315315315314,6.117321428571429,6.168672566371681,6.217368421052631,6.271304347826088,6.32,6.357606837606838,6.386101694915253,6.396470588235295,6.4,6.396033057851239,6.383934426229508,6.37040650406504,6.359516129032257,6.3552,6.35095238095238,6.355433070866142,6.35984375,29.5,354.0,0.0,0.0,0.0,0.0,0.0,0.0,0.0,0.0,0.0,0.0,0.0,0.0,0.0,0.0,0.0,29.0,69.0,120.0,177.0,231.0,271.0,289.0,289.0,289.0,289.0,289.0,289.0,289.0,289.0,289.0,289.0,289.0,289.0,289.0,289.0,289.0,289.0,289.0,289.0,325.0,397.0,499.0,619.0,742.0,854.0,941.0,996.0,1019.0,1019.0,1019.0,1019.0,1019.0,1019.0,1019.0,1019.0,1019.0,1019.0,1019.0,1019.0,1019.0,1019.0,1019.0,1019.0,1053.0,1118.0,1208.0,1313.0,1419.0,1513.0,1584.0,1627.0,1643.0,1643.0,1643.0,1643.0,1643.0,1643.0,1643.0,1643.0,1643.0,1643.0,1643.0,1643.0,1643.0,1643.0,1643.0,1643.0,1678.0,1753.0,1859.0,1984.0,2114.0,2234.0,2330.0,2392.0,2418.0,2418.0,2418.0,2418.0,2418.0,2418.0,2418.0,2418.0,2418.0,2418.0,2418.0,2418.0,2418.0,2418.0,2418.0,2418.0,2451.0,2528.0,2639.0,2771.0,2910.0,3040.0,3145.0,3213.0,3242.0,3242.0,3242.0,3242.0,3242.0,3242.0,3242.0,3242.0,3242.0,41,February 10,Nancy
0.0019457140808987145,1.298762322386136,1.0482621861589028,2.197977820321764,2.197977820321764,0.4733015207805796,0.7293875999896601,1.0432553671500722,1.0432553671500722,0.48994739699021006,0.7083061203074715,3.708186578328597,3.708186578328597,0.5103517457842615,1.298843602472778,4.3029272724747125,4.3029272724747125,0.2274450620926604,0.6071313915913071,12.155,-0.1514570622075695,0.1514570622075695,103.35252982311803,6.42,5.869999999999999,4.953333333333332,4.095,3.539999999999999,3.353333333333333,3.2342857142857144,3.3075,3.5755555555555554,3.9800000000000004,4.265454545454546,4.636666666666667,4.996923076923077,5.434285714285714,5.893333333333332,6.295,6.561176470588236,6.736666666666666,6.82,6.869999999999999,6.958095238095238,6.965454545454545,6.941739130434782,6.836666666666667,6.728,6.65076923076923,6.575555555555555,6.505714285714285,6.437241379310345,6.383333333333332,6.323225806451612,6.28875,6.247272727272727,6.161176470588235,6.0685714285714285,6.000555555555556,5.94972972972973,5.943684210526316,5.966153846153846,6.005,6.049268292682926,6.093809523809523,6.133953488372093,6.176818181818181,6.204444444444444,6.187391304347826,6.151914893617021,6.074166666666667,6.0016326530612245,5.9300000000000015,5.859215686274511,5.808461538461538,5.776603773584905,5.738518518518519,5.7,5.627142857142857,5.588421052631579,5.5441379310344825,5.513220338983051,5.496666666666666,5.497049180327869,5.518387096774194,5.535873015873015,5.5653125,5.595384615384615,5.616969696969697,5.625970149253732,5.5994117647058825,5.570724637681159,5.5442857142857145,5.52,5.481111111111111,5.45013698630137,5.425405405405406,5.418666666666667,5.421315789473684,5.436883116883116,5.453333333333333,5.470632911392404,5.48125,5.471851851851851,5.470000000000001,5.485060240963855,5.496190476190476,5.52,5.533953488372092,5.559080459770115,5.589318181818181,5.623370786516854,5.655555555555556,5.684835164835164,5.705869565217391,5.709247311827958,5.7040425531914885,5.685263157894737,5.666875,5.638556701030927,5.613877551020409,5.5907070707070705,5.571000000000001,5.5586138613861396,5.549411764705883,5.53747572815534,5.528653846153846,5.508571428571428,5.490754716981132,5.477943925233645,5.45611111111111,5.448440366972477,5.447272727272726,5.4614414414414405,5.480714285714286,5.5040707964601765,5.535789473684211,5.5713043478260875,5.610517241379311,5.637094017094017,5.666610169491525,5.693109243697478,5.716666666666666,5.736528925619835,5.744590163934426,5.752520325203252,5.760322580645161,5.7696000000000005,5.780317460317461,5.8074015748031504,5.83171875,89.0,1068.0,1.0,1.0,1.0,1.0,1.0,1.0,1.0,1.0,1.0,1.0,1.0,1.0,1.0,1.0,1.0,32.0,78.0,137.0,204.0,269.0,320.0,349.0,355.0,355.0,355.0,355.0,355.0,355.0,355.0,355.0,355.0,355.0,355.0,355.0,355.0,355.0,355.0,355.0,355.0,384.0,424.0,475.0,532.0,586.0,626.0,644.0,644.0,644.0,644.0,644.0,644.0,644.0,644.0,644.0,644.0,644.0,644.0,644.0,644.0,644.0,644.0,644.0,644.0,680.0,752.0,854.0,974.0,1097.0,1209.0,1296.0,1351.0,1374.0,1374.0,1374.0,1374.0,1374.0,1374.0,1374.0,1374.0,1374.0,1374.0,1374.0,1374.0,1374.0,1374.0,1374.0,1374.0,1408.0,1473.0,1563.0,1668.0,1774.0,1868.0,1939.0,1982.0,1998.0,1998.0,1998.0,1998.0,1998.0,1998.0,1998.0,1998.0,1998.0,1998.0,1998.0,1998.0,1998.0,1998.0,1998.0,1998.0,2033.0,2108.0,2214.0,2339.0,2469.0,2589.0,2685.0,2747.0,2773.0,2773.0,2773.0,2773.0,2773.0,2773.0,2773.0,2773.0,2773.0,42,February 11,Nancy
0.0019457140808987145,1.298762322386136,1.0482621861589028,2.197977820321764,2.197977820321764,0.4733015207805796,0.7293875999896601,1.0432553671500722,1.0432553671500722,0.48994739699021006,0.7083061203074715,3.708186578328597,3.708186578328597,0.5103517457842615,1.298843602472778,4.3029272724747125,4.3029272724747125,0.2274450620926604,0.6071313915913071,12.53,-0.09221699339210401,0.09221699339210401,110.56797020484173,4.02,3.67,2.8866666666666667,2.37,2.0,1.8366666666666667,1.977142857142857,2.2825,2.7088888888888887,2.96,3.1018181818181816,3.3200000000000003,3.5276923076923077,3.670000000000001,3.773333333333333,3.9699999999999998,4.2023529411764695,4.464444444444444,4.730526315789473,4.9449999999999985,5.162857142857142,5.342727272727272,5.511304347826086,5.5825000000000005,5.6160000000000005,5.604615384615385,5.5125925925925925,5.369999999999999,5.230344827586207,5.136666666666668,5.052258064516129,5.01375,5.035151515151515,5.111176470588235,5.168571428571429,5.267222222222221,5.376756756756757,5.527894736842106,5.702051282051282,5.8675,5.988292682926829,6.077142857142857,6.129302325581396,6.167727272727271,6.224444444444444,6.24391304347826,6.247659574468083,6.209583333333334,6.166938775510203,6.138000000000001,6.108235294117646,6.0796153846153835,6.050188679245283,6.027407407407407,5.999999999999999,5.986071428571429,5.967368421052631,5.921724137931034,5.870847457627119,5.833333333333332,5.805245901639344,5.8038709677419345,5.819999999999998,5.846562499999999,5.876923076923077,5.907878787878788,5.93641791044776,5.967058823529411,5.988115942028985,5.9799999999999995,5.959436619718308,5.910277777777778,5.863835616438355,5.817297297297297,5.770666666666666,5.737105263157894,5.7161038961038955,5.69051282051282,5.664303797468353,5.6137500000000005,5.586666666666666,5.555365853658537,5.533253012048192,5.521190476190476,5.521176470588234,5.536279069767441,5.548735632183907,5.569999999999999,5.5919101123595505,5.607777777777778,5.614505494505494,5.595,5.5737634408602155,5.554042553191491,5.535789473684211,5.506458333333334,5.482886597938143,5.463877551020409,5.458383838383839,5.460000000000001,5.4714851485148515,5.483725490196079,5.496699029126215,5.504615384615385,5.497142857142856,5.495471698113208,5.506915887850467,5.5153703703703725,5.533761467889909,5.544545454545456,5.564144144144145,5.587857142857142,5.614690265486724,5.64017543859649,5.663478260869565,5.680344827586207,5.683247863247864,5.6793220338983055,5.66453781512605,5.65,5.6274380165289255,5.607704918032787,5.589105691056911,5.573225806451613,5.5632,5.555714285714286,5.545984251968505,5.53875,41.25,495.0,0.0,0.0,0.0,0.0,0.0,0.0,0.0,0.0,0.0,0.0,0.0,0.0,0.0,0.0,0.0,44.0,142.0,281.0,446.0,620.0,784.0,921.0,1018.0,1067.0,1068.0,1068.0,1068.0,1068.0,1068.0,1068.0,1068.0,1068.0,1068.0,1068.0,1068.0,1068.0,1068.0,1068.0,1068.0,1099.0,1145.0,1204.0,1271.0,1336.0,1387.0,1416.0,1422.0,1422.0,1422.0,1422.0,1422.0,1422.0,1422.0,1422.0,1422.0,1422.0,1422.0,1422.0,1422.0,1422.0,1422.0,1422.0,1422.0,1451.0,1491.0,1542.0,1599.0,1653.0,1693.0,1711.0,1711.0,1711.0,1711.0,1711.0,1711.0,1711.0,1711.0,1711.0,1711.0,1711.0,1711.0,1711.0,1711.0,1711.0,1711.0,1711.0,1711.0,1747.0,1819.0,1921.0,2041.0,2164.0,2276.0,2363.0,2418.0,2441.0,2441.0,2441.0,2441.0,2441.0,2441.0,2441.0,2441.0,2441.0,2441.0,2441.0,2441.0,2441.0,2441.0,2441.0,2441.0,2475.0,2540.0,2630.0,2735.0,2841.0,2935.0,3006.0,3049.0,3065.0,3065.0,3065.0,3065.0,3065.0,3065.0,3065.0,3065.0,3065.0,43,February 12,Nancy
0.0019457140808987145,1.298762322386136,1.0482621861589028,2.197977820321764,2.197977820321764,0.4733015207805796,0.7293875999896601,1.0432553671500722,1.0432553671500722,0.48994739699021006,0.7083061203074715,3.708186578328597,3.708186578328597,0.5103517457842615,1.298843602472778,4.3029272724747125,4.3029272724747125,0.2274450620926604,0.6071313915913071,8.463333333333333,-0.18076043281459475,0.18076043281459475,99.78337928318236,6.92,6.47,6.153333333333333,6.220000000000001,6.5,6.603333333333334,6.862857142857142,7.045,7.1755555555555555,7.32,7.429090909090909,7.386666666666667,7.296923076923077,7.255714285714286,7.193333333333333,7.213749999999999,7.337647058823529,7.4255555555555555,7.52,7.614999999999999,7.658095238095238,7.633636363636364,7.533043478260869,7.428333333333332,7.291999999999999,7.139230769230769,6.923703703703704,6.7057142857142855,6.492413793103449,6.3100000000000005,6.197419354838709,6.141875,6.141212121212121,6.114117647058824,6.0685714285714285,6.058888888888889,6.0578378378378375,6.043684210526316,6.022564102564102,6.045,6.090731707317073,6.158095238095238,6.236279069767442,6.299545454545453,6.3711111111111105,6.4308695652173915,6.490212765957447,6.505416666666666,6.503673469387755,6.479999999999999,6.414117647058823,6.319999999999999,6.22566037735849,6.155185185185185,6.08909090909091,6.048571428571429,6.0428070175438595,6.07,6.087796610169491,6.131666666666667,6.183934426229508,6.263548387096774,6.35968253968254,6.4528125,6.5200000000000005,6.568484848484848,6.594626865671642,6.612647058823529,6.643188405797101,6.65,6.6467605633802815,6.615833333333333,6.581643835616438,6.556486486486486,6.530666666666666,6.505526315789474,6.47974025974026,6.458461538461538,6.433924050632911,6.41875,6.400246913580246,6.362682926829269,6.321204819277108,6.2890476190476186,6.263529411764704,6.25720930232558,6.2636781609195396,6.277954545454546,6.295280898876404,6.313333333333333,6.329890109890108,6.348260869565216,6.359784946236558,6.349787234042552,6.330526315789471,6.289791666666666,6.250927835051547,6.211836734693876,6.172525252525252,6.142999999999998,6.122970297029702,6.099411764705881,6.075339805825242,6.0325,6.007619047619047,5.97943396226415,5.958317757009345,5.944999999999999,5.941100917431191,5.949090909090907,5.955135135135134,5.968214285714287,5.981946902654866,5.991052631578946,5.993043478260869,5.974310344827585,5.954188034188033,5.9352542372881345,5.917478991596636,5.890833333333333,5.868760330578512,5.8503278688524585,5.842764227642276,5.840967741935483,5.847199999999999,5.854126984126983,5.861732283464565,5.8653125,98.33333333333333,1180.0,4.0,4.0,4.0,4.0,4.0,4.0,4.0,4.0,4.0,4.0,4.0,4.0,4.0,4.0,4.0,39.0,96.0,172.0,259.0,346.0,420.0,471.0,495.0,499.0,499.0,499.0,499.0,499.0,499.0,499.0,499.0,499.0,499.0,499.0,499.0,499.0,499.0,499.0,499.0,543.0,641.0,780.0,945.0,1119.0,1283.0,1420.0,1517.0,1566.0,1567.0,1567.0,1567.0,1567.0,1567.0,1567.0,1567.0,1567.0,1567.0,1567.0,1567.0,1567.0,1567.0,1567.0,1567.0,1598.0,1644.0,1703.0,1770.0,1835.0,1886.0,1915.0,1921.0,1921.0,1921.0,1921.0,1921.0,1921.0,1921.0,1921.0,1921.0,1921.0,1921.0,1921.0,1921.0,1921.0,1921.0,1921.0,1921.0,1950.0,1990.0,2041.0,2098.0,2152.0,2192.0,2210.0,2210.0,2210.0,2210.0,2210.0,2210.0,2210.0,2210.0,2210.0,2210.0,2210.0,2210.0,2210.0,2210.0,2210.0,2210.0,2210.0,2210.0,2246.0,2318.0,2420.0,2540.0,2663.0,2775.0,2862.0,2917.0,2940.0,2940.0,2940.0,2940.0,2940.0,2940.0,2940.0,2940.0,2940.0,44,February 13,Nancy
0.0019457140808987145,1.298762322386136,1.0482621861589028,2.197977820321764,2.197977820321764,0.4733015207805796,0.7293875999896601,1.0432553671500722,1.0432553671500722,0.48994739699021006,0.7083061203074715,3.708186578328597,3.708186578328597,0.5103517457842615,1.298843602472778,4.3029272724747125,4.3029272724747125,0.2274450620926604,0.6071313915913071,5.0633333333333335,-0.117770419783995,0.117770419783995,107.45556287030941,8.42,8.07,7.753333333333333,7.795,7.88,7.9700000000000015,8.12,8.27,8.386666666666667,8.65,8.801818181818183,9.036666666666667,9.235384615384616,9.334285714285713,9.433333333333334,9.620000000000001,9.84941176470588,10.042222222222222,10.193684210526314,10.359999999999998,10.419999999999998,10.465454545454543,10.39391304347826,10.286666666666667,10.152,9.993076923076924,9.827407407407408,9.705714285714285,9.633793103448278,9.550000000000002,9.513548387096776,9.47625,9.438181818181818,9.414117647058825,9.388571428571431,9.320000000000002,9.236216216216219,9.170000000000002,9.09692307692308,9.0575,9.063902439024389,9.06047619047619,9.06418604651163,9.072272727272729,9.06,9.017826086956523,8.939148936170215,8.8575,8.758775510204082,8.65,8.506274509803921,8.358461538461539,8.21056603773585,8.07740740740741,7.981818181818183,7.918214285714285,7.886666666666667,7.840689655172414,7.784406779661017,7.750000000000001,7.721639344262297,7.686129032258066,7.646984126984129,7.635624999999999,7.640000000000001,7.65939393939394,7.687164179104479,7.706764705882352,7.73304347826087,7.752857142857144,7.773521126760563,7.765833333333333,7.747397260273972,7.714594594594593,7.653333333333333,7.572631578947367,7.49142857142857,7.4264102564102545,7.364303797468352,7.32,7.3002469135802475,7.304146341463414,7.301927710843373,7.318809523809524,7.342352941176471,7.3862790697674425,7.442988505747126,7.49840909090909,7.535730337078651,7.56,7.568351648351649,7.571086956521738,7.583440860215053,7.578510638297871,7.566315789473684,7.533541666666667,7.498350515463916,7.470000000000001,7.4412121212121205,7.412999999999999,7.384356435643563,7.359215686274508,7.331650485436891,7.311346153846153,7.288571428571428,7.251132075471698,7.210654205607477,7.177407407407407,7.149357798165138,7.136363636363637,7.133513513513513,7.136964285714287,7.143008849557522,7.149824561403509,7.155652173913043,7.163103448275861,7.165299145299145,7.150508474576271,7.128403361344538,7.089166666666666,7.0514049586776855,7.013442622950819,6.975284552845529,6.9449999999999985,6.9224000000000006,6.896984126984127,6.871181102362204,6.83015625,53.166666666666664,638.0,0.0,0.0,0.0,0.0,0.0,0.0,0.0,0.0,0.0,0.0,0.0,0.0,0.0,0.0,0.0,47.0,150.0,296.0,470.0,656.0,836.0,992.0,1110.0,1176.0,1180.0,1180.0,1180.0,1180.0,1180.0,1180.0,1180.0,1180.0,1180.0,1180.0,1180.0,1180.0,1180.0,1180.0,1180.0,1215.0,1272.0,1348.0,1435.0,1522.0,1596.0,1647.0,1671.0,1675.0,1675.0,1675.0,1675.0,1675.0,1675.0,1675.0,1675.0,1675.0,1675.0,1675.0,1675.0,1675.0,1675.0,1675.0,1675.0,1719.0,1817.0,1956.0,2121.0,2295.0,2459.0,2596.0,2693.0,2742.0,2743.0,2743.0,2743.0,2743.0,2743.0,2743.0,2743.0,2743.0,2743.0,2743.0,2743.0,2743.0,2743.0,2743.0,2743.0,2774.0,2820.0,2879.0,2946.0,3011.0,3062.0,3091.0,3097.0,3097.0,3097.0,3097.0,3097.0,3097.0,3097.0,3097.0,3097.0,3097.0,3097.0,3097.0,3097.0,3097.0,3097.0,3097.0,3097.0,3126.0,3166.0,3217.0,3274.0,3328.0,3368.0,3386.0,3386.0,3386.0,3386.0,3386.0,3386.0,3386.0,3386.0,3386.0,3386.0,3386.0,45,February 14,Nancy
0.0019457140808987145,1.298762322386136,1.0482621861589028,2.197977820321764,2.197977820321764,0.4733015207805796,0.7293875999896601,1.0432553671500722,1.0432553671500722,0.48994739699021006,0.7083061203074715,3.708186578328597,3.708186578328597,0.5103517457842615,1.298843602472778,4.3029272724747125,4.3029272724747125,0.2274450620926604,0.6071313915913071,7.888333333333334,-0.31411252509630005,0.31411252509630005,83.54109444327065,9.12,8.620000000000001,7.753333333333333,7.470000000000001,7.339999999999999,7.203333333333332,7.119999999999999,7.2325,7.497777777777778,7.85,8.174545454545454,8.553333333333333,9.073846153846153,9.555714285714286,10.026666666666667,10.4575,10.825882352941177,11.158888888888889,11.40421052631579,11.620000000000001,11.73904761904762,11.806363636363637,11.815652173913042,11.745,11.611999999999998,11.462307692307691,11.301481481481481,11.180714285714284,11.078620689655171,10.99,10.926451612903225,10.876249999999999,10.829090909090908,10.83470588235294,10.819999999999999,10.842222222222222,10.863243243243241,10.856842105263157,10.855897435897434,10.895,10.9590243902439,11.015238095238095,11.059534883720929,11.115454545454547,11.126666666666667,11.133043478260868,11.083829787234041,11.015833333333333,10.932244897959183,10.834000000000001,10.729803921568626,10.646923076923077,10.589811320754716,10.525555555555556,10.487272727272726,10.448571428571428,10.409473684210527,10.378620689655174,10.347118644067796,10.29,10.223278688524593,10.16677419354839,10.105714285714285,10.065312500000001,10.053846153846152,10.036666666666665,10.024477611940297,10.015588235294118,9.99391304347826,9.952857142857143,9.887605633802817,9.82,9.74054794520548,9.653783783783783,9.542666666666666,9.427894736842106,9.312207792207792,9.205897435897436,9.12506329113924,9.06625,9.029876543209877,8.98341463414634,8.929638554216869,8.891428571428571,8.85764705882353,8.818837209302325,8.777471264367817,8.756363636363638,8.746966292134832,8.748888888888889,8.757362637362638,8.760217391304348,8.768387096774195,8.772127659574467,8.776842105263158,8.760625,8.736494845360824,8.701632653061225,8.645252525252523,8.574,8.502178217821783,8.442549019607844,8.38504854368932,8.341153846153846,8.316190476190476,8.309622641509433,8.298504672897197,8.302407407407408,8.311743119266055,8.337272727272728,8.373153153153153,8.408392857142857,8.429734513274337,8.441052631578946,8.44,8.434655172413793,8.437094017094017,8.42593220338983,8.4090756302521,8.375833333333333,8.340661157024794,8.310983606557377,8.280975609756098,8.251451612903226,8.2216,8.194603174603175,8.165669291338583,8.14265625,101.33333333333333,1216.0,7.0,7.0,7.0,7.0,7.0,7.0,7.0,7.0,7.0,7.0,7.0,7.0,7.0,7.0,7.0,46.0,114.0,206.0,313.0,421.0,516.0,587.0,629.0,645.0,645.0,645.0,645.0,645.0,645.0,645.0,645.0,645.0,645.0,645.0,645.0,645.0,645.0,645.0,645.0,692.0,795.0,941.0,1115.0,1301.0,1481.0,1637.0,1755.0,1821.0,1825.0,1825.0,1825.0,1825.0,1825.0,1825.0,1825.0,1825.0,1825.0,1825.0,1825.0,1825.0,1825.0,1825.0,1825.0,1860.0,1917.0,1993.0,2080.0,2167.0,2241.0,2292.0,2316.0,2320.0,2320.0,2320.0,2320.0,2320.0,2320.0,2320.0,2320.0,2320.0,2320.0,2320.0,2320.0,2320.0,2320.0,2320.0,2320.0,2364.0,2462.0,2601.0,2766.0,2940.0,3104.0,3241.0,3338.0,3387.0,3388.0,3388.0,3388.0,3388.0,3388.0,3388.0,3388.0,3388.0,3388.0,3388.0,3388.0,3388.0,3388.0,3388.0,3388.0,3419.0,3465.0,3524.0,3591.0,3656.0,3707.0,3736.0,3742.0,3742.0,3742.0,3742.0,3742.0,3742.0,3742.0,3742.0,3742.0,3742.0,46,February 15,Nancy
0.0019457140808987145,1.298762322386136,1.0482621861589028,2.197977820321764,2.197977820321764,0.4733015207805796,0.7293875999896601,1.0432553671500722,1.0432553671500722,0.48994739699021006,0.7083061203074715,3.708186578328597,3.708186578328597,0.5103517457842615,1.298843602472778,4.3029272724747125,4.3029272724747125,0.2274450620926604,0.6071313915913071,10.363333333333337,-0.2593936455473042,0.2593936455473042,90.20585397233835,7.12,6.17,5.586666666666667,5.3950000000000005,5.72,5.969999999999999,6.119999999999999,6.345,6.442222222222222,6.539999999999999,6.674545454545455,6.995000000000001,7.250769230769231,7.4628571428571435,7.726666666666666,7.9887500000000005,8.26705882352941,8.553333333333335,8.841052631578947,9.075,9.286666666666665,9.433636363636364,9.515652173913043,9.553333333333333,9.536,9.481538461538461,9.353333333333332,9.255714285714285,9.171724137931035,9.083333333333334,9.003870967741936,8.973125,8.992727272727272,9.052352941176471,9.120000000000001,9.22,9.384864864864864,9.55421052631579,9.735384615384618,9.915000000000001,10.080975609756097,10.241428571428571,10.371162790697674,10.492727272727272,10.573333333333332,10.630869565217392,10.660425531914894,10.649166666666666,10.603673469387754,10.546000000000001,10.478823529411764,10.429615384615385,10.387924528301886,10.351481481481484,10.327272727272728,10.309285714285712,10.291929824561404,10.30448275862069,10.304745762711864,10.326666666666666,10.347868852459017,10.35225806451613,10.35968253968254,10.391874999999999,10.44,10.483636363636364,10.52,10.564117647058824,10.579420289855072,10.591428571428573,10.566478873239436,10.528333333333332,10.47890410958904,10.418648648648649,10.353333333333333,10.301578947368421,10.266753246753247,10.226410256410256,10.203544303797468,10.18,10.155802469135802,10.137073170731707,10.117590361445783,10.07952380952381,10.034117647058823,9.995581395348838,9.953333333333333,9.925681818181818,9.91887640449438,9.907777777777778,9.900219780219778,9.895,9.880215053763441,9.850851063829788,9.803157894736842,9.753333333333332,9.694226804123712,9.629183673469388,9.545252525252526,9.458,9.36950495049505,9.287647058823529,9.22485436893204,9.178653846153846,9.149523809523808,9.112452830188678,9.069532710280374,9.038518518518519,9.010825688073394,8.97909090909091,8.945225225225224,8.927142857142856,8.918230088495577,8.918245614035088,8.923478260869565,8.924310344827587,8.929401709401708,8.931016949152541,8.93344537815126,8.919166666666667,8.898512396694214,8.86918032786885,8.822439024390244,8.763548387096774,8.703999999999999,8.654126984126982,8.605826771653541,8.5684375,72.33333333333333,868.0,3.0,3.0,3.0,3.0,3.0,3.0,3.0,3.0,3.0,3.0,3.0,3.0,3.0,3.0,3.0,54.0,160.0,310.0,488.0,678.0,862.0,1022.0,1143.0,1212.0,1219.0,1219.0,1219.0,1219.0,1219.0,1219.0,1219.0,1219.0,1219.0,1219.0,1219.0,1219.0,1219.0,1219.0,1219.0,1258.0,1326.0,1418.0,1525.0,1633.0,1728.0,1799.0,1841.0,1857.0,1857.0,1857.0,1857.0,1857.0,1857.0,1857.0,1857.0,1857.0,1857.0,1857.0,1857.0,1857.0,1857.0,1857.0,1857.0,1904.0,2007.0,2153.0,2327.0,2513.0,2693.0,2849.0,2967.0,3033.0,3037.0,3037.0,3037.0,3037.0,3037.0,3037.0,3037.0,3037.0,3037.0,3037.0,3037.0,3037.0,3037.0,3037.0,3037.0,3072.0,3129.0,3205.0,3292.0,3379.0,3453.0,3504.0,3528.0,3532.0,3532.0,3532.0,3532.0,3532.0,3532.0,3532.0,3532.0,3532.0,3532.0,3532.0,3532.0,3532.0,3532.0,3532.0,3532.0,3576.0,3674.0,3813.0,3978.0,4152.0,4316.0,4453.0,4550.0,4599.0,4600.0,4600.0,4600.0,4600.0,4600.0,4600.0,4600.0,4600.0,47,February 16,Nancy
0.0019457140808987145,1.298762322386136,1.0482621861589028,2.197977820321764,2.197977820321764,0.4733015207805796,0.7293875999896601,1.0432553671500722,1.0432553671500722,0.48994739699021006,0.7083061203074715,3.708186578328597,3.708186578328597,0.5103517457842615,1.298843602472778,4.3029272724747125,4.3029272724747125,0.2274450620926604,0.6071313915913071,8.046666666666667,-0.2901968946879385,0.2901968946879385,86.45401822700909,9.92,9.77,9.686666666666667,9.17,8.76,8.42,8.262857142857142,8.2075,8.164444444444445,8.09,8.047272727272727,8.011666666666667,7.889230769230769,7.8985714285714295,7.9399999999999995,8.032499999999999,8.196470588235293,8.403333333333332,8.52,8.59,8.672380952380953,8.747272727272728,8.80695652173913,8.824166666666667,8.756,8.620000000000001,8.464444444444444,8.334285714285715,8.28896551724138,8.253333333333334,8.213548387096774,8.204374999999999,8.174545454545456,8.15235294117647,8.148571428571428,8.214444444444444,8.271351351351353,8.32263157894737,8.402051282051284,8.489999999999998,8.593170731707318,8.708095238095238,8.831627906976744,8.938181818181818,9.040000000000001,9.115652173913045,9.162553191489362,9.18875,9.18734693877551,9.166,9.104313725490195,9.056538461538462,9.01433962264151,8.968148148148149,8.925454545454546,8.909285714285714,8.921754385964913,8.957931034482758,8.999661016949151,9.061666666666666,9.164262295081967,9.271612903225805,9.388253968253968,9.5059375,9.616923076923076,9.726060606060605,9.817014925373133,9.903823529411763,9.964927536231883,10.01142857142857,10.039718309859156,10.040833333333333,10.0186301369863,9.987567567567567,9.949333333333332,9.92263157894737,9.90051948051948,9.881538461538462,9.870632911392404,9.86375,9.857037037037037,9.871219512195122,9.876626506024095,9.897380952380951,9.91764705882353,9.92581395348837,9.936091954022988,9.964318181818182,10.004269662921349,10.04111111111111,10.072747252747252,10.110217391304348,10.126451612903226,10.140212765957447,10.126315789473685,10.102291666666666,10.069484536082474,10.028163265306123,9.982626262626262,9.947,9.923960396039604,9.896470588235294,9.882135922330097,9.867115384615385,9.851428571428572,9.839811320754716,9.827476635514019,9.800555555555556,9.767706422018348,9.739999999999997,9.709189189189187,9.689642857142855,9.68637168141593,9.679649122807017,9.675652173913042,9.673448275862068,9.66358974358974,9.642033898305082,9.605714285714281,9.567499999999999,9.521652892561985,9.470819672131146,9.404552845528455,9.33532258064516,9.264799999999997,9.199365079365077,9.149133858267714,9.112187500000001,102.33333333333333,1228.0,9.0,9.0,9.0,9.0,9.0,9.0,9.0,9.0,9.0,9.0,9.0,9.0,9.0,9.0,9.0,56.0,141.0,257.0,394.0,536.0,667.0,771.0,840.0,874.0,877.0,877.0,877.0,877.0,877.0,877.0,877.0,877.0,877.0,877.0,877.0,877.0,877.0,877.0,877.0,928.0,1034.0,1184.0,1362.0,1552.0,1736.0,1896.0,2017.0,2086.0,2093.0,2093.0,2093.0,2093.0,2093.0,2093.0,2093.0,2093.0,2093.0,2093.0,2093.0,2093.0,2093.0,2093.0,2093.0,2132.0,2200.0,2292.0,2399.0,2507.0,2602.0,2673.0,2715.0,2731.0,2731.0,2731.0,2731.0,2731.0,2731.0,2731.0,2731.0,2731.0,2731.0,2731.0,2731.0,2731.0,2731.0,2731.0,2731.0,2778.0,2881.0,3027.0,3201.0,3387.0,3567.0,3723.0,3841.0,3907.0,3911.0,3911.0,3911.0,3911.0,3911.0,3911.0,3911.0,3911.0,3911.0,3911.0,3911.0,3911.0,3911.0,3911.0,3911.0,3946.0,4003.0,4079.0,4166.0,4253.0,4327.0,4378.0,4402.0,4406.0,4406.0,4406.0,4406.0,4406.0,4406.0,4406.0,4406.0,4406.0,48,February 17,Nancy
0.0019457140808987145,1.298762322386136,1.0482621861589028,2.197977820321764,2.197977820321764,0.4733015207805796,0.7293875999896601,1.0432553671500722,1.0432553671500722,0.48994739699021006,0.7083061203074715,3.708186578328597,3.708186578328597,0.5103517457842615,1.298843602472778,4.3029272724747125,4.3029272724747125,0.2274450620926604,0.6071313915913071,12.005,-0.1440462113601178,0.1440462113601178,104.25517145633765,9.92,9.620000000000001,9.586666666666666,9.22,9.5,9.72,9.834285714285713,9.9575,9.975555555555555,9.899999999999999,9.91090909090909,9.945000000000002,9.973846153846154,10.141428571428571,10.253333333333334,10.38875,10.584705882352939,10.731111111111112,10.83578947368421,10.875,10.953333333333333,10.997272727272728,10.980869565217393,10.949166666666665,10.908000000000001,10.85846153846154,10.80888888888889,10.694999999999999,10.571724137931035,10.443333333333333,10.34258064516129,10.263750000000002,10.189696969696971,10.108235294117648,10.037142857142856,9.97,9.874054054054055,9.825263157894735,9.79179487179487,9.782499999999999,9.80780487804878,9.858095238095236,9.875813953488372,9.87681818181818,9.886666666666667,9.896086956521739,9.900851063829787,9.886666666666665,9.830204081632653,9.738,9.633725490196078,9.541153846153845,9.493584905660377,9.451481481481482,9.407272727272725,9.380714285714287,9.342807017543858,9.309655172413795,9.287796610169492,9.308333333333334,9.324918032786885,9.339354838709678,9.372380952380952,9.4121875,9.463076923076922,9.523030303030303,9.590149253731342,9.647941176470589,9.704057971014493,9.744285714285715,9.766478873239436,9.775555555555556,9.766575342465753,9.744324324324323,9.694666666666665,9.65421052631579,9.617402597402597,9.577692307692308,9.540253164556962,9.52125,9.522469135802469,9.540731707317072,9.563373493975904,9.600952380952382,9.668235294117647,9.739767441860465,9.818850574712643,9.899545454545454,9.9761797752809,10.052222222222223,10.115604395604395,10.176521739130434,10.218924731182796,10.250851063829789,10.269473684210526,10.267916666666666,10.248865979381444,10.223061224489797,10.191717171717173,10.169,10.149702970297032,10.132745098039218,10.121941747572818,10.11423076923077,10.106666666666667,10.115283018867924,10.117196261682246,10.131111111111112,10.144770642201834,10.149090909090905,10.155135135135133,10.175357142857143,10.20495575221239,10.232280701754386,10.255652173913044,10.283793103448275,10.295213675213674,10.30474576271186,10.292268907563024,10.271666666666667,10.24396694214876,10.209344262295081,10.17121951219512,10.140967741935482,10.120799999999997,10.096984126984125,10.083779527559052,10.069999999999999,10.333333333333334,124.0,0.0,0.0,0.0,0.0,0.0,0.0,0.0,0.0,0.0,0.0,0.0,0.0,0.0,0.0,0.0,55.0,165.0,319.0,501.0,695.0,881.0,1039.0,1155.0,1219.0,1228.0,1228.0,1228.0,1228.0,1228.0,1228.0,1228.0,1228.0,1228.0,1228.0,1228.0,1228.0,1228.0,1228.0,1228.0,1275.0,1360.0,1476.0,1613.0,1755.0,1886.0,1990.0,2059.0,2093.0,2096.0,2096.0,2096.0,2096.0,2096.0,2096.0,2096.0,2096.0,2096.0,2096.0,2096.0,2096.0,2096.0,2096.0,2096.0,2147.0,2253.0,2403.0,2581.0,2771.0,2955.0,3115.0,3236.0,3305.0,3312.0,3312.0,3312.0,3312.0,3312.0,3312.0,3312.0,3312.0,3312.0,3312.0,3312.0,3312.0,3312.0,3312.0,3312.0,3351.0,3419.0,3511.0,3618.0,3726.0,3821.0,3892.0,3934.0,3950.0,3950.0,3950.0,3950.0,3950.0,3950.0,3950.0,3950.0,3950.0,3950.0,3950.0,3950.0,3950.0,3950.0,3950.0,3950.0,3997.0,4100.0,4246.0,4420.0,4606.0,4786.0,4942.0,5060.0,5126.0,5130.0,5130.0,5130.0,5130.0,5130.0,5130.0,5130.0,5130.0,49,February 18,Nancy
0.0019457140808987145,1.298762322386136,1.0482621861589028,2.197977820321764,2.197977820321764,0.4733015207805796,0.7293875999896601,1.0432553671500722,1.0432553671500722,0.48994739699021006,0.7083061203074715,3.708186578328597,3.708186578328597,0.5103517457842615,1.298843602472778,4.3029272724747125,4.3029272724747125,0.2274450620926604,0.6071313915913071,11.055,-0.1341124897481047,0.1341124897481047,105.46509874868084,2.72,2.67,2.5866666666666664,2.72,2.88,3.203333333333333,3.505714285714285,3.7074999999999996,3.8533333333333335,3.8099999999999987,3.929090909090909,4.103333333333333,4.258461538461538,4.384285714285714,4.506666666666667,4.682499999999999,4.855294117647058,5.12,5.372631578947368,5.54,5.677142857142857,5.779090909090908,5.902608695652174,6.049166666666667,6.204,6.323846153846153,6.442222222222222,6.502142857142857,6.644137931034483,6.783333333333333,6.903870967741936,7.02625,7.12,7.181764705882352,7.2628571428571425,7.347777777777779,7.428108108108109,7.556842105263159,7.666153846153845,7.784999999999999,7.9297560975609755,8.055714285714286,8.164186046511631,8.242727272727272,8.337777777777779,8.415652173913044,8.462553191489363,8.499166666666667,8.528163265306123,8.55,8.569019607843138,8.550769230769232,8.523773584905662,8.490370370370371,8.469090909090909,8.4575,8.446315789473685,8.428620689655173,8.41491525423729,8.401666666666667,8.369180327868854,8.363548387096774,8.366031746031744,8.3825,8.42,8.473030303030303,8.505074626865671,8.525882352941176,8.551884057971014,8.577142857142857,8.598873239436621,8.6075,8.587123287671233,8.541621621621623,8.486666666666666,8.438421052631579,8.42,8.404615384615385,8.387088607594938,8.38125,8.366913580246914,8.355365853658537,8.35132530120482,8.377142857142857,8.4,8.421162790697675,8.455632183908047,8.495,8.54247191011236,8.596666666666668,8.656263736263737,8.709130434782608,8.760860215053762,8.800851063829787,8.827368421052633,8.843958333333333,8.84680412371134,8.839387755102042,8.81090909090909,8.789,8.76950495049505,8.747450980392157,8.726796116504856,8.72,8.728571428571428,8.750188679245284,8.775140186915888,8.811666666666666,8.871376146788991,8.934545454545454,9.003783783783785,9.074464285714287,9.14212389380531,9.209473684210526,9.26695652173913,9.32258620689655,9.363589743589744,9.396271186440677,9.41831932773109,9.424166666666668,9.41586776859504,9.401967213114752,9.383414634146343,9.371612903225804,9.3624,9.354920634920633,9.352283464566925,9.35203125,65.16666666666667,782.0,4.0,4.0,4.0,4.0,4.0,4.0,4.0,4.0,4.0,4.0,4.0,4.0,4.0,4.0,4.0,28.0,52.0,79.0,106.0,125.0,128.0,128.0,128.0,128.0,128.0,128.0,128.0,128.0,128.0,128.0,128.0,128.0,128.0,128.0,128.0,128.0,128.0,128.0,128.0,183.0,293.0,447.0,629.0,823.0,1009.0,1167.0,1283.0,1347.0,1356.0,1356.0,1356.0,1356.0,1356.0,1356.0,1356.0,1356.0,1356.0,1356.0,1356.0,1356.0,1356.0,1356.0,1356.0,1403.0,1488.0,1604.0,1741.0,1883.0,2014.0,2118.0,2187.0,2221.0,2224.0,2224.0,2224.0,2224.0,2224.0,2224.0,2224.0,2224.0,2224.0,2224.0,2224.0,2224.0,2224.0,2224.0,2224.0,2275.0,2381.0,2531.0,2709.0,2899.0,3083.0,3243.0,3364.0,3433.0,3440.0,3440.0,3440.0,3440.0,3440.0,3440.0,3440.0,3440.0,3440.0,3440.0,3440.0,3440.0,3440.0,3440.0,3440.0,3479.0,3547.0,3639.0,3746.0,3854.0,3949.0,4020.0,4062.0,4078.0,4078.0,4078.0,4078.0,4078.0,4078.0,4078.0,4078.0,4078.0,50,February 19,Nancy
0.0019457140808987145,1.298762322386136,1.0482621861589028,2.197977820321764,2.197977820321764,0.4733015207805796,0.7293875999896601,1.0432553671500722,1.0432553671500722,0.48994739699021006,0.7083061203074715,3.708186578328597,3.708186578328597,0.5103517457842615,1.298843602472778,4.3029272724747125,4.3029272724747125,0.2274450620926604,0.6071313915913071,12.763333333333332,-0.112511423279518,0.112511423279518,108.0961086445547,-0.8800000000000001,-1.48,-1.78,-1.755,-1.7400000000000002,-1.7133333333333332,-1.5371428571428571,-1.33,-1.1244444444444446,-0.7999999999999999,-0.4436363636363636,-0.11333333333333323,0.32769230769230784,0.8342857142857145,1.4133333333333333,2.03875,2.584705882352941,3.0866666666666664,3.598947368421053,3.96,4.167619047619048,4.342727272727273,4.40695652173913,4.4158333333333335,4.348,4.281538461538462,4.212592592592593,4.173571428571429,4.15103448275862,4.173333333333333,4.210322580645161,4.23875,4.262424242424243,4.237647058823529,4.262857142857143,4.311666666666666,4.360540540540541,4.404210526315788,4.450769230769231,4.522500000000001,4.598048780487805,4.717619047619048,4.8386046511627905,4.926818181818182,5.004444444444444,5.06782608695652,5.143404255319148,5.2325,5.328163265306122,5.408,5.488627450980393,5.53923076923077,5.635094339622641,5.731111111111112,5.818181818181818,5.9075,5.98140350877193,6.037241379310346,6.104745762711865,6.175,6.242950819672131,6.340967741935485,6.427936507936509,6.5215625,6.632307692307693,6.732121212121213,6.821492537313433,6.892058823529413,6.9736231884057975,7.044285714285715,7.094647887323943,7.138055555555555,7.176164383561644,7.209189189189188,7.239999999999998,7.244999999999998,7.243376623376625,7.236666666666667,7.237721518987342,7.245,7.252098765432098,7.2541463414634135,7.258554216867469,7.262857142857145,7.25294117647059,7.261860465116279,7.27632183908046,7.300681818181818,7.3402247191011245,7.391111111111112,7.426593406593407,7.453695652173913,7.484516129032259,7.514680851063831,7.542105263157895,7.559583333333333,7.555051546391753,7.5312244897959175,7.499797979797979,7.473,7.468514851485149,7.466078431372549,7.461747572815534,7.466153846153846,7.463809523809523,7.463396226415094,7.468598130841121,7.4968518518518525,7.522752293577983,7.547272727272728,7.582162162162163,7.620892857142857,7.666017699115044,7.716491228070174,7.771304347826086,7.820862068965518,7.869572649572651,7.908983050847458,7.937647058823528,7.958333333333333,7.967933884297521,7.969180327868853,7.953333333333334,7.942580645161291,7.933600000000001,7.922380952380952,7.912125984251969,7.912968749999999,70.41666666666667,845.0,6.0,6.0,6.0,6.0,6.0,6.0,6.0,6.0,6.0,6.0,6.0,6.0,6.0,6.0,6.0,52.0,132.0,240.0,365.0,493.0,608.0,698.0,756.0,784.0,788.0,788.0,788.0,788.0,788.0,788.0,788.0,788.0,788.0,788.0,788.0,788.0,788.0,788.0,788.0,812.0,836.0,863.0,890.0,909.0,912.0,912.0,912.0,912.0,912.0,912.0,912.0,912.0,912.0,912.0,912.0,912.0,912.0,912.0,912.0,912.0,912.0,912.0,912.0,967.0,1077.0,1231.0,1413.0,1607.0,1793.0,1951.0,2067.0,2131.0,2140.0,2140.0,2140.0,2140.0,2140.0,2140.0,2140.0,2140.0,2140.0,2140.0,2140.0,2140.0,2140.0,2140.0,2140.0,2187.0,2272.0,2388.0,2525.0,2667.0,2798.0,2902.0,2971.0,3005.0,3008.0,3008.0,3008.0,3008.0,3008.0,3008.0,3008.0,3008.0,3008.0,3008.0,3008.0,3008.0,3008.0,3008.0,3008.0,3059.0,3165.0,3315.0,3493.0,3683.0,3867.0,4027.0,4148.0,4217.0,4224.0,4224.0,4224.0,4224.0,4224.0,4224.0,4224.0,4224.0,51,February 20,Nancy
0.0019457140808987145,1.298762322386136,1.0482621861589028,2.197977820321764,2.197977820321764,0.4733015207805796,0.7293875999896601,1.0432553671500722,1.0432553671500722,0.48994739699021006,0.7083061203074715,3.708186578328597,3.708186578328597,0.5103517457842615,1.298843602472778,4.3029272724747125,4.3029272724747125,0.2274450620926604,0.6071313915913071,11.221666666666666,-0.10051392584669218,0.10051392584669218,109.55740383187289,1.72,1.22,0.9533333333333333,0.7949999999999999,0.8799999999999999,1.0033333333333332,1.1199999999999999,1.42,1.7533333333333332,2.1499999999999995,2.565454545454545,3.028333333333333,3.512307692307693,3.934285714285714,4.333333333333333,4.71375,4.996470588235294,5.214444444444443,5.335789473684211,5.385,5.443809523809524,5.451818181818181,5.346086956521739,5.1325,4.8919999999999995,4.623846153846154,4.364444444444445,4.148571428571428,3.9475862068965513,3.763333333333333,3.626451612903226,3.516875,3.4260606060606063,3.3876470588235295,3.38,3.3838888888888885,3.4443243243243242,3.5489473684210524,3.702051282051282,3.8950000000000005,4.076097560975609,4.255714285714286,4.454883720930232,4.599545454545454,4.682222222222221,4.754782608695652,4.777446808510637,4.774166666666667,4.732244897959184,4.69,4.645490196078431,4.616153846153845,4.595471698113208,4.599629629629629,4.612727272727272,4.621785714285714,4.628771929824562,4.60793103448276,4.616610169491526,4.6400000000000015,4.6642622950819685,4.686129032258067,4.710476190476192,4.75125,4.7953846153846165,4.868484848484849,4.943880597014926,4.999411764705883,5.048985507246378,5.090000000000001,5.139718309859156,5.199166666666667,5.263835616438356,5.318648648648649,5.374666666666667,5.410789473684211,5.478441558441559,5.546923076923078,5.60987341772152,5.675,5.729876543209876,5.772439024390244,5.823614457831326,5.877142857142858,5.929411764705883,6.003720930232559,6.070574712643679,6.142727272727272,6.227865168539325,6.305555555555555,6.376043956043956,6.433043478260871,6.498494623655915,6.5561702127659585,6.598947368421054,6.636666666666668,6.670515463917526,6.70061224489796,6.729090909090909,6.738,6.741782178217822,6.741568627450981,6.747184466019418,6.757499999999999,6.767619047619048,6.77377358490566,6.781682242990654,6.789444444444444,6.78605504587156,6.797272727272728,6.812792792792794,6.836071428571429,6.871327433628319,6.91561403508772,6.947826086956522,6.9734482758620695,7.0020512820512835,7.030169491525424,7.056134453781514,7.074166666666667,7.074545454545454,7.059344262295082,7.037886178861789,7.0200000000000005,7.02,7.021587301587302,7.0215748031496075,7.02859375,64.08333333333333,769.0,5.0,5.0,5.0,5.0,5.0,5.0,5.0,5.0,5.0,5.0,5.0,5.0,5.0,5.0,5.0,54.0,139.0,253.0,386.0,523.0,648.0,747.0,812.0,844.0,850.0,850.0,850.0,850.0,850.0,850.0,850.0,850.0,850.0,850.0,850.0,850.0,850.0,850.0,850.0,896.0,976.0,1084.0,1209.0,1337.0,1452.0,1542.0,1600.0,1628.0,1632.0,1632.0,1632.0,1632.0,1632.0,1632.0,1632.0,1632.0,1632.0,1632.0,1632.0,1632.0,1632.0,1632.0,1632.0,1656.0,1680.0,1707.0,1734.0,1753.0,1756.0,1756.0,1756.0,1756.0,1756.0,1756.0,1756.0,1756.0,1756.0,1756.0,1756.0,1756.0,1756.0,1756.0,1756.0,1756.0,1756.0,1756.0,1756.0,1811.0,1921.0,2075.0,2257.0,2451.0,2637.0,2795.0,2911.0,2975.0,2984.0,2984.0,2984.0,2984.0,2984.0,2984.0,2984.0,2984.0,2984.0,2984.0,2984.0,2984.0,2984.0,2984.0,2984.0,3031.0,3116.0,3232.0,3369.0,3511.0,3642.0,3746.0,3815.0,3849.0,3852.0,3852.0,3852.0,3852.0,3852.0,3852.0,3852.0,3852.0,52,February 21,Nancy
0.0019457140808987145,1.298762322386136,1.0482621861589028,2.197977820321764,2.197977820321764,0.4733015207805796,0.7293875999896601,1.0432553671500722,1.0432553671500722,0.48994739699021006,0.7083061203074715,3.708186578328597,3.708186578328597,0.5103517457842615,1.298843602472778,4.3029272724747125,4.3029272724747125,0.2274450620926604,0.6071313915913071,11.371666666666668,-0.21032814971672897,0.21032814971672897,96.18203136450241,6.8199999999999985,6.869999999999999,6.953333333333333,6.82,6.720000000000001,6.569999999999999,6.391428571428571,6.057499999999999,5.953333333333332,6.01,6.229090909090909,6.528333333333333,6.85076923076923,7.127142857142857,7.339999999999999,7.413749999999999,7.508235294117647,7.636666666666666,7.741052631578946,7.814999999999998,7.858095238095237,7.8654545454545435,7.806956521739128,7.653333333333333,7.4159999999999995,7.1584615384615375,6.908888888888889,6.673571428571428,6.48551724137931,6.323333333333332,6.178064516129031,6.095000000000001,6.044242424242424,6.034705882352941,6.054285714285713,6.111666666666666,6.1983783783783775,6.283157894736842,6.376410256410255,6.477500000000001,6.551707317073171,6.608095238095238,6.629302325581396,6.622272727272729,6.622222222222222,6.600434782608696,6.524255319148936,6.3929166666666655,6.2444897959183665,6.077999999999999,5.912156862745098,5.766153846153847,5.625660377358491,5.492222222222222,5.383636363636364,5.289642857142857,5.205964912280701,5.152758620689656,5.118305084745763,5.091666666666667,5.100327868852459,5.137741935483871,5.207301587301587,5.304375,5.396923076923077,5.491212121212122,5.600597014925373,5.677352941176471,5.7156521739130435,5.748571428571429,5.749577464788733,5.733888888888888,5.692602739726027,5.65108108108108,5.6080000000000005,5.575263157894736,5.548571428571429,5.53923076923077,5.536455696202531,5.53125,5.524938271604938,5.4992682926829275,5.494698795180724,5.5009523809523815,5.508235294117648,5.514186046511628,5.522298850574713,5.542727272727272,5.566067415730337,5.611111111111111,5.658461538461538,5.691739130434782,5.721075268817204,5.744468085106383,5.774736842105264,5.812708333333333,5.855051546391752,5.890408163265306,5.9270707070707065,5.948999999999999,5.995247524752475,6.042549019607844,6.08601941747573,6.1315384615384625,6.1695238095238105,6.198301886792453,6.234018691588786,6.271851851851851,6.308990825688073,6.363636363636363,6.412792792792794,6.466428571428572,6.530619469026549,6.589298245614035,6.642608695652174,6.68551724137931,6.735384615384615,6.779322033898305,6.8115966386554625,6.84,6.865454545454545,6.888032786885245,6.909430894308943,6.9151612903225805,6.9168,6.915238095238096,6.918425196850394,6.925468749999999,101.5,1218.0,15.0,15.0,15.0,15.0,15.0,15.0,15.0,15.0,15.0,15.0,15.0,15.0,15.0,15.0,15.0,63.0,142.0,248.0,371.0,497.0,611.0,698.0,753.0,779.0,784.0,784.0,784.0,784.0,784.0,784.0,784.0,784.0,784.0,784.0,784.0,784.0,784.0,784.0,784.0,833.0,918.0,1032.0,1165.0,1302.0,1427.0,1526.0,1591.0,1623.0,1629.0,1629.0,1629.0,1629.0,1629.0,1629.0,1629.0,1629.0,1629.0,1629.0,1629.0,1629.0,1629.0,1629.0,1629.0,1675.0,1755.0,1863.0,1988.0,2116.0,2231.0,2321.0,2379.0,2407.0,2411.0,2411.0,2411.0,2411.0,2411.0,2411.0,2411.0,2411.0,2411.0,2411.0,2411.0,2411.0,2411.0,2411.0,2411.0,2435.0,2459.0,2486.0,2513.0,2532.0,2535.0,2535.0,2535.0,2535.0,2535.0,2535.0,2535.0,2535.0,2535.0,2535.0,2535.0,2535.0,2535.0,2535.0,2535.0,2535.0,2535.0,2535.0,2535.0,2590.0,2700.0,2854.0,3036.0,3230.0,3416.0,3574.0,3690.0,3754.0,3763.0,3763.0,3763.0,3763.0,3763.0,3763.0,3763.0,3763.0,53,February 22,Nancy
0.0019457140808987145,1.298762322386136,1.0482621861589028,2.197977820321764,2.197977820321764,0.4733015207805796,0.7293875999896601,1.0432553671500722,1.0432553671500722,0.48994739699021006,0.7083061203074715,3.708186578328597,3.708186578328597,0.5103517457842615,1.298843602472778,4.3029272724747125,4.3029272724747125,0.2274450620926604,0.6071313915913071,14.471666666666668,-0.1674935471176243,0.1674935471176243,101.39928596107336,1.92,1.22,1.32,1.8199999999999998,2.1,2.4033333333333333,2.9199999999999995,3.37,3.8755555555555556,4.34,4.801818181818183,5.32,5.750769230769229,6.1414285714285715,6.4466666666666645,6.5825,6.637647058823529,6.67,6.688421052631578,6.68,6.734285714285714,6.829090909090908,6.9286956521739125,6.974166666666666,6.968,6.966153846153846,6.971851851851851,6.952142857142857,6.930344827586207,6.893333333333333,6.8425806451612905,6.744999999999999,6.6957575757575745,6.690588235294117,6.739999999999999,6.825555555555556,6.930810810810811,7.030526315789475,7.114871794871794,7.15,7.195609756097562,7.258095238095238,7.313023255813953,7.3563636363636355,7.386666666666666,7.400434782608696,7.381702127659574,7.31375,7.199591836734695,7.07,6.939607843137254,6.812307692307693,6.7067924528301885,6.612592592592592,6.525454545454545,6.471785714285714,6.435789473684211,6.423448275862069,6.428474576271186,6.456666666666666,6.50360655737705,6.550645161290324,6.604126984126984,6.66375,6.707692307692308,6.741212121212121,6.752835820895522,6.746470588235294,6.7446376811594195,6.728571428571429,6.676338028169014,6.586666666666667,6.484383561643836,6.368648648648648,6.252,6.147631578947367,6.045974025974026,5.948205128205128,5.866835443037974,5.795,5.729876543209877,5.685853658536585,5.654939759036144,5.62952380952381,5.629411764705883,5.650232558139535,5.6947126436781605,5.759772727272727,5.822247191011235,5.886666666666665,5.962857142857142,6.015652173913042,6.040430107526881,6.061489361702128,6.058947368421053,6.043958333333332,6.009690721649484,5.975102040816326,5.939191919191918,5.910999999999999,5.887326732673268,5.876862745098038,5.87145631067961,5.864230769230768,5.856190476190475,5.833207547169811,5.826542056074766,5.828333333333332,5.831009174311926,5.832727272727272,5.836216216216215,5.8494642857142845,5.865132743362831,5.898070175438596,5.933043478260868,5.957068965517241,5.978119658119657,5.99457627118644,6.0166386554621845,6.045,6.0770247933884285,6.103606557377048,6.131382113821137,6.14741935483871,6.1832,6.22,6.253858267716534,6.28953125,51.916666666666664,623.0,2.0,2.0,2.0,2.0,2.0,2.0,2.0,2.0,2.0,2.0,2.0,2.0,2.0,2.0,2.0,65.0,178.0,332.0,512.0,701.0,879.0,1030.0,1141.0,1205.0,1220.0,1220.0,1220.0,1220.0,1220.0,1220.0,1220.0,1220.0,1220.0,1220.0,1220.0,1220.0,1220.0,1220.0,1220.0,1268.0,1347.0,1453.0,1576.0,1702.0,1816.0,1903.0,1958.0,1984.0,1989.0,1989.0,1989.0,1989.0,1989.0,1989.0,1989.0,1989.0,1989.0,1989.0,1989.0,1989.0,1989.0,1989.0,1989.0,2038.0,2123.0,2237.0,2370.0,2507.0,2632.0,2731.0,2796.0,2828.0,2834.0,2834.0,2834.0,2834.0,2834.0,2834.0,2834.0,2834.0,2834.0,2834.0,2834.0,2834.0,2834.0,2834.0,2834.0,2880.0,2960.0,3068.0,3193.0,3321.0,3436.0,3526.0,3584.0,3612.0,3616.0,3616.0,3616.0,3616.0,3616.0,3616.0,3616.0,3616.0,3616.0,3616.0,3616.0,3616.0,3616.0,3616.0,3616.0,3640.0,3664.0,3691.0,3718.0,3737.0,3740.0,3740.0,3740.0,3740.0,3740.0,3740.0,3740.0,3740.0,3740.0,3740.0,3740.0,3740.0,54,February 23,Nancy
0.0019457140808987145,1.298762322386136,1.0482621861589028,2.197977820321764,2.197977820321764,0.4733015207805796,0.7293875999896601,1.0432553671500722,1.0432553671500722,0.48994739699021006,0.7083061203074715,3.708186578328597,3.708186578328597,0.5103517457842615,1.298843602472778,4.3029272724747125,4.3029272724747125,0.2274450620926604,0.6071313915913071,10.246666666666666,-0.018731177212769113,0.018731177212769113,119.51854261548472,2.8200000000000003,2.72,2.6533333333333338,2.795,2.84,2.736666666666667,2.6485714285714286,2.4074999999999998,2.1422222222222222,2.0300000000000002,2.101818181818182,2.295,2.4507692307692306,2.641428571428571,2.8733333333333335,3.0637499999999998,3.284705882352941,3.4699999999999998,3.6410526315789475,3.7399999999999993,3.8342857142857136,3.892727272727272,3.92,3.9116666666666666,3.8320000000000003,3.7046153846153853,3.6237037037037036,3.6128571428571425,3.599310344827586,3.6100000000000003,3.6877419354838707,3.77625,3.9018181818181814,4.03764705882353,4.191428571428572,4.381111111111111,4.557837837837838,4.733157894736842,4.886666666666668,4.9799999999999995,5.041951219512195,5.093809523809524,5.138604651162791,5.17,5.228888888888889,5.306956521739131,5.388085106382979,5.442916666666666,5.471020408163265,5.499999999999999,5.531764705882352,5.548846153846155,5.563396226415094,5.568148148148148,5.563636363636363,5.530714285714285,5.523508771929824,5.540689655172413,5.589491525423727,5.659999999999999,5.742950819672131,5.823225806451613,5.894603174603175,5.935625,5.983076923076923,6.041212121212121,6.094626865671642,6.140588235294118,6.177971014492753,6.204285714285715,6.208732394366197,6.179722222222221,6.118630136986301,6.045675675675675,5.970666666666667,5.896315789473683,5.835584415584416,5.781538461538461,5.731392405063292,5.703749999999999,5.687901234567901,5.688292682926829,5.700722891566265,5.729523809523809,5.771764705882353,5.814186046511629,5.861379310344828,5.913181818181818,5.953707865168539,5.986666666666667,6.003516483516484,6.006956521739132,6.013548387096774,6.009361702127661,5.9778947368421065,5.917916666666666,5.847835051546392,5.766938775510205,5.684646464646465,5.611000000000001,5.53881188118812,5.469019607843139,5.411262135922331,5.360384615384616,5.314285714285715,5.284150943396227,5.26392523364486,5.247777777777777,5.251192660550459,5.270909090909091,5.30918918918919,5.3637500000000005,5.41646017699115,5.4708771929824564,5.534782608695652,5.580344827586208,5.603760683760685,5.6242372881355935,5.6258823529411774,5.617499999999999,5.5935537190082645,5.569180327868853,5.543577235772358,5.5240322580645165,5.508,5.502539682539683,5.501102362204724,5.498125,37.25,447.0,0.0,0.0,0.0,0.0,0.0,0.0,0.0,0.0,0.0,0.0,0.0,0.0,0.0,0.0,2.0,45.0,113.0,204.0,308.0,413.0,505.0,571.0,608.0,621.0,623.0,623.0,623.0,623.0,623.0,623.0,623.0,623.0,623.0,623.0,623.0,623.0,623.0,623.0,623.0,686.0,799.0,953.0,1133.0,1322.0,1500.0,1651.0,1762.0,1826.0,1841.0,1841.0,1841.0,1841.0,1841.0,1841.0,1841.0,1841.0,1841.0,1841.0,1841.0,1841.0,1841.0,1841.0,1841.0,1889.0,1968.0,2074.0,2197.0,2323.0,2437.0,2524.0,2579.0,2605.0,2610.0,2610.0,2610.0,2610.0,2610.0,2610.0,2610.0,2610.0,2610.0,2610.0,2610.0,2610.0,2610.0,2610.0,2610.0,2659.0,2744.0,2858.0,2991.0,3128.0,3253.0,3352.0,3417.0,3449.0,3455.0,3455.0,3455.0,3455.0,3455.0,3455.0,3455.0,3455.0,3455.0,3455.0,3455.0,3455.0,3455.0,3455.0,3455.0,3501.0,3581.0,3689.0,3814.0,3942.0,4057.0,4147.0,4205.0,4233.0,4237.0,4237.0,4237.0,4237.0,4237.0,4237.0,4237.0,4237.0,55,February 24,Nancy
0.0019457140808987145,1.298762322386136,1.0482621861589028,2.197977820321764,2.197977820321764,0.4733015207805796,0.7293875999896601,1.0432553671500722,1.0432553671500722,0.48994739699021006,0.7083061203074715,3.708186578328597,3.708186578328597,0.5103517457842615,1.298843602472778,4.3029272724747125,4.3029272724747125,0.2274450620926604,0.6071313915913071,12.438333333333334,-0.19185331818690904,0.19185331818690904,98.43226584483448,7.22,7.07,6.62,6.545,6.399999999999999,6.253333333333333,6.291428571428571,6.507499999999999,6.708888888888889,7.039999999999999,7.31090909090909,7.52,7.689230769230767,7.834285714285713,8.079999999999998,8.30125,8.596470588235293,8.869999999999997,9.067368421052631,9.155,9.158095238095237,9.047272727272725,8.863478260869565,8.636666666666667,8.404,8.18153846153846,7.971851851851851,7.802142857142856,7.6372413793103435,7.456666666666666,7.284516129032257,7.079375,6.865454545454544,6.693529411764706,6.582857142857142,6.522777777777777,6.463243243243242,6.427894736842105,6.419999999999999,6.407500000000001,6.4175609756097565,6.422380952380954,6.429302325581397,6.410909090909092,6.395555555555557,6.367826086956522,6.328510638297874,6.274166666666667,6.1853061224489805,6.072,5.982745098039217,5.931538461538462,5.880377358490566,5.844074074074074,5.847272727272728,5.859285714285714,5.895438596491228,5.940689655172414,5.999661016949154,6.083333333333333,6.1626229508196735,6.244193548387098,6.3152380952380955,6.35125,6.369230769230769,6.382121212121213,6.391641791044777,6.393529411764707,6.414202898550725,6.448571428571429,6.486197183098592,6.507499999999999,6.511780821917808,6.517297297297298,6.525333333333334,6.523947368421053,6.521298701298702,6.512307692307692,6.497215189873417,6.4625,6.445925925925926,6.446829268292682,6.470602409638554,6.51047619047619,6.5600000000000005,6.608372093023257,6.651034482758622,6.672272727272727,6.698651685393259,6.733333333333333,6.7650549450549455,6.791739130434783,6.812473118279571,6.82531914893617,6.822105263157895,6.793958333333332,6.741649484536083,6.6802040816326524,6.616969696969697,6.553999999999999,6.501188118811882,6.453333333333335,6.408349514563107,6.380576923076922,6.3619047619047615,6.355849056603772,6.3592523364485976,6.375555555555555,6.402568807339451,6.430000000000001,6.461441441441442,6.496785714285714,6.523539823008849,6.544561403508771,6.55304347826087,6.551034482758621,6.551623931623932,6.543728813559322,6.514117647058824,6.461666666666667,6.40099173553719,6.331475409836065,6.260650406504065,6.196612903225807,6.133600000000001,6.072380952380953,6.020787401574803,5.974687499999999,71.25,855.0,8.0,8.0,8.0,8.0,8.0,8.0,8.0,8.0,8.0,8.0,8.0,8.0,8.0,8.0,11.0,49.0,104.0,175.0,255.0,335.0,401.0,442.0,455.0,455.0,455.0,455.0,455.0,455.0,455.0,455.0,455.0,455.0,455.0,455.0,455.0,455.0,455.0,455.0,457.0,500.0,568.0,659.0,763.0,868.0,960.0,1026.0,1063.0,1076.0,1078.0,1078.0,1078.0,1078.0,1078.0,1078.0,1078.0,1078.0,1078.0,1078.0,1078.0,1078.0,1078.0,1078.0,1078.0,1141.0,1254.0,1408.0,1588.0,1777.0,1955.0,2106.0,2217.0,2281.0,2296.0,2296.0,2296.0,2296.0,2296.0,2296.0,2296.0,2296.0,2296.0,2296.0,2296.0,2296.0,2296.0,2296.0,2296.0,2344.0,2423.0,2529.0,2652.0,2778.0,2892.0,2979.0,3034.0,3060.0,3065.0,3065.0,3065.0,3065.0,3065.0,3065.0,3065.0,3065.0,3065.0,3065.0,3065.0,3065.0,3065.0,3065.0,3065.0,3114.0,3199.0,3313.0,3446.0,3583.0,3708.0,3807.0,3872.0,3904.0,3910.0,3910.0,3910.0,3910.0,3910.0,3910.0,3910.0,3910.0,56,February 25,Nancy
0.0019457140808987145,1.298762322386136,1.0482621861589028,2.197977820321764,2.197977820321764,0.4733015207805796,0.7293875999896601,1.0432553671500722,1.0432553671500722,0.48994739699021006,0.7083061203074715,3.708186578328597,3.708186578328597,0.5103517457842615,1.298843602472778,4.3029272724747125,4.3029272724747125,0.2274450620926604,0.6071313915913071,13.221666666666668,-0.19548923382755867,0.19548923382755867,97.98941131980335,4.12,3.12,2.72,2.495,2.2,1.92,2.0057142857142862,2.17,2.464444444444444,2.81,3.02,3.2616666666666663,3.4969230769230766,3.6914285714285713,3.9466666666666668,4.15125,4.4141176470588235,4.653333333333333,4.867368421052632,5.005000000000001,5.12952380952381,5.242727272727272,5.341739130434782,5.411666666666666,5.484000000000001,5.53923076923077,5.545925925925925,5.5735714285714275,5.582068965517241,5.58,5.610322580645162,5.685625,5.765454545454546,5.890588235294118,6.008571428571428,6.114444444444444,6.2118918918918915,6.3042105263157895,6.437948717948719,6.567500000000001,6.732195121951219,6.893809523809525,7.026976744186047,7.113181818181818,7.16,7.150434782608695,7.100851063829786,7.024166666666666,6.938367346938776,6.852,6.767058823529413,6.698846153846154,6.629433962264152,6.547777777777777,6.467272727272726,6.364642857142856,6.253333333333333,6.163103448275861,6.106440677966102,6.078333333333334,6.049508196721312,6.034516129032258,6.035873015873015,6.0340625,6.046153846153846,6.054848484848485,6.064776119402986,6.0582352941176465,6.053333333333334,6.039999999999999,6.018591549295774,5.986666666666666,5.9309589041095885,5.857837837837838,5.8,5.767368421052632,5.734285714285714,5.711025641025641,5.714936708860758,5.725,5.752098765432098,5.785853658536586,5.829638554216868,5.8914285714285715,5.950588235294118,6.011860465116279,6.065977011494252,6.095,6.111011235955056,6.123333333333334,6.133186813186812,6.137391304347826,6.155483870967741,6.183829787234043,6.214736842105261,6.233541666666665,6.239587628865978,6.2465306122448965,6.255353535353534,6.257,6.257623762376237,6.253333333333333,6.244271844660193,6.219999999999999,6.20952380952381,6.212452830188679,6.233084112149532,6.2662962962962965,6.307155963302752,6.347272727272727,6.383063063063063,6.402142857142857,6.425309734513275,6.455087719298245,6.482608695652173,6.506206896551724,6.525128205128206,6.537796610169492,6.537647058823529,6.5175,6.477851239669422,6.430655737704917,6.381788617886178,6.332903225806452,6.292,6.254920634920634,6.22,6.198906249999999,87.16666666666667,1046.0,15.0,15.0,15.0,15.0,15.0,15.0,15.0,15.0,15.0,15.0,15.0,15.0,15.0,15.0,20.0,73.0,160.0,275.0,407.0,543.0,667.0,765.0,829.0,862.0,870.0,870.0,870.0,870.0,870.0,870.0,870.0,870.0,870.0,870.0,870.0,870.0,870.0,870.0,873.0,911.0,966.0,1037.0,1117.0,1197.0,1263.0,1304.0,1317.0,1317.0,1317.0,1317.0,1317.0,1317.0,1317.0,1317.0,1317.0,1317.0,1317.0,1317.0,1317.0,1317.0,1317.0,1317.0,1319.0,1362.0,1430.0,1521.0,1625.0,1730.0,1822.0,1888.0,1925.0,1938.0,1940.0,1940.0,1940.0,1940.0,1940.0,1940.0,1940.0,1940.0,1940.0,1940.0,1940.0,1940.0,1940.0,1940.0,1940.0,2003.0,2116.0,2270.0,2450.0,2639.0,2817.0,2968.0,3079.0,3143.0,3158.0,3158.0,3158.0,3158.0,3158.0,3158.0,3158.0,3158.0,3158.0,3158.0,3158.0,3158.0,3158.0,3158.0,3158.0,3206.0,3285.0,3391.0,3514.0,3640.0,3754.0,3841.0,3896.0,3922.0,3927.0,3927.0,3927.0,3927.0,3927.0,3927.0,3927.0,3927.0,57,February 26,Nancy
0.0019457140808987145,1.298762322386136,1.0482621861589028,2.197977820321764,2.197977820321764,0.4733015207805796,0.7293875999896601,1.0432553671500722,1.0432553671500722,0.48994739699021006,0.7083061203074715,3.708186578328597,3.708186578328597,0.5103517457842615,1.298843602472778,4.3029272724747125,4.3029272724747125,0.2274450620926604,0.6071313915913071,9.138333333333334,-0.2080312726573582,0.2080312726573582,96.46179099033377,7.8199999999999985,7.119999999999999,6.786666666666666,6.119999999999999,5.779999999999999,5.420000000000001,5.3342857142857145,5.257499999999999,5.253333333333334,5.2700000000000005,5.283636363636364,5.369999999999998,5.489230769230769,5.519999999999999,5.633333333333334,5.78875,5.9258823529411755,6.025555555555555,6.104210526315789,6.180000000000001,6.196190476190476,6.201818181818182,6.141739130434782,6.074166666666667,5.995999999999999,5.846923076923076,5.701481481481481,5.562857142857142,5.406206896551724,5.243333333333333,5.155483870967741,5.098125,5.089696969696969,5.114117647058824,5.114285714285714,5.136666666666667,5.168648648648647,5.196315789473684,5.255897435897435,5.305,5.385853658536585,5.465238095238094,5.540930232558139,5.588181818181817,5.633333333333333,5.676521739130435,5.7157446808510635,5.742916666666666,5.773061224489796,5.796,5.794509803921569,5.804615384615385,5.804905660377359,5.79962962962963,5.812727272727273,5.852142857142858,5.895438596491228,5.966551724137931,6.035254237288136,6.098333333333333,6.157704918032788,6.215161290322581,6.29936507936508,6.3825,6.48923076923077,6.595757575757577,6.6856716417910445,6.746470588235294,6.782318840579711,6.781428571428572,6.753802816901409,6.7075000000000005,6.654246575342467,6.59972972972973,6.545333333333334,6.501578947368421,6.456363636363637,6.402051282051283,6.347848101265823,6.277500000000001,6.200246913580247,6.137073170731707,6.09710843373494,6.077142857142857,6.056470588235295,6.045581395348838,6.046436781609196,6.045000000000001,6.0537078651685405,6.060000000000001,6.0672527472527475,6.062391304347826,6.058709677419356,6.04872340425532,6.032631578947369,6.008541666666666,5.966391752577321,5.910816326530612,5.866464646464648,5.841,5.815049504950494,5.7964705882352945,5.79864077669903,5.805576923076923,5.8257142857142865,5.851132075471698,5.884485981308411,5.932037037037038,5.977798165137615,6.025454545454545,6.067747747747748,6.090535714285714,6.103185840707964,6.112982456140352,6.120869565217391,6.124310344827586,6.138803418803418,6.161525423728813,6.186386554621849,6.201666666666667,6.206776859504133,6.212622950819672,6.22,6.2216129032258065,6.2223999999999995,6.219206349206348,6.212125984251968,6.192656249999999,95.41666666666667,1145.0,19.0,19.0,19.0,19.0,19.0,19.0,19.0,19.0,19.0,19.0,19.0,19.0,19.0,19.0,26.0,86.0,187.0,322.0,479.0,641.0,791.0,914.0,1001.0,1050.0,1065.0,1065.0,1065.0,1065.0,1065.0,1065.0,1065.0,1065.0,1065.0,1065.0,1065.0,1065.0,1065.0,1065.0,1070.0,1123.0,1210.0,1325.0,1457.0,1593.0,1717.0,1815.0,1879.0,1912.0,1920.0,1920.0,1920.0,1920.0,1920.0,1920.0,1920.0,1920.0,1920.0,1920.0,1920.0,1920.0,1920.0,1920.0,1923.0,1961.0,2016.0,2087.0,2167.0,2247.0,2313.0,2354.0,2367.0,2367.0,2367.0,2367.0,2367.0,2367.0,2367.0,2367.0,2367.0,2367.0,2367.0,2367.0,2367.0,2367.0,2367.0,2367.0,2369.0,2412.0,2480.0,2571.0,2675.0,2780.0,2872.0,2938.0,2975.0,2988.0,2990.0,2990.0,2990.0,2990.0,2990.0,2990.0,2990.0,2990.0,2990.0,2990.0,2990.0,2990.0,2990.0,2990.0,2990.0,3053.0,3166.0,3320.0,3500.0,3689.0,3867.0,4018.0,4129.0,4193.0,4208.0,4208.0,4208.0,4208.0,4208.0,4208.0,4208.0,4208.0,58,February 27,Nancy
0.0019457140808987145,1.298762322386136,1.0482621861589028,2.197977820321764,2.197977820321764,0.4733015207805796,0.7293875999896601,1.0432553671500722,1.0432553671500722,0.48994739699021006,0.7083061203074715,3.708186578328597,3.708186578328597,0.5103517457842615,1.298843602472778,4.3029272724747125,4.3029272724747125,0.2274450620926604,0.6071313915913071,7.246666666666667,-0.24780923377186445,0.24780923377186445,91.61683532658691,12.42,12.32,12.186666666666667,11.77,11.260000000000002,10.969999999999999,10.848571428571429,10.7575,10.63111111111111,10.639999999999999,10.683636363636365,10.786666666666667,11.035384615384613,11.155714285714284,11.23333333333333,11.28875,11.314117647058822,11.314444444444442,11.304210526315789,11.189999999999998,11.081904761904761,11.010909090909088,10.924347826086956,10.824166666666665,10.703999999999999,10.539230769230771,10.375555555555556,10.15214285714286,9.954482758620692,9.743333333333336,9.58451612903226,9.4325,9.304848484848485,9.190588235294118,9.082857142857144,9.006111111111112,8.94972972972973,8.870000000000001,8.827692307692308,8.809999999999999,8.793170731707317,8.767619047619048,8.738604651162792,8.713181818181818,8.664444444444445,8.613478260869567,8.53276595744681,8.449166666666665,8.360816326530612,8.236,8.112156862745099,7.991153846153846,7.859622641509435,7.723703703703705,7.62909090909091,7.552142857142856,7.504210526315789,7.476896551724138,7.436949152542374,7.411666666666667,7.393770491803279,7.37483870967742,7.377142857142857,7.3746875,7.393846153846154,7.413939393939395,7.433432835820897,7.436176470588236,7.4388405797101465,7.441428571428571,7.442535211267605,7.436666666666666,7.433698630136986,7.426756756756757,7.403999999999999,7.389736842105262,7.369350649350649,7.345641025641025,7.33518987341772,7.34375,7.355802469135802,7.388292682926828,7.419999999999999,7.448571428571428,7.475294117647057,7.501395348837208,7.547586206896551,7.593863636363636,7.65820224719101,7.723333333333334,7.777142857142856,7.810217391304348,7.825376344086021,7.813617021276596,7.782105263157894,7.736666666666667,7.685979381443299,7.634285714285714,7.582626262626262,7.539,7.494257425742574,7.442549019607843,7.390873786407766,7.326730769230769,7.257142857142857,7.1983018867924535,7.157383177570094,7.132037037037037,7.106238532110091,7.088181818181819,7.07945945945946,7.069107142857143,7.066902654867257,7.062982456140351,7.0600000000000005,7.047586206896551,7.036239316239317,7.02,6.998991596638655,6.971666666666667,6.9299173553719005,6.877377049180328,6.833821138211381,6.805483870967741,6.7768,6.754126984126984,6.748346456692913,6.7465625000000005,62.083333333333336,745.0,7.0,7.0,7.0,7.0,7.0,7.0,7.0,7.0,7.0,7.0,7.0,7.0,7.0,7.0,16.0,80.0,188.0,333.0,502.0,677.0,841.0,977.0,1075.0,1133.0,1152.0,1152.0,1152.0,1152.0,1152.0,1152.0,1152.0,1152.0,1152.0,1152.0,1152.0,1152.0,1152.0,1152.0,1159.0,1219.0,1320.0,1455.0,1612.0,1774.0,1924.0,2047.0,2134.0,2183.0,2198.0,2198.0,2198.0,2198.0,2198.0,2198.0,2198.0,2198.0,2198.0,2198.0,2198.0,2198.0,2198.0,2198.0,2203.0,2256.0,2343.0,2458.0,2590.0,2726.0,2850.0,2948.0,3012.0,3045.0,3053.0,3053.0,3053.0,3053.0,3053.0,3053.0,3053.0,3053.0,3053.0,3053.0,3053.0,3053.0,3053.0,3053.0,3056.0,3094.0,3149.0,3220.0,3300.0,3380.0,3446.0,3487.0,3500.0,3500.0,3500.0,3500.0,3500.0,3500.0,3500.0,3500.0,3500.0,3500.0,3500.0,3500.0,3500.0,3500.0,3500.0,3500.0,3502.0,3545.0,3613.0,3704.0,3808.0,3913.0,4005.0,4071.0,4108.0,4121.0,4123.0,4123.0,4123.0,4123.0,4123.0,4123.0,4123.0,4123.0,59,February 28,Nancy
0.0019457140808987145,1.298762322386136,1.0482621861589028,2.197977820321764,2.197977820321764,0.4733015207805796,0.7293875999896601,1.0432553671500722,1.0432553671500722,0.48994739699021006,0.7083061203074715,3.708186578328597,3.708186578328597,0.5103517457842615,1.298843602472778,4.3029272724747125,4.3029272724747125,0.2274450620926604,0.6071313915913071,10.205,-0.2776033298765563,0.2776033298765563,87.98791442103544,2.62,2.22,1.9866666666666666,1.995,2.3200000000000003,2.736666666666667,3.148571428571429,3.6325000000000003,4.02,4.4,4.801818181818182,5.228333333333334,5.6353846153846145,6.048571428571427,6.453333333333332,6.907500000000001,7.390588235294119,7.714444444444445,8.035789473684211,8.290000000000003,8.524761904761906,8.68818181818182,8.837391304347827,8.990833333333333,9.128,9.246923076923077,9.345925925925926,9.387857142857142,9.382068965517242,9.386666666666665,9.410322580645161,9.4325,9.438181818181818,9.475882352941177,9.522857142857141,9.589444444444444,9.709189189189187,9.788421052631577,9.853333333333333,9.91,9.954146341463415,9.986666666666666,10.013023255813954,9.990454545454543,9.966666666666665,9.956956521739128,9.937021276595743,9.907499999999999,9.864897959183674,9.796,9.72392156862745,9.616153846153844,9.518113207547168,9.408888888888887,9.325454545454544,9.243214285714284,9.172631578947367,9.107931034482759,9.04542372881356,9.0,8.965901639344262,8.916774193548388,8.889841269841272,8.8778125,8.866153846153846,8.848787878787878,8.828955223880596,8.811176470588233,8.777971014492753,8.742857142857142,8.687605633802818,8.62972222222222,8.56794520547945,8.48081081081081,8.393333333333333,8.306842105263158,8.212207792207792,8.113589743589745,8.042784810126582,7.983749999999999,7.944691358024691,7.920000000000001,7.886265060240965,7.862857142857143,7.844705882352942,7.825813953488373,7.822298850574714,7.815454545454545,7.824494382022472,7.834444444444444,7.8441758241758235,7.841739130434782,7.839354838709677,7.837021276595745,7.833684210526315,7.825208333333333,7.818969072164948,7.809795918367349,7.788686868686869,7.774000000000001,7.754653465346535,7.732745098039215,7.720970873786409,7.723846153846154,7.72952380952381,7.7511320754716975,7.77233644859813,7.791296296296297,7.808990825688073,7.826363636363636,7.85963963963964,7.8932142857142855,7.941238938053098,7.990175438596491,8.030434782608696,8.05448275862069,8.064444444444446,8.053050847457627,8.025882352941178,7.9875,7.944793388429752,7.901147540983607,7.85739837398374,7.82,7.7816,7.737460317460318,7.693228346456694,7.63875,106.91666666666667,1283.0,24.0,24.0,24.0,24.0,24.0,24.0,24.0,24.0,24.0,24.0,24.0,24.0,24.0,24.0,35.0,85.0,162.0,264.0,382.0,503.0,611.0,692.0,740.0,762.0,769.0,769.0,769.0,769.0,769.0,769.0,769.0,769.0,769.0,769.0,769.0,769.0,769.0,769.0,778.0,842.0,950.0,1095.0,1264.0,1439.0,1603.0,1739.0,1837.0,1895.0,1914.0,1914.0,1914.0,1914.0,1914.0,1914.0,1914.0,1914.0,1914.0,1914.0,1914.0,1914.0,1914.0,1914.0,1921.0,1981.0,2082.0,2217.0,2374.0,2536.0,2686.0,2809.0,2896.0,2945.0,2960.0,2960.0,2960.0,2960.0,2960.0,2960.0,2960.0,2960.0,2960.0,2960.0,2960.0,2960.0,2960.0,2960.0,2965.0,3018.0,3105.0,3220.0,3352.0,3488.0,3612.0,3710.0,3774.0,3807.0,3815.0,3815.0,3815.0,3815.0,3815.0,3815.0,3815.0,3815.0,3815.0,3815.0,3815.0,3815.0,3815.0,3815.0,3818.0,3856.0,3911.0,3982.0,4062.0,4142.0,4208.0,4249.0,4262.0,4262.0,4262.0,4262.0,4262.0,4262.0,4262.0,4262.0,4262.0,4262.0,60,March 1,Nancy
0.0019457140808987145,1.298762322386136,1.0482621861589028,2.197977820321764,2.197977820321764,0.4733015207805796,0.7293875999896601,1.0432553671500722,1.0432553671500722,0.48994739699021006,0.7083061203074715,3.708186578328597,3.708186578328597,0.5103517457842615,1.298843602472778,4.3029272724747125,4.3029272724747125,0.2274450620926604,0.6071313915913071,3.955000000000002,-0.06030971029445289,0.06030971029445289,114.45427728613564,13.32,12.42,11.786666666666667,11.27,10.860000000000001,10.47,10.191428571428572,9.945,9.564444444444446,9.459999999999999,9.465454545454547,9.611666666666666,9.766153846153845,9.94142857142857,10.033333333333331,10.182500000000001,10.314117647058822,10.35888888888889,10.346315789473685,10.235000000000001,10.134285714285715,9.979090909090912,9.863478260869567,9.703333333333333,9.42,9.127692307692307,8.845925925925927,8.602142857142857,8.430344827586207,8.309999999999999,8.223225806451614,8.185625,8.153333333333334,8.143529411764705,8.162857142857142,8.211666666666666,8.274054054054053,8.356842105263159,8.453333333333333,8.584999999999999,8.744390243902437,8.85095238095238,8.966511627906975,9.06090909090909,9.153333333333334,9.21782608695652,9.279574468085107,9.347083333333332,9.409795918367347,9.466,9.514117647058821,9.533461538461538,9.52754716981132,9.527407407407408,9.538181818181819,9.54857142857143,9.54982456140351,9.57,9.596271186440678,9.635,9.706885245901642,9.755483870967742,9.796190476190477,9.8325,9.861538461538462,9.883636363636365,9.902089552238806,9.889117647058825,9.875072463768117,9.87,9.858028169014084,9.839444444444444,9.811780821917809,9.765945945945946,9.717333333333334,9.643684210526315,9.575844155844155,9.49948717948718,9.440253164556964,9.38125,9.329876543209878,9.282195121951219,9.23566265060241,9.200952380952382,9.174117647058825,9.136279069767442,9.114252873563219,9.102954545454544,9.09191011235955,9.076666666666666,9.059560439560439,9.04391304347826,9.016774193548388,8.988085106382979,8.94421052631579,8.898124999999999,8.848865979381443,8.780204081632652,8.710909090909091,8.642,8.566534653465347,8.48764705882353,8.429708737864077,8.380576923076923,8.346666666666666,8.32377358490566,8.293831775700934,8.271851851851851,8.253944954128439,8.235454545454544,8.229009009009008,8.22,8.22353982300885,8.227894736842105,8.232173913043477,8.226896551724138,8.2217094017094,8.216610169491524,8.210756302521007,8.200833333333332,8.192727272727272,8.182295081967213,8.162276422764227,8.14741935483871,8.1288,8.108095238095238,8.095590551181102,8.095,44.083333333333336,529.0,6.0,6.0,6.0,6.0,6.0,6.0,6.0,6.0,6.0,6.0,6.0,6.0,6.0,6.0,18.0,90.0,210.0,368.0,552.0,744.0,926.0,1081.0,1196.0,1265.0,1289.0,1289.0,1289.0,1289.0,1289.0,1289.0,1289.0,1289.0,1289.0,1289.0,1289.0,1289.0,1289.0,1289.0,1300.0,1350.0,1427.0,1529.0,1647.0,1768.0,1876.0,1957.0,2005.0,2027.0,2034.0,2034.0,2034.0,2034.0,2034.0,2034.0,2034.0,2034.0,2034.0,2034.0,2034.0,2034.0,2034.0,2034.0,2043.0,2107.0,2215.0,2360.0,2529.0,2704.0,2868.0,3004.0,3102.0,3160.0,3179.0,3179.0,3179.0,3179.0,3179.0,3179.0,3179.0,3179.0,3179.0,3179.0,3179.0,3179.0,3179.0,3179.0,3186.0,3246.0,3347.0,3482.0,3639.0,3801.0,3951.0,4074.0,4161.0,4210.0,4225.0,4225.0,4225.0,4225.0,4225.0,4225.0,4225.0,4225.0,4225.0,4225.0,4225.0,4225.0,4225.0,4225.0,4230.0,4283.0,4370.0,4485.0,4617.0,4753.0,4877.0,4975.0,5039.0,5072.0,5080.0,5080.0,5080.0,5080.0,5080.0,5080.0,5080.0,5080.0,61,November 2,Nancy
0.0019457140808987145,1.298762322386136,1.0482621861589028,2.197977820321764,2.197977820321764,0.4733015207805796,0.7293875999896601,1.0432553671500722,1.0432553671500722,0.48994739699021006,0.7083061203074715,3.708186578328597,3.708186578328597,0.5103517457842615,1.298843602472778,4.3029272724747125,4.3029272724747125,0.2274450620926604,0.6071313915913071,3.346666666666668,-0.4549715751117044,0.4549715751117044,66.3844621513944,15.02,14.77,14.386666666666665,14.07,13.639999999999997,13.269999999999998,12.962857142857143,12.82,12.875555555555556,13.069999999999999,13.24727272727273,13.353333333333337,13.58923076923077,13.805714285714288,13.926666666666668,14.095,14.284705882352942,14.447777777777778,14.535789473684208,14.599999999999998,14.653333333333329,14.724545454545451,14.711304347826088,14.699166666666665,14.644,14.523846153846154,14.375555555555556,14.209285714285715,14.037241379310345,13.853333333333333,13.681290322580645,13.510625,13.298787878787877,13.158235294117645,13.054285714285713,13.003333333333332,12.965945945945945,12.946315789473683,12.904615384615385,12.892499999999998,12.880975609756097,12.83904761904762,12.775813953488372,12.67,12.568888888888887,12.441739130434781,12.332765957446808,12.201250000000002,12.005714285714285,11.801999999999998,11.600392156862744,11.416153846153849,11.269056603773585,11.149629629629628,11.049090909090907,10.977142857142857,10.909473684210527,10.856206896551726,10.821694915254238,10.806666666666667,10.801967213114754,10.811935483870966,10.832698412698411,10.877812500000001,10.943076923076923,10.977575757575757,11.02,11.050882352941176,11.08231884057971,11.097142857142854,11.111549295774646,11.131111111111112,11.14876712328767,11.163243243243242,11.173333333333334,11.164736842105263,11.139480519480518,11.118717948717947,11.106075949367089,11.09375,11.075555555555555,11.071219512195123,11.071807228915661,11.081904761904761,11.116470588235293,11.135116279069766,11.148735632183907,11.159772727272726,11.166067415730337,11.167777777777777,11.167252747252746,11.14391304347826,11.120000000000001,11.102978723404254,11.081052631578947,11.054374999999999,11.021030927835051,10.974081632653059,10.925050505050502,10.856999999999996,10.79326732673267,10.722941176470586,10.665631067961161,10.608461538461539,10.557142857142857,10.50867924528302,10.4611214953271,10.422777777777776,10.39064220183486,10.35,10.321801801801797,10.302142857142856,10.282831858407079,10.26035087719298,10.236521739130431,10.213965517241377,10.18239316239316,10.149661016949151,10.104873949579828,10.058333333333334,10.009256198347106,9.944590163934425,9.879349593495935,9.814354838709674,9.743999999999996,9.670793650793648,9.614488188976376,9.565312500000001,87.5,1050.0,23.0,23.0,23.0,23.0,23.0,23.0,23.0,23.0,23.0,23.0,23.0,23.0,23.0,23.0,23.0,29.0,69.0,135.0,220.0,312.0,401.0,474.0,523.0,546.0,552.0,552.0,552.0,552.0,552.0,552.0,552.0,552.0,552.0,552.0,552.0,552.0,552.0,552.0,564.0,636.0,756.0,914.0,1098.0,1290.0,1472.0,1627.0,1742.0,1811.0,1835.0,1835.0,1835.0,1835.0,1835.0,1835.0,1835.0,1835.0,1835.0,1835.0,1835.0,1835.0,1835.0,1835.0,1846.0,1896.0,1973.0,2075.0,2193.0,2314.0,2422.0,2503.0,2551.0,2573.0,2580.0,2580.0,2580.0,2580.0,2580.0,2580.0,2580.0,2580.0,2580.0,2580.0,2580.0,2580.0,2580.0,2580.0,2589.0,2653.0,2761.0,2906.0,3075.0,3250.0,3414.0,3550.0,3648.0,3706.0,3725.0,3725.0,3725.0,3725.0,3725.0,3725.0,3725.0,3725.0,3725.0,3725.0,3725.0,3725.0,3725.0,3725.0,3732.0,3792.0,3893.0,4028.0,4185.0,4347.0,4497.0,4620.0,4707.0,4756.0,4771.0,4771.0,4771.0,4771.0,4771.0,4771.0,4771.0,4771.0,62,November 3,Nancy
0.0019457140808987145,1.298762322386136,1.0482621861589028,2.197977820321764,2.197977820321764,0.4733015207805796,0.7293875999896601,1.0432553671500722,1.0432553671500722,0.48994739699021006,0.7083061203074715,3.708186578328597,3.708186578328597,0.5103517457842615,1.298843602472778,4.3029272724747125,4.3029272724747125,0.2274450620926604,0.6071313915913071,4.121666666666668,-0.3167589274509532,0.3167589274509532,83.2187626364739,12.32,11.969999999999999,11.62,11.445,10.98,10.57,10.305714285714286,10.2575,10.408888888888889,10.780000000000001,11.120000000000003,11.395000000000001,11.673846153846153,11.934285714285712,12.246666666666666,12.55125,12.83764705882353,13.086666666666666,13.272631578947367,13.444999999999999,13.64857142857143,13.82909090909091,13.941739130434783,14.024166666666666,14.063999999999998,14.081538461538461,14.064444444444446,14.030714285714287,13.95793103448276,13.873333333333333,13.784516129032259,13.723125,13.710909090909091,13.743529411764706,13.78,13.800555555555555,13.871351351351354,13.943684210526316,13.98666666666667,14.0525,14.132195121951222,14.205714285714288,14.250232558139535,14.285909090909088,14.317777777777776,14.359130434782609,14.360425531914892,14.361666666666666,14.340408163265307,14.284,14.210196078431373,14.123846153846156,14.031320754716981,13.929259259259258,13.83090909090909,13.730714285714287,13.604210526315791,13.516551724137932,13.448813559322033,13.411666666666667,13.382295081967213,13.363548387096774,13.331111111111111,13.316875,13.303076923076924,13.270000000000001,13.222985074626864,13.147941176470587,13.075072463768116,12.984285714285713,12.90450704225352,12.80888888888889,12.669315068493152,12.522702702702704,12.376000000000001,12.239736842105264,12.127792207792208,12.034102564102565,11.952911392405063,11.89125,11.832345679012347,11.783414634146341,11.747710843373495,11.725952380952382,11.711764705882352,11.708372093023256,11.713103448275861,11.735909090909093,11.773932584269662,11.79,11.81230769230769,11.826521739130435,11.841505376344086,11.844468085106381,11.847368421052632,11.854375,11.860206185567009,11.863877551020405,11.864444444444441,11.850999999999999,11.824950495049505,11.80235294117647,11.786019417475726,11.77,11.749523809523808,11.739811320754715,11.734018691588785,11.73574074074074,11.75669724770642,11.765454545454544,11.77045045045045,11.773571428571428,11.773097345132742,11.769122807017542,11.763478260869565,11.739827586206896,11.715726495726491,11.697118644067794,11.674621848739493,11.648333333333333,11.616694214876032,11.574098360655736,11.529756097560975,11.47,11.413599999999999,11.35174603174603,11.30031496062992,11.24890625,47.916666666666664,575.0,6.0,6.0,6.0,6.0,6.0,6.0,6.0,6.0,6.0,6.0,6.0,6.0,6.0,6.0,6.0,10.0,73.0,185.0,333.0,501.0,672.0,829.0,955.0,1033.0,1056.0,1056.0,1056.0,1056.0,1056.0,1056.0,1056.0,1056.0,1056.0,1056.0,1056.0,1056.0,1056.0,1056.0,1056.0,1062.0,1102.0,1168.0,1253.0,1345.0,1434.0,1507.0,1556.0,1579.0,1585.0,1585.0,1585.0,1585.0,1585.0,1585.0,1585.0,1585.0,1585.0,1585.0,1585.0,1585.0,1585.0,1585.0,1597.0,1669.0,1789.0,1947.0,2131.0,2323.0,2505.0,2660.0,2775.0,2844.0,2868.0,2868.0,2868.0,2868.0,2868.0,2868.0,2868.0,2868.0,2868.0,2868.0,2868.0,2868.0,2868.0,2868.0,2879.0,2929.0,3006.0,3108.0,3226.0,3347.0,3455.0,3536.0,3584.0,3606.0,3613.0,3613.0,3613.0,3613.0,3613.0,3613.0,3613.0,3613.0,3613.0,3613.0,3613.0,3613.0,3613.0,3613.0,3622.0,3686.0,3794.0,3939.0,4108.0,4283.0,4447.0,4583.0,4681.0,4739.0,4758.0,4758.0,4758.0,4758.0,4758.0,4758.0,4758.0,4758.0,63,November 4,Nancy
0.0019457140808987145,1.298762322386136,1.0482621861589028,2.197977820321764,2.197977820321764,0.4733015207805796,0.7293875999896601,1.0432553671500722,1.0432553671500722,0.48994739699021006,0.7083061203074715,3.708186578328597,3.708186578328597,0.5103517457842615,1.298843602472778,4.3029272724747125,4.3029272724747125,0.2274450620926604,0.6071313915913071,5.0633333333333335,-0.34113165367847453,0.34113165367847453,80.2501645819618,10.22,10.67,10.586666666666666,10.545,10.36,10.27,10.291428571428572,10.295,10.431111111111111,10.6,10.883636363636365,11.161666666666667,11.427692307692308,11.719999999999999,12.066666666666666,12.3825,12.755294117647058,13.053333333333335,13.230526315789474,13.4,13.515238095238095,13.551818181818184,13.53739130434783,13.520000000000001,13.472000000000003,13.400769230769233,13.30888888888889,13.223571428571432,13.082068965517243,12.930000000000001,12.7941935483871,12.704374999999999,12.671515151515152,12.714117647058822,12.765714285714287,12.811666666666667,12.871351351351354,12.93578947368421,13.030256410256412,13.132499999999999,13.237073170731708,13.334285714285713,13.410697674418607,13.485909090909091,13.579999999999998,13.667826086956522,13.726382978723402,13.772083333333333,13.797551020408164,13.812000000000001,13.808235294117647,13.794999999999998,13.759622641509434,13.716296296296296,13.669090909090908,13.636071428571428,13.630526315789474,13.651034482758622,13.674237288135593,13.68833333333333,13.733114754098361,13.779677419354838,13.808888888888887,13.8528125,13.906153846153847,13.956363636363637,13.98865671641791,14.015588235294118,14.040289855072464,14.071428571428571,14.076338028169015,14.081111111111111,14.07068493150685,14.036216216216218,13.989333333333335,13.933157894736842,13.871948051948053,13.803333333333335,13.736455696202533,13.6675,13.57925925925926,13.517560975609754,13.469397590361446,13.442619047619049,13.421176470588234,13.407209302325581,13.383218390804599,13.372272727272728,13.361573033707867,13.336666666666666,13.301318681318682,13.245000000000003,13.189892473118281,13.121063829787236,13.06,12.986666666666666,12.879793814432992,12.766938775510205,12.653333333333334,12.547,12.458613861386137,12.383725490196078,12.318058252427184,12.267115384615384,12.218095238095238,12.176603773584906,12.145233644859813,12.124629629629633,12.109908256880734,12.103636363636365,12.103783783783785,12.118214285714286,12.144778761061946,12.154210526315786,12.168695652173913,12.176896551724138,12.185811965811967,12.185254237288133,12.18470588235294,12.1875,12.189421487603305,12.189672131147539,12.187479674796746,12.174032258064516,12.1504,12.129523809523807,12.113700787401575,12.098125,69.33333333333333,832.0,14.0,14.0,14.0,14.0,14.0,14.0,14.0,14.0,14.0,14.0,14.0,14.0,14.0,14.0,14.0,17.0,59.0,130.0,220.0,318.0,414.0,496.0,554.0,583.0,589.0,589.0,589.0,589.0,589.0,589.0,589.0,589.0,589.0,589.0,589.0,589.0,589.0,589.0,589.0,593.0,656.0,768.0,916.0,1084.0,1255.0,1412.0,1538.0,1616.0,1639.0,1639.0,1639.0,1639.0,1639.0,1639.0,1639.0,1639.0,1639.0,1639.0,1639.0,1639.0,1639.0,1639.0,1639.0,1645.0,1685.0,1751.0,1836.0,1928.0,2017.0,2090.0,2139.0,2162.0,2168.0,2168.0,2168.0,2168.0,2168.0,2168.0,2168.0,2168.0,2168.0,2168.0,2168.0,2168.0,2168.0,2168.0,2180.0,2252.0,2372.0,2530.0,2714.0,2906.0,3088.0,3243.0,3358.0,3427.0,3451.0,3451.0,3451.0,3451.0,3451.0,3451.0,3451.0,3451.0,3451.0,3451.0,3451.0,3451.0,3451.0,3451.0,3462.0,3512.0,3589.0,3691.0,3809.0,3930.0,4038.0,4119.0,4167.0,4189.0,4196.0,4196.0,4196.0,4196.0,4196.0,4196.0,4196.0,4196.0,64,November 5,Nancy
0.0019457140808987145,1.298762322386136,1.0482621861589028,2.197977820321764,2.197977820321764,0.4733015207805796,0.7293875999896601,1.0432553671500722,1.0432553671500722,0.48994739699021006,0.7083061203074715,3.708186578328597,3.708186578328597,0.5103517457842615,1.298843602472778,4.3029272724747125,4.3029272724747125,0.2274450620926604,0.6071313915913071,5.946666666666665,-0.17829161972505086,0.17829161972505086,100.0840807174888,13.72,13.72,13.520000000000001,13.42,13.319999999999999,13.269999999999998,13.248571428571427,13.27,13.275555555555554,13.209999999999999,13.210909090909091,13.295,13.366153846153846,13.59142857142857,13.846666666666666,13.9825,14.10235294117647,14.197777777777778,14.277894736842107,14.365000000000004,14.420000000000002,14.35636363636364,14.246086956521742,14.115833333333333,13.960000000000003,13.850769230769233,13.723703703703707,13.605714285714287,13.46827586206897,13.34666666666667,13.25225806451613,13.160625,13.110909090909091,13.081764705882355,13.100000000000001,13.131111111111112,13.171351351351353,13.233157894736843,13.327692307692306,13.4225,13.551707317073172,13.66047619047619,13.7246511627907,13.790454545454548,13.835555555555556,13.846086956521738,13.83276595744681,13.817916666666667,13.787346938775512,13.744000000000002,13.688627450980395,13.635384615384616,13.550188679245283,13.457037037037038,13.370909090909093,13.309285714285716,13.279649122807019,13.294137931034482,13.314915254237288,13.333333333333334,13.360983606557376,13.39258064516129,13.443809523809524,13.501249999999999,13.561538461538461,13.618484848484849,13.663283582089553,13.708235294117648,13.766376811594203,13.821428571428573,13.858028169014084,13.886666666666667,13.902191780821918,13.910540540540541,13.906666666666666,13.896315789473686,13.87064935064935,13.839230769230767,13.804810126582277,13.780000000000001,13.77432098765432,13.787073170731707,13.801927710843373,13.810476190476189,13.841176470588236,13.873488372093021,13.893563218390803,13.924545454545454,13.962696629213484,13.99888888888889,14.022197802197802,14.04173913043478,14.059784946236558,14.082765957446808,14.086315789473682,14.089791666666668,14.081855670103096,14.055714285714288,14.02,13.977,13.92990099009901,13.87686274509804,13.824854368932039,13.770961538461538,13.701904761904762,13.65301886792453,13.614392523364488,13.592222222222222,13.574128440366971,13.561818181818179,13.541621621621621,13.531607142857144,13.521769911504425,13.500701754385966,13.471304347826088,13.425172413793103,13.379829059829058,13.323389830508475,13.272941176470587,13.2125,13.124958677685951,13.032295081967213,12.93869918699187,12.850645161290323,12.7768,12.713650793650793,12.65779527559055,12.613750000000001,17.0,204.0,0.0,0.0,0.0,0.0,0.0,0.0,0.0,0.0,0.0,0.0,0.0,0.0,0.0,0.0,0.0,1.0,55.0,150.0,274.0,412.0,549.0,671.0,764.0,818.0,832.0,832.0,832.0,832.0,832.0,832.0,832.0,832.0,832.0,832.0,832.0,832.0,832.0,832.0,832.0,835.0,877.0,948.0,1038.0,1136.0,1232.0,1314.0,1372.0,1401.0,1407.0,1407.0,1407.0,1407.0,1407.0,1407.0,1407.0,1407.0,1407.0,1407.0,1407.0,1407.0,1407.0,1407.0,1407.0,1411.0,1474.0,1586.0,1734.0,1902.0,2073.0,2230.0,2356.0,2434.0,2457.0,2457.0,2457.0,2457.0,2457.0,2457.0,2457.0,2457.0,2457.0,2457.0,2457.0,2457.0,2457.0,2457.0,2457.0,2463.0,2503.0,2569.0,2654.0,2746.0,2835.0,2908.0,2957.0,2980.0,2986.0,2986.0,2986.0,2986.0,2986.0,2986.0,2986.0,2986.0,2986.0,2986.0,2986.0,2986.0,2986.0,2986.0,2998.0,3070.0,3190.0,3348.0,3532.0,3724.0,3906.0,4061.0,4176.0,4245.0,4269.0,4269.0,4269.0,4269.0,4269.0,4269.0,4269.0,4269.0,65,November 6,Nancy
0.0019457140808987145,1.298762322386136,1.0482621861589028,2.197977820321764,2.197977820321764,0.4733015207805796,0.7293875999896601,1.0432553671500722,1.0432553671500722,0.48994739699021006,0.7083061203074715,3.708186578328597,3.708186578328597,0.5103517457842615,1.298843602472778,4.3029272724747125,4.3029272724747125,0.2274450620926604,0.6071313915913071,10.871666666666668,-0.22850985536337629,0.22850985536337629,93.96749961674077,8.72,8.27,8.353333333333332,8.344999999999999,8.52,8.453333333333335,8.334285714285715,8.295,8.186666666666666,8.15,8.138181818181817,8.178333333333333,8.304615384615385,8.512857142857142,8.746666666666668,8.98875,9.278823529411763,9.592222222222222,9.920000000000002,10.23,10.496190476190476,10.742727272727272,10.950434782608696,11.115833333333333,11.22,11.316153846153847,11.382962962962962,11.445000000000002,11.495862068965517,11.546666666666665,11.597419354838712,11.654375,11.704848484848485,11.731764705882355,11.774285714285714,11.842222222222222,11.906486486486488,12.027894736842107,12.166153846153847,12.2625,12.354146341463416,12.436666666666667,12.513023255813955,12.592727272727275,12.657777777777781,12.665652173913045,12.647659574468088,12.615833333333335,12.566938775510206,12.538000000000002,12.496470588235296,12.456538461538461,12.40301886792453,12.355185185185187,12.320000000000002,12.284285714285714,12.270877192982457,12.268275862068966,12.292881355932204,12.325000000000001,12.362622950819674,12.413548387096778,12.485079365079368,12.557500000000001,12.652307692307692,12.735151515151516,12.790149253731343,12.846470588235297,12.889565217391306,12.910000000000002,12.9143661971831,12.917222222222222,12.909041095890409,12.891621621621622,12.865333333333332,12.839736842105264,12.791428571428572,12.736666666666668,12.685822784810128,12.65125,12.638518518518518,12.656585365853658,12.679036144578312,12.699761904761901,12.727058823529408,12.757209302325577,12.801609195402296,12.850681818181819,12.902022471910112,12.95111111111111,12.991428571428571,13.03195652173913,13.082365591397847,13.130638297872338,13.165263157894735,13.193958333333333,13.21278350515464,13.226122448979593,13.23010101010101,13.229,13.216039603960393,13.198431372549017,13.178252427184463,13.165192307692307,13.166666666666666,13.182264150943396,13.199439252336449,13.211666666666666,13.241100917431192,13.271818181818178,13.29297297297297,13.322678571428572,13.358053097345135,13.391929824561402,13.415652173913044,13.436379310344826,13.455897435897436,13.479322033898303,13.4872268907563,13.495000000000001,13.493553719008265,13.477377049180328,13.453333333333333,13.423225806451612,13.389599999999998,13.35095238095238,13.31291338582677,13.273125,56.5,678.0,9.0,9.0,9.0,9.0,9.0,9.0,9.0,9.0,9.0,9.0,9.0,9.0,9.0,9.0,9.0,9.0,31.0,66.0,108.0,150.0,185.0,207.0,213.0,213.0,213.0,213.0,213.0,213.0,213.0,213.0,213.0,213.0,213.0,213.0,213.0,213.0,213.0,213.0,213.0,214.0,268.0,363.0,487.0,625.0,762.0,884.0,977.0,1031.0,1045.0,1045.0,1045.0,1045.0,1045.0,1045.0,1045.0,1045.0,1045.0,1045.0,1045.0,1045.0,1045.0,1045.0,1045.0,1048.0,1090.0,1161.0,1251.0,1349.0,1445.0,1527.0,1585.0,1614.0,1620.0,1620.0,1620.0,1620.0,1620.0,1620.0,1620.0,1620.0,1620.0,1620.0,1620.0,1620.0,1620.0,1620.0,1620.0,1624.0,1687.0,1799.0,1947.0,2115.0,2286.0,2443.0,2569.0,2647.0,2670.0,2670.0,2670.0,2670.0,2670.0,2670.0,2670.0,2670.0,2670.0,2670.0,2670.0,2670.0,2670.0,2670.0,2670.0,2676.0,2716.0,2782.0,2867.0,2959.0,3048.0,3121.0,3170.0,3193.0,3199.0,3199.0,3199.0,3199.0,3199.0,3199.0,3199.0,3199.0,66,November 7,Nancy
0.0019457140808987145,1.298762322386136,1.0482621861589028,2.197977820321764,2.197977820321764,0.4733015207805796,0.7293875999896601,1.0432553671500722,1.0432553671500722,0.48994739699021006,0.7083061203074715,3.708186578328597,3.708186578328597,0.5103517457842615,1.298843602472778,4.3029272724747125,4.3029272724747125,0.2274450620926604,0.6071313915913071,17.63,-0.14149359158845318,0.14149359158845318,104.5660805445264,2.42,1.8199999999999998,1.3533333333333333,1.295,1.56,1.97,2.434285714285714,2.87,3.1866666666666665,3.4299999999999997,3.62,3.895,4.104615384615385,4.334285714285714,4.526666666666666,4.72625,4.978823529411764,5.264444444444444,5.541052631578947,5.81,6.024761904761905,6.21090909090909,6.39391304347826,6.511666666666666,6.599999999999999,6.646923076923077,6.716296296296296,6.773571428571428,6.857931034482758,6.9,6.9232258064516135,6.9575,6.968484848484848,6.993529411764705,7.022857142857142,7.067222222222221,7.1416216216216215,7.248947368421054,7.371282051282053,7.5024999999999995,7.6590243902439035,7.831904761904763,8.017674418604653,8.201818181818183,8.371111111111112,8.535217391304348,8.683829787234043,8.813749999999999,8.913877551020407,9.010000000000002,9.090588235294119,9.168076923076923,9.238867924528302,9.30888888888889,9.378181818181817,9.450357142857143,9.518245614035088,9.571724137931033,9.633559322033896,9.709999999999999,9.783934426229507,9.892580645161289,10.012063492063492,10.1059375,10.196923076923076,10.282121212121211,10.36328358208955,10.446470588235295,10.519999999999998,10.555714285714286,10.573521126760564,10.581111111111111,10.576164383561645,10.583513513513513,10.581333333333331,10.579210526315789,10.566753246753246,10.557179487179484,10.555443037974682,10.552499999999998,10.564444444444444,10.58341463414634,10.621204819277107,10.664047619047617,10.710588235294116,10.766511627906976,10.837241379310344,10.908636363636363,10.996404494382022,11.075555555555555,11.134285714285713,11.19391304347826,11.243655913978493,11.276382978723403,11.296842105263156,11.31583333333333,11.32618556701031,11.329183673469387,11.325050505050505,11.321000000000002,11.29920792079208,11.271960784313725,11.247184466019418,11.234423076923077,11.238095238095237,11.265283018867926,11.295700934579441,11.324629629629632,11.358532110091742,11.394545454545453,11.441621621621621,11.49232142857143,11.544778761061949,11.59543859649123,11.639130434782611,11.68293103448276,11.734529914529915,11.784406779661017,11.823361344537815,11.857499999999998,11.883636363636365,11.905245901639347,11.91918699186992,11.928870967741936,11.928799999999999,11.924761904761905,11.918425196850393,11.91765625,29.166666666666668,350.0,0.0,0.0,0.0,0.0,0.0,0.0,0.0,0.0,0.0,0.0,0.0,0.0,0.0,0.0,0.0,0.0,45.0,124.0,228.0,344.0,458.0,557.0,629.0,669.0,678.0,678.0,678.0,678.0,678.0,678.0,678.0,678.0,678.0,678.0,678.0,678.0,678.0,678.0,678.0,678.0,700.0,735.0,777.0,819.0,854.0,876.0,882.0,882.0,882.0,882.0,882.0,882.0,882.0,882.0,882.0,882.0,882.0,882.0,882.0,882.0,882.0,882.0,882.0,883.0,937.0,1032.0,1156.0,1294.0,1431.0,1553.0,1646.0,1700.0,1714.0,1714.0,1714.0,1714.0,1714.0,1714.0,1714.0,1714.0,1714.0,1714.0,1714.0,1714.0,1714.0,1714.0,1714.0,1717.0,1759.0,1830.0,1920.0,2018.0,2114.0,2196.0,2254.0,2283.0,2289.0,2289.0,2289.0,2289.0,2289.0,2289.0,2289.0,2289.0,2289.0,2289.0,2289.0,2289.0,2289.0,2289.0,2289.0,2293.0,2356.0,2468.0,2616.0,2784.0,2955.0,3112.0,3238.0,3316.0,3339.0,3339.0,3339.0,3339.0,3339.0,3339.0,3339.0,3339.0,67,November 8,Nancy
0.0019457140808987145,1.298762322386136,1.0482621861589028,2.197977820321764,2.197977820321764,0.4733015207805796,0.7293875999896601,1.0432553671500722,1.0432553671500722,0.48994739699021006,0.7083061203074715,3.708186578328597,3.708186578328597,0.5103517457842615,1.298843602472778,4.3029272724747125,4.3029272724747125,0.2274450620926604,0.6071313915913071,15.73,-0.004391637620477868,0.004391637620477868,121.26509853782579,3.12,3.3200000000000003,3.0866666666666673,3.0700000000000003,2.7,2.4033333333333338,1.9485714285714286,1.7200000000000002,1.62,1.58,1.492727272727273,1.3533333333333335,1.3123076923076922,1.32,1.3266666666666667,1.3824999999999998,1.4964705882352942,1.6255555555555556,1.6778947368421053,1.73,1.7723809523809524,1.8518181818181818,1.8547826086956523,1.8616666666666666,1.8840000000000001,1.8584615384615388,1.8051851851851852,1.7807142857142857,1.8096551724137933,1.8833333333333333,1.9909677419354839,2.11375,2.223030303030303,2.3229411764705885,2.4142857142857146,2.5394444444444444,2.6497297297297293,2.7726315789473683,2.8866666666666667,3.0075,3.1541463414634143,3.3200000000000007,3.4874418604651165,3.6563636363636367,3.804444444444445,3.941739130434783,4.079574468085107,4.1866666666666665,4.2791836734693875,4.3500000000000005,4.431764705882353,4.5065384615384625,4.595471698113208,4.660740740740741,4.714545454545455,4.773571428571429,4.818245614035088,4.869999999999999,4.923389830508474,4.9849999999999985,5.064262295081966,5.163548387096774,5.272380952380953,5.3871875,5.518461538461539,5.660909090909091,5.812537313432835,5.964117647058822,6.10695652173913,6.247142857142857,6.377746478873239,6.496388888888888,6.595342465753424,6.691621621621621,6.777333333333333,6.86078947368421,6.939480519480519,7.017435897435896,7.0946835443037966,7.17375,7.249629629629629,7.3151219512195125,7.386265060240963,7.467619047619047,7.547058823529412,7.651395348837209,7.7636781609195396,7.857499999999999,7.949213483146067,8.036666666666665,8.1210989010989,8.20695652173913,8.285591397849462,8.33595744680851,8.372631578947368,8.40125,8.419999999999998,8.447551020408163,8.467474747474748,8.487,8.498217821782177,8.511176470588234,8.529708737864077,8.546923076923076,8.575238095238095,8.608679245283017,8.656448598130842,8.707962962962963,8.762201834862385,8.823636363636362,8.896576576576575,8.969999999999999,9.056283185840709,9.135789473684207,9.199130434782605,9.263103448275858,9.319145299145296,9.36152542372881,9.39394957983193,9.425,9.448925619834709,9.466721311475407,9.478536585365852,9.490161290322579,9.487199999999998,9.479523809523808,9.473543307086613,9.47703125,0.8333333333333334,10.0,0.0,0.0,0.0,0.0,0.0,0.0,0.0,0.0,0.0,0.0,0.0,0.0,0.0,0.0,0.0,0.0,29.0,77.0,138.0,203.0,264.0,312.0,341.0,350.0,350.0,350.0,350.0,350.0,350.0,350.0,350.0,350.0,350.0,350.0,350.0,350.0,350.0,350.0,350.0,350.0,395.0,474.0,578.0,694.0,808.0,907.0,979.0,1019.0,1028.0,1028.0,1028.0,1028.0,1028.0,1028.0,1028.0,1028.0,1028.0,1028.0,1028.0,1028.0,1028.0,1028.0,1028.0,1028.0,1050.0,1085.0,1127.0,1169.0,1204.0,1226.0,1232.0,1232.0,1232.0,1232.0,1232.0,1232.0,1232.0,1232.0,1232.0,1232.0,1232.0,1232.0,1232.0,1232.0,1232.0,1232.0,1232.0,1233.0,1287.0,1382.0,1506.0,1644.0,1781.0,1903.0,1996.0,2050.0,2064.0,2064.0,2064.0,2064.0,2064.0,2064.0,2064.0,2064.0,2064.0,2064.0,2064.0,2064.0,2064.0,2064.0,2064.0,2067.0,2109.0,2180.0,2270.0,2368.0,2464.0,2546.0,2604.0,2633.0,2639.0,2639.0,2639.0,2639.0,2639.0,2639.0,2639.0,2639.0,68,November 9,Nancy
0.0019457140808987145,1.298762322386136,1.0482621861589028,2.197977820321764,2.197977820321764,0.4733015207805796,0.7293875999896601,1.0432553671500722,1.0432553671500722,0.48994739699021006,0.7083061203074715,3.708186578328597,3.708186578328597,0.5103517457842615,1.298843602472778,4.3029272724747125,4.3029272724747125,0.2274450620926604,0.6071313915913071,12.096666666666668,-0.028703280135706676,0.028703280135706676,118.30394047947092,1.82,2.72,3.0533333333333332,2.9450000000000003,2.5800000000000005,2.1200000000000006,1.6485714285714288,1.4325,1.4200000000000002,1.5200000000000002,1.62,1.845,2.0892307692307694,2.37,2.5200000000000005,2.6012500000000003,2.708235294117647,2.836666666666667,2.8831578947368417,2.9299999999999997,2.948571428571428,2.983636363636363,3.0199999999999996,3.0574999999999997,3.06,3.077692307692308,3.0607407407407408,3.059285714285714,2.9958620689655175,2.926666666666667,2.807096774193548,2.723125,2.665454545454545,2.6229411764705883,2.565714285714286,2.4894444444444446,2.4443243243243247,2.4173684210526316,2.3917948717948714,2.3875,2.4102439024390243,2.4438095238095237,2.447906976744186,2.4540909090909087,2.457777777777778,2.4808695652173913,2.468936170212766,2.4595833333333332,2.458775510204082,2.434,2.3945098039215686,2.37,2.374716981132076,2.4051851851851853,2.456363636363636,2.5182142857142855,2.5743859649122807,2.6268965517241383,2.6759322033898303,2.7466666666666666,2.81016393442623,2.882903225806451,2.9517460317460316,3.02625,3.1184615384615384,3.2245454545454546,3.333432835820896,3.4449999999999994,3.5446376811594207,3.6385714285714283,3.7340845070422537,3.8102777777777774,3.8775342465753426,3.9308108108108106,3.9920000000000004,4.048947368421053,4.116103896103897,4.167435897435898,4.21113924050633,4.258750000000001,4.2965432098765435,4.339512195121951,4.383855421686747,4.434285714285715,4.49764705882353,4.575813953488372,4.661379310344828,4.751818181818181,4.854831460674157,4.966666666666667,5.085934065934066,5.205869565217391,5.32,5.432765957446809,5.538947368421056,5.636666666666666,5.720000000000001,5.801632653061224,5.8755555555555565,5.948,6.017029702970297,6.085686274509805,6.153980582524273,6.223846153846154,6.291428571428572,6.351132075471698,6.415327102803738,6.487592592592592,6.558532110091743,6.6490909090909085,6.746126126126128,6.828928571428571,6.910265486725664,6.988421052631579,7.064347826086958,7.141551724137931,7.213162393162394,7.262372881355933,7.300672268907564,7.332499999999999,7.356363636363636,7.387213114754099,7.411869918699188,7.436129032258065,7.453600000000001,7.472380952380953,7.4955905511811025,7.51765625,54.083333333333336,649.0,6.0,6.0,6.0,6.0,6.0,6.0,6.0,6.0,6.0,6.0,6.0,6.0,6.0,6.0,6.0,6.0,13.0,16.0,16.0,16.0,16.0,16.0,16.0,16.0,16.0,16.0,16.0,16.0,16.0,16.0,16.0,16.0,16.0,16.0,16.0,16.0,16.0,16.0,16.0,16.0,45.0,93.0,154.0,219.0,280.0,328.0,357.0,366.0,366.0,366.0,366.0,366.0,366.0,366.0,366.0,366.0,366.0,366.0,366.0,366.0,366.0,366.0,366.0,366.0,411.0,490.0,594.0,710.0,824.0,923.0,995.0,1035.0,1044.0,1044.0,1044.0,1044.0,1044.0,1044.0,1044.0,1044.0,1044.0,1044.0,1044.0,1044.0,1044.0,1044.0,1044.0,1044.0,1066.0,1101.0,1143.0,1185.0,1220.0,1242.0,1248.0,1248.0,1248.0,1248.0,1248.0,1248.0,1248.0,1248.0,1248.0,1248.0,1248.0,1248.0,1248.0,1248.0,1248.0,1248.0,1248.0,1249.0,1303.0,1398.0,1522.0,1660.0,1797.0,1919.0,2012.0,2066.0,2080.0,2080.0,2080.0,2080.0,2080.0,2080.0,2080.0,2080.0,69,November 10,Nancy
0.0019457140808987145,1.298762322386136,1.0482621861589028,2.197977820321764,2.197977820321764,0.4733015207805796,0.7293875999896601,1.0432553671500722,1.0432553671500722,0.48994739699021006,0.7083061203074715,3.708186578328597,3.708186578328597,0.5103517457842615,1.298843602472778,4.3029272724747125,4.3029272724747125,0.2274450620926604,0.6071313915913071,17.421666666666667,-0.02350453833776565,0.02350453833776565,118.93714723046014,-0.28,-0.22999999999999998,-0.013333333333333364,-0.27999999999999997,-0.43999999999999995,-0.5966666666666667,-0.7942857142857143,-0.93,-0.8688888888888888,-0.7,-0.46181818181818174,-0.013333333333333405,0.5507692307692307,1.1057142857142856,1.5933333333333335,2.01375,2.378823529411765,2.7422222222222223,3.0463157894736845,3.3949999999999996,3.6676190476190476,3.838181818181819,3.933043478260869,3.9450000000000003,3.86,3.8507692307692305,3.8459259259259255,3.802142857142857,3.709655172413793,3.58,3.4264516129032256,3.316875,3.256363636363637,3.2317647058823527,3.2142857142857144,3.2449999999999997,3.2929729729729735,3.3647368421052626,3.3969230769230765,3.4075,3.4321951219512195,3.4699999999999998,3.4758139534883714,3.483636363636363,3.479999999999999,3.485217391304347,3.492340425531914,3.50125,3.4934693877551015,3.4939999999999998,3.476862745098039,3.4680769230769224,3.4256603773584895,3.3792592592592587,3.303636363636363,3.246785714285714,3.20421052631579,3.17,3.126779661016949,3.071666666666666,3.0347540983606547,3.0087096774193545,2.983492063492063,2.9715625,2.976923076923077,2.9896969696969697,2.9841791044776116,2.980294117647058,2.975072463768115,2.982857142857142,2.9678873239436614,2.9547222222222222,2.9473972602739726,2.924054054054054,2.8906666666666663,2.867368421052631,2.8641558441558437,2.8789743589743586,2.9086075949367087,2.94625,2.9804938271604935,3.0126829268292683,3.04289156626506,3.08904761904762,3.130588235294118,3.1793023255813964,3.225747126436783,3.276818181818182,3.3413483146067415,3.4166666666666674,3.4947252747252744,3.575434782608696,3.647956989247313,3.716808510638299,3.787368421052632,3.843958333333333,3.8942268041237114,3.934285714285715,3.980606060606061,4.024,4.075445544554457,4.115098039215687,4.1491262135922335,4.186346153846154,4.2161904761904765,4.250188679245284,4.285420560747664,4.325555555555556,4.375963302752294,4.4381818181818184,4.506486486486486,4.578928571428571,4.661592920353982,4.751578947368421,4.8478260869565215,4.945,5.0379487179487175,5.130169491525423,5.2174789915966375,5.298333333333333,5.36793388429752,5.43639344262295,5.498861788617885,5.560322580645161,5.619199999999999,5.677936507936507,5.736535433070865,5.796562499999999,1.5833333333333333,19.0,0.0,0.0,0.0,0.0,0.0,0.0,0.0,0.0,0.0,0.0,0.0,0.0,0.0,0.0,0.0,0.0,42.0,118.0,218.0,330.0,440.0,536.0,606.0,643.0,649.0,649.0,649.0,649.0,649.0,649.0,649.0,649.0,649.0,649.0,649.0,649.0,649.0,649.0,649.0,649.0,656.0,659.0,659.0,659.0,659.0,659.0,659.0,659.0,659.0,659.0,659.0,659.0,659.0,659.0,659.0,659.0,659.0,659.0,659.0,659.0,659.0,659.0,659.0,659.0,688.0,736.0,797.0,862.0,923.0,971.0,1000.0,1009.0,1009.0,1009.0,1009.0,1009.0,1009.0,1009.0,1009.0,1009.0,1009.0,1009.0,1009.0,1009.0,1009.0,1009.0,1009.0,1009.0,1054.0,1133.0,1237.0,1353.0,1467.0,1566.0,1638.0,1678.0,1687.0,1687.0,1687.0,1687.0,1687.0,1687.0,1687.0,1687.0,1687.0,1687.0,1687.0,1687.0,1687.0,1687.0,1687.0,1687.0,1709.0,1744.0,1786.0,1828.0,1863.0,1885.0,1891.0,1891.0,1891.0,1891.0,1891.0,1891.0,1891.0,1891.0,1891.0,1891.0,70,November 11,Nancy
0.0019457140808987145,1.298762322386136,1.0482621861589028,2.197977820321764,2.197977820321764,0.4733015207805796,0.7293875999896601,1.0432553671500722,1.0432553671500722,0.48994739699021006,0.7083061203074715,3.708186578328597,3.708186578328597,0.5103517457842615,1.298843602472778,4.3029272724747125,4.3029272724747125,0.2274450620926604,0.6071313915913071,18.13,-0.044824959673657544,0.044824959673657544,116.34031991174851,-5.48,-6.330000000000001,-6.38,-6.330000000000001,-6.1000000000000005,-5.780000000000001,-5.265714285714288,-4.755000000000001,-4.313333333333334,-3.9200000000000004,-3.5345454545454555,-3.155000000000001,-2.7800000000000002,-2.4085714285714297,-2.0466666666666673,-1.7550000000000003,-1.5094117647058827,-1.2855555555555562,-1.0589473684210533,-0.8450000000000003,-0.6371428571428576,-0.48454545454545495,-0.35826086956521763,-0.2883333333333336,-0.28800000000000026,-0.2838461538461541,-0.257777777777778,-0.2871428571428575,-0.3144827586206899,-0.3500000000000002,-0.4025806451612904,-0.44875000000000026,-0.4466666666666668,-0.4094117647058826,-0.3428571428571431,-0.19666666666666682,0.0064864864864863005,0.22526315789473686,0.4353846153846152,0.6324999999999997,0.817560975609756,1.0104761904761905,1.1851162790697674,1.38590909090909,1.557777777777777,1.685217391304347,1.7774468085106372,1.8283333333333331,1.8281632653061224,1.8639999999999994,1.9003921568627449,1.9142307692307687,1.899245283018868,1.86074074074074,1.8054545454545445,1.7717857142857143,1.763859649122807,1.7751724137931033,1.7894915254237285,1.8316666666666663,1.883934426229508,1.9506451612903224,1.993015873015873,2.0215625,2.0584615384615383,2.103333333333333,2.127462686567164,2.1523529411764706,2.1692753623188405,2.1914285714285717,2.2143661971830984,2.2380555555555555,2.25013698630137,2.267297297297297,2.2720000000000002,2.281842105263158,2.268051948051948,2.250769230769231,2.212405063291139,2.18625,2.1693827160493826,2.15780487804878,2.1392771084337348,2.111666666666667,2.096470588235294,2.088604651162791,2.080919540229885,2.0825,2.0964044943820226,2.1155555555555554,2.121098901098901,2.127608695652174,2.132903225806452,2.147659574468085,2.1452631578947368,2.1439583333333334,2.14680412371134,2.13734693877551,2.12,2.1100000000000003,2.115049504950495,2.1337254901960785,2.16368932038835,2.199807692307692,2.2333333333333334,2.2652830188679247,2.2957009345794392,2.3385185185185184,2.3777981651376137,2.4227272727272724,2.4659459459459456,2.512857142857143,2.570442477876106,2.6366666666666667,2.7052173913043474,2.7760344827586207,2.8405128205128203,2.902203389830508,2.9653781512605035,3.0175,3.0646280991735537,3.1036065573770495,3.1476422764227645,3.1893548387096775,3.2376,3.276349206349206,3.3105511811023622,3.3473437500000003,48.166666666666664,578.0,4.0,4.0,4.0,4.0,4.0,4.0,4.0,4.0,4.0,4.0,4.0,4.0,4.0,4.0,4.0,4.0,13.0,20.0,23.0,23.0,23.0,23.0,23.0,23.0,23.0,23.0,23.0,23.0,23.0,23.0,23.0,23.0,23.0,23.0,23.0,23.0,23.0,23.0,23.0,23.0,65.0,141.0,241.0,353.0,463.0,559.0,629.0,666.0,672.0,672.0,672.0,672.0,672.0,672.0,672.0,672.0,672.0,672.0,672.0,672.0,672.0,672.0,672.0,672.0,679.0,682.0,682.0,682.0,682.0,682.0,682.0,682.0,682.0,682.0,682.0,682.0,682.0,682.0,682.0,682.0,682.0,682.0,682.0,682.0,682.0,682.0,682.0,682.0,711.0,759.0,820.0,885.0,946.0,994.0,1023.0,1032.0,1032.0,1032.0,1032.0,1032.0,1032.0,1032.0,1032.0,1032.0,1032.0,1032.0,1032.0,1032.0,1032.0,1032.0,1032.0,1032.0,1077.0,1156.0,1260.0,1376.0,1490.0,1589.0,1661.0,1701.0,1710.0,1710.0,1710.0,1710.0,1710.0,1710.0,1710.0,1710.0,71,November 12,Nancy
0.0019457140808987145,1.298762322386136,1.0482621861589028,2.197977820321764,2.197977820321764,0.4733015207805796,0.7293875999896601,1.0432553671500722,1.0432553671500722,0.48994739699021006,0.7083061203074715,3.708186578328597,3.708186578328597,0.5103517457842615,1.298843602472778,4.3029272724747125,4.3029272724747125,0.2274450620926604,0.6071313915913071,16.23,0.0028763454730693873,0.0028763454730693873,122.15033887861985,3.82,3.7199999999999998,3.8533333333333335,3.8449999999999998,3.8800000000000003,4.1033333333333335,4.234285714285714,4.045,3.942222222222222,3.8899999999999997,3.792727272727272,3.694999999999999,3.6430769230769227,3.555714285714285,3.6,3.6825,3.7670588235294113,3.7199999999999998,3.714736842105263,3.6049999999999995,3.4961904761904754,3.306363636363636,3.063478260869565,2.7825,2.452,2.0815384615384613,1.7644444444444443,1.4807142857142854,1.2510344827586204,1.0699999999999998,0.9651612903225805,0.8981249999999998,0.8472727272727271,0.8111764705882352,0.797142857142857,0.8033333333333332,0.828108108108108,0.8699999999999999,0.9251282051282049,0.9674999999999997,1.0029268292682927,1.039047619047619,1.0851162790697673,1.1336363636363633,1.1866666666666665,1.2199999999999998,1.2455319148936168,1.247083333333333,1.2159183673469387,1.1879999999999997,1.1729411764705882,1.1296153846153845,1.0879245283018864,1.042222222222222,0.9872727272727272,0.9360714285714283,0.9129824561403508,0.9113793103448274,0.9284745762711862,0.9949999999999998,1.0986885245901636,1.2151612903225806,1.329523809523809,1.4387499999999998,1.5430769230769228,1.6548484848484848,1.7573134328358209,1.8788235294117646,1.9837681159420284,2.0614285714285714,2.1171830985915494,2.1463888888888882,2.141917808219178,2.1618918918918912,2.1826666666666665,2.188421052631579,2.1745454545454543,2.1443589743589744,2.1022784810126582,2.075,2.065679012345679,2.0700000000000003,2.0766265060240965,2.103333333333333,2.1376470588235295,2.182790697674419,2.2108045977011495,2.229090909090909,2.253707865168539,2.2844444444444445,2.30021978021978,2.3167391304347826,2.3275268817204298,2.342340425531915,2.3578947368421055,2.374166666666667,2.3818556701030924,2.393469387755102,2.395757575757576,2.4019999999999997,2.39029702970297,2.3758823529411766,2.345242718446602,2.323846153846154,2.3095238095238093,2.299245283018868,2.283551401869159,2.2607407407407405,2.2475229357798163,2.24,2.2326126126126127,2.2325000000000004,2.2421238938053096,2.2559649122807017,2.259130434782609,2.263103448275862,2.266153846153846,2.2767796610169495,2.2737815126050425,2.271666666666667,2.2728925619834714,2.2642622950819673,2.249268292682927,2.2401612903225803,2.2432,2.2573015873015874,2.2806299212598424,2.3090625,0.08333333333333333,1.0,0.0,0.0,0.0,0.0,0.0,0.0,0.0,0.0,0.0,0.0,0.0,0.0,0.0,0.0,0.0,0.0,37.0,106.0,197.0,298.0,397.0,482.0,543.0,574.0,578.0,578.0,578.0,578.0,578.0,578.0,578.0,578.0,578.0,578.0,578.0,578.0,578.0,578.0,578.0,578.0,587.0,594.0,597.0,597.0,597.0,597.0,597.0,597.0,597.0,597.0,597.0,597.0,597.0,597.0,597.0,597.0,597.0,597.0,597.0,597.0,597.0,597.0,597.0,597.0,639.0,715.0,815.0,927.0,1037.0,1133.0,1203.0,1240.0,1246.0,1246.0,1246.0,1246.0,1246.0,1246.0,1246.0,1246.0,1246.0,1246.0,1246.0,1246.0,1246.0,1246.0,1246.0,1246.0,1253.0,1256.0,1256.0,1256.0,1256.0,1256.0,1256.0,1256.0,1256.0,1256.0,1256.0,1256.0,1256.0,1256.0,1256.0,1256.0,1256.0,1256.0,1256.0,1256.0,1256.0,1256.0,1256.0,1256.0,1285.0,1333.0,1394.0,1459.0,1520.0,1568.0,1597.0,1606.0,1606.0,1606.0,1606.0,1606.0,1606.0,1606.0,1606.0,1606.0,72,November 13,Nancy
0.0019457140808987145,1.298762322386136,1.0482621861589028,2.197977820321764,2.197977820321764,0.4733015207805796,0.7293875999896601,1.0432553671500722,1.0432553671500722,0.48994739699021006,0.7083061203074715,3.708186578328597,3.708186578328597,0.5103517457842615,1.298843602472778,4.3029272724747125,4.3029272724747125,0.2274450620926604,0.6071313915913071,12.73,-0.03376127744305002,0.03376127744305002,117.6878764074365,2.12,2.17,1.6533333333333335,1.445,1.44,1.6366666666666667,1.8771428571428572,2.17,2.5200000000000005,2.84,3.1290909090909085,3.2533333333333325,3.389230769230769,3.4985714285714278,3.4799999999999995,3.43875,3.431764705882353,3.4588888888888887,3.462105263157895,3.4300000000000006,3.4247619047619047,3.438181818181819,3.4765217391304346,3.5116666666666667,3.5240000000000005,3.5276923076923077,3.5496296296296297,3.559285714285714,3.575172413793104,3.6300000000000003,3.6748387096774193,3.645,3.629090909090909,3.6229411764705883,3.6,3.572777777777778,3.5578378378378384,3.5278947368421054,3.545641025641025,3.5799999999999996,3.6175609756097558,3.6009523809523807,3.6013953488372095,3.554090909090909,3.5044444444444443,3.4134782608695646,3.2923404255319153,3.1470833333333332,2.9710204081632656,2.7680000000000002,2.586666666666667,2.4180769230769226,2.2747169811320753,2.1551851851851853,2.0763636363636366,2.0182142857142855,1.9691228070175437,1.928620689655172,1.90135593220339,1.8866666666666665,1.8839344262295081,1.8925806451612903,1.9104761904761904,1.9215624999999998,1.9292307692307693,1.9381818181818182,1.9543283582089552,1.9729411764705882,1.9953623188405798,2.0057142857142853,2.011549295774648,2.0019444444444443,1.970684931506849,1.9416216216216213,1.9213333333333333,1.881842105263158,1.843376623376623,1.8020512820512817,1.7541772151898731,1.7087499999999998,1.6829629629629628,1.6724390243902438,1.6754216867469875,1.7140476190476188,1.7799999999999994,1.8560465116279068,1.9314942528735628,2.0040909090909094,2.073932584269663,2.15,2.22,2.304782608695652,2.378064516129032,2.4317021276595745,2.469473684210526,2.4877083333333334,2.480824742268041,2.4924489795918365,2.504848484848485,2.506,2.492277227722772,2.466078431372549,2.4306796116504854,2.4065384615384615,2.396190476190476,2.3964150943396225,2.398504672897196,2.416296296296296,2.4401834862385323,2.4727272727272727,2.492072072072072,2.503928571428571,2.5208849557522126,2.5428070175438595,2.5530434782608697,2.5639655172413796,2.5704273504273507,2.580169491525424,2.590588235294118,2.601666666666666,2.6059504132231406,2.61344262295082,2.61349593495935,2.6167741935483866,2.6056000000000004,2.5922222222222224,2.565669291338583,2.5465624999999994,67.66666666666667,812.0,5.0,5.0,5.0,5.0,5.0,5.0,5.0,5.0,5.0,5.0,5.0,5.0,5.0,5.0,5.0,5.0,6.0,6.0,6.0,6.0,6.0,6.0,6.0,6.0,6.0,6.0,6.0,6.0,6.0,6.0,6.0,6.0,6.0,6.0,6.0,6.0,6.0,6.0,6.0,6.0,43.0,112.0,203.0,304.0,403.0,488.0,549.0,580.0,584.0,584.0,584.0,584.0,584.0,584.0,584.0,584.0,584.0,584.0,584.0,584.0,584.0,584.0,584.0,584.0,593.0,600.0,603.0,603.0,603.0,603.0,603.0,603.0,603.0,603.0,603.0,603.0,603.0,603.0,603.0,603.0,603.0,603.0,603.0,603.0,603.0,603.0,603.0,603.0,645.0,721.0,821.0,933.0,1043.0,1139.0,1209.0,1246.0,1252.0,1252.0,1252.0,1252.0,1252.0,1252.0,1252.0,1252.0,1252.0,1252.0,1252.0,1252.0,1252.0,1252.0,1252.0,1252.0,1259.0,1262.0,1262.0,1262.0,1262.0,1262.0,1262.0,1262.0,1262.0,1262.0,1262.0,1262.0,1262.0,1262.0,1262.0,1262.0,73,November 14,Nancy
0.0019457140808987145,1.298762322386136,1.0482621861589028,2.197977820321764,2.197977820321764,0.4733015207805796,0.7293875999896601,1.0432553671500722,1.0432553671500722,0.48994739699021006,0.7083061203074715,3.708186578328597,3.708186578328597,0.5103517457842615,1.298843602472778,4.3029272724747125,4.3029272724747125,0.2274450620926604,0.6071313915913071,15.621666666666664,-0.0407148927403362,0.0407148927403362,116.84092606422705,2.52,2.77,3.0866666666666664,3.4949999999999997,3.7800000000000002,3.936666666666666,4.291428571428571,4.67,5.086666666666668,5.42,5.783636363636364,6.028333333333332,6.235384615384614,6.49142857142857,6.673333333333333,6.813750000000001,6.90235294117647,6.858888888888888,6.814736842105263,6.800000000000002,6.772380952380952,6.77,6.763478260869565,6.649166666666666,6.468,6.304615384615385,6.094074074074075,5.905714285714287,5.75103448275862,5.646666666666666,5.571612903225806,5.529375,5.523030303030303,5.528823529411765,5.542857142857144,5.517222222222222,5.503783783783784,5.488421052631579,5.43025641025641,5.365,5.3151219512195125,5.281904761904762,5.24093023255814,5.1859090909090915,5.144444444444445,5.113478260869565,5.096595744680851,5.080416666666667,5.0546938775510215,5.026000000000001,5.008235294117648,4.985384615384616,4.967169811320755,4.971851851851852,4.972727272727273,4.9325,4.900701754385966,4.875172413793103,4.840338983050847,4.803333333333334,4.774098360655739,4.736129032258066,4.727936507936509,4.7309375,4.736923076923077,4.709393939393938,4.693134328358208,4.646470588235295,4.598260869565218,4.522857142857144,4.427042253521128,4.314444444444444,4.180273972602739,4.026756756756756,3.8866666666666667,3.75421052631579,3.6381818181818186,3.5379487179487183,3.4655696202531643,3.4075,3.3558024691358015,3.3102439024390238,3.2742168674698795,3.247380952380953,3.2294117647058824,3.2200000000000006,3.217701149425288,3.210909090909091,3.202022471910112,3.1944444444444446,3.1925274725274724,3.1928260869565217,3.1963440860215058,3.191276595744682,3.183157894736843,3.1637500000000003,3.1282474226804124,3.0944897959183666,3.0674747474747477,3.0260000000000002,2.9853465346534658,2.9425490196078434,2.894757281553399,2.8488461538461536,2.8180952380952378,2.799245283018867,2.7910280373831773,2.810740740740741,2.85211009174312,2.9018181818181827,2.9515315315315322,2.9994642857142857,3.045663716814159,3.0971929824561397,3.1443478260869564,3.2036206896551724,3.2541880341880343,3.289491525423729,3.3124369747899167,3.32,3.307603305785124,3.310163934426229,3.313495934959349,3.307903225806452,3.2904,3.2628571428571433,3.227874015748032,3.20203125,0.5,6.0,0.0,0.0,0.0,0.0,0.0,0.0,0.0,0.0,0.0,0.0,0.0,0.0,0.0,0.0,0.0,0.0,47.0,138.0,260.0,399.0,539.0,663.0,756.0,807.0,812.0,812.0,812.0,812.0,812.0,812.0,812.0,812.0,812.0,812.0,812.0,812.0,812.0,812.0,812.0,812.0,813.0,813.0,813.0,813.0,813.0,813.0,813.0,813.0,813.0,813.0,813.0,813.0,813.0,813.0,813.0,813.0,813.0,813.0,813.0,813.0,813.0,813.0,813.0,813.0,850.0,919.0,1010.0,1111.0,1210.0,1295.0,1356.0,1387.0,1391.0,1391.0,1391.0,1391.0,1391.0,1391.0,1391.0,1391.0,1391.0,1391.0,1391.0,1391.0,1391.0,1391.0,1391.0,1391.0,1400.0,1407.0,1410.0,1410.0,1410.0,1410.0,1410.0,1410.0,1410.0,1410.0,1410.0,1410.0,1410.0,1410.0,1410.0,1410.0,1410.0,1410.0,1410.0,1410.0,1410.0,1410.0,1410.0,1410.0,1452.0,1528.0,1628.0,1740.0,1850.0,1946.0,2016.0,2053.0,2059.0,2059.0,2059.0,2059.0,2059.0,2059.0,2059.0,2059.0,74,November 15,Nancy
0.0019457140808987145,1.298762322386136,1.0482621861589028,2.197977820321764,2.197977820321764,0.4733015207805796,0.7293875999896601,1.0432553671500722,1.0432553671500722,0.48994739699021006,0.7083061203074715,3.708186578328597,3.708186578328597,0.5103517457842615,1.298843602472778,4.3029272724747125,4.3029272724747125,0.2274450620926604,0.6071313915913071,15.963333333333333,-0.05721787854693005,0.05721787854693005,114.83086239298392,-0.28,-0.030000000000000013,0.25333333333333335,0.6950000000000001,0.9399999999999998,1.1533333333333333,1.305714285714286,1.695,2.086666666666667,2.4099999999999997,2.610909090909091,2.703333333333333,2.789230769230769,2.87,3.0,3.12,3.2611764705882353,3.2977777777777777,3.383157894736842,3.4699999999999998,3.5438095238095233,3.6154545454545453,3.6069565217391295,3.5408333333333335,3.5,3.481538461538461,3.4903703703703695,3.5342857142857143,3.5820689655172413,3.6199999999999997,3.7103225806451605,3.823125,3.962424242424242,4.093529411764706,4.2457142857142856,4.370000000000001,4.4875675675675675,4.627894736842105,4.745641025641025,4.85,4.934634146341464,4.962857142857143,4.987441860465116,5.022272727272727,5.0488888888888885,5.085217391304347,5.1178723404255315,5.095,5.034285714285714,4.978,4.892549019607843,4.814230769230769,4.750188679245282,4.71074074074074,4.685454545454546,4.677142857142856,4.688421052631579,4.706206896551725,4.7284745762711875,4.7266666666666675,4.731475409836066,4.73451612903226,4.710476190476192,4.680937500000001,4.659999999999999,4.648787878787879,4.631940298507463,4.605294117647059,4.586666666666667,4.574285714285715,4.570704225352114,4.567222222222222,4.556986301369864,4.544324324324325,4.538666666666667,4.52921052631579,4.522597402597404,4.531538461538462,4.537721518987342,4.515,4.497777777777778,4.484634146341463,4.464578313253012,4.442619047619048,4.425882352941177,4.402558139534884,4.400459770114944,4.406363636363636,4.41438202247191,4.397777777777778,4.38923076923077,4.3580434782608695,4.325376344086022,4.272127659574468,4.203157894736844,4.121041666666667,4.0220618556701035,3.9077551020408166,3.802828282828284,3.7030000000000003,3.615049504950495,3.5386274509803926,3.483106796116506,3.4382692307692313,3.3980952380952383,3.36245283018868,3.3340186915887853,3.312592592592593,3.297981651376147,3.290000000000001,3.287567567567568,3.281607142857143,3.2739823008849562,3.267368421052632,3.2652173913043483,3.264827586206897,3.267008547008548,3.262372881355933,3.25529411764706,3.2391666666666667,3.2100826446280997,3.182295081967214,3.159837398373984,3.125645161290323,3.092,3.0565079365079373,3.0168503937007882,2.97859375,31.5,378.0,0.0,0.0,0.0,0.0,0.0,0.0,0.0,0.0,0.0,0.0,0.0,0.0,0.0,0.0,0.0,0.0,6.0,6.0,6.0,6.0,6.0,6.0,6.0,6.0,6.0,6.0,6.0,6.0,6.0,6.0,6.0,6.0,6.0,6.0,6.0,6.0,6.0,6.0,6.0,6.0,53.0,144.0,266.0,405.0,545.0,669.0,762.0,813.0,818.0,818.0,818.0,818.0,818.0,818.0,818.0,818.0,818.0,818.0,818.0,818.0,818.0,818.0,818.0,818.0,819.0,819.0,819.0,819.0,819.0,819.0,819.0,819.0,819.0,819.0,819.0,819.0,819.0,819.0,819.0,819.0,819.0,819.0,819.0,819.0,819.0,819.0,819.0,819.0,856.0,925.0,1016.0,1117.0,1216.0,1301.0,1362.0,1393.0,1397.0,1397.0,1397.0,1397.0,1397.0,1397.0,1397.0,1397.0,1397.0,1397.0,1397.0,1397.0,1397.0,1397.0,1397.0,1397.0,1406.0,1413.0,1416.0,1416.0,1416.0,1416.0,1416.0,1416.0,1416.0,1416.0,1416.0,1416.0,1416.0,1416.0,1416.0,1416.0,75,November 16,Nancy
0.0019457140808987145,1.298762322386136,1.0482621861589028,2.197977820321764,2.197977820321764,0.4733015207805796,0.7293875999896601,1.0432553671500722,1.0432553671500722,0.48994739699021006,0.7083061203074715,3.708186578328597,3.708186578328597,0.5103517457842615,1.298843602472778,4.3029272724747125,4.3029272724747125,0.2274450620926604,0.6071313915913071,17.521666666666665,-0.08147969743301617,0.08147969743301617,111.87577285265863,1.82,2.72,3.2533333333333334,3.5200000000000005,3.7800000000000002,4.036666666666667,4.177142857142857,4.295,4.586666666666666,4.85,4.992727272727272,5.02,5.027692307692306,5.055714285714286,5.2,5.288749999999999,5.278823529411763,5.214444444444444,5.12,5.039999999999999,4.948571428571428,4.8199999999999985,4.6591304347826075,4.528333333333333,4.336,4.177692307692308,4.053333333333334,3.980714285714286,3.909655172413792,3.853333333333332,3.8006451612903223,3.82,3.862424242424242,3.905294117647059,3.9257142857142853,3.9199999999999995,3.9172972972972966,3.917368421052631,3.94051282051282,3.965,4.002926829268293,4.000952380952381,4.022325581395348,4.047272727272727,4.068888888888888,4.091739130434782,4.077446808510637,4.034583333333333,4.003673469387755,3.984,3.9788235294117644,3.9930769230769227,4.010566037735849,4.023703703703704,4.067272727272727,4.125357142857142,4.200701754385965,4.273448275862069,4.3606779661016954,4.433333333333334,4.503606557377049,4.589354838709677,4.662857142857142,4.729375,4.7846153846153845,4.804848484848485,4.822985074626866,4.847941176470589,4.867826086956522,4.894285714285714,4.918591549295774,4.9061111111111115,4.867945205479452,4.832162162162161,4.776,4.723947368421052,4.6810389610389604,4.654615384615384,4.637721518987341,4.632499999999999,4.640987654320988,4.654146341463415,4.670602409638554,4.67,4.674117647058823,4.676976744186046,4.66022988505747,4.639318181818182,4.624494382022472,4.616666666666666,4.604615384615385,4.585217391304347,4.571612903225806,4.562553191489361,4.56,4.5575,4.549896907216494,4.540408163265306,4.536161616161616,4.529,4.5239603960396035,4.53078431372549,4.535533980582524,4.518076923076923,4.504761904761905,4.494528301886793,4.478878504672897,4.461666666666666,4.448440366972477,4.429999999999999,4.428108108108107,4.4325,4.43858407079646,4.425263157894737,4.418260869565217,4.393275862068965,4.367008547008546,4.324237288135593,4.268739495798319,4.2025,4.122479338842975,4.02983606557377,3.944390243902439,3.8627419354838706,3.7903999999999995,3.727142857142857,3.6806299212598423,3.64265625,24.416666666666668,293.0,0.0,0.0,0.0,0.0,0.0,0.0,0.0,0.0,0.0,0.0,0.0,0.0,0.0,0.0,0.0,0.0,27.0,77.0,141.0,210.0,275.0,329.0,364.0,378.0,378.0,378.0,378.0,378.0,378.0,378.0,378.0,378.0,378.0,378.0,378.0,378.0,378.0,378.0,378.0,378.0,384.0,384.0,384.0,384.0,384.0,384.0,384.0,384.0,384.0,384.0,384.0,384.0,384.0,384.0,384.0,384.0,384.0,384.0,384.0,384.0,384.0,384.0,384.0,384.0,431.0,522.0,644.0,783.0,923.0,1047.0,1140.0,1191.0,1196.0,1196.0,1196.0,1196.0,1196.0,1196.0,1196.0,1196.0,1196.0,1196.0,1196.0,1196.0,1196.0,1196.0,1196.0,1196.0,1197.0,1197.0,1197.0,1197.0,1197.0,1197.0,1197.0,1197.0,1197.0,1197.0,1197.0,1197.0,1197.0,1197.0,1197.0,1197.0,1197.0,1197.0,1197.0,1197.0,1197.0,1197.0,1197.0,1197.0,1234.0,1303.0,1394.0,1495.0,1594.0,1679.0,1740.0,1771.0,1775.0,1775.0,1775.0,1775.0,1775.0,1775.0,1775.0,1775.0,76,November 17,Nancy
0.0019457140808987145,1.298762322386136,1.0482621861589028,2.197977820321764,2.197977820321764,0.4733015207805796,0.7293875999896601,1.0432553671500722,1.0432553671500722,0.48994739699021006,0.7083061203074715,3.708186578328597,3.708186578328597,0.5103517457842615,1.298843602472778,4.3029272724747125,4.3029272724747125,0.2274450620926604,0.6071313915913071,16.196666666666665,0.013304243712090028,0.013304243712090028,123.42045688413256,2.8200000000000003,3.12,2.986666666666667,2.77,2.48,2.12,1.7771428571428574,1.4325,1.297777777777778,1.27,1.2290909090909092,1.1533333333333333,1.166153846153846,1.3057142857142858,1.4266666666666667,1.5325,1.6258823529411766,1.6922222222222223,1.7147368421052631,1.7399999999999998,1.8199999999999998,1.8381818181818184,1.811304347826087,1.8158333333333332,1.8159999999999998,1.8853846153846154,1.9755555555555555,2.059285714285714,2.1544827586206896,2.2600000000000002,2.3490322580645158,2.435625,2.571515151515151,2.7082352941176473,2.8142857142857145,2.8838888888888885,2.9443243243243242,3.009473684210526,3.117435897435897,3.2049999999999996,3.2517073170731705,3.2723809523809515,3.2758139534883717,3.2813636363636363,3.2777777777777772,3.2526086956521727,3.207234042553191,3.172083333333333,3.1016326530612237,3.043999999999999,3.0003921568627447,2.981538461538461,2.961509433962264,2.9477777777777767,2.9345454545454537,2.9610714285714286,3.000701754385964,3.0406896551724136,3.0674576271186433,3.078333333333333,3.090491803278688,3.103870967741935,3.1311111111111107,3.1590625,3.195384615384615,3.206363636363636,3.231940298507462,3.259705882352941,3.2852173913043474,3.311428571428571,3.312957746478873,3.295,3.2843835616438355,3.2808108108108103,3.286666666666666,3.305526315789473,3.3264935064935064,3.3443589743589737,3.3832911392405065,3.4325,3.494074074074074,3.554146341463415,3.624819277108434,3.685476190476191,3.744705882352941,3.8153488372093025,3.8774712643678164,3.934772727272727,3.9840449438202246,4.007777777777778,4.02989010989011,4.056956521739131,4.080215053763442,4.108297872340426,4.134736842105264,4.133541666666666,4.112783505154638,4.093469387755102,4.058383838383838,4.026,4.00019801980198,3.9866666666666664,3.980194174757282,3.9824999999999995,3.995238095238095,4.011509433962264,4.030280373831776,4.035740740740741,4.044770642201835,4.052727272727273,4.045225225225225,4.034285714285714,4.027964601769912,4.027017543859649,4.022608695652174,4.012241379310345,4.006324786324787,4.003898305084746,4.00655462184874,4.009166666666667,4.007603305785124,4.004426229508196,4.005365853658537,4.0038709677419355,4.004,4.013650793650794,4.021574803149607,4.01140625,0.5,6.0,0.0,0.0,0.0,0.0,0.0,0.0,0.0,0.0,0.0,0.0,0.0,0.0,0.0,0.0,0.0,0.0,23.0,64.0,117.0,173.0,225.0,265.0,287.0,293.0,293.0,293.0,293.0,293.0,293.0,293.0,293.0,293.0,293.0,293.0,293.0,293.0,293.0,293.0,293.0,293.0,320.0,370.0,434.0,503.0,568.0,622.0,657.0,671.0,671.0,671.0,671.0,671.0,671.0,671.0,671.0,671.0,671.0,671.0,671.0,671.0,671.0,671.0,671.0,671.0,677.0,677.0,677.0,677.0,677.0,677.0,677.0,677.0,677.0,677.0,677.0,677.0,677.0,677.0,677.0,677.0,677.0,677.0,677.0,677.0,677.0,677.0,677.0,677.0,724.0,815.0,937.0,1076.0,1216.0,1340.0,1433.0,1484.0,1489.0,1489.0,1489.0,1489.0,1489.0,1489.0,1489.0,1489.0,1489.0,1489.0,1489.0,1489.0,1489.0,1489.0,1489.0,1489.0,1490.0,1490.0,1490.0,1490.0,1490.0,1490.0,1490.0,1490.0,1490.0,1490.0,1490.0,1490.0,1490.0,1490.0,1490.0,1490.0,77,November 18,Nancy
0.0019457140808987145,1.298762322386136,1.0482621861589028,2.197977820321764,2.197977820321764,0.4733015207805796,0.7293875999896601,1.0432553671500722,1.0432553671500722,0.48994739699021006,0.7083061203074715,3.708186578328597,3.708186578328597,0.5103517457842615,1.298843602472778,4.3029272724747125,4.3029272724747125,0.2274450620926604,0.6071313915913071,16.755,-0.040308042252906864,0.040308042252906864,116.89048045359594,2.72,2.42,2.42,2.245,2.08,1.9533333333333334,1.9628571428571429,2.045,2.275555555555555,2.43,2.701818181818182,3.028333333333333,3.4046153846153846,3.6699999999999995,3.8200000000000003,3.92625,3.972941176470588,3.908888888888889,3.862105263157895,3.7399999999999998,3.6152380952380954,3.5336363636363632,3.459130434782608,3.415833333333333,3.392,3.393076923076923,3.368148148148148,3.323571428571429,3.2544827586206897,3.1566666666666663,3.045806451612903,2.92,2.838181818181818,2.7847058823529416,2.7285714285714286,2.661666666666667,2.6254054054054055,2.638421052631579,2.6507692307692308,2.6625,2.673658536585366,2.677142857142857,2.664186046511628,2.654090909090909,2.671111111111111,2.6613043478260865,2.6306382978723404,2.6158333333333332,2.599591836734694,2.62,2.6533333333333333,2.6853846153846157,2.72566037735849,2.773703703703703,2.814545454545454,2.8557142857142854,2.927017543859649,3.001034482758621,3.0589830508474574,3.0966666666666662,3.12983606557377,3.166774193548387,3.231111111111111,3.2840625,3.312307692307692,3.3245454545454542,3.325970149253731,3.3288235294117645,3.3257971014492753,3.3085714285714283,3.2777464788732393,3.2533333333333334,3.204931506849315,3.1645945945945946,3.1333333333333333,3.118684210526316,3.1031168831168823,3.0917948717948716,3.0807594936708855,3.0975,3.1237037037037036,3.1504878048780487,3.1681927710843376,3.1747619047619056,3.1823529411764717,3.1909302325581406,3.209655172413794,3.2290909090909086,3.254831460674158,3.2622222222222224,3.280439560439561,3.3004347826086966,3.3189247311827965,3.3380851063829797,3.3389473684210538,3.325208333333333,3.3169072164948457,3.313877551020408,3.317979797979799,3.3320000000000003,3.347722772277229,3.3611764705882363,3.3908737864077674,3.4286538461538467,3.4761904761904763,3.522830188679246,3.5779439252336456,3.6255555555555565,3.672293577981652,3.728181818181819,3.7776576576576586,3.823571428571429,3.8633628318584075,3.8831578947368426,3.9017391304347826,3.924310344827587,3.943931623931624,3.9674576271186446,3.989747899159664,3.9899999999999998,3.9745454545454546,3.9601639344262294,3.9330081300813013,3.907903225806452,3.8880000000000003,3.8779365079365085,3.8735433070866145,3.8762499999999998,23.25,279.0,0.0,0.0,0.0,0.0,0.0,0.0,0.0,0.0,0.0,0.0,0.0,0.0,0.0,0.0,0.0,0.0,6.0,6.0,6.0,6.0,6.0,6.0,6.0,6.0,6.0,6.0,6.0,6.0,6.0,6.0,6.0,6.0,6.0,6.0,6.0,6.0,6.0,6.0,6.0,6.0,29.0,70.0,123.0,179.0,231.0,271.0,293.0,299.0,299.0,299.0,299.0,299.0,299.0,299.0,299.0,299.0,299.0,299.0,299.0,299.0,299.0,299.0,299.0,299.0,326.0,376.0,440.0,509.0,574.0,628.0,663.0,677.0,677.0,677.0,677.0,677.0,677.0,677.0,677.0,677.0,677.0,677.0,677.0,677.0,677.0,677.0,677.0,677.0,683.0,683.0,683.0,683.0,683.0,683.0,683.0,683.0,683.0,683.0,683.0,683.0,683.0,683.0,683.0,683.0,683.0,683.0,683.0,683.0,683.0,683.0,683.0,683.0,730.0,821.0,943.0,1082.0,1222.0,1346.0,1439.0,1490.0,1495.0,1495.0,1495.0,1495.0,1495.0,1495.0,1495.0,1495.0,78,November 19,Nancy
0.0019457140808987145,1.298762322386136,1.0482621861589028,2.197977820321764,2.197977820321764,0.4733015207805796,0.7293875999896601,1.0432553671500722,1.0432553671500722,0.48994739699021006,0.7083061203074715,3.708186578328597,3.708186578328597,0.5103517457842615,1.298843602472778,4.3029272724747125,4.3029272724747125,0.2274450620926604,0.6071313915913071,14.113333333333333,-0.008388966323909952,0.008388966323909952,120.77822390174777,6.52,6.22,6.02,5.845,5.6,5.336666666666666,5.034285714285714,4.6575,4.208888888888889,3.8299999999999996,3.5927272727272723,3.47,3.5276923076923077,3.634285714285714,3.6533333333333333,3.70125,3.6670588235294113,3.6144444444444446,3.567368421052631,3.5449999999999995,3.529523809523809,3.5018181818181815,3.4417391304347826,3.3574999999999995,3.332,3.285384615384615,3.2533333333333334,3.198571428571428,3.137241379310345,3.0766666666666667,3.0425806451612902,3.029375,3.0624242424242425,3.084705882352941,3.1514285714285717,3.2477777777777774,3.3740540540540542,3.4726315789473685,3.5353846153846153,3.585,3.6126829268292684,3.5938095238095236,3.5804651162790693,3.5313636363636363,3.477777777777778,3.4417391304347826,3.407234042553192,3.3866666666666667,3.375102040816327,3.3759999999999994,3.3631372549019605,3.339230769230769,3.301132075471698,3.245925925925926,3.1818181818181817,3.1075000000000004,3.0568421052631582,3.0217241379310344,2.984406779661017,2.94,2.9134426229508197,2.9167741935483873,2.9200000000000004,2.9231249999999998,2.9261538461538463,2.9245454545454543,2.9125373134328356,2.9023529411764706,2.9098550724637677,2.9,2.876338028169014,2.863055555555556,2.8487671232876712,2.8591891891891894,2.878666666666667,2.897631578947369,2.922597402597403,2.953333333333334,2.979493670886076,3.00625,3.054567901234568,3.1053658536585362,3.145301204819277,3.171190476190476,3.1941176470588237,3.22,3.2659770114942526,3.304090909090909,3.324494382022472,3.3333333333333335,3.3342857142857145,3.3363043478260868,3.333978494623656,3.321063829787234,3.2978947368421054,3.279375,3.2426804123711337,3.2118367346938776,3.1876767676767677,3.176,3.1635643564356433,3.154313725490196,3.1452427184466023,3.1574999999999998,3.1771428571428575,3.197358490566038,3.2106542056074767,3.2153703703703704,3.2209174311926607,3.227272727272727,3.2416216216216216,3.256607142857143,3.2766371681415927,3.2822807017543862,3.2965217391304344,3.3122413793103447,3.326837606837607,3.342033898305085,3.342689075630252,3.331666666666666,3.32495867768595,3.3224590163934424,3.325691056910569,3.3369354838709677,3.3496000000000006,3.36047619047619,3.3845669291338587,3.4153124999999998,16.5,198.0,0.0,0.0,0.0,0.0,0.0,0.0,0.0,0.0,0.0,0.0,0.0,0.0,0.0,0.0,0.0,0.0,23.0,62.0,111.0,164.0,213.0,252.0,274.0,279.0,279.0,279.0,279.0,279.0,279.0,279.0,279.0,279.0,279.0,279.0,279.0,279.0,279.0,279.0,279.0,279.0,285.0,285.0,285.0,285.0,285.0,285.0,285.0,285.0,285.0,285.0,285.0,285.0,285.0,285.0,285.0,285.0,285.0,285.0,285.0,285.0,285.0,285.0,285.0,285.0,308.0,349.0,402.0,458.0,510.0,550.0,572.0,578.0,578.0,578.0,578.0,578.0,578.0,578.0,578.0,578.0,578.0,578.0,578.0,578.0,578.0,578.0,578.0,578.0,605.0,655.0,719.0,788.0,853.0,907.0,942.0,956.0,956.0,956.0,956.0,956.0,956.0,956.0,956.0,956.0,956.0,956.0,956.0,956.0,956.0,956.0,956.0,956.0,962.0,962.0,962.0,962.0,962.0,962.0,962.0,962.0,962.0,962.0,962.0,962.0,962.0,962.0,962.0,962.0,79,November 20,Nancy
0.0019457140808987145,1.298762322386136,1.0482621861589028,2.197977820321764,2.197977820321764,0.4733015207805796,0.7293875999896601,1.0432553671500722,1.0432553671500722,0.48994739699021006,0.7083061203074715,3.708186578328597,3.708186578328597,0.5103517457842615,1.298843602472778,4.3029272724747125,4.3029272724747125,0.2274450620926604,0.6071313915913071,12.98,0.049307047261459666,0.049307047261459666,127.80559835644578,2.3200000000000003,2.22,2.3533333333333335,2.47,2.3600000000000003,2.3533333333333335,2.3485714285714288,2.3950000000000005,2.3422222222222224,2.3000000000000003,2.2381818181818187,2.27,2.3661538461538467,2.4985714285714287,2.6066666666666665,2.8075,2.931764705882353,3.058888888888889,3.230526315789473,3.375,3.52952380952381,3.7245454545454546,3.93304347826087,4.078333333333333,4.176,4.243076923076923,4.294074074074074,4.3307142857142855,4.3406896551724135,4.33,4.2941935483870965,4.223125,4.113939393939393,4.005294117647059,3.9257142857142857,3.875555555555555,3.8848648648648645,3.914736842105262,3.9148717948717935,3.9274999999999998,3.9078048780487804,3.8795238095238096,3.8525581395348842,3.8359090909090905,3.8222222222222215,3.802608695652174,3.7668085106382976,3.717916666666667,3.6975510204081634,3.6660000000000004,3.6415686274509804,3.6046153846153848,3.5633962264150942,3.5218518518518516,3.4945454545454537,3.4789285714285714,3.4901754385964914,3.495862068965517,3.5284745762711864,3.5799999999999996,3.6511475409836067,3.7070967741935483,3.742222222222222,3.7700000000000005,3.7846153846153845,3.77,3.7588059701492536,3.724411764705882,3.6866666666666665,3.6599999999999997,3.634084507042254,3.6172222222222223,3.606301369863014,3.603783783783784,3.5920000000000005,3.572631578947368,3.543376623376624,3.5020512820512817,3.4541772151898735,3.3987499999999997,3.3595061728395064,3.330975609756097,3.3007228915662647,3.265238095238095,3.242352941176471,3.24093023255814,3.239540229885057,3.2381818181818187,3.2368539325842693,3.2322222222222226,3.2199999999999998,3.2091304347826086,3.211397849462366,3.2008510638297873,3.1799999999999997,3.1668749999999997,3.152989690721649,3.157755102040816,3.1694949494949496,3.181,3.1972277227722774,3.2180392156862747,3.2355339805825243,3.253653846153846,3.2885714285714287,3.3256603773584907,3.3545794392523365,3.372777777777778,3.3888073394495413,3.407272727272727,3.4416216216216213,3.4699999999999998,3.4846017699115044,3.4901754385964905,3.4895652173913043,3.489827586206896,3.486666666666667,3.475084745762712,3.455294117647059,3.439166666666666,3.4084297520661155,3.3822950819672126,3.361463414634146,3.350645161290322,3.3392,3.33031746031746,3.321574803149606,3.33015625,2.8333333333333335,34.0,0.0,0.0,0.0,0.0,0.0,0.0,0.0,0.0,0.0,0.0,0.0,0.0,0.0,0.0,0.0,0.0,19.0,51.0,89.0,128.0,162.0,187.0,198.0,198.0,198.0,198.0,198.0,198.0,198.0,198.0,198.0,198.0,198.0,198.0,198.0,198.0,198.0,198.0,198.0,198.0,221.0,260.0,309.0,362.0,411.0,450.0,472.0,477.0,477.0,477.0,477.0,477.0,477.0,477.0,477.0,477.0,477.0,477.0,477.0,477.0,477.0,477.0,477.0,477.0,483.0,483.0,483.0,483.0,483.0,483.0,483.0,483.0,483.0,483.0,483.0,483.0,483.0,483.0,483.0,483.0,483.0,483.0,483.0,483.0,483.0,483.0,483.0,483.0,506.0,547.0,600.0,656.0,708.0,748.0,770.0,776.0,776.0,776.0,776.0,776.0,776.0,776.0,776.0,776.0,776.0,776.0,776.0,776.0,776.0,776.0,776.0,776.0,803.0,853.0,917.0,986.0,1051.0,1105.0,1140.0,1154.0,1154.0,1154.0,1154.0,1154.0,1154.0,1154.0,1154.0,1154.0,80,November 21,Nancy
0.0019457140808987145,1.298762322386136,1.0482621861589028,2.197977820321764,2.197977820321764,0.4733015207805796,0.7293875999896601,1.0432553671500722,1.0432553671500722,0.48994739699021006,0.7083061203074715,3.708186578328597,3.708186578328597,0.5103517457842615,1.298843602472778,4.3029272724747125,4.3029272724747125,0.2274450620926604,0.6071313915913071,7.863333333333335,0.05028709529447685,0.05028709529447685,127.92496820686728,8.02,6.919999999999999,6.453333333333333,6.019999999999999,5.819999999999999,5.62,5.377142857142857,5.1325,5.02,5.0,4.983636363636363,4.97,4.912307692307692,4.898571428571429,4.913333333333332,5.007499999999999,5.143529411764705,5.314444444444444,5.56736842105263,5.804999999999998,5.972380952380951,6.042727272727273,6.085217391304348,5.995,5.848000000000001,5.704615384615385,5.59037037037037,5.491428571428572,5.368275862068966,5.266666666666667,5.171612903225808,5.094999999999999,4.998787878787879,4.908235294117647,4.814285714285714,4.753333333333334,4.7200000000000015,4.706842105263159,4.6917948717948725,4.72,4.724878048780488,4.736666666666666,4.7734883720930235,4.804090909090909,4.844444444444444,4.909130434782609,4.985957446808511,5.036666666666666,5.066938775510205,5.0840000000000005,5.094509803921569,5.098846153846154,5.089811320754717,5.069999999999999,5.036363636363636,4.9825,4.905964912280702,4.828620689655171,4.767457627118643,4.723333333333332,4.715081967213114,4.72,4.707301587301586,4.7028125,4.678461538461538,4.6487878787878785,4.62,4.597941176470589,4.577971014492753,4.554285714285714,4.52,4.476944444444444,4.452876712328767,4.421351351351351,4.394666666666666,4.359473684210525,4.3212987012987005,4.282820512820513,4.254177215189873,4.23375,4.232345679012345,4.227317073170731,4.241686746987951,4.2700000000000005,4.312941176470588,4.3455813953488365,4.36367816091954,4.376818181818181,4.380674157303371,4.363333333333333,4.348571428571428,4.316739130434782,4.282365591397849,4.256170212765957,4.230526315789473,4.211666666666667,4.197319587628866,4.18938775510204,4.174545454545454,4.154,4.125940594059406,4.088627450980392,4.04621359223301,3.9978846153846153,3.961904761904762,3.9341509433962263,3.9050467289719624,3.8718518518518517,3.8484403669724765,3.8418181818181814,3.8353153153153157,3.828928571428572,3.8226548672566376,3.813859649122807,3.799130434782608,3.78551724137931,3.782393162393162,3.7691525423728813,3.747731092436975,3.7325,3.716694214876033,3.715901639344262,3.7208130081300808,3.725645161290322,3.7343999999999995,3.7469841269841266,3.757007874015748,3.76765625,46.5,558.0,0.0,0.0,0.0,0.0,0.0,0.0,0.0,0.0,0.0,0.0,0.0,0.0,0.0,0.0,0.0,0.0,10.0,21.0,30.0,34.0,34.0,34.0,34.0,34.0,34.0,34.0,34.0,34.0,34.0,34.0,34.0,34.0,34.0,34.0,34.0,34.0,34.0,34.0,34.0,34.0,53.0,85.0,123.0,162.0,196.0,221.0,232.0,232.0,232.0,232.0,232.0,232.0,232.0,232.0,232.0,232.0,232.0,232.0,232.0,232.0,232.0,232.0,232.0,232.0,255.0,294.0,343.0,396.0,445.0,484.0,506.0,511.0,511.0,511.0,511.0,511.0,511.0,511.0,511.0,511.0,511.0,511.0,511.0,511.0,511.0,511.0,511.0,511.0,517.0,517.0,517.0,517.0,517.0,517.0,517.0,517.0,517.0,517.0,517.0,517.0,517.0,517.0,517.0,517.0,517.0,517.0,517.0,517.0,517.0,517.0,517.0,517.0,540.0,581.0,634.0,690.0,742.0,782.0,804.0,810.0,810.0,810.0,810.0,810.0,810.0,810.0,810.0,810.0,81,November 22,Nancy
0.0019457140808987145,1.298762322386136,1.0482621861589028,2.197977820321764,2.197977820321764,0.4733015207805796,0.7293875999896601,1.0432553671500722,1.0432553671500722,0.48994739699021006,0.7083061203074715,3.708186578328597,3.708186578328597,0.5103517457842615,1.298843602472778,4.3029272724747125,4.3029272724747125,0.2274450620926604,0.6071313915913071,8.263333333333335,-0.09047162006503245,0.09047162006503245,110.78055667607904,12.32,11.620000000000001,11.520000000000001,11.42,11.360000000000001,11.219999999999999,11.148571428571428,11.182500000000001,11.120000000000001,11.01,10.856363636363637,10.728333333333333,10.727692307692308,10.719999999999999,10.73333333333333,10.80125,10.884705882352941,10.997777777777777,11.151578947368419,11.239999999999998,11.386666666666665,11.442727272727273,11.476521739130433,11.4325,11.296000000000001,11.085384615384616,10.879259259259259,10.659285714285714,10.464827586206898,10.270000000000001,10.065161290322582,9.8575,9.683636363636364,9.540588235294118,9.405714285714286,9.278333333333334,9.141621621621622,9.025263157894736,8.925128205128205,8.8625,8.824878048780487,8.81047619047619,8.84093023255814,8.874545454545455,8.884444444444444,8.854782608695652,8.815744680851065,8.71375,8.583265306122449,8.454,8.339607843137255,8.233461538461539,8.11433962264151,8.007037037037037,7.903636363636363,7.811071428571428,7.707719298245614,7.607931034482759,7.506440677966102,7.424999999999999,7.360983606557378,7.310322580645161,7.259682539682541,7.237187499999999,7.201538461538461,7.171515151515151,7.158805970149253,7.143529411764706,7.135942028985507,7.145714285714286,7.16507042253521,7.168611111111111,7.159726027397261,7.142972972972974,7.122666666666667,7.098947368421053,7.066753246753248,7.027692307692309,6.979493670886077,6.9174999999999995,6.839753086419754,6.761463414634147,6.694698795180724,6.640238095238095,6.611764705882354,6.593255813953488,6.562528735632185,6.538181818181818,6.499775280898878,6.457777777777778,6.4167032967032975,6.380869565217393,6.346881720430108,6.310425531914894,6.266315789473685,6.215833333333333,6.1797938144329905,6.138367346938775,6.100808080808082,6.057,6.011089108910891,5.965098039215687,5.926796116504856,5.895,5.87809523809524,5.858679245283018,5.854579439252337,5.861666666666667,5.8805504587155975,5.891818181818182,5.8920720720720725,5.88875,5.878407079646019,5.851578947368421,5.826956521739131,5.7889655172413805,5.74905982905983,5.715762711864407,5.683025210084034,5.655833333333334,5.632396694214877,5.614262295081968,5.590731707317074,5.562741935483872,5.5288,5.487460317460318,5.442047244094489,5.391875000000001,30.25,363.0,0.0,0.0,0.0,0.0,0.0,0.0,0.0,0.0,0.0,0.0,0.0,0.0,0.0,0.0,0.0,0.0,32.0,97.0,186.0,287.0,386.0,471.0,530.0,558.0,558.0,558.0,558.0,558.0,558.0,558.0,558.0,558.0,558.0,558.0,558.0,558.0,558.0,558.0,558.0,558.0,568.0,579.0,588.0,592.0,592.0,592.0,592.0,592.0,592.0,592.0,592.0,592.0,592.0,592.0,592.0,592.0,592.0,592.0,592.0,592.0,592.0,592.0,592.0,592.0,611.0,643.0,681.0,720.0,754.0,779.0,790.0,790.0,790.0,790.0,790.0,790.0,790.0,790.0,790.0,790.0,790.0,790.0,790.0,790.0,790.0,790.0,790.0,790.0,813.0,852.0,901.0,954.0,1003.0,1042.0,1064.0,1069.0,1069.0,1069.0,1069.0,1069.0,1069.0,1069.0,1069.0,1069.0,1069.0,1069.0,1069.0,1069.0,1069.0,1069.0,1069.0,1069.0,1075.0,1075.0,1075.0,1075.0,1075.0,1075.0,1075.0,1075.0,1075.0,1075.0,1075.0,1075.0,1075.0,1075.0,1075.0,1075.0,82,November 23,Nancy
0.0019457140808987145,1.298762322386136,1.0482621861589028,2.197977820321764,2.197977820321764,0.4733015207805796,0.7293875999896601,1.0432553671500722,1.0432553671500722,0.48994739699021006,0.7083061203074715,3.708186578328597,3.708186578328597,0.5103517457842615,1.298843602472778,4.3029272724747125,4.3029272724747125,0.2274450620926604,0.6071313915913071,5.354999999999999,-0.08456358277666075,0.08456358277666075,111.50015561780272,12.32,12.219999999999999,12.086666666666666,11.995,11.940000000000001,11.636666666666665,11.219999999999999,11.044999999999998,10.997777777777777,10.969999999999999,10.883636363636363,10.803333333333333,10.812307692307693,10.834285714285713,10.906666666666666,10.945,11.014117647058825,11.07,11.12,11.184999999999999,11.243809523809524,11.274545454545454,11.267826086956523,11.270000000000001,11.312000000000001,11.296923076923076,11.297777777777776,11.29142857142857,11.285517241379312,11.26,11.242580645161294,11.248124999999998,11.229090909090909,11.193529411764706,11.139999999999999,11.089444444444446,11.07945945945946,11.067368421052633,11.063589743589745,11.0825,11.110243902439022,11.153333333333332,11.21767441860465,11.256363636363636,11.324444444444445,11.352608695652174,11.371063829787236,11.351249999999999,11.283265306122448,11.174000000000001,11.063137254901964,10.94115384615385,10.829433962264154,10.714444444444448,10.590909090909093,10.462857142857144,10.351578947368422,10.256206896551724,10.164067796610173,10.075000000000001,9.979016393442626,9.894193548387099,9.8184126984127,9.765312499999999,9.727692307692308,9.704848484848485,9.711044776119405,9.720000000000002,9.714202898550726,9.682857142857145,9.64535211267606,9.565833333333334,9.466575342465754,9.367297297297299,9.277333333333335,9.192368421052633,9.09792207792208,9.011025641025643,8.926329113924053,8.848749999999999,8.763209876543211,8.679756097560976,8.594698795180724,8.52357142857143,8.464705882352943,8.415348837209306,8.365977011494255,8.337045454545455,8.298651685393258,8.264444444444445,8.243076923076924,8.22,8.202795698924733,8.198723404255322,8.202105263157897,8.193958333333335,8.176701030927836,8.153673469387755,8.12808080808081,8.100000000000001,8.065544554455448,8.025882352941178,7.979223300970875,7.921923076923078,7.852380952380954,7.782264150943397,7.720934579439254,7.669074074074075,7.637431192660552,7.613636363636365,7.580360360360362,7.552142857142859,7.512920353982302,7.4708771929824564,7.429565217391306,7.39241379310345,7.356752136752138,7.319152542372883,7.275462184873951,7.2266666666666675,7.1894214876033065,7.147868852459017,7.109430894308944,7.065967741935485,7.020800000000001,6.975555555555557,6.936535433070867,6.9028125,38.666666666666664,464.0,0.0,0.0,0.0,0.0,0.0,0.0,0.0,0.0,0.0,0.0,0.0,0.0,0.0,0.0,0.0,0.0,25.0,72.0,133.0,200.0,265.0,318.0,351.0,363.0,363.0,363.0,363.0,363.0,363.0,363.0,363.0,363.0,363.0,363.0,363.0,363.0,363.0,363.0,363.0,363.0,395.0,460.0,549.0,650.0,749.0,834.0,893.0,921.0,921.0,921.0,921.0,921.0,921.0,921.0,921.0,921.0,921.0,921.0,921.0,921.0,921.0,921.0,921.0,921.0,931.0,942.0,951.0,955.0,955.0,955.0,955.0,955.0,955.0,955.0,955.0,955.0,955.0,955.0,955.0,955.0,955.0,955.0,955.0,955.0,955.0,955.0,955.0,955.0,974.0,1006.0,1044.0,1083.0,1117.0,1142.0,1153.0,1153.0,1153.0,1153.0,1153.0,1153.0,1153.0,1153.0,1153.0,1153.0,1153.0,1153.0,1153.0,1153.0,1153.0,1153.0,1153.0,1153.0,1176.0,1215.0,1264.0,1317.0,1366.0,1405.0,1427.0,1432.0,1432.0,1432.0,1432.0,1432.0,1432.0,1432.0,1432.0,1432.0,83,November 24,Nancy
0.0019457140808987145,1.298762322386136,1.0482621861589028,2.197977820321764,2.197977820321764,0.4733015207805796,0.7293875999896601,1.0432553671500722,1.0432553671500722,0.48994739699021006,0.7083061203074715,3.708186578328597,3.708186578328597,0.5103517457842615,1.298843602472778,4.3029272724747125,4.3029272724747125,0.2274450620926604,0.6071313915913071,7.046666666666669,-0.16519473740626658,0.16519473740626658,101.67928098391673,10.22,10.47,10.853333333333333,10.795,10.959999999999999,11.17,11.248571428571427,11.370000000000001,11.686666666666667,12.0,12.310909090909092,12.661666666666667,12.958461538461538,13.120000000000001,13.280000000000001,13.41375,13.543529411764707,13.658888888888889,13.772631578947369,13.845000000000004,13.853333333333337,13.80636363636364,13.73739130434783,13.65333333333333,13.6,13.543076923076923,13.479259259259262,13.416428571428574,13.357931034482762,13.250000000000004,13.10387096774194,13.001249999999999,12.92909090909091,12.864117647058825,12.782857142857145,12.703333333333335,12.655135135135135,12.614736842105266,12.59692307692308,12.569999999999999,12.559024390243902,12.546190476190478,12.533953488372093,12.531363636363636,12.528888888888888,12.515652173913043,12.485957446808511,12.461666666666666,12.458775510204083,12.428000000000003,12.406274509803922,12.381538461538462,12.357735849056604,12.323703703703707,12.294545454545457,12.27892857142857,12.249824561403509,12.211379310344828,12.162372881355934,12.115,12.092131147540984,12.068387096774195,12.050158730158731,12.0465625,12.04923076923077,12.062424242424244,12.090149253731344,12.102352941176472,12.13449275362319,12.141428571428573,12.142535211267607,12.118611111111111,12.062465753424657,11.97810810810811,11.892,11.79763157894737,11.70961038961039,11.61871794871795,11.521265822784812,11.420000000000002,11.329876543209878,11.25048780487805,11.17301204819277,11.097380952380954,11.016470588235295,10.94325581395349,10.876321839080461,10.825681818181819,10.786292134831461,10.757777777777779,10.750769230769231,10.74608695652174,10.730752688172043,10.696595744680852,10.657894736842106,10.587708333333333,10.502474226804123,10.416938775510204,10.338181818181818,10.263,10.180396039603961,10.103333333333333,10.027766990291264,9.9575,9.880952380952381,9.805849056603774,9.729345794392524,9.663518518518519,9.607155963302754,9.558181818181819,9.50918918918919,9.476249999999999,9.435929203539823,9.398947368421053,9.372173913043477,9.344137931034481,9.320854700854701,9.308135593220337,9.301512605042014,9.285833333333333,9.26297520661157,9.235573770491806,9.206178861788619,9.174838709677418,9.138399999999997,9.097777777777777,9.051496062992126,8.9965625,31.833333333333332,382.0,0.0,0.0,0.0,0.0,0.0,0.0,0.0,0.0,0.0,0.0,0.0,0.0,0.0,0.0,0.0,0.0,28.0,85.0,161.0,245.0,327.0,397.0,444.0,464.0,464.0,464.0,464.0,464.0,464.0,464.0,464.0,464.0,464.0,464.0,464.0,464.0,464.0,464.0,464.0,464.0,489.0,536.0,597.0,664.0,729.0,782.0,815.0,827.0,827.0,827.0,827.0,827.0,827.0,827.0,827.0,827.0,827.0,827.0,827.0,827.0,827.0,827.0,827.0,827.0,859.0,924.0,1013.0,1114.0,1213.0,1298.0,1357.0,1385.0,1385.0,1385.0,1385.0,1385.0,1385.0,1385.0,1385.0,1385.0,1385.0,1385.0,1385.0,1385.0,1385.0,1385.0,1385.0,1385.0,1395.0,1406.0,1415.0,1419.0,1419.0,1419.0,1419.0,1419.0,1419.0,1419.0,1419.0,1419.0,1419.0,1419.0,1419.0,1419.0,1419.0,1419.0,1419.0,1419.0,1419.0,1419.0,1419.0,1419.0,1438.0,1470.0,1508.0,1547.0,1581.0,1606.0,1617.0,1617.0,1617.0,1617.0,1617.0,1617.0,1617.0,1617.0,1617.0,1617.0,84,November 25,Nancy
0.0019457140808987145,1.298762322386136,1.0482621861589028,2.197977820321764,2.197977820321764,0.4733015207805796,0.7293875999896601,1.0432553671500722,1.0432553671500722,0.48994739699021006,0.7083061203074715,3.708186578328597,3.708186578328597,0.5103517457842615,1.298843602472778,4.3029272724747125,4.3029272724747125,0.2274450620926604,0.6071313915913071,7.538333333333334,-0.1965894441364645,0.1965894441364645,97.85540570417862,9.72,9.370000000000001,9.286666666666667,9.87,10.26,10.503333333333332,10.805714285714284,11.095,11.275555555555554,11.36,11.401818181818182,11.511666666666668,11.727692307692308,11.948571428571428,12.133333333333335,12.276250000000001,12.408235294117647,12.47,12.493684210526316,12.48,12.462857142857144,12.392727272727274,12.311304347826086,12.232500000000002,12.152000000000001,12.096923076923076,12.079259259259258,12.027142857142858,12.013103448275864,12.020000000000001,12.010322580645163,12.016874999999999,12.083636363636364,12.164117647058825,12.257142857142858,12.375555555555556,12.487567567567568,12.559473684210527,12.635384615384616,12.705,12.776097560975607,12.843809523809526,12.913023255813954,12.965454545454547,12.988888888888889,12.98521739130435,12.968936170212766,12.942916666666667,12.930204081632654,12.914000000000001,12.892549019607843,12.870000000000001,12.848301886792454,12.797777777777778,12.723636363636365,12.671785714285713,12.635789473684211,12.602758620689656,12.558983050847456,12.514999999999999,12.488852459016394,12.46677419354839,12.45809523809524,12.4434375,12.43846153846154,12.432121212121212,12.425970149253732,12.425882352941176,12.425797101449277,12.418571428571429,12.400281690140845,12.385277777777778,12.384383561643835,12.364594594594594,12.350666666666665,12.334473684210526,12.3187012987013,12.295641025641027,12.275696202531647,12.265,12.24469135802469,12.217560975609755,12.182650602409637,12.14857142857143,12.131764705882354,12.11418604651163,12.100459770114943,12.097272727272726,12.098651685393259,12.107777777777779,12.127692307692307,12.136304347826083,12.159784946236556,12.164680851063828,12.165263157894733,12.147083333333333,12.104536082474228,12.040408163265306,11.974545454545453,11.901999999999997,11.833861386138611,11.76313725490196,11.68699029126213,11.6075,11.536190476190475,11.472830188679247,11.410654205607475,11.349629629629627,11.284220183486234,11.224545454545453,11.169549549549545,11.127142857142857,11.09345132743363,11.068245614035087,11.059999999999999,11.053620689655169,11.038803418803417,11.008983050847455,10.975462184873948,10.916666666666666,10.845619834710742,10.774098360655737,10.70780487804878,10.644193548387094,10.574399999999997,10.508888888888887,10.444409448818895,10.384062499999999,64.0,768.0,0.0,0.0,0.0,0.0,0.0,0.0,0.0,0.0,0.0,0.0,0.0,0.0,0.0,0.0,0.0,0.0,25.0,74.0,139.0,210.0,278.0,333.0,369.0,382.0,382.0,382.0,382.0,382.0,382.0,382.0,382.0,382.0,382.0,382.0,382.0,382.0,382.0,382.0,382.0,382.0,410.0,467.0,543.0,627.0,709.0,779.0,826.0,846.0,846.0,846.0,846.0,846.0,846.0,846.0,846.0,846.0,846.0,846.0,846.0,846.0,846.0,846.0,846.0,846.0,871.0,918.0,979.0,1046.0,1111.0,1164.0,1197.0,1209.0,1209.0,1209.0,1209.0,1209.0,1209.0,1209.0,1209.0,1209.0,1209.0,1209.0,1209.0,1209.0,1209.0,1209.0,1209.0,1209.0,1241.0,1306.0,1395.0,1496.0,1595.0,1680.0,1739.0,1767.0,1767.0,1767.0,1767.0,1767.0,1767.0,1767.0,1767.0,1767.0,1767.0,1767.0,1767.0,1767.0,1767.0,1767.0,1767.0,1767.0,1777.0,1788.0,1797.0,1801.0,1801.0,1801.0,1801.0,1801.0,1801.0,1801.0,1801.0,1801.0,1801.0,1801.0,1801.0,1801.0,85,November 26,Nancy
0.0019457140808987145,1.298762322386136,1.0482621861589028,2.197977820321764,2.197977820321764,0.4733015207805796,0.7293875999896601,1.0432553671500722,1.0432553671500722,0.48994739699021006,0.7083061203074715,3.708186578328597,3.708186578328597,0.5103517457842615,1.298843602472778,4.3029272724747125,4.3029272724747125,0.2274450620926604,0.6071313915913071,8.855000000000002,-0.06810663932103214,0.06810663932103214,113.50461133069828,9.82,10.02,9.953333333333333,9.77,9.72,9.62,9.620000000000001,9.67,9.697777777777778,9.76,9.874545454545455,10.003333333333332,10.166153846153843,10.362857142857141,10.506666666666666,10.66375,10.961176470588233,11.231111111111112,11.425263157894737,11.514999999999999,11.524761904761906,11.406363636363636,11.298260869565217,11.2325,11.172,11.089230769230769,11.016296296296298,11.037857142857144,11.064827586206896,11.086666666666668,11.136129032258065,11.198125000000001,11.244242424242424,11.27,11.285714285714286,11.325555555555557,11.406486486486488,11.496315789473684,11.57897435897436,11.65,11.719999999999999,11.762857142857143,11.789767441860466,11.799545454545456,11.806666666666668,11.78739130434783,11.760425531914896,11.7325,11.701632653061225,11.682,11.680784313725493,11.660384615384618,11.659622641509436,11.670000000000003,11.670909090909092,11.680714285714284,11.725263157894737,11.778620689655172,11.84033898305085,11.918333333333335,11.99377049180328,12.045806451612906,12.100952380952384,12.1528125,12.206153846153846,12.25787878787879,12.311044776119406,12.353823529411768,12.377971014492756,12.384285714285715,12.381971830985917,12.372777777777777,12.372054794520547,12.36864864864865,12.361333333333334,12.352894736842106,12.344675324675325,12.316153846153847,12.270632911392406,12.24,12.22,12.201707317073172,12.17542168674699,12.14857142857143,12.134117647058824,12.122325581395348,12.119999999999997,12.113181818181818,12.113258426966292,12.112222222222222,12.11120879120879,12.114565217391304,12.117849462365589,12.11574468085106,12.105263157894735,12.097083333333332,12.099381443298968,12.087346938775509,12.079595959595958,12.07,12.06059405940594,12.04549019607843,12.032621359223297,12.026730769230769,12.013333333333332,11.994528301886794,11.969532710280374,11.945,11.933761467889905,11.92181818181818,11.912792792792791,11.911964285714285,11.914690265486724,11.923508771929823,11.940869565217392,11.949310344827586,11.96957264957265,11.97508474576271,11.977142857142855,11.964166666666666,11.931570247933884,11.881475409836066,11.829756097560976,11.772419354838709,11.718399999999999,11.662063492063488,11.601102362204722,11.5371875,5.333333333333333,64.0,0.0,0.0,0.0,0.0,0.0,0.0,0.0,0.0,0.0,0.0,0.0,0.0,0.0,0.0,0.0,0.0,36.0,119.0,236.0,372.0,509.0,631.0,722.0,768.0,768.0,768.0,768.0,768.0,768.0,768.0,768.0,768.0,768.0,768.0,768.0,768.0,768.0,768.0,768.0,768.0,793.0,842.0,907.0,978.0,1046.0,1101.0,1137.0,1150.0,1150.0,1150.0,1150.0,1150.0,1150.0,1150.0,1150.0,1150.0,1150.0,1150.0,1150.0,1150.0,1150.0,1150.0,1150.0,1150.0,1178.0,1235.0,1311.0,1395.0,1477.0,1547.0,1594.0,1614.0,1614.0,1614.0,1614.0,1614.0,1614.0,1614.0,1614.0,1614.0,1614.0,1614.0,1614.0,1614.0,1614.0,1614.0,1614.0,1614.0,1639.0,1686.0,1747.0,1814.0,1879.0,1932.0,1965.0,1977.0,1977.0,1977.0,1977.0,1977.0,1977.0,1977.0,1977.0,1977.0,1977.0,1977.0,1977.0,1977.0,1977.0,1977.0,1977.0,1977.0,2009.0,2074.0,2163.0,2264.0,2363.0,2448.0,2507.0,2535.0,2535.0,2535.0,2535.0,2535.0,2535.0,2535.0,2535.0,2535.0,86,November 27,Nancy
0.0019457140808987145,1.298762322386136,1.0482621861589028,2.197977820321764,2.197977820321764,0.4733015207805796,0.7293875999896601,1.0432553671500722,1.0432553671500722,0.48994739699021006,0.7083061203074715,3.708186578328597,3.708186578328597,0.5103517457842615,1.298843602472778,4.3029272724747125,4.3029272724747125,0.2274450620926604,0.6071313915913071,12.080000000000002,-0.15202245928439123,0.15202245928439123,103.28366445916114,4.52,4.07,4.086666666666667,4.345,4.680000000000001,4.9366666666666665,5.534285714285714,6.194999999999999,6.92,7.549999999999999,7.9745454545454555,8.42,8.727692307692308,8.998571428571427,9.133333333333335,9.251249999999999,9.349411764705884,9.453333333333333,9.551578947368421,9.680000000000001,9.76761904761905,9.824545454545456,9.824347826086958,9.7825,9.783999999999999,9.800769230769232,9.801481481481481,9.780714285714286,9.771724137931034,9.75,9.745806451612903,9.754375,9.759393939393938,9.775882352941176,9.811428571428571,9.856111111111112,9.917297297297296,9.996315789473684,10.06102564102564,10.135,10.27121951219512,10.403333333333332,10.508372093023254,10.57,10.595555555555555,10.559130434782608,10.524255319148937,10.5075,10.49142857142857,10.462,10.435686274509804,10.458461538461536,10.484150943396227,10.507037037037037,10.545454545454545,10.59142857142857,10.628771929824559,10.654482758620688,10.674237288135593,10.708333333333334,10.767540983606557,10.83290322580645,10.894603174603175,10.9496875,11.004615384615384,11.042727272727271,11.070746268656716,11.087647058823528,11.102608695652174,11.099999999999998,11.091830985915493,11.082500000000001,11.070684931506849,11.065945945945947,11.073333333333334,11.067368421052631,11.074545454545452,11.089230769230769,11.097215189873415,11.111249999999998,11.14962962962963,11.194390243902438,11.245301204819276,11.308095238095238,11.369411764705882,11.414186046511627,11.461379310344828,11.506363636363638,11.552584269662923,11.597777777777777,11.644175824175823,11.683043478260867,11.70817204301075,11.719999999999995,11.72526315789473,11.725208333333333,11.731340206185568,11.735306122448979,11.736161616161613,11.735999999999995,11.735841584158413,11.719999999999995,11.690873786407764,11.672884615384616,11.662857142857142,11.653962264150941,11.638691588785044,11.622777777777776,11.616330275229354,11.61181818181818,11.61459459459459,11.613750000000001,11.618230088495576,11.621754385964913,11.625217391304345,11.632068965517238,11.638803418803416,11.641186440677963,11.636806722689071,11.634166666666665,11.639834710743802,11.633934426229505,11.631382113821138,11.627258064516127,11.623199999999997,11.614444444444443,11.607401574803147,11.6059375,61.5,738.0,0.0,0.0,0.0,0.0,0.0,0.0,0.0,0.0,0.0,0.0,0.0,0.0,0.0,0.0,0.0,0.0,12.0,27.0,43.0,56.0,64.0,64.0,64.0,64.0,64.0,64.0,64.0,64.0,64.0,64.0,64.0,64.0,64.0,64.0,64.0,64.0,64.0,64.0,64.0,64.0,100.0,183.0,300.0,436.0,573.0,695.0,786.0,832.0,832.0,832.0,832.0,832.0,832.0,832.0,832.0,832.0,832.0,832.0,832.0,832.0,832.0,832.0,832.0,832.0,857.0,906.0,971.0,1042.0,1110.0,1165.0,1201.0,1214.0,1214.0,1214.0,1214.0,1214.0,1214.0,1214.0,1214.0,1214.0,1214.0,1214.0,1214.0,1214.0,1214.0,1214.0,1214.0,1214.0,1242.0,1299.0,1375.0,1459.0,1541.0,1611.0,1658.0,1678.0,1678.0,1678.0,1678.0,1678.0,1678.0,1678.0,1678.0,1678.0,1678.0,1678.0,1678.0,1678.0,1678.0,1678.0,1678.0,1678.0,1703.0,1750.0,1811.0,1878.0,1943.0,1996.0,2029.0,2041.0,2041.0,2041.0,2041.0,2041.0,2041.0,2041.0,2041.0,2041.0,87,November 28,Nancy
0.0019457140808987145,1.298762322386136,1.0482621861589028,2.197977820321764,2.197977820321764,0.4733015207805796,0.7293875999896601,1.0432553671500722,1.0432553671500722,0.48994739699021006,0.7083061203074715,3.708186578328597,3.708186578328597,0.5103517457842615,1.298843602472778,4.3029272724747125,4.3029272724747125,0.2274450620926604,0.6071313915913071,13.721666666666668,-0.04779655425709779,0.04779655425709779,115.97837969148549,7.12,6.87,6.253333333333334,5.995,5.82,5.52,5.2628571428571425,5.2075,5.164444444444444,5.139999999999999,5.1472727272727266,5.203333333333333,5.281538461538461,5.4628571428571435,5.686666666666667,5.91375,6.1376470588235295,6.314444444444444,6.477894736842106,6.639999999999999,6.734285714285715,6.7200000000000015,6.615652173913043,6.5616666666666665,6.48,6.37,6.286666666666668,6.245,6.237241379310345,6.236666666666668,6.32967741935484,6.47,6.659393939393939,6.852352941176471,7.005714285714286,7.181111111111112,7.322702702702703,7.459473684210527,7.550769230769231,7.6375,7.717560975609755,7.800952380952382,7.882790697674418,7.97909090909091,8.057777777777778,8.12217391304348,8.158297872340427,8.172083333333333,8.205714285714286,8.246,8.27686274509804,8.295,8.31811320754717,8.332962962962963,8.356363636363637,8.386071428571428,8.412982456140352,8.445862068965518,8.489491525423729,8.538333333333334,8.597049180327868,8.666774193548388,8.727936507936509,8.795,8.901538461538461,9.006363636363638,9.094626865671641,9.155294117647058,9.192463768115942,9.188571428571427,9.184788732394367,9.19222222222222,9.199452054794522,9.197027027027026,9.196,9.227894736842105,9.261558441558442,9.293076923076923,9.335189873417722,9.382499999999999,9.423703703703703,9.456585365853657,9.485060240963856,9.52357142857143,9.58,9.640930232558139,9.699310344827586,9.752954545454545,9.806516853932584,9.847777777777777,9.88153846153846,9.906956521739131,9.930752688172044,9.94127659574468,9.947368421052632,9.952291666666666,9.955051546391752,9.962857142857143,9.97959595959596,9.985999999999999,10.00217821782178,10.02392156862745,10.040388349514561,10.061346153846152,10.10095238095238,10.145471698113203,10.194766355140183,10.25333333333333,10.310825688073392,10.355454545454542,10.40198198198198,10.446785714285713,10.492566371681415,10.537543859649121,10.583478260869562,10.623448275862067,10.652478632478628,10.670847457627115,10.683865546218483,10.692499999999999,10.705950413223137,10.717540983606554,10.726504065040647,10.734516129032256,10.742399999999996,10.737460317460313,10.721574803149602,10.71453125,0.5,6.0,0.0,0.0,0.0,0.0,0.0,0.0,0.0,0.0,0.0,0.0,0.0,0.0,0.0,0.0,0.0,0.0,35.0,117.0,233.0,366.0,499.0,615.0,699.0,738.0,738.0,738.0,738.0,738.0,738.0,738.0,738.0,738.0,738.0,738.0,738.0,738.0,738.0,738.0,738.0,738.0,750.0,765.0,781.0,794.0,802.0,802.0,802.0,802.0,802.0,802.0,802.0,802.0,802.0,802.0,802.0,802.0,802.0,802.0,802.0,802.0,802.0,802.0,802.0,802.0,838.0,921.0,1038.0,1174.0,1311.0,1433.0,1524.0,1570.0,1570.0,1570.0,1570.0,1570.0,1570.0,1570.0,1570.0,1570.0,1570.0,1570.0,1570.0,1570.0,1570.0,1570.0,1570.0,1570.0,1595.0,1644.0,1709.0,1780.0,1848.0,1903.0,1939.0,1952.0,1952.0,1952.0,1952.0,1952.0,1952.0,1952.0,1952.0,1952.0,1952.0,1952.0,1952.0,1952.0,1952.0,1952.0,1952.0,1952.0,1980.0,2037.0,2113.0,2197.0,2279.0,2349.0,2396.0,2416.0,2416.0,2416.0,2416.0,2416.0,2416.0,2416.0,2416.0,2416.0,88,November 29,Nancy
0.0019457140808987145,1.298762322386136,1.0482621861589028,2.197977820321764,2.197977820321764,0.4733015207805796,0.7293875999896601,1.0432553671500722,1.0432553671500722,0.48994739699021006,0.7083061203074715,3.708186578328597,3.708186578328597,0.5103517457842615,1.298843602472778,4.3029272724747125,4.3029272724747125,0.2274450620926604,0.6071313915913071,12.321666666666667,-0.05582367557115343,0.05582367557115343,115.00067631543351,7.02,6.47,6.053333333333334,5.619999999999999,5.22,4.903333333333333,4.848571428571428,5.0825,5.153333333333332,5.289999999999999,5.401818181818182,5.47,5.458461538461538,5.498571428571428,5.5,5.5825,5.667058823529411,5.686666666666666,5.709473684210526,5.75,5.767619047619048,5.783636363636362,5.793913043478261,5.8741666666666665,5.9239999999999995,5.95076923076923,5.916296296296296,5.89142857142857,5.864827586206897,5.803333333333333,5.736129032258065,5.7075,5.680606060606061,5.658235294117647,5.645714285714286,5.650555555555555,5.665945945945946,5.722631578947368,5.802051282051282,5.890000000000001,5.9834146341463414,6.062857142857143,6.14093023255814,6.222272727272728,6.275555555555555,6.278695652173913,6.237021276595744,6.217916666666667,6.18326530612245,6.132,6.092549019607843,6.073846153846154,6.072830188679245,6.075555555555555,6.130909090909091,6.214642857142857,6.328771929824562,6.447586206896552,6.545423728813559,6.658333333333333,6.752786885245902,6.845806451612903,6.912063492063492,6.976249999999999,7.036923076923077,7.10030303030303,7.163283582089552,7.2361764705882345,7.298260869565217,7.351428571428571,7.386197183098591,7.4061111111111115,7.43917808219178,7.476756756756755,7.507999999999999,7.530526315789473,7.556363636363637,7.576410256410257,7.602278481012657,7.6325,7.66074074074074,7.693170731707315,7.733253012048191,7.777142857142857,7.828235294117647,7.887441860465116,7.940689655172414,7.99840909090909,8.085168539325842,8.17111111111111,8.245274725274724,8.299347826086956,8.336129032258063,8.342340425531916,8.34842105263158,8.362708333333332,8.376701030927835,8.383265306122448,8.39070707070707,8.423,8.456633663366336,8.488627450980392,8.52873786407767,8.572884615384615,8.612380952380953,8.645471698113207,8.675140186915886,8.712592592592593,8.764036697247706,8.819090909090908,8.872252252252252,8.921785714285715,8.971327433628318,9.011228070175438,9.045217391304348,9.072586206896553,9.098632478632478,9.114067796610168,9.125882352941174,9.136666666666667,9.145619834710743,9.158524590163935,9.178536585365855,9.19016129032258,9.209599999999998,9.233492063492061,9.253070866141732,9.276250000000001,28.333333333333332,340.0,0.0,0.0,0.0,0.0,0.0,0.0,0.0,0.0,0.0,0.0,0.0,0.0,0.0,0.0,0.0,0.0,6.0,6.0,6.0,6.0,6.0,6.0,6.0,6.0,6.0,6.0,6.0,6.0,6.0,6.0,6.0,6.0,6.0,6.0,6.0,6.0,6.0,6.0,6.0,6.0,41.0,123.0,239.0,372.0,505.0,621.0,705.0,744.0,744.0,744.0,744.0,744.0,744.0,744.0,744.0,744.0,744.0,744.0,744.0,744.0,744.0,744.0,744.0,744.0,756.0,771.0,787.0,800.0,808.0,808.0,808.0,808.0,808.0,808.0,808.0,808.0,808.0,808.0,808.0,808.0,808.0,808.0,808.0,808.0,808.0,808.0,808.0,808.0,844.0,927.0,1044.0,1180.0,1317.0,1439.0,1530.0,1576.0,1576.0,1576.0,1576.0,1576.0,1576.0,1576.0,1576.0,1576.0,1576.0,1576.0,1576.0,1576.0,1576.0,1576.0,1576.0,1576.0,1601.0,1650.0,1715.0,1786.0,1854.0,1909.0,1945.0,1958.0,1958.0,1958.0,1958.0,1958.0,1958.0,1958.0,1958.0,1958.0,89,November 30,Nancy
0.0019457140808987145,1.298762322386136,1.0482621861589028,2.197977820321764,2.197977820321764,0.4733015207805796,0.7293875999896601,1.0432553671500722,1.0432553671500722,0.48994739699021006,0.7083061203074715,3.708186578328597,3.708186578328597,0.5103517457842615,1.298843602472778,4.3029272724747125,4.3029272724747125,0.2274450620926604,0.6071313915913071,10.68,-0.06187667714207821,0.06187667714207821,114.26342072409487,6.92,6.72,6.286666666666666,5.994999999999999,5.640000000000001,5.536666666666666,5.534285714285714,5.52,5.42,5.31,5.274545454545454,5.236666666666667,5.243076923076923,5.241428571428572,5.393333333333332,5.526249999999999,5.6905882352941175,5.803333333333333,5.972631578947369,6.154999999999999,6.281904761904761,6.41090909090909,6.450434782608695,6.4575000000000005,6.48,6.458461538461539,6.412592592592592,6.3378571428571435,6.244137931034482,6.1466666666666665,6.094193548387097,6.11375,6.101818181818182,6.114117647058824,6.1257142857142854,6.128333333333333,6.106486486486486,6.104210526315789,6.0892307692307694,6.1075,6.129756097560975,6.127142857142856,6.126976744186046,6.135909090909092,6.1355555555555545,6.135217391304349,6.132765957446809,6.165833333333332,6.18530612244898,6.194,6.170980392156862,6.152692307692306,6.133207547169812,6.094074074074075,6.05090909090909,6.028928571428572,6.007719298245614,5.988965517241379,5.975932203389831,5.973333333333333,5.977377049180328,6.007096774193548,6.051746031746031,6.1028125,6.158461538461538,6.206363636363635,6.254328358208955,6.305294117647058,6.338840579710145,6.34,6.311549295774648,6.297777777777777,6.273424657534246,6.2375675675675675,6.209333333333334,6.194999999999999,6.192727272727273,6.193076923076923,6.230126582278481,6.2875,6.366913580246912,6.450487804878048,6.519999999999999,6.60095238095238,6.669411764705881,6.737441860465115,6.786666666666666,6.8347727272727266,6.880674157303371,6.928888888888887,6.977142857142855,7.0330434782608675,7.081290322580643,7.1231914893617,7.151578947368418,7.168958333333332,7.1962886597938125,7.227142857142856,7.253333333333333,7.272999999999999,7.295247524752474,7.313137254901959,7.335533980582523,7.361346153846153,7.385714285714284,7.4133962264150925,7.447102803738315,7.483888888888888,7.5264220183486215,7.575454545454544,7.619999999999998,7.668214285714285,7.739469026548671,7.81035087719298,7.872173913043476,7.918275862068963,7.950769230769229,7.958983050847455,7.967058823529411,7.9816666666666665,7.996033057851238,8.004426229508196,8.013495934959348,8.042580645161289,8.072799999999999,8.10174603174603,8.137322834645667,8.17625,38.5,462.0,0.0,0.0,0.0,0.0,0.0,0.0,0.0,0.0,0.0,0.0,0.0,0.0,0.0,0.0,0.0,0.0,22.0,67.0,126.0,190.0,251.0,301.0,331.0,340.0,340.0,340.0,340.0,340.0,340.0,340.0,340.0,340.0,340.0,340.0,340.0,340.0,340.0,340.0,340.0,340.0,346.0,346.0,346.0,346.0,346.0,346.0,346.0,346.0,346.0,346.0,346.0,346.0,346.0,346.0,346.0,346.0,346.0,346.0,346.0,346.0,346.0,346.0,346.0,346.0,381.0,463.0,579.0,712.0,845.0,961.0,1045.0,1084.0,1084.0,1084.0,1084.0,1084.0,1084.0,1084.0,1084.0,1084.0,1084.0,1084.0,1084.0,1084.0,1084.0,1084.0,1084.0,1084.0,1096.0,1111.0,1127.0,1140.0,1148.0,1148.0,1148.0,1148.0,1148.0,1148.0,1148.0,1148.0,1148.0,1148.0,1148.0,1148.0,1148.0,1148.0,1148.0,1148.0,1148.0,1148.0,1148.0,1148.0,1184.0,1267.0,1384.0,1520.0,1657.0,1779.0,1870.0,1916.0,1916.0,1916.0,1916.0,1916.0,1916.0,1916.0,1916.0,1916.0,90,December 1,Nancy
0.0019457140808987145,1.298762322386136,1.0482621861589028,2.197977820321764,2.197977820321764,0.4733015207805796,0.7293875999896601,1.0432553671500722,1.0432553671500722,0.48994739699021006,0.7083061203074715,3.708186578328597,3.708186578328597,0.5103517457842615,1.298843602472778,4.3029272724747125,4.3029272724747125,0.2274450620926604,0.6071313915913071,12.955000000000002,-0.0880393733772141,0.0880393733772141,111.07680432265532,6.02,5.52,5.153333333333333,5.194999999999999,5.159999999999999,5.1866666666666665,5.248571428571428,5.157499999999999,5.075555555555555,4.959999999999999,4.929090909090908,5.0616666666666665,5.181538461538461,5.298571428571429,5.479999999999999,5.751249999999999,6.043529411764705,6.292222222222222,6.514736842105262,6.76,6.953333333333334,7.056363636363637,7.141739130434782,7.190833333333333,7.1800000000000015,7.154615384615386,7.09037037037037,7.0200000000000005,6.923448275862069,6.86,6.816774193548387,6.773124999999999,6.707878787878787,6.6376470588235295,6.588571428571428,6.539444444444444,6.506486486486486,6.472631578947369,6.49948717948718,6.525,6.568780487804877,6.5961904761904755,6.652558139534884,6.719999999999999,6.766666666666666,6.81782608695652,6.828510638297871,6.824166666666666,6.828163265306122,6.81,6.778823529411764,6.731538461538461,6.672830188679245,6.61074074074074,6.572727272727271,6.5753571428571425,6.560350877192981,6.559655172413792,6.558983050847457,6.553333333333332,6.533114754098359,6.524838709677418,6.508888888888888,6.51375,6.521538461538461,6.513939393939394,6.508059701492537,6.508235294117647,6.502608695652174,6.4971428571428556,6.490422535211267,6.507499999999999,6.515890410958904,6.517297297297297,6.497333333333334,6.480526315789473,6.462857142857143,6.4315384615384605,6.397215189873417,6.3774999999999995,6.358271604938271,6.340731707317072,6.32722891566265,6.321190476190475,6.319999999999999,6.337441860465114,6.3659770114942535,6.399545454545454,6.436853932584269,6.468888888888889,6.50131868131868,6.5363043478260865,6.558709677419353,6.557234042553191,6.533684210526316,6.521041666666666,6.50041237113402,6.471020408163263,6.4472727272727255,6.433999999999998,6.429900990099008,6.427843137254902,6.453980582524272,6.495961538461538,6.555238095238095,6.61811320754717,6.670467289719624,6.732037037037037,6.784220183486236,6.836363636363636,6.874054054054053,6.911071428571427,6.946548672566371,6.984035087719297,7.0217391304347805,7.065689655172413,7.103760683760683,7.136949152542373,7.159495798319327,7.173333333333332,7.195206611570247,7.22,7.241138211382112,7.257096774193547,7.275199999999999,7.2898412698412685,7.308188976377952,7.329374999999999,29.333333333333332,352.0,0.0,0.0,0.0,0.0,0.0,0.0,0.0,0.0,0.0,0.0,0.0,0.0,0.0,0.0,0.0,0.0,26.0,83.0,160.0,245.0,328.0,398.0,444.0,462.0,462.0,462.0,462.0,462.0,462.0,462.0,462.0,462.0,462.0,462.0,462.0,462.0,462.0,462.0,462.0,462.0,484.0,529.0,588.0,652.0,713.0,763.0,793.0,802.0,802.0,802.0,802.0,802.0,802.0,802.0,802.0,802.0,802.0,802.0,802.0,802.0,802.0,802.0,802.0,802.0,808.0,808.0,808.0,808.0,808.0,808.0,808.0,808.0,808.0,808.0,808.0,808.0,808.0,808.0,808.0,808.0,808.0,808.0,808.0,808.0,808.0,808.0,808.0,808.0,843.0,925.0,1041.0,1174.0,1307.0,1423.0,1507.0,1546.0,1546.0,1546.0,1546.0,1546.0,1546.0,1546.0,1546.0,1546.0,1546.0,1546.0,1546.0,1546.0,1546.0,1546.0,1546.0,1546.0,1558.0,1573.0,1589.0,1602.0,1610.0,1610.0,1610.0,1610.0,1610.0,1610.0,1610.0,1610.0,1610.0,1610.0,1610.0,1610.0,91,December 2,Nancy
0.0019457140808987145,1.298762322386136,1.0482621861589028,2.197977820321764,2.197977820321764,0.4733015207805796,0.7293875999896601,1.0432553671500722,1.0432553671500722,0.48994739699021006,0.7083061203074715,3.708186578328597,3.708186578328597,0.5103517457842615,1.298843602472778,4.3029272724747125,4.3029272724747125,0.2274450620926604,0.6071313915913071,10.488333333333333,0.004713189023068118,0.004713189023068118,122.3740664230097,7.22,7.57,7.82,7.895,7.4,6.986666666666667,6.762857142857143,6.445,6.231111111111111,6.1899999999999995,6.247272727272727,6.303333333333334,6.296923076923077,6.255714285714285,6.1933333333333325,6.244999999999999,6.372941176470588,6.486666666666667,6.577894736842105,6.705000000000001,6.772380952380952,6.747272727272727,6.702608695652173,6.674166666666667,6.648,6.585384615384614,6.5051851851851845,6.462857142857142,6.41310344827586,6.376666666666665,6.352258064516127,6.295,6.238181818181817,6.169999999999999,6.1257142857142854,6.136666666666666,6.149729729729729,6.167368421052631,6.214871794871793,6.305000000000001,6.412682926829269,6.510476190476192,6.603720930232559,6.713181818181818,6.804444444444446,6.856956521739132,6.902978723404257,6.9325,6.932244897959185,6.9239999999999995,6.8945098039215695,6.860384615384616,6.810566037735851,6.7774074074074075,6.754545454545456,6.730714285714285,6.693684210526317,6.6527586206896565,6.623389830508474,6.593333333333334,6.572459016393444,6.5506451612903245,6.566031746031747,6.580937499999999,6.607692307692307,6.624545454545455,6.660298507462687,6.703823529411765,6.734492753623189,6.76857142857143,6.776338028169015,6.774166666666666,6.7775342465753425,6.765945945945946,6.745333333333334,6.713421052631579,6.673246753246754,6.630256410256409,6.603544303797469,6.6049999999999995,6.594074074074074,6.593170731707317,6.592289156626506,6.587857142857143,6.572941176470588,6.5665116279069755,6.554482758620688,6.557500000000001,6.562696629213482,6.556666666666667,6.551868131868132,6.551521739130436,6.546881720430107,6.542340425531914,6.5368421052631565,6.549166666666667,6.555051546391752,6.555714285714285,6.54020202020202,6.527,6.513069306930692,6.488627450980393,6.461747572815534,6.445961538461538,6.430476190476191,6.416226415094339,6.405046728971963,6.399629629629629,6.397981651376146,6.41090909090909,6.432612612612611,6.458392857142856,6.487256637168141,6.512105263157895,6.537391304347826,6.5648275862068965,6.582393162393162,6.5810169491525405,6.562016806722687,6.551666666666665,6.53487603305785,6.510983606557375,6.491544715447155,6.480483870967741,6.476799999999999,6.474761904761904,6.495590551181101,6.529374999999999,12.5,150.0,0.0,0.0,0.0,0.0,0.0,0.0,0.0,0.0,0.0,0.0,0.0,0.0,0.0,0.0,0.0,0.0,22.0,68.0,129.0,196.0,260.0,311.0,342.0,352.0,352.0,352.0,352.0,352.0,352.0,352.0,352.0,352.0,352.0,352.0,352.0,352.0,352.0,352.0,352.0,352.0,378.0,435.0,512.0,597.0,680.0,750.0,796.0,814.0,814.0,814.0,814.0,814.0,814.0,814.0,814.0,814.0,814.0,814.0,814.0,814.0,814.0,814.0,814.0,814.0,836.0,881.0,940.0,1004.0,1065.0,1115.0,1145.0,1154.0,1154.0,1154.0,1154.0,1154.0,1154.0,1154.0,1154.0,1154.0,1154.0,1154.0,1154.0,1154.0,1154.0,1154.0,1154.0,1154.0,1160.0,1160.0,1160.0,1160.0,1160.0,1160.0,1160.0,1160.0,1160.0,1160.0,1160.0,1160.0,1160.0,1160.0,1160.0,1160.0,1160.0,1160.0,1160.0,1160.0,1160.0,1160.0,1160.0,1160.0,1195.0,1277.0,1393.0,1526.0,1659.0,1775.0,1859.0,1898.0,1898.0,1898.0,1898.0,1898.0,1898.0,1898.0,1898.0,1898.0,92,December 3,Nancy
0.0019457140808987145,1.298762322386136,1.0482621861589028,2.197977820321764,2.197977820321764,0.4733015207805796,0.7293875999896601,1.0432553671500722,1.0432553671500722,0.48994739699021006,0.7083061203074715,3.708186578328597,3.708186578328597,0.5103517457842615,1.298843602472778,4.3029272724747125,4.3029272724747125,0.2274450620926604,0.6071313915913071,8.813333333333333,-0.04794198967082262,0.04794198967082262,115.9606656580938,7.62,7.870000000000001,7.886666666666667,7.920000000000001,7.860000000000001,7.553333333333334,7.377142857142856,7.045,6.686666666666666,6.460000000000001,6.429090909090909,6.503333333333334,6.627692307692308,6.777142857142858,6.953333333333334,7.17625,7.314117647058824,7.458888888888889,7.62,7.784999999999999,7.91047619047619,8.001818181818182,8.028695652173914,8.0075,7.975999999999999,7.973846153846154,7.986666666666666,7.991428571428571,7.902758620689656,7.803333333333334,7.726451612903226,7.616875,7.5230303030303025,7.472941176470588,7.454285714285714,7.439444444444444,7.406486486486487,7.362105263157896,7.309743589743591,7.3025,7.329756097560975,7.355714285714286,7.375813953488373,7.415454545454545,7.431111111111112,7.404782608695651,7.368936170212765,7.340833333333333,7.313877551020408,7.268,7.212156862745098,7.175769230769232,7.135094339622642,7.101481481481481,7.074545454545455,7.028928571428572,6.983157894736841,6.9303448275862065,6.8911864406779655,6.885,6.8806557377049185,6.879677419354838,6.897777777777777,6.9434375,7.001538461538462,7.054848484848485,7.106567164179105,7.17,7.222898550724637,7.251428571428571,7.276338028169014,7.290833333333333,7.285753424657535,7.275405405405405,7.250666666666666,7.222631578947368,7.183636363636364,7.155897435897436,7.135189873417721,7.1137500000000005,7.082962962962962,7.049268292682926,7.023614457831324,6.9973809523809525,6.977647058823528,6.95720930232558,6.963678160919541,6.97,6.9851685393258425,6.993333333333333,7.015604395604395,7.043913043478259,7.063010752688171,7.084893617021276,7.0873684210526315,7.0825,7.081855670103092,7.069999999999999,7.0513131313131305,7.024,6.99029702970297,6.954313725490195,6.930679611650485,6.928653846153846,6.917142857142858,6.913396226415093,6.909719626168225,6.903333333333332,6.88880733944954,6.88090909090909,6.868648648648648,6.868214285714286,6.869557522123894,6.862105263157894,6.855652173913042,6.852758620689655,6.846495726495726,6.840338983050846,6.83344537815126,6.840833333333333,6.843140495867767,6.841311475409836,6.82650406504065,6.813548387096774,6.799999999999999,6.7779365079365075,6.753858267716534,6.73875,49.333333333333336,592.0,0.0,0.0,0.0,0.0,0.0,0.0,0.0,0.0,0.0,0.0,0.0,0.0,0.0,0.0,0.0,0.0,15.0,40.0,71.0,103.0,130.0,147.0,150.0,150.0,150.0,150.0,150.0,150.0,150.0,150.0,150.0,150.0,150.0,150.0,150.0,150.0,150.0,150.0,150.0,150.0,172.0,218.0,279.0,346.0,410.0,461.0,492.0,502.0,502.0,502.0,502.0,502.0,502.0,502.0,502.0,502.0,502.0,502.0,502.0,502.0,502.0,502.0,502.0,502.0,528.0,585.0,662.0,747.0,830.0,900.0,946.0,964.0,964.0,964.0,964.0,964.0,964.0,964.0,964.0,964.0,964.0,964.0,964.0,964.0,964.0,964.0,964.0,964.0,986.0,1031.0,1090.0,1154.0,1215.0,1265.0,1295.0,1304.0,1304.0,1304.0,1304.0,1304.0,1304.0,1304.0,1304.0,1304.0,1304.0,1304.0,1304.0,1304.0,1304.0,1304.0,1304.0,1304.0,1310.0,1310.0,1310.0,1310.0,1310.0,1310.0,1310.0,1310.0,1310.0,1310.0,1310.0,1310.0,1310.0,1310.0,1310.0,1310.0,93,December 4,Nancy
0.0019457140808987145,1.298762322386136,1.0482621861589028,2.197977820321764,2.197977820321764,0.4733015207805796,0.7293875999896601,1.0432553671500722,1.0432553671500722,0.48994739699021006,0.7083061203074715,3.708186578328597,3.708186578328597,0.5103517457842615,1.298843602472778,4.3029272724747125,4.3029272724747125,0.2274450620926604,0.6071313915913071,13.596666666666668,-0.11432097841038524,0.11432097841038524,107.87570482961507,4.32,4.07,4.3533333333333335,4.745,5.279999999999999,5.920000000000001,6.3914285714285715,6.5825,6.697777777777777,6.709999999999999,6.792727272727273,6.761666666666666,6.904615384615384,7.077142857142858,7.386666666666668,7.72,8.067058823529411,8.34222222222222,8.55157894736842,8.719999999999999,8.877142857142854,8.99272727272727,9.011304347826085,8.974166666666667,8.92,8.889230769230767,8.853333333333333,8.823571428571427,8.78206896551724,8.69,8.613548387096774,8.491875,8.35030303030303,8.23470588235294,8.174285714285713,8.150555555555556,8.14972972972973,8.164736842105265,8.19692307692308,8.254999999999999,8.285853658536585,8.324761904761905,8.375813953488374,8.433636363636365,8.47777777777778,8.509130434782609,8.511489361702129,8.490833333333333,8.464897959183673,8.454,8.45137254901961,8.445,8.387924528301888,8.323703703703703,8.270909090909091,8.198571428571428,8.134035087719298,8.094137931034481,8.072542372881356,8.053333333333333,8.02327868852459,7.986129032258066,7.9438095238095245,7.929375,7.936923076923079,7.944242424242427,7.948358208955225,7.965588235294119,7.967826086956522,7.942857142857143,7.911549295774648,7.885277777777778,7.859726027397262,7.821351351351354,7.776000000000001,7.743684210526317,7.70831168831169,7.677692307692308,7.651645569620253,7.6125,7.573086419753087,7.528536585365855,7.493493975903615,7.4819047619047625,7.471764705882353,7.464186046511627,7.470574712643679,7.497272727272727,7.533483146067417,7.566666666666668,7.59912087912088,7.640652173913044,7.674838709677419,7.691276595744681,7.705263157894737,7.711666666666666,7.703505154639175,7.691428571428571,7.668484848484848,7.643,7.609108910891088,7.583725490196078,7.563689320388349,7.5430769230769235,7.515238095238096,7.485094339622642,7.461121495327104,7.436666666666667,7.417247706422018,7.397272727272727,7.3983783783783785,7.399464285714286,7.407610619469027,7.410350877192984,7.424347826086957,7.443275862068966,7.455042735042735,7.469152542372881,7.467899159663865,7.4608333333333325,7.457190082644629,7.444590163934428,7.426504065040651,7.401451612903226,7.371199999999999,7.339047619047619,7.316850393700787,7.3121875,26.333333333333332,316.0,0.0,0.0,0.0,0.0,0.0,0.0,0.0,0.0,0.0,0.0,0.0,0.0,0.0,0.0,0.0,0.0,30.0,99.0,195.0,304.0,412.0,504.0,567.0,592.0,592.0,592.0,592.0,592.0,592.0,592.0,592.0,592.0,592.0,592.0,592.0,592.0,592.0,592.0,592.0,592.0,607.0,632.0,663.0,695.0,722.0,739.0,742.0,742.0,742.0,742.0,742.0,742.0,742.0,742.0,742.0,742.0,742.0,742.0,742.0,742.0,742.0,742.0,742.0,742.0,764.0,810.0,871.0,938.0,1002.0,1053.0,1084.0,1094.0,1094.0,1094.0,1094.0,1094.0,1094.0,1094.0,1094.0,1094.0,1094.0,1094.0,1094.0,1094.0,1094.0,1094.0,1094.0,1094.0,1120.0,1177.0,1254.0,1339.0,1422.0,1492.0,1538.0,1556.0,1556.0,1556.0,1556.0,1556.0,1556.0,1556.0,1556.0,1556.0,1556.0,1556.0,1556.0,1556.0,1556.0,1556.0,1556.0,1556.0,1578.0,1623.0,1682.0,1746.0,1807.0,1857.0,1887.0,1896.0,1896.0,1896.0,1896.0,1896.0,1896.0,1896.0,1896.0,1896.0,94,December 5,Nancy
0.0019457140808987145,1.298762322386136,1.0482621861589028,2.197977820321764,2.197977820321764,0.4733015207805796,0.7293875999896601,1.0432553671500722,1.0432553671500722,0.48994739699021006,0.7083061203074715,3.708186578328597,3.708186578328597,0.5103517457842615,1.298843602472778,4.3029272724747125,4.3029272724747125,0.2274450620926604,0.6071313915913071,16.913333333333334,-0.07793231600878427,0.07793231600878427,112.30784391013007,3.52,3.62,3.453333333333333,3.495,3.2800000000000002,3.2866666666666666,3.4628571428571426,3.52,3.497777777777778,3.35,3.283636363636364,3.2450000000000006,3.350769230769231,3.505714285714286,3.826666666666667,4.145,4.361176470588235,4.52,4.619999999999999,4.725,4.839047619047619,4.842727272727273,4.841739130434783,4.824166666666667,4.803999999999999,4.766153846153847,4.771851851851852,4.812857142857143,4.902758620689656,5.043333333333333,5.178064516129033,5.26375,5.335151515151515,5.378823529411765,5.442857142857143,5.470000000000001,5.555135135135135,5.654210526315789,5.809743589743589,5.9825,6.168780487804877,6.331904761904762,6.471162790697674,6.595,6.7155555555555555,6.817826086956522,6.873191489361702,6.899166666666666,6.913877551020407,6.938,6.957254901960784,6.977692307692308,6.989811320754717,6.971851851851852,6.96,6.92,6.86561403508772,6.823448275862069,6.811525423728813,6.820000000000001,6.841311475409837,6.871612903225808,6.912063492063493,6.9684375,7.007692307692308,7.051818181818182,7.10358208955224,7.159705882352942,7.206956521739131,7.245714285714286,7.26507042253521,7.26861111111111,7.267945205479451,7.276756756756757,7.2906666666666675,7.301578947368422,7.277142857142858,7.246923076923077,7.223797468354431,7.186250000000001,7.153333333333332,7.137073170731707,7.133253012048193,7.130714285714286,7.119999999999999,7.103720930232558,7.083218390804598,7.0825,7.09752808988764,7.112222222222221,7.124395604395604,7.1460869565217395,7.156559139784946,7.146595744680851,7.131578947368421,7.12,7.108659793814432,7.08734693877551,7.060404040404039,7.042999999999999,7.022970297029702,7.006274509803923,6.992815533980583,6.969038461538461,6.944761904761905,6.916226415094339,6.894766355140187,6.8912962962962965,6.888807339449541,6.888181818181819,6.8983783783783785,6.9244642857142855,6.958053097345132,6.989298245614035,7.0200000000000005,7.057931034482759,7.090085470085469,7.1081355932203385,7.12420168067227,7.134166666666666,7.132396694214876,7.127377049180327,7.11349593495935,7.097419354838709,7.0744,7.0580952380952375,7.045984251968504,7.03328125,14.083333333333334,169.0,0.0,0.0,0.0,0.0,0.0,0.0,0.0,0.0,0.0,0.0,0.0,0.0,0.0,0.0,0.0,0.0,22.0,65.0,120.0,180.0,237.0,283.0,310.0,316.0,316.0,316.0,316.0,316.0,316.0,316.0,316.0,316.0,316.0,316.0,316.0,316.0,316.0,316.0,316.0,316.0,346.0,415.0,511.0,620.0,728.0,820.0,883.0,908.0,908.0,908.0,908.0,908.0,908.0,908.0,908.0,908.0,908.0,908.0,908.0,908.0,908.0,908.0,908.0,908.0,923.0,948.0,979.0,1011.0,1038.0,1055.0,1058.0,1058.0,1058.0,1058.0,1058.0,1058.0,1058.0,1058.0,1058.0,1058.0,1058.0,1058.0,1058.0,1058.0,1058.0,1058.0,1058.0,1058.0,1080.0,1126.0,1187.0,1254.0,1318.0,1369.0,1400.0,1410.0,1410.0,1410.0,1410.0,1410.0,1410.0,1410.0,1410.0,1410.0,1410.0,1410.0,1410.0,1410.0,1410.0,1410.0,1410.0,1410.0,1436.0,1493.0,1570.0,1655.0,1738.0,1808.0,1854.0,1872.0,1872.0,1872.0,1872.0,1872.0,1872.0,1872.0,1872.0,1872.0,95,December 6,Nancy
0.0019457140808987145,1.298762322386136,1.0482621861589028,2.197977820321764,2.197977820321764,0.4733015207805796,0.7293875999896601,1.0432553671500722,1.0432553671500722,0.48994739699021006,0.7083061203074715,3.708186578328597,3.708186578328597,0.5103517457842615,1.298843602472778,4.3029272724747125,4.3029272724747125,0.2274450620926604,0.6071313915913071,19.76333333333333,-0.0226783218274484,0.0226783218274484,119.03778040141678,-1.38,-1.4300000000000002,-1.5133333333333334,-1.08,-0.86,-0.7966666666666667,-0.78,-0.9675,-1.1355555555555554,-1.22,-1.170909090909091,-1.0466666666666669,-0.8492307692307695,-0.6871428571428572,-0.4533333333333333,-0.21125,-0.06235294117647056,0.058888888888888914,0.2357894736842105,0.41,0.5961904761904762,0.7381818181818183,0.8895652173913042,1.02,1.12,1.2200000000000002,1.2903703703703704,1.3735714285714287,1.4096551724137931,1.4733333333333334,1.5716129032258066,1.645,1.6957575757575756,1.7052941176470588,1.7314285714285715,1.7616666666666665,1.8389189189189188,1.9357894736842103,2.0994871794871792,2.27,2.4053658536585365,2.5199999999999996,2.6106976744186046,2.704090909090909,2.8022222222222224,2.8482608695652183,2.8902127659574477,2.922083333333333,2.950612244897959,2.968,3.0062745098039216,3.0623076923076926,3.144528301886792,3.255185185185186,3.3636363636363638,3.445,3.518245614035088,3.575172413793103,3.6437288135593224,3.6899999999999995,3.770819672131148,3.8603225806451618,3.985079365079365,4.1215625,4.2676923076923075,4.4003030303030295,4.518507462686567,4.627352941176471,4.734492753623188,4.829999999999999,4.894647887323942,4.939444444444444,4.976164383561644,5.018648648648648,5.057333333333333,5.096315789473684,5.129090909090909,5.1405128205128205,5.155443037974683,5.15,5.1335802469135805,5.124878048780488,5.136867469879517,5.162857142857143,5.19764705882353,5.238604651162791,5.286666666666666,5.346136363636363,5.393033707865169,5.443333333333333,5.499120879120879,5.55804347826087,5.610322580645161,5.656170212765957,5.687368421052632,5.706458333333333,5.722061855670103,5.7444897959183665,5.77050505050505,5.7940000000000005,5.7902970297029706,5.781764705882353,5.7782524271844675,5.76326923076923,5.751428571428571,5.752075471698112,5.762056074766355,5.772777777777778,5.776880733944954,5.776363636363636,5.772252252252252,5.783392857142857,5.806725663716814,5.829649122807018,5.850434782608695,5.878620689655173,5.897777777777778,5.900508474576271,5.898991596638656,5.8999999999999995,5.90099173553719,5.893770491803277,5.881788617886179,5.877258064516129,5.8704,5.866031746031746,5.864094488188977,5.85359375,0.3333333333333333,4.0,0.0,0.0,0.0,0.0,0.0,0.0,0.0,0.0,0.0,0.0,0.0,0.0,0.0,0.0,0.0,0.0,16.0,45.0,80.0,114.0,143.0,162.0,169.0,169.0,169.0,169.0,169.0,169.0,169.0,169.0,169.0,169.0,169.0,169.0,169.0,169.0,169.0,169.0,169.0,169.0,191.0,234.0,289.0,349.0,406.0,452.0,479.0,485.0,485.0,485.0,485.0,485.0,485.0,485.0,485.0,485.0,485.0,485.0,485.0,485.0,485.0,485.0,485.0,485.0,515.0,584.0,680.0,789.0,897.0,989.0,1052.0,1077.0,1077.0,1077.0,1077.0,1077.0,1077.0,1077.0,1077.0,1077.0,1077.0,1077.0,1077.0,1077.0,1077.0,1077.0,1077.0,1077.0,1092.0,1117.0,1148.0,1180.0,1207.0,1224.0,1227.0,1227.0,1227.0,1227.0,1227.0,1227.0,1227.0,1227.0,1227.0,1227.0,1227.0,1227.0,1227.0,1227.0,1227.0,1227.0,1227.0,1227.0,1249.0,1295.0,1356.0,1423.0,1487.0,1538.0,1569.0,1579.0,1579.0,1579.0,1579.0,1579.0,1579.0,1579.0,1579.0,1579.0,96,December 7,Nancy
0.0019457140808987145,1.298762322386136,1.0482621861589028,2.197977820321764,2.197977820321764,0.4733015207805796,0.7293875999896601,1.0432553671500722,1.0432553671500722,0.48994739699021006,0.7083061203074715,3.708186578328597,3.708186578328597,0.5103517457842615,1.298843602472778,4.3029272724747125,4.3029272724747125,0.2274450620926604,0.6071313915913071,15.088333333333335,0.042347409716580374,0.042347409716580374,126.95791450347949,2.02,1.37,1.0533333333333335,1.02,1.1,1.2033333333333331,1.1485714285714284,0.9824999999999999,0.6977777777777777,0.41999999999999993,0.3836363636363637,0.4366666666666667,0.5584615384615385,0.6557142857142857,0.72,0.80125,0.8258823529411764,0.8088888888888889,0.756842105263158,0.615,0.4819047619047619,0.37454545454545457,0.3460869565217391,0.33666666666666667,0.26799999999999996,0.20076923076923078,0.13111111111111107,0.1342857142857143,0.13034482758620689,0.11000000000000003,0.08451612903225807,0.010624999999999996,-0.0648484848484849,-0.12117647058823533,-0.13714285714285715,-0.12444444444444451,-0.08000000000000003,-0.040526315789473695,0.03282051282051282,0.11750000000000008,0.17121951219512194,0.21761904761904763,0.292093023255814,0.37000000000000005,0.45777777777777773,0.5286956521739129,0.6072340425531914,0.6783333333333333,0.736326530612245,0.796,0.8415686274509804,0.8950000000000001,0.9237735849056605,0.9681481481481483,1.0327272727272727,1.0842857142857143,1.1235087719298245,1.1389655172413793,1.1640677966101696,1.1916666666666667,1.2478688524590165,1.3167741935483872,1.4279365079365076,1.5450000000000002,1.6415384615384616,1.726060606060606,1.7961194029850747,1.8685294117647062,1.94463768115942,1.9871428571428567,2.027042253521126,2.060277777777778,2.0912328767123287,2.1145945945945948,2.152,2.201578947368421,2.2693506493506486,2.3571794871794864,2.444050632911392,2.5125,2.5755555555555554,2.627317073170732,2.687469879518072,2.7319047619047616,2.801176470588235,2.876976744186046,2.9786206896551723,3.089318181818182,3.207640449438202,3.3166666666666673,3.415604395604396,3.50804347826087,3.5995698924731188,3.6827659574468097,3.743157894736843,3.7887500000000003,3.8282474226804126,3.872040816326531,3.9129292929292934,3.954000000000001,3.9902970297029707,4.010196078431374,4.0326213592233024,4.03923076923077,4.037142857142857,4.040754716981133,4.060186915887851,4.090370370370371,4.127339449541285,4.169090909090911,4.216396396396397,4.272678571428572,4.319115044247788,4.368245614035088,4.421739130434783,4.477758620689654,4.528547008547008,4.574237288135592,4.608235294117646,4.632499999999999,4.65388429752066,4.680655737704917,4.710243902439022,4.73774193548387,4.743199999999998,4.744603174603173,4.749921259842519,4.745781249999999,11.916666666666666,143.0,0.0,0.0,0.0,0.0,0.0,0.0,0.0,0.0,0.0,0.0,0.0,0.0,0.0,0.0,0.0,0.0,4.0,4.0,4.0,4.0,4.0,4.0,4.0,4.0,4.0,4.0,4.0,4.0,4.0,4.0,4.0,4.0,4.0,4.0,4.0,4.0,4.0,4.0,4.0,4.0,20.0,49.0,84.0,118.0,147.0,166.0,173.0,173.0,173.0,173.0,173.0,173.0,173.0,173.0,173.0,173.0,173.0,173.0,173.0,173.0,173.0,173.0,173.0,173.0,195.0,238.0,293.0,353.0,410.0,456.0,483.0,489.0,489.0,489.0,489.0,489.0,489.0,489.0,489.0,489.0,489.0,489.0,489.0,489.0,489.0,489.0,489.0,489.0,519.0,588.0,684.0,793.0,901.0,993.0,1056.0,1081.0,1081.0,1081.0,1081.0,1081.0,1081.0,1081.0,1081.0,1081.0,1081.0,1081.0,1081.0,1081.0,1081.0,1081.0,1081.0,1081.0,1096.0,1121.0,1152.0,1184.0,1211.0,1228.0,1231.0,1231.0,1231.0,1231.0,1231.0,1231.0,1231.0,1231.0,1231.0,1231.0,97,December 8,Nancy
0.0019457140808987145,1.298762322386136,1.0482621861589028,2.197977820321764,2.197977820321764,0.4733015207805796,0.7293875999896601,1.0432553671500722,1.0432553671500722,0.48994739699021006,0.7083061203074715,3.708186578328597,3.708186578328597,0.5103517457842615,1.298843602472778,4.3029272724747125,4.3029272724747125,0.2274450620926604,0.6071313915913071,13.321666666666667,0.048639234206777994,0.048639234206777994,127.72425872638556,4.82,4.82,4.553333333333334,4.295,4.16,3.936666666666667,3.762857142857143,3.595,3.397777777777778,3.22,3.2381818181818187,3.3700000000000006,3.4892307692307694,3.577142857142858,3.6666666666666665,3.77625,3.914117647058823,3.9755555555555557,4.02,4.029999999999999,4.086666666666666,4.115454545454545,4.133043478260868,4.140833333333334,4.056,3.927692307692308,3.7977777777777777,3.6949999999999994,3.616551724137931,3.5533333333333332,3.4651612903225804,3.3512500000000003,3.2018181818181817,3.0464705882352936,2.96,2.9061111111111106,2.8821621621621616,2.856842105263157,2.8251282051282045,2.8049999999999997,2.766341463414634,2.7128571428571426,2.645581395348837,2.5381818181818177,2.4333333333333327,2.339565217391304,2.283829787234042,2.23875,2.1648979591836732,2.092,2.018039215686274,1.9834615384615382,1.9464150943396226,1.901481481481481,1.854545454545454,1.7807142857142857,1.7059649122807015,1.6424137931034481,1.6030508474576268,1.5816666666666663,1.5806557377049177,1.5780645161290319,1.5977777777777777,1.62625,1.636923076923077,1.644242424242424,1.6707462686567165,1.700882352941176,1.7388405797101447,1.7671428571428567,1.8016901408450703,1.8325,1.8556164383561642,1.8808108108108106,1.897333333333333,1.9200000000000002,1.9264935064935065,1.9443589743589744,1.9769620253164557,2.0012499999999998,2.017530864197531,2.017560975609756,2.024819277108434,2.0342857142857143,2.0647058823529414,2.1048837209302325,2.17632183908046,2.2529545454545454,2.3155056179775277,2.3699999999999997,2.4145054945054945,2.4613043478260868,2.5113978494623654,2.5370212765957447,2.561052631578947,2.5804166666666664,2.5983505154639177,2.6108163265306117,2.6341414141414146,2.667,2.7140594059405934,2.7768627450980388,2.8394174757281547,2.8882692307692306,2.933333333333333,2.9699999999999998,3.013457943925233,3.0449999999999995,3.096146788990826,3.152727272727273,3.22990990990991,3.3146428571428572,3.405840707964602,3.4901754385964914,3.5669565217391304,3.6389655172413793,3.7105982905982904,3.77593220338983,3.823361344537815,3.859166666666667,3.8902479338842983,3.9249180327868856,3.95739837398374,3.9901612903225803,4.0192,4.0350793650793655,4.0530708661417325,4.05828125,6.166666666666667,74.0,0.0,0.0,0.0,0.0,0.0,0.0,0.0,0.0,0.0,0.0,0.0,0.0,0.0,0.0,0.0,0.0,15.0,39.0,69.0,100.0,126.0,141.0,143.0,143.0,143.0,143.0,143.0,143.0,143.0,143.0,143.0,143.0,143.0,143.0,143.0,143.0,143.0,143.0,143.0,143.0,147.0,147.0,147.0,147.0,147.0,147.0,147.0,147.0,147.0,147.0,147.0,147.0,147.0,147.0,147.0,147.0,147.0,147.0,147.0,147.0,147.0,147.0,147.0,147.0,163.0,192.0,227.0,261.0,290.0,309.0,316.0,316.0,316.0,316.0,316.0,316.0,316.0,316.0,316.0,316.0,316.0,316.0,316.0,316.0,316.0,316.0,316.0,316.0,338.0,381.0,436.0,496.0,553.0,599.0,626.0,632.0,632.0,632.0,632.0,632.0,632.0,632.0,632.0,632.0,632.0,632.0,632.0,632.0,632.0,632.0,632.0,632.0,662.0,731.0,827.0,936.0,1044.0,1136.0,1199.0,1224.0,1224.0,1224.0,1224.0,1224.0,1224.0,1224.0,1224.0,1224.0,98,December 9,Nancy
0.0019457140808987145,1.298762322386136,1.0482621861589028,2.197977820321764,2.197977820321764,0.4733015207805796,0.7293875999896601,1.0432553671500722,1.0432553671500722,0.48994739699021006,0.7083061203074715,3.708186578328597,3.708186578328597,0.5103517457842615,1.298843602472778,4.3029272724747125,4.3029272724747125,0.2274450620926604,0.6071313915913071,8.34666666666667,0.08889815703740978,0.08889815703740978,132.6277955271565,9.52,9.82,9.586666666666666,9.02,8.339999999999998,7.886666666666666,7.762857142857142,7.62,7.442222222222221,7.38,7.41090909090909,7.420000000000001,7.435384615384615,7.405714285714285,7.340000000000001,7.30125,7.302352941176471,7.264444444444446,7.235789473684211,7.195,7.162857142857144,7.156363636363637,7.102608695652174,7.0491666666666655,6.959999999999999,6.877692307692309,6.771851851851852,6.655714285714287,6.55103448275862,6.426666666666668,6.30709677419355,6.185625,6.053333333333334,5.922941176470589,5.851428571428571,5.822777777777778,5.798378378378379,5.7700000000000005,5.748205128205129,5.74,5.749268292682927,5.7319047619047625,5.710697674418605,5.676818181818182,5.666666666666667,5.6460869565217395,5.622127659574469,5.594999999999999,5.52204081632653,5.425999999999999,5.327843137254901,5.243076923076923,5.170943396226414,5.107037037037037,5.029090909090908,4.936071428571428,4.821754385964911,4.7027586206896554,4.623389830508474,4.563333333333333,4.521639344262295,4.4796774193548385,4.434285714285713,4.3965625,4.347692307692307,4.28969696969697,4.222985074626865,4.1302941176470584,4.038840579710144,3.9542857142857137,3.8946478873239436,3.842222222222222,3.770684931506849,3.6997297297297296,3.628,3.583157894736842,3.5368831168831165,3.4853846153846155,3.4326582278481013,3.3612499999999996,3.2891358024691355,3.2248780487804876,3.1778313253012045,3.143809523809524,3.1247058823529406,3.1048837209302325,3.1016091954022986,3.1052272727272725,3.0964044943820217,3.0855555555555556,3.0892307692307686,3.096086956521739,3.1092473118279567,3.115744680851064,3.127368421052631,3.1366666666666663,3.140618556701031,3.146530612244898,3.146262626262626,3.151,3.1437623762376234,3.145490196078431,3.1588349514563103,3.166153846153846,3.167619047619047,3.1567924528301887,3.151775700934579,3.1487037037037036,3.1622018348623855,3.1836363636363636,3.22990990990991,3.2807142857142852,3.3208849557522124,3.355087719298245,3.3817391304347826,3.41051724137931,3.4422222222222216,3.4547457627118647,3.4662184873949577,3.4741666666666666,3.4811570247933883,3.4839344262295078,3.495609756097561,3.51516129032258,3.5463999999999998,3.590634920634921,3.634960629921259,3.6684374999999996,20.25,243.0,0.0,0.0,0.0,0.0,0.0,0.0,0.0,0.0,0.0,0.0,0.0,0.0,0.0,0.0,0.0,0.0,13.0,30.0,47.0,62.0,72.0,74.0,74.0,74.0,74.0,74.0,74.0,74.0,74.0,74.0,74.0,74.0,74.0,74.0,74.0,74.0,74.0,74.0,74.0,74.0,89.0,113.0,143.0,174.0,200.0,215.0,217.0,217.0,217.0,217.0,217.0,217.0,217.0,217.0,217.0,217.0,217.0,217.0,217.0,217.0,217.0,217.0,217.0,217.0,221.0,221.0,221.0,221.0,221.0,221.0,221.0,221.0,221.0,221.0,221.0,221.0,221.0,221.0,221.0,221.0,221.0,221.0,221.0,221.0,221.0,221.0,221.0,221.0,237.0,266.0,301.0,335.0,364.0,383.0,390.0,390.0,390.0,390.0,390.0,390.0,390.0,390.0,390.0,390.0,390.0,390.0,390.0,390.0,390.0,390.0,390.0,390.0,412.0,455.0,510.0,570.0,627.0,673.0,700.0,706.0,706.0,706.0,706.0,706.0,706.0,706.0,706.0,706.0,99,December 10,Nancy
0.0019457140808987145,1.298762322386136,1.0482621861589028,2.197977820321764,2.197977820321764,0.4733015207805796,0.7293875999896601,1.0432553671500722,1.0432553671500722,0.48994739699021006,0.7083061203074715,3.708186578328597,3.708186578328597,0.5103517457842615,1.298843602472778,4.3029272724747125,4.3029272724747125,0.2274450620926604,0.6071313915913071,6.0216666666666665,-0.03070784800553729,0.03070784800553729,118.05978411292556,13.72,13.72,13.92,13.469999999999999,12.919999999999998,12.353333333333333,11.905714285714286,11.469999999999999,11.208888888888888,11.14,11.101818181818182,11.145000000000001,11.25076923076923,11.377142857142857,11.506666666666666,11.620000000000001,11.690588235294117,11.681111111111111,11.58842105263158,11.54,11.496190476190476,11.465454545454547,11.437391304347827,11.399166666666666,11.324000000000002,11.277692307692309,11.197777777777778,11.059285714285716,10.871724137931036,10.696666666666669,10.578064516129034,10.454375,10.320000000000002,10.217058823529413,10.145714285714288,10.07277777777778,10.006486486486489,9.927894736842106,9.83794871794872,9.76,9.70048780487805,9.627142857142857,9.55953488372093,9.488181818181818,9.422222222222224,9.370000000000001,9.296595744680854,9.224166666666667,9.134285714285713,9.048,8.949411764705882,8.845,8.746415094339623,8.636666666666668,8.529090909090911,8.42,8.304210526315789,8.18896551724138,8.10813559322034,8.053333333333333,8.001967213114755,7.949032258064516,7.900952380952382,7.8621875,7.835384615384615,7.792727272727274,7.748358208955223,7.696470588235293,7.660579710144926,7.618571428571428,7.57492957746479,7.529722222222222,7.4542465753424665,7.363243243243245,7.270666666666668,7.187105263157895,7.112207792207793,7.043076923076924,6.9643037974683555,6.875,6.7706172839506165,6.662682926829269,6.582650602409639,6.5164285714285715,6.463529411764707,6.410697674418605,6.355632183908047,6.306363636363636,6.249213483146068,6.185555555555554,6.115604395604397,6.026521739130436,5.938279569892474,5.855106382978724,5.790526315789475,5.731458333333333,5.658144329896906,5.58530612244898,5.511919191919192,5.4590000000000005,5.4051485148514855,5.347450980392157,5.288932038834952,5.216153846153846,5.142857142857143,5.07566037735849,5.021869158878504,4.978333333333333,4.946605504587155,4.914545454545455,4.895675675675676,4.882499999999999,4.859823008849557,4.83578947368421,4.823478260869566,4.81396551724138,4.809743589743591,4.800508474576271,4.795630252100841,4.789166666666666,4.778677685950414,4.7700000000000005,4.756585365853659,4.74741935483871,4.7288000000000014,4.717619047619048,4.716062992125985,4.70984375,55.583333333333336,667.0,0.0,0.0,0.0,0.0,0.0,0.0,0.0,0.0,0.0,0.0,0.0,0.0,0.0,0.0,0.0,0.0,19.0,55.0,101.0,149.0,193.0,226.0,242.0,243.0,243.0,243.0,243.0,243.0,243.0,243.0,243.0,243.0,243.0,243.0,243.0,243.0,243.0,243.0,243.0,243.0,256.0,273.0,290.0,305.0,315.0,317.0,317.0,317.0,317.0,317.0,317.0,317.0,317.0,317.0,317.0,317.0,317.0,317.0,317.0,317.0,317.0,317.0,317.0,317.0,332.0,356.0,386.0,417.0,443.0,458.0,460.0,460.0,460.0,460.0,460.0,460.0,460.0,460.0,460.0,460.0,460.0,460.0,460.0,460.0,460.0,460.0,460.0,460.0,464.0,464.0,464.0,464.0,464.0,464.0,464.0,464.0,464.0,464.0,464.0,464.0,464.0,464.0,464.0,464.0,464.0,464.0,464.0,464.0,464.0,464.0,464.0,464.0,480.0,509.0,544.0,578.0,607.0,626.0,633.0,633.0,633.0,633.0,633.0,633.0,633.0,633.0,633.0,633.0,100,December 11,Nancy
