Laine de verre¤TTP_TMateriau_Cond,North¤TTP_TOuverture_Uw,North¤TTP_TOuverture_Sw,North¤TTP_TOuverture_Largeur,North¤TTP_TOuverture_Hauteur,South¤TTP_TOuverture_Uw,South¤TTP_TOuverture_Sw,South¤TTP_TOuverture_Largeur,South¤TTP_TOuverture_Hauteur,East¤TTP_TOuverture_Uw,East¤TTP_TOuverture_Sw,East¤TTP_TOuverture_Largeur,East¤TTP_TOuverture_Hauteur,West¤TTP_TOuverture_Uw,West¤TTP_TOuverture_Sw,West¤TTP_TOuverture_Largeur,West¤TTP_TOuverture_Hauteur,Zone 1¤TTP_TinfiltrationZone,¤TMeteo,Text-average,Bias,Bias_Absolute,HLC,Text-1,Text-2,Text-3,Text-4,Text-5,Text-6,Text-7,Text-8,Text-9,Text-10,Text-11,Text-12,Text-13,Text-14,Text-15,Text-16,Text-17,Text-18,Text-19,Text-20,Text-21,Text-22,Text-23,Text-24,Text-25,Text-26,Text-27,Text-28,Text-29,Text-30,Text-31,Text-32,Text-33,Text-34,Text-35,Text-36,Text-37,Text-38,Text-39,Text-40,Text-41,Text-42,Text-43,Text-44,Text-45,Text-46,Text-47,Text-48,Text-49,Text-50,Text-51,Text-52,Text-53,Text-54,Text-55,Text-56,Text-57,Text-58,Text-59,Text-60,Text-61,Text-62,Text-63,Text-64,Text-65,Text-66,Text-67,Text-68,Text-69,Text-70,Text-71,Text-72,Text-73,Text-74,Text-75,Text-76,Text-77,Text-78,Text-79,Text-80,Text-81,Text-82,Text-83,Text-84,Text-85,Text-86,Text-87,Text-88,Text-89,Text-90,Text-91,Text-92,Text-93,Text-94,Text-95,Text-96,Text-97,Text-98,Text-99,Text-100,Text-101,Text-102,Text-103,Text-104,Text-105,Text-106,Text-107,Text-108,Text-109,Text-110,Text-111,Text-112,Text-113,Text-114,Text-115,Text-116,Text-117,Text-118,Text-119,Text-120,Text-121,Text-122,Text-123,Text-124,Text-125,Text-126,Text-127,Text-128,GHR_mean,GHR_sum,GHR-sum-1,GHR-sum-2,GHR-sum-3,GHR-sum-4,GHR-sum-5,GHR-sum-6,GHR-sum-7,GHR-sum-8,GHR-sum-9,GHR-sum-10,GHR-sum-11,GHR-sum-12,GHR-sum-13,GHR-sum-14,GHR-sum-15,GHR-sum-16,GHR-sum-17,GHR-sum-18,GHR-sum-19,GHR-sum-20,GHR-sum-21,GHR-sum-22,GHR-sum-23,GHR-sum-24,GHR-sum-25,GHR-sum-26,GHR-sum-27,GHR-sum-28,GHR-sum-29,GHR-sum-30,GHR-sum-31,GHR-sum-32,GHR-sum-33,GHR-sum-34,GHR-sum-35,GHR-sum-36,GHR-sum-37,GHR-sum-38,GHR-sum-39,GHR-sum-40,GHR-sum-41,GHR-sum-42,GHR-sum-43,GHR-sum-44,GHR-sum-45,GHR-sum-46,GHR-sum-47,GHR-sum-48,GHR-sum-49,GHR-sum-50,GHR-sum-51,GHR-sum-52,GHR-sum-53,GHR-sum-54,GHR-sum-55,GHR-sum-56,GHR-sum-57,GHR-sum-58,GHR-sum-59,GHR-sum-60,GHR-sum-61,GHR-sum-62,GHR-sum-63,GHR-sum-64,GHR-sum-65,GHR-sum-66,GHR-sum-67,GHR-sum-68,GHR-sum-69,GHR-sum-70,GHR-sum-71,GHR-sum-72,GHR-sum-73,GHR-sum-74,GHR-sum-75,GHR-sum-76,GHR-sum-77,GHR-sum-78,GHR-sum-79,GHR-sum-80,GHR-sum-81,GHR-sum-82,GHR-sum-83,GHR-sum-84,GHR-sum-85,GHR-sum-86,GHR-sum-87,GHR-sum-88,GHR-sum-89,GHR-sum-90,GHR-sum-91,GHR-sum-92,GHR-sum-93,GHR-sum-94,GHR-sum-95,GHR-sum-96,GHR-sum-97,GHR-sum-98,GHR-sum-99,GHR-sum-100,GHR-sum-101,GHR-sum-102,GHR-sum-103,GHR-sum-104,GHR-sum-105,GHR-sum-106,GHR-sum-107,GHR-sum-108,GHR-sum-109,GHR-sum-110,GHR-sum-111,GHR-sum-112,GHR-sum-113,GHR-sum-114,GHR-sum-115,GHR-sum-116,GHR-sum-117,GHR-sum-118,GHR-sum-119,GHR-sum-120,GHR-sum-121,GHR-sum-122,GHR-sum-123,GHR-sum-124,GHR-sum-125,GHR-sum-126,GHR-sum-127,GHR-sum-128,day_index,Date,Climate_zone
0.0031931695827410863,1.3091520030664652,0.9256163996446299,0.6309787752856688,0.6309787752856688,0.5732129702869735,0.8414181069766321,1.8027952687014899,1.8027952687014899,0.6487809797808577,1.096434383614602,2.026798803738038,2.026798803738038,0.4672284060276576,1.3335819372997704,3.9872825884499945,3.9872825884499945,0.6936156752344411,0.6752566440822526,19.13833333333333,-0.018885955548902048,0.018885955548902048,148.99851955064008,-0.8800000000000001,-1.1800000000000002,-0.9800000000000001,-1.08,-1.12,-1.1300000000000001,-1.094285714285714,-1.13,-1.0044444444444445,-0.9040000000000001,-0.8218181818181819,-0.7533333333333334,-0.6953846153846155,-0.6457142857142858,-0.6026666666666667,-0.565,-0.531764705882353,-0.5022222222222222,-0.4757894736842106,-0.45200000000000007,-0.4304761904761905,-0.41090909090909095,-0.3930434782608696,-0.37666666666666665,-0.36160000000000003,-0.34769230769230774,-0.33481481481481484,-0.3228571428571429,-0.31172413793103454,-0.30133333333333334,-0.29161290322580646,-0.2825,-0.273939393939394,-0.2658823529411765,-0.2582857142857143,-0.2511111111111111,-0.24432432432432435,-0.2378947368421053,-0.23179487179487182,-0.22599999999999998,-0.2204878048780488,-0.21523809523809526,-0.2102325581395349,-0.20545454545454547,-0.20088888888888892,-0.1965217391304348,-0.1923404255319149,-0.18833333333333332,-0.18448979591836737,-0.18080000000000002,-0.17725490196078433,-0.17384615384615387,-0.17056603773584908,-0.16740740740740742,-0.16436363636363638,-0.16142857142857142,-0.15859649122807018,-0.15586206896551727,-0.15322033898305087,-0.15066666666666667,-0.14819672131147543,-0.14580645161290323,-0.1434920634920635,-0.14125,-0.1390769230769231,-0.136969696969697,-0.13492537313432837,-0.13294117647058826,-0.1310144927536232,-0.12914285714285714,-0.12732394366197183,-0.12555555555555553,-0.12383561643835618,-0.12216216216216218,-0.12053333333333334,-0.11894736842105265,-0.11740259740259741,-0.11589743589743591,-0.11443037974683545,-0.11299999999999999,-0.11160493827160495,-0.1102439024390244,-0.10891566265060242,-0.10761904761904763,-0.1063529411764706,-0.10511627906976745,-0.1039080459770115,-0.10272727272727272,-0.10157303370786518,-0.10044444444444446,-0.09934065934065935,-0.0982608695652174,-0.09720430107526883,-0.09617021276595746,-0.09515789473684212,-0.09416666666666666,-0.0931958762886598,-0.09224489795918368,-0.09131313131313132,-0.09040000000000001,-0.08950495049504952,-0.08862745098039217,-0.08776699029126214,-0.08692307692307691,-0.0860952380952381,-0.08528301886792454,-0.08448598130841123,-0.08370370370370371,-0.08293577981651377,-0.08218181818181819,-0.08144144144144146,-0.08071428571428571,-0.08,-0.07929824561403509,-0.07860869565217392,-0.07793103448275863,-0.07726495726495727,-0.07661016949152544,-0.07596638655462186,-0.07533333333333332,-0.0747107438016529,-0.07409836065573772,-0.0734959349593496,-0.07290322580645162,-0.07232000000000001,-0.07174603174603175,-0.07118110236220473,-0.070625,7.833333333333333,94.0,0.0,0.0,0.0,0.0,0.0,0.0,0.0,0.0,0.0,0.0,0.0,0.0,0.0,0.0,0.0,0.0,0.0,0.0,0.0,0.0,0.0,0.0,0.0,0.0,0.0,0.0,0.0,0.0,0.0,0.0,0.0,0.0,0.0,0.0,0.0,0.0,0.0,0.0,0.0,0.0,0.0,0.0,0.0,0.0,0.0,0.0,0.0,0.0,0.0,0.0,0.0,0.0,0.0,0.0,0.0,0.0,0.0,0.0,0.0,0.0,0.0,0.0,0.0,0.0,0.0,0.0,0.0,0.0,0.0,0.0,0.0,0.0,0.0,0.0,0.0,0.0,0.0,0.0,0.0,0.0,0.0,0.0,0.0,0.0,0.0,0.0,0.0,0.0,0.0,0.0,0.0,0.0,0.0,0.0,0.0,0.0,0.0,0.0,0.0,0.0,0.0,0.0,0.0,0.0,0.0,0.0,0.0,0.0,0.0,0.0,0.0,0.0,0.0,0.0,0.0,0.0,0.0,0.0,0.0,0.0,0.0,0.0,0.0,0.0,0.0,0.0,0.0,0.0,1,January 1,Rennes
0.0031931695827410863,1.3091520030664652,0.9256163996446299,0.6309787752856688,0.6309787752856688,0.5732129702869735,0.8414181069766321,1.8027952687014899,1.8027952687014899,0.6487809797808577,1.096434383614602,2.026798803738038,2.026798803738038,0.4672284060276576,1.3335819372997704,3.9872825884499945,3.9872825884499945,0.6936156752344411,0.6752566440822526,14.063333333333333,-0.015959201247086535,0.015959201247086535,149.44299597060913,2.3200000000000003,2.37,2.4533333333333336,2.3200000000000003,2.38,2.636666666666667,2.9200000000000004,3.1075,3.175555555555556,3.28,3.210909090909091,3.0533333333333332,2.9123076923076923,2.7914285714285714,2.7066666666666666,2.63875,2.637647058823529,2.586666666666667,2.5199999999999996,2.44,2.358095238095238,2.229090909090909,2.0939130434782607,1.9575000000000002,1.844,1.7161538461538464,1.6311111111111112,1.5235714285714288,1.426896551724138,1.3399999999999999,1.2683870967741935,1.185625,1.1496969696969699,1.1158823529411765,1.0839999999999999,1.0538888888888889,1.0254054054054054,0.9984210526315789,0.9728205128205127,0.9484999999999999,0.9253658536585367,0.9033333333333334,0.8823255813953488,0.8622727272727272,0.843111111111111,0.8247826086956521,0.8072340425531914,0.7904166666666667,0.7742857142857144,0.7588000000000001,0.743921568627451,0.7296153846153846,0.7158490566037735,0.7025925925925925,0.6898181818181818,0.6775,0.6656140350877194,0.6541379310344828,0.6430508474576271,0.6323333333333333,0.6219672131147541,0.6119354838709677,0.6022222222222222,0.5928125,0.5836923076923077,0.5748484848484849,0.5662686567164179,0.5579411764705882,0.5498550724637681,0.5419999999999999,0.5343661971830985,0.5269444444444444,0.5197260273972604,0.5127027027027028,0.5058666666666667,0.49921052631578944,0.4927272727272727,0.48641025641025637,0.480253164556962,0.47424999999999995,0.4683950617283951,0.46268292682926837,0.45710843373493976,0.45166666666666666,0.44635294117647056,0.4411627906976744,0.4360919540229885,0.4311363636363636,0.4262921348314607,0.4215555555555556,0.4169230769230769,0.41239130434782606,0.40795698924731183,0.4036170212765957,0.39936842105263154,0.39520833333333333,0.39113402061855673,0.3871428571428572,0.3832323232323232,0.37939999999999996,0.37564356435643564,0.3719607843137255,0.3683495145631068,0.3648076923076923,0.3613333333333334,0.3579245283018868,0.3545794392523364,0.3512962962962963,0.3480733944954128,0.3449090909090909,0.3418018018018018,0.33875,0.3357522123893806,0.3328070175438597,0.32991304347826084,0.32706896551724135,0.32427350427350426,0.32152542372881354,0.3188235294117647,0.31616666666666665,0.3135537190082645,0.3109836065573771,0.3084552845528455,0.3059677419354839,0.30351999999999996,0.3011111111111111,0.29874015748031496,0.29640625,30.666666666666668,368.0,0.0,0.0,0.0,0.0,0.0,0.0,0.0,0.0,0.0,0.0,0.0,0.0,0.0,0.0,0.0,14.0,32.0,53.0,75.0,91.0,94.0,94.0,94.0,94.0,94.0,94.0,94.0,94.0,94.0,94.0,94.0,94.0,94.0,94.0,94.0,94.0,94.0,94.0,94.0,94.0,94.0,94.0,94.0,94.0,94.0,94.0,94.0,94.0,94.0,94.0,94.0,94.0,94.0,94.0,94.0,94.0,94.0,94.0,94.0,94.0,94.0,94.0,94.0,94.0,94.0,94.0,94.0,94.0,94.0,94.0,94.0,94.0,94.0,94.0,94.0,94.0,94.0,94.0,94.0,94.0,94.0,94.0,94.0,94.0,94.0,94.0,94.0,94.0,94.0,94.0,94.0,94.0,94.0,94.0,94.0,94.0,94.0,94.0,94.0,94.0,94.0,94.0,94.0,94.0,94.0,94.0,94.0,94.0,94.0,94.0,94.0,94.0,94.0,94.0,94.0,94.0,94.0,94.0,94.0,94.0,94.0,94.0,94.0,94.0,94.0,94.0,94.0,94.0,2,January 2,Rennes
0.0031931695827410863,1.3091520030664652,0.9256163996446299,0.6309787752856688,0.6309787752856688,0.5732129702869735,0.8414181069766321,1.8027952687014899,1.8027952687014899,0.6487809797808577,1.096434383614602,2.026798803738038,2.026798803738038,0.4672284060276576,1.3335819372997704,3.9872825884499945,3.9872825884499945,0.6936156752344411,0.6752566440822526,14.48,-0.06644416445559018,0.06644416445559018,141.77601289134438,5.62,5.37,5.253333333333334,5.145,5.18,5.053333333333334,5.077142857142857,5.069999999999999,5.1866666666666665,5.329999999999999,5.429090909090908,5.495,5.535384615384616,5.59857142857143,5.6933333333333325,5.81375,5.861176470588235,5.92,5.956842105263157,5.985,6.000952380952381,5.938181818181818,5.8591304347826085,5.715833333333332,5.58,5.458461538461538,5.353333333333334,5.230714285714286,5.140689655172414,5.1000000000000005,5.0845161290322585,5.063750000000001,5.0230303030303025,4.999411764705883,4.92857142857143,4.828333333333334,4.7308108108108105,4.638421052631578,4.558461538461539,4.485,4.439512195121951,4.374761904761905,4.303720930232559,4.226818181818182,4.148888888888889,4.048260869565217,3.943404255319149,3.8366666666666664,3.7404081632653057,3.636,3.5533333333333332,3.4584615384615387,3.369056603773585,3.2848148148148146,3.2090909090909085,3.1271428571428572,3.072280701754386,3.0193103448275864,2.9681355932203393,2.9186666666666667,2.8708196721311476,2.8245161290322582,2.7796825396825393,2.73625,2.694153846153846,2.6533333333333333,2.613731343283582,2.5752941176470587,2.537971014492754,2.501714285714286,2.4664788732394363,2.4322222222222223,2.3989041095890413,2.3664864864864867,2.3349333333333333,2.3042105263157895,2.2742857142857145,2.2451282051282053,2.2167088607594936,2.189,2.1619753086419755,2.135609756097561,2.1098795180722894,2.084761904761905,2.060235294117647,2.036279069767442,2.0128735632183905,1.99,1.9676404494382023,1.9457777777777778,1.9243956043956045,1.9034782608695653,1.883010752688172,1.8629787234042554,1.8433684210526313,1.8241666666666667,1.805360824742268,1.7869387755102042,1.768888888888889,1.7512,1.7338613861386138,1.7168627450980392,1.7001941747572813,1.683846153846154,1.6678095238095239,1.6520754716981132,1.6366355140186917,1.6214814814814815,1.606605504587156,1.592,1.5776576576576575,1.5635714285714286,1.5497345132743363,1.536140350877193,1.5227826086956522,1.5096551724137932,1.4967521367521368,1.4840677966101696,1.471596638655462,1.4593333333333334,1.4472727272727273,1.4354098360655738,1.423739837398374,1.4122580645161291,1.40096,1.3898412698412699,1.3788976377952753,1.368125,36.333333333333336,436.0,0.0,0.0,0.0,0.0,0.0,0.0,0.0,0.0,0.0,0.0,0.0,0.0,0.0,0.0,0.0,17.0,59.0,121.0,193.0,265.0,323.0,358.0,368.0,368.0,368.0,368.0,368.0,368.0,368.0,368.0,368.0,368.0,368.0,368.0,368.0,368.0,368.0,368.0,368.0,382.0,400.0,421.0,443.0,459.0,462.0,462.0,462.0,462.0,462.0,462.0,462.0,462.0,462.0,462.0,462.0,462.0,462.0,462.0,462.0,462.0,462.0,462.0,462.0,462.0,462.0,462.0,462.0,462.0,462.0,462.0,462.0,462.0,462.0,462.0,462.0,462.0,462.0,462.0,462.0,462.0,462.0,462.0,462.0,462.0,462.0,462.0,462.0,462.0,462.0,462.0,462.0,462.0,462.0,462.0,462.0,462.0,462.0,462.0,462.0,462.0,462.0,462.0,462.0,462.0,462.0,462.0,462.0,462.0,462.0,462.0,462.0,462.0,462.0,462.0,462.0,462.0,462.0,462.0,462.0,462.0,462.0,462.0,462.0,462.0,462.0,462.0,462.0,462.0,3,January 3,Rennes
0.0031931695827410863,1.3091520030664652,0.9256163996446299,0.6309787752856688,0.6309787752856688,0.5732129702869735,0.8414181069766321,1.8027952687014899,1.8027952687014899,0.6487809797808577,1.096434383614602,2.026798803738038,2.026798803738038,0.4672284060276576,1.3335819372997704,3.9872825884499945,3.9872825884499945,0.6936156752344411,0.6752566440822526,15.821666666666665,-0.04433764650946077,0.04433764650946077,145.1332560834299,4.62,4.719999999999999,4.6866666666666665,4.27,3.94,3.52,3.22,2.9825,3.0088888888888885,3.2599999999999993,3.6563636363636363,3.9616666666666664,4.227692307692307,4.441428571428571,4.640000000000001,4.85125,4.984705882352941,4.992222222222221,4.977894736842106,4.89,4.81047619047619,4.724545454545455,4.706956521739131,4.740833333333334,4.776,4.789230769230769,4.797777777777777,4.798571428571429,4.8165517241379305,4.803333333333333,4.816774193548387,4.823124999999999,4.862424242424241,4.9141176470588235,4.957142857142857,4.992222222222222,5.0200000000000005,5.056842105263158,5.107179487179486,5.17,5.205365853658536,5.246190476190476,5.278139534883721,5.306363636363637,5.328888888888889,5.313478260869565,5.288085106382979,5.228333333333333,5.1689795918367345,5.114,5.065098039215687,5.004615384615385,4.959622641509434,4.94037037037037,4.934545454545453,4.925357142857143,4.904210526315789,4.892413793103447,4.852203389830508,4.793333333333333,4.734754098360655,4.678064516129032,4.627936507936508,4.5809375,4.55076923076923,4.507878787878788,4.460298507462686,4.408235294117647,4.354782608695651,4.285714285714286,4.212957746478874,4.138055555555555,4.06931506849315,3.994324324324324,3.933333333333333,3.8634210526315784,3.7966233766233763,3.7328205128205125,3.674430379746836,3.6112499999999996,3.5666666666666664,3.523170731707317,3.4807228915662654,3.439285714285714,3.3988235294117652,3.359302325581395,3.3206896551724143,3.2829545454545452,3.246067415730337,3.21,3.174725274725275,3.1402173913043474,3.1064516129032262,3.0734042553191485,3.041052631578948,3.009375,2.978350515463917,2.9479591836734693,2.9181818181818184,2.889,2.8603960396039607,2.8323529411764703,2.8048543689320393,2.777884615384615,2.7514285714285713,2.7254716981132074,2.7,2.675,2.6504587155963306,2.626363636363636,2.602702702702703,2.5794642857142853,2.556637168141593,2.5342105263157895,2.5121739130434784,2.49051724137931,2.4692307692307693,2.4483050847457624,2.427731092436975,2.4074999999999998,2.387603305785124,2.3680327868852458,2.3487804878048784,2.329838709677419,2.3112000000000004,2.2928571428571427,2.2748031496062997,2.25703125,21.5,258.0,0.0,0.0,0.0,0.0,0.0,0.0,0.0,0.0,0.0,0.0,0.0,0.0,0.0,0.0,0.0,18.0,67.0,138.0,221.0,303.0,373.0,419.0,436.0,436.0,436.0,436.0,436.0,436.0,436.0,436.0,436.0,436.0,436.0,436.0,436.0,436.0,436.0,436.0,436.0,453.0,495.0,557.0,629.0,701.0,759.0,794.0,804.0,804.0,804.0,804.0,804.0,804.0,804.0,804.0,804.0,804.0,804.0,804.0,804.0,804.0,804.0,804.0,804.0,818.0,836.0,857.0,879.0,895.0,898.0,898.0,898.0,898.0,898.0,898.0,898.0,898.0,898.0,898.0,898.0,898.0,898.0,898.0,898.0,898.0,898.0,898.0,898.0,898.0,898.0,898.0,898.0,898.0,898.0,898.0,898.0,898.0,898.0,898.0,898.0,898.0,898.0,898.0,898.0,898.0,898.0,898.0,898.0,898.0,898.0,898.0,898.0,898.0,898.0,898.0,898.0,898.0,898.0,898.0,898.0,898.0,898.0,898.0,898.0,898.0,898.0,898.0,898.0,898.0,4,January 4,Rennes
0.0031931695827410863,1.3091520030664652,0.9256163996446299,0.6309787752856688,0.6309787752856688,0.5732129702869735,0.8414181069766321,1.8027952687014899,1.8027952687014899,0.6487809797808577,1.096434383614602,2.026798803738038,2.026798803738038,0.4672284060276576,1.3335819372997704,3.9872825884499945,3.9872825884499945,0.6936156752344411,0.6752566440822526,12.288333333333336,-0.0570350948284721,0.0570350948284721,143.20493693204938,7.42,7.82,8.12,8.195,7.8,7.253333333333333,6.677142857142857,6.2325,6.042222222222223,5.95,5.874545454545455,5.895,5.950769230769231,6.005714285714285,5.959999999999999,5.87625,5.755294117647059,5.647777777777778,5.530526315789474,5.390000000000001,5.239047619047619,5.151818181818182,5.072173913043478,5.036666666666666,5.02,5.012307692307691,4.997777777777777,4.927142857142856,4.847586206896551,4.7333333333333325,4.626451612903225,4.523125,4.483636363636363,4.514117647058822,4.602857142857142,4.678333333333332,4.752432432432432,4.817368421052632,4.884102564102564,4.9625,5.015121951219512,5.017619047619048,5.010697674418604,4.97,4.931111111111111,4.887391304347826,4.87531914893617,4.88875,4.903673469387755,4.9079999999999995,4.9101960784313725,4.908461538461538,4.916226415094339,4.907037037037037,4.912727272727274,4.914642857142858,4.93578947368421,4.964827586206897,4.9894915254237295,5.010000000000002,5.0265573770491825,5.049032258064518,5.0803174603174615,5.119999999999999,5.143076923076923,5.170000000000001,5.191641791044778,5.211176470588235,5.227246376811595,5.21857142857143,5.203098591549296,5.164444444444444,5.125479452054794,5.088918918918919,5.056000000000001,5.014736842105264,4.983636363636365,4.970000000000001,4.965569620253166,4.958749999999999,4.943456790123457,4.934634146341464,4.905542168674699,4.862857142857144,4.820000000000001,4.778139534883722,4.740689655172415,4.705227272727272,4.681797752808989,4.648888888888889,4.612307692307693,4.572173913043478,4.530752688172044,4.4774468085106385,4.421052631578949,4.362708333333333,4.308659793814433,4.2495918367346945,4.200808080808081,4.1450000000000005,4.091287128712872,4.039607843137255,3.9918446601941757,3.9401923076923073,3.9026666666666663,3.865849056603774,3.8297196261682247,3.79425925925926,3.7594495412844045,3.725272727272728,3.6917117117117124,3.65875,3.626371681415929,3.5945614035087723,3.563304347826087,3.5325862068965526,3.502393162393163,3.4727118644067803,3.4435294117647066,3.414833333333333,3.3866115702479336,3.3588524590163935,3.331544715447155,3.3046774193548396,3.2782400000000007,3.252222222222223,3.2266141732283473,3.20140625,36.75,441.0,0.0,0.0,0.0,0.0,0.0,0.0,0.0,0.0,0.0,0.0,0.0,0.0,0.0,0.0,0.0,18.0,54.0,102.0,154.0,203.0,240.0,258.0,258.0,258.0,258.0,258.0,258.0,258.0,258.0,258.0,258.0,258.0,258.0,258.0,258.0,258.0,258.0,258.0,258.0,276.0,325.0,396.0,479.0,561.0,631.0,677.0,694.0,694.0,694.0,694.0,694.0,694.0,694.0,694.0,694.0,694.0,694.0,694.0,694.0,694.0,694.0,694.0,694.0,711.0,753.0,815.0,887.0,959.0,1017.0,1052.0,1062.0,1062.0,1062.0,1062.0,1062.0,1062.0,1062.0,1062.0,1062.0,1062.0,1062.0,1062.0,1062.0,1062.0,1062.0,1062.0,1062.0,1076.0,1094.0,1115.0,1137.0,1153.0,1156.0,1156.0,1156.0,1156.0,1156.0,1156.0,1156.0,1156.0,1156.0,1156.0,1156.0,1156.0,1156.0,1156.0,1156.0,1156.0,1156.0,1156.0,1156.0,1156.0,1156.0,1156.0,1156.0,1156.0,1156.0,1156.0,1156.0,1156.0,1156.0,1156.0,1156.0,1156.0,1156.0,1156.0,1156.0,1156.0,5,January 5,Rennes
0.0031931695827410863,1.3091520030664652,0.9256163996446299,0.6309787752856688,0.6309787752856688,0.5732129702869735,0.8414181069766321,1.8027952687014899,1.8027952687014899,0.6487809797808577,1.096434383614602,2.026798803738038,2.026798803738038,0.4672284060276576,1.3335819372997704,3.9872825884499945,3.9872825884499945,0.6936156752344411,0.6752566440822526,16.371666666666666,-0.0407473027637474,0.0407473027637474,145.6785096202789,4.3199999999999985,4.5699999999999985,4.386666666666666,4.544999999999999,4.719999999999999,4.753333333333333,4.734285714285713,4.795,4.908888888888889,5.1,5.319999999999999,5.536666666666666,5.743076923076922,5.955714285714285,6.213333333333332,6.4075,6.555294117647058,6.625555555555555,6.677894736842104,6.649999999999999,6.619999999999999,6.583636363636364,6.602608695652173,6.6241666666666665,6.655999999999999,6.716153846153846,6.79037037037037,6.84857142857143,6.826896551724138,6.75,6.636129032258063,6.52625,6.465454545454546,6.425882352941176,6.388571428571429,6.381111111111112,6.387567567567568,6.396315789473683,6.368717948717948,6.324999999999999,6.26390243902439,6.2057142857142855,6.14093023255814,6.063181818181818,5.977777777777776,5.919999999999999,5.864680851063828,5.830416666666667,5.805714285714285,5.785999999999999,5.76313725490196,5.710384615384614,5.652075471698113,5.573703703703704,5.498181818181818,5.423571428571429,5.384912280701754,5.387241379310345,5.425084745762711,5.456666666666666,5.4888524590163925,5.516774193548387,5.5469841269841265,5.585624999999999,5.609230769230769,5.601818181818181,5.588656716417909,5.553823529411764,5.52,5.482857142857142,5.466478873239437,5.467222222222222,5.469315068493151,5.464594594594595,5.458666666666667,5.450263157894736,5.448571428571428,5.435384615384614,5.4326582278481,5.4275,5.43604938271605,5.450487804878048,5.462168674698795,5.4711904761904755,5.477647058823528,5.48860465116279,5.506206896551724,5.530227272727273,5.54247191011236,5.557777777777777,5.569450549450549,5.579782608695651,5.58774193548387,5.577446808510639,5.562105263157895,5.529374999999999,5.496288659793814,5.464897959183675,5.436161616161617,5.401000000000002,5.373465346534653,5.35921568627451,5.352038834951456,5.343076923076922,5.327619047619048,5.317169811320754,5.291028037383177,5.25425925925926,5.217247706422018,5.18090909090909,5.1479279279279275,5.116428571428571,5.09433628318584,5.0647368421052645,5.032173913043478,4.996724137931034,4.960170940170941,4.914067796610168,4.865378151260503,4.8149999999999995,4.767933884297521,4.7167213114754105,4.673658536585367,4.6248387096774195,4.5775999999999994,4.531904761904761,4.489291338582677,4.4434375,3.4166666666666665,41.0,0.0,0.0,0.0,0.0,0.0,0.0,0.0,0.0,0.0,0.0,0.0,0.0,0.0,0.0,0.0,20.0,70.0,143.0,227.0,310.0,379.0,424.0,441.0,441.0,441.0,441.0,441.0,441.0,441.0,441.0,441.0,441.0,441.0,441.0,441.0,441.0,441.0,441.0,441.0,459.0,495.0,543.0,595.0,644.0,681.0,699.0,699.0,699.0,699.0,699.0,699.0,699.0,699.0,699.0,699.0,699.0,699.0,699.0,699.0,699.0,699.0,699.0,699.0,717.0,766.0,837.0,920.0,1002.0,1072.0,1118.0,1135.0,1135.0,1135.0,1135.0,1135.0,1135.0,1135.0,1135.0,1135.0,1135.0,1135.0,1135.0,1135.0,1135.0,1135.0,1135.0,1135.0,1152.0,1194.0,1256.0,1328.0,1400.0,1458.0,1493.0,1503.0,1503.0,1503.0,1503.0,1503.0,1503.0,1503.0,1503.0,1503.0,1503.0,1503.0,1503.0,1503.0,1503.0,1503.0,1503.0,1503.0,1517.0,1535.0,1556.0,1578.0,1594.0,1597.0,1597.0,1597.0,1597.0,1597.0,1597.0,1597.0,1597.0,1597.0,1597.0,1597.0,1597.0,6,January 6,Rennes
0.0031931695827410863,1.3091520030664652,0.9256163996446299,0.6309787752856688,0.6309787752856688,0.5732129702869735,0.8414181069766321,1.8027952687014899,1.8027952687014899,0.6487809797808577,1.096434383614602,2.026798803738038,2.026798803738038,0.4672284060276576,1.3335819372997704,3.9872825884499945,3.9872825884499945,0.6936156752344411,0.6752566440822526,14.646666666666668,-0.0843727758700408,0.0843727758700408,139.0532544378698,3.82,4.569999999999999,4.4866666666666655,5.094999999999999,5.56,5.903333333333333,6.134285714285715,6.257499999999999,6.286666666666666,6.2299999999999995,6.083636363636364,5.953333333333333,5.789230769230769,5.619999999999998,5.473333333333331,5.369999999999999,5.249411764705882,5.103333333333333,5.009473684210525,4.904999999999999,4.848571428571428,4.792727272727273,4.7678260869565205,4.790833333333333,4.771999999999999,4.7738461538461525,4.745925925925925,4.755714285714285,4.778620689655172,4.783333333333332,4.778064516129032,4.791874999999999,4.823030303030303,4.881764705882353,4.957142857142856,5.0394444444444435,5.125405405405403,5.219999999999999,5.337948717948717,5.4375,5.522439024390244,5.5771428571428565,5.624651162790697,5.63590909090909,5.644444444444443,5.648260869565218,5.677446808510638,5.7075,5.742448979591836,5.792000000000001,5.8494117647058825,5.898846153846154,5.904905660377358,5.87925925925926,5.830909090909091,5.7825,5.760350877192983,5.7493103448275855,5.73864406779661,5.745,5.759344262295082,5.77483870967742,5.767619047619047,5.7496875,5.719999999999999,5.691212121212121,5.65731343283582,5.614117647058824,5.564927536231884,5.532857142857143,5.50169014084507,5.483888888888888,5.472054794520548,5.463243243243243,5.451999999999999,5.419999999999999,5.383636363636364,5.332820512820513,5.2832911392405055,5.23375,5.208888888888889,5.212682926829268,5.241686746987952,5.2664285714285715,5.291764705882353,5.314186046511628,5.338390804597701,5.368863636363636,5.388539325842697,5.3855555555555545,5.378241758241757,5.354782608695652,5.331827956989247,5.306170212765958,5.29578947368421,5.298125,5.3014432989690725,5.299591836734695,5.2967676767676775,5.292000000000002,5.292277227722773,5.283725490196079,5.283106796116505,5.280576923076922,5.288571428571429,5.301132075471699,5.311588785046729,5.32,5.326422018348624,5.336363636363636,5.351531531531531,5.371785714285714,5.38283185840708,5.396315789473685,5.406956521739131,5.416551724137933,5.424273504273504,5.417457627118644,5.4065546218487395,5.381666666666666,5.356363636363636,5.332295081967214,5.310243902439025,5.282903225806453,5.2616,5.250952380952381,5.245984251968504,5.239531249999999,60.916666666666664,731.0,0.0,0.0,0.0,0.0,0.0,0.0,0.0,0.0,0.0,0.0,0.0,0.0,0.0,0.0,0.0,15.0,26.0,36.0,41.0,41.0,41.0,41.0,41.0,41.0,41.0,41.0,41.0,41.0,41.0,41.0,41.0,41.0,41.0,41.0,41.0,41.0,41.0,41.0,41.0,61.0,111.0,184.0,268.0,351.0,420.0,465.0,482.0,482.0,482.0,482.0,482.0,482.0,482.0,482.0,482.0,482.0,482.0,482.0,482.0,482.0,482.0,482.0,482.0,500.0,536.0,584.0,636.0,685.0,722.0,740.0,740.0,740.0,740.0,740.0,740.0,740.0,740.0,740.0,740.0,740.0,740.0,740.0,740.0,740.0,740.0,740.0,740.0,758.0,807.0,878.0,961.0,1043.0,1113.0,1159.0,1176.0,1176.0,1176.0,1176.0,1176.0,1176.0,1176.0,1176.0,1176.0,1176.0,1176.0,1176.0,1176.0,1176.0,1176.0,1176.0,1176.0,1193.0,1235.0,1297.0,1369.0,1441.0,1499.0,1534.0,1544.0,1544.0,1544.0,1544.0,1544.0,1544.0,1544.0,1544.0,1544.0,1544.0,7,January 7,Rennes
0.0031931695827410863,1.3091520030664652,0.9256163996446299,0.6309787752856688,0.6309787752856688,0.5732129702869735,0.8414181069766321,1.8027952687014899,1.8027952687014899,0.6487809797808577,1.096434383614602,2.026798803738038,2.026798803738038,0.4672284060276576,1.3335819372997704,3.9872825884499945,3.9872825884499945,0.6936156752344411,0.6752566440822526,13.28,0.0120458788622442,0.0120458788622442,153.69603413654616,3.52,3.62,3.853333333333333,3.9699999999999993,4.119999999999999,4.169999999999999,4.0771428571428565,4.182499999999999,4.408888888888889,4.549999999999999,4.592727272727273,4.653333333333333,4.712307692307692,4.72,4.786666666666665,4.845000000000001,4.855294117647058,4.881111111111111,4.909473684210525,4.9849999999999985,5.034285714285714,5.001818181818181,4.9982608695652155,5.003333333333333,4.9559999999999995,4.97,4.945925925925926,5.016428571428571,5.099310344827585,5.183333333333333,5.258709677419354,5.316875,5.3533333333333335,5.364117647058824,5.3428571428571425,5.319999999999999,5.279459459459459,5.230526315789473,5.184102564102564,5.15,5.105365853658537,5.046190476190477,5.006046511627907,4.958636363636364,4.931111111111111,4.902608695652174,4.888085106382978,4.897083333333333,4.885306122448979,4.8839999999999995,4.867058823529411,4.869999999999999,4.880377358490565,4.881111111111111,4.876363636363636,4.882499999999999,4.8989473684210525,4.932068965517241,4.9759322033898306,5.025,5.0773770491803285,5.136129032258065,5.210476190476191,5.2746875,5.3307692307692305,5.368484848484848,5.402089552238806,5.41264705882353,5.421449275362319,5.427142857142858,5.4495774647887325,5.472777777777777,5.499452054794521,5.536216216216216,5.578666666666667,5.616052631578947,5.623896103896104,5.60974358974359,5.579493670886077,5.54875,5.536049382716049,5.530975609756098,5.526024096385543,5.533095238095238,5.5458823529411765,5.559534883720931,5.5567816091954025,5.546136363636363,5.526741573033708,5.507777777777777,5.4848351648351645,5.454782608695651,5.42,5.3976595744680855,5.37578947368421,5.3637500000000005,5.356082474226803,5.35061224489796,5.343232323232325,5.320000000000001,5.293267326732675,5.255294117647061,5.218058252427186,5.180576923076923,5.161904761904762,5.165283018867925,5.18822429906542,5.207962962962963,5.228256880733946,5.246363636363637,5.265945945945947,5.290535714285714,5.306725663716813,5.305087719298245,5.3,5.282068965517242,5.264444444444445,5.244576271186441,5.236806722689076,5.239166666666665,5.242314049586776,5.241311475409835,5.239512195121951,5.236129032258065,5.2368000000000015,5.230317460317461,5.230236220472441,5.22859375,3.5,42.0,0.0,0.0,0.0,0.0,0.0,0.0,0.0,0.0,0.0,0.0,0.0,0.0,0.0,0.0,0.0,22.0,94.0,203.0,333.0,468.0,591.0,684.0,731.0,731.0,731.0,731.0,731.0,731.0,731.0,731.0,731.0,731.0,731.0,731.0,731.0,731.0,731.0,731.0,731.0,746.0,757.0,767.0,772.0,772.0,772.0,772.0,772.0,772.0,772.0,772.0,772.0,772.0,772.0,772.0,772.0,772.0,772.0,772.0,772.0,772.0,772.0,772.0,772.0,792.0,842.0,915.0,999.0,1082.0,1151.0,1196.0,1213.0,1213.0,1213.0,1213.0,1213.0,1213.0,1213.0,1213.0,1213.0,1213.0,1213.0,1213.0,1213.0,1213.0,1213.0,1213.0,1213.0,1231.0,1267.0,1315.0,1367.0,1416.0,1453.0,1471.0,1471.0,1471.0,1471.0,1471.0,1471.0,1471.0,1471.0,1471.0,1471.0,1471.0,1471.0,1471.0,1471.0,1471.0,1471.0,1471.0,1471.0,1489.0,1538.0,1609.0,1692.0,1774.0,1844.0,1890.0,1907.0,1907.0,1907.0,1907.0,1907.0,1907.0,1907.0,1907.0,1907.0,1907.0,8,January 8,Rennes
0.0031931695827410863,1.3091520030664652,0.9256163996446299,0.6309787752856688,0.6309787752856688,0.5732129702869735,0.8414181069766321,1.8027952687014899,1.8027952687014899,0.6487809797808577,1.096434383614602,2.026798803738038,2.026798803738038,0.4672284060276576,1.3335819372997704,3.9872825884499945,3.9872825884499945,0.6936156752344411,0.6752566440822526,13.313333333333333,-0.09398228158743804,0.09398228158743804,137.59389083625442,6.22,6.32,6.353333333333333,5.92,5.619999999999999,5.52,5.434285714285714,5.5575,5.708888888888889,5.81,5.956363636363636,6.086666666666666,6.22,6.384285714285715,6.533333333333333,6.6325,6.684705882352941,6.714444444444444,6.73578947368421,6.755,6.739047619047618,6.665454545454545,6.528695652173911,6.403333333333333,6.288,6.189230769230769,6.119999999999999,6.055714285714285,6.009655172413792,5.956666666666666,5.878064516129031,5.8481250000000005,5.859393939393939,5.858235294117647,5.834285714285713,5.819999999999999,5.809189189189188,5.783157894736841,5.78153846153846,5.78,5.761463414634147,5.750952380952381,5.743255813953488,5.758636363636363,5.764444444444444,5.73304347826087,5.7157446808510635,5.703333333333333,5.664897959183675,5.658,5.631764705882354,5.656538461538462,5.6898113207547185,5.725555555555555,5.758181818181819,5.782500000000001,5.795438596491229,5.794137931034483,5.774237288135594,5.753333333333334,5.721639344262296,5.684516129032259,5.6485714285714295,5.62,5.584615384615384,5.539696969696971,5.506567164179105,5.468529411764707,5.443188405797103,5.417142857142858,5.400281690140846,5.399166666666667,5.384383561643836,5.376756756756757,5.358666666666667,5.35421052631579,5.355064935064935,5.34948717948718,5.340253164556963,5.33875,5.344691358024693,5.362682926829269,5.388674698795182,5.418809523809524,5.451764705882354,5.489767441860466,5.539540229885058,5.5825000000000005,5.620000000000001,5.644444444444445,5.666153846153848,5.671086956521741,5.674838709677419,5.676382978723404,5.690526315789473,5.705416666666667,5.723092783505154,5.748571428571429,5.778585858585858,5.805,5.809108910891088,5.7964705882352945,5.77145631067961,5.745961538461538,5.734285714285716,5.728490566037735,5.722803738317756,5.726481481481481,5.734678899082568,5.743636363636363,5.739819819819818,5.729821428571428,5.712920353982302,5.696315789473684,5.676521739130434,5.651034482758621,5.621709401709401,5.602203389830508,5.583025210084033,5.571666666666667,5.563801652892562,5.557704918032787,5.550081300813008,5.529677419354838,5.506399999999999,5.473968253968254,5.442047244094487,5.40984375,60.833333333333336,730.0,0.0,0.0,0.0,0.0,0.0,0.0,0.0,0.0,0.0,0.0,0.0,0.0,0.0,0.0,0.0,18.0,31.0,39.0,42.0,42.0,42.0,42.0,42.0,42.0,42.0,42.0,42.0,42.0,42.0,42.0,42.0,42.0,42.0,42.0,42.0,42.0,42.0,42.0,42.0,64.0,136.0,245.0,375.0,510.0,633.0,726.0,773.0,773.0,773.0,773.0,773.0,773.0,773.0,773.0,773.0,773.0,773.0,773.0,773.0,773.0,773.0,773.0,773.0,788.0,799.0,809.0,814.0,814.0,814.0,814.0,814.0,814.0,814.0,814.0,814.0,814.0,814.0,814.0,814.0,814.0,814.0,814.0,814.0,814.0,814.0,814.0,814.0,834.0,884.0,957.0,1041.0,1124.0,1193.0,1238.0,1255.0,1255.0,1255.0,1255.0,1255.0,1255.0,1255.0,1255.0,1255.0,1255.0,1255.0,1255.0,1255.0,1255.0,1255.0,1255.0,1255.0,1273.0,1309.0,1357.0,1409.0,1458.0,1495.0,1513.0,1513.0,1513.0,1513.0,1513.0,1513.0,1513.0,1513.0,1513.0,1513.0,1513.0,9,January 9,Rennes
0.0031931695827410863,1.3091520030664652,0.9256163996446299,0.6309787752856688,0.6309787752856688,0.5732129702869735,0.8414181069766321,1.8027952687014899,1.8027952687014899,0.6487809797808577,1.096434383614602,2.026798803738038,2.026798803738038,0.4672284060276576,1.3335819372997704,3.9872825884499945,3.9872825884499945,0.6936156752344411,0.6752566440822526,14.888333333333332,-0.03978618703454945,0.03978618703454945,145.8244710623531,3.62,3.7199999999999998,3.7866666666666666,3.995,4.0,4.036666666666667,4.148571428571429,4.27,4.42,4.6,4.774545454545454,4.986666666666666,5.235384615384616,5.541428571428571,5.7,5.795,5.82,5.83111111111111,5.883157894736842,5.8999999999999995,5.8723809523809525,5.847272727272727,5.841739130434782,5.836666666666666,5.851999999999999,5.873846153846153,5.894074074074073,5.848571428571427,5.799310344827585,5.7733333333333325,5.745806451612903,5.766875,5.801818181818181,5.828823529411765,5.8742857142857146,5.919999999999999,5.971351351351351,6.03842105263158,6.104615384615384,6.154999999999999,6.1882926829268285,6.212857142857143,6.2339534883720935,6.254090909090909,6.257777777777778,6.23304347826087,6.17531914893617,6.12,6.066938775510203,6.02,5.986666666666666,5.954615384615384,5.931320754716982,5.903333333333335,5.86,5.843214285714287,5.849824561403509,5.849310344827586,5.835254237288136,5.826666666666667,5.819999999999999,5.803870967741936,5.802539682539683,5.80125,5.789230769230769,5.782121212121212,5.776716417910447,5.786176470588236,5.789565217391305,5.768571428571429,5.756619718309858,5.747777777777777,5.721369863013698,5.715945945945945,5.697333333333333,5.713421052631579,5.735584415584415,5.759743589743589,5.782025316455696,5.79875,5.807654320987654,5.806585365853659,5.792289156626506,5.777142857142857,5.754117647058824,5.726976744186047,5.700459770114943,5.679090909090909,5.652584269662921,5.618888888888889,5.593626373626374,5.564565217391304,5.544731182795698,5.524255319148936,5.510526315789472,5.508541666666666,5.496288659793814,5.489387755102041,5.474545454545454,5.47,5.4695049504950495,5.464117647058822,5.4559223300970885,5.453653846153847,5.457142857142857,5.470000000000001,5.489158878504673,5.511666666666667,5.53651376146789,5.565454545454545,5.6037837837837845,5.636964285714285,5.666017699115044,5.684912280701755,5.701739130434783,5.705344827586206,5.708034188034187,5.708983050847458,5.7200000000000015,5.7316666666666665,5.745619834710743,5.765901639344262,5.789918699186992,5.811129032258064,5.8144,5.804126984126984,5.783779527559056,5.76296875,16.583333333333332,199.0,0.0,0.0,0.0,0.0,0.0,0.0,0.0,0.0,0.0,0.0,0.0,0.0,0.0,0.0,0.0,24.0,98.0,209.0,341.0,476.0,596.0,685.0,730.0,730.0,730.0,730.0,730.0,730.0,730.0,730.0,730.0,730.0,730.0,730.0,730.0,730.0,730.0,730.0,730.0,748.0,761.0,769.0,772.0,772.0,772.0,772.0,772.0,772.0,772.0,772.0,772.0,772.0,772.0,772.0,772.0,772.0,772.0,772.0,772.0,772.0,772.0,772.0,772.0,794.0,866.0,975.0,1105.0,1240.0,1363.0,1456.0,1503.0,1503.0,1503.0,1503.0,1503.0,1503.0,1503.0,1503.0,1503.0,1503.0,1503.0,1503.0,1503.0,1503.0,1503.0,1503.0,1503.0,1518.0,1529.0,1539.0,1544.0,1544.0,1544.0,1544.0,1544.0,1544.0,1544.0,1544.0,1544.0,1544.0,1544.0,1544.0,1544.0,1544.0,1544.0,1544.0,1544.0,1544.0,1544.0,1544.0,1544.0,1564.0,1614.0,1687.0,1771.0,1854.0,1923.0,1968.0,1985.0,1985.0,1985.0,1985.0,1985.0,1985.0,1985.0,1985.0,1985.0,1985.0,10,January 10,Rennes
0.0031931695827410863,1.3091520030664652,0.9256163996446299,0.6309787752856688,0.6309787752856688,0.5732129702869735,0.8414181069766321,1.8027952687014899,1.8027952687014899,0.6487809797808577,1.096434383614602,2.026798803738038,2.026798803738038,0.4672284060276576,1.3335819372997704,3.9872825884499945,3.9872825884499945,0.6936156752344411,0.6752566440822526,13.496666666666664,-0.0592903742152486,0.0592903742152486,142.8624351691776,4.92,4.82,4.819999999999999,4.844999999999999,4.839999999999999,5.003333333333333,5.091428571428572,5.145,5.219999999999999,5.299999999999999,5.492727272727272,5.694999999999999,5.827692307692307,5.941428571428571,6.013333333333333,5.98875,5.92,5.847777777777778,5.788421052631579,5.725,5.662857142857142,5.574545454545454,5.467826086956522,5.403333333333333,5.331999999999999,5.2738461538461525,5.223703703703702,5.202142857142856,5.1613793103448256,5.129999999999998,5.119999999999998,5.12,5.135151515151515,5.167058823529411,5.2057142857142855,5.264444444444443,5.344324324324323,5.454210526315788,5.517435897435895,5.56,5.576097560975609,5.586666666666666,5.615348837209302,5.629090909090909,5.622222222222221,5.615652173913042,5.6178723404255315,5.62,5.632244897959184,5.648000000000001,5.663137254901962,5.643076923076923,5.62,5.60888888888889,5.596363636363637,5.611071428571429,5.634035087719299,5.6527586206896565,5.682711864406781,5.713333333333335,5.747868852459017,5.792580645161291,5.837460317460319,5.873125,5.898461538461539,5.91848484848485,5.936417910447761,5.953823529411766,5.960579710144928,5.948571428571429,5.9143661971830985,5.881111111111111,5.848767123287671,5.82,5.8,5.780526315789475,5.766753246753247,5.74948717948718,5.721265822784811,5.71125,5.717530864197531,5.718780487804878,5.710361445783132,5.705714285714286,5.702352941176471,5.692093023255814,5.692413793103448,5.692727272727272,5.685168539325843,5.681111111111111,5.678241758241758,5.686304347826087,5.689892473118279,5.67531914893617,5.6673684210526325,5.661666666666666,5.642680412371133,5.639387755102041,5.626060606060606,5.638999999999999,5.656633663366336,5.675882352941177,5.693786407766991,5.7075,5.715238095238094,5.715283018867925,5.705046728971962,5.6940740740740745,5.676880733944954,5.656363636363638,5.636216216216217,5.62,5.599646017699114,5.573508771929824,5.5539130434782615,5.5312068965517245,5.515726495726495,5.499661016949153,5.488907563025211,5.4875,5.47785123966942,5.472459016393443,5.460650406504065,5.457096774193548,5.456800000000001,5.452539682539683,5.445984251968505,5.44421875,33.416666666666664,401.0,0.0,0.0,0.0,0.0,0.0,0.0,0.0,0.0,0.0,0.0,0.0,0.0,0.0,0.0,0.0,20.0,53.0,94.0,136.0,172.0,194.0,199.0,199.0,199.0,199.0,199.0,199.0,199.0,199.0,199.0,199.0,199.0,199.0,199.0,199.0,199.0,199.0,199.0,199.0,223.0,297.0,408.0,540.0,675.0,795.0,884.0,929.0,929.0,929.0,929.0,929.0,929.0,929.0,929.0,929.0,929.0,929.0,929.0,929.0,929.0,929.0,929.0,929.0,947.0,960.0,968.0,971.0,971.0,971.0,971.0,971.0,971.0,971.0,971.0,971.0,971.0,971.0,971.0,971.0,971.0,971.0,971.0,971.0,971.0,971.0,971.0,971.0,993.0,1065.0,1174.0,1304.0,1439.0,1562.0,1655.0,1702.0,1702.0,1702.0,1702.0,1702.0,1702.0,1702.0,1702.0,1702.0,1702.0,1702.0,1702.0,1702.0,1702.0,1702.0,1702.0,1702.0,1717.0,1728.0,1738.0,1743.0,1743.0,1743.0,1743.0,1743.0,1743.0,1743.0,1743.0,1743.0,1743.0,1743.0,1743.0,1743.0,1743.0,11,January 11,Rennes
0.0031931695827410863,1.3091520030664652,0.9256163996446299,0.6309787752856688,0.6309787752856688,0.5732129702869735,0.8414181069766321,1.8027952687014899,1.8027952687014899,0.6487809797808577,1.096434383614602,2.026798803738038,2.026798803738038,0.4672284060276576,1.3335819372997704,3.9872825884499945,3.9872825884499945,0.6936156752344411,0.6752566440822526,16.471666666666668,-0.06659229934926958,0.06659229934926958,141.75351613882427,5.12,4.47,4.253333333333333,4.12,4.26,4.569999999999999,4.777142857142857,4.9575,5.097777777777777,5.3199999999999985,5.529090909090908,5.786666666666666,5.958461538461538,6.119999999999999,6.293333333333332,6.38875,6.431764705882353,6.4255555555555555,6.425263157894736,6.389999999999999,6.377142857142856,6.306363636363636,6.228695652173912,6.1450000000000005,6.095999999999999,6.0430769230769235,5.997777777777777,5.959285714285714,5.919999999999999,5.916666666666666,5.9070967741935485,5.895,5.892727272727272,5.896470588235293,5.9399999999999995,5.994999999999999,6.033513513513513,6.069999999999999,6.094358974358974,6.082499999999999,6.051707317073171,6.017619047619047,5.987441860465116,5.954090909090908,5.92,5.872173913043478,5.813617021276597,5.774166666666666,5.730204081632652,5.692,5.657254901960784,5.637307692307692,5.606792452830189,5.581111111111112,5.567272727272727,5.559285714285714,5.560350877192983,5.571724137931035,5.587796610169492,5.616666666666666,5.659344262295082,5.7216129032258065,5.756507936507936,5.779375,5.786153846153846,5.789696969696969,5.805074626865671,5.811176470588235,5.804057971014492,5.797142857142857,5.796056338028168,5.794999999999999,5.800821917808218,5.809189189189189,5.817333333333333,5.80157894736842,5.783636363636363,5.773846153846153,5.763037974683544,5.77125,5.785432098765432,5.796829268292683,5.816385542168675,5.836666666666667,5.859999999999999,5.890930232558139,5.922298850574712,5.947272727272726,5.964943820224719,5.978888888888889,5.991428571428573,6.0036956521739135,6.008172043010755,5.998723404255322,5.972631578947371,5.947083333333333,5.922061855670102,5.899591836734695,5.883636363636365,5.868,5.856633663366338,5.842549019607845,5.820000000000001,5.811346153846153,5.815238095238095,5.815283018867924,5.80785046728972,5.803333333333335,5.799816513761469,5.790909090909092,5.7902702702702715,5.789642857142857,5.782831858407079,5.778771929824561,5.775652173913044,5.7812068965517245,5.783247863247864,5.77084745762712,5.763697478991596,5.758333333333332,5.742314049586776,5.7388524590163925,5.727317073170731,5.736935483870968,5.750400000000002,5.765238095238096,5.779055118110237,5.78953125,18.583333333333332,223.0,0.0,0.0,0.0,0.0,0.0,0.0,0.0,0.0,0.0,0.0,0.0,0.0,0.0,0.0,0.0,23.0,73.0,142.0,220.0,294.0,354.0,390.0,401.0,401.0,401.0,401.0,401.0,401.0,401.0,401.0,401.0,401.0,401.0,401.0,401.0,401.0,401.0,401.0,401.0,421.0,454.0,495.0,537.0,573.0,595.0,600.0,600.0,600.0,600.0,600.0,600.0,600.0,600.0,600.0,600.0,600.0,600.0,600.0,600.0,600.0,600.0,600.0,600.0,624.0,698.0,809.0,941.0,1076.0,1196.0,1285.0,1330.0,1330.0,1330.0,1330.0,1330.0,1330.0,1330.0,1330.0,1330.0,1330.0,1330.0,1330.0,1330.0,1330.0,1330.0,1330.0,1330.0,1348.0,1361.0,1369.0,1372.0,1372.0,1372.0,1372.0,1372.0,1372.0,1372.0,1372.0,1372.0,1372.0,1372.0,1372.0,1372.0,1372.0,1372.0,1372.0,1372.0,1372.0,1372.0,1372.0,1372.0,1394.0,1466.0,1575.0,1705.0,1840.0,1963.0,2056.0,2103.0,2103.0,2103.0,2103.0,2103.0,2103.0,2103.0,2103.0,2103.0,2103.0,12,January 12,Rennes
0.0031931695827410863,1.3091520030664652,0.9256163996446299,0.6309787752856688,0.6309787752856688,0.5732129702869735,0.8414181069766321,1.8027952687014899,1.8027952687014899,0.6487809797808577,1.096434383614602,2.026798803738038,2.026798803738038,0.4672284060276576,1.3335819372997704,3.9872825884499945,3.9872825884499945,0.6936156752344411,0.6752566440822526,17.238333333333333,-0.010954548707175316,0.010954548707175316,150.20303586967032,1.12,1.07,0.9866666666666667,0.795,0.82,0.9866666666666668,1.12,1.2325,1.3755555555555559,1.5100000000000002,1.592727272727273,1.6116666666666666,1.5507692307692311,1.5985714285714288,1.6533333333333335,1.72,1.8258823529411767,1.9311111111111114,2.0410526315789475,2.1550000000000002,2.2485714285714287,2.3745454545454545,2.4852173913043476,2.57,2.6720000000000006,2.716153846153846,2.7570370370370365,2.791428571428571,2.861379310344827,2.9699999999999993,3.068387096774193,3.166875,3.2593939393939393,3.378823529411765,3.4999999999999996,3.6422222222222222,3.76054054054054,3.877894736842105,4.002051282051281,4.097499999999999,4.171219512195122,4.222380952380952,4.2734883720930235,4.306363636363636,4.346666666666666,4.35695652173913,4.360425531914893,4.3575,4.368979591836735,4.3759999999999994,4.38470588235294,4.3950000000000005,4.403018867924528,4.429259259259259,4.45090909090909,4.47,4.4936842105263155,4.52,4.569152542372881,4.624999999999999,4.670819672131148,4.71516129032258,4.751746031746032,4.765312499999999,4.766153846153846,4.763939393939394,4.763283582089552,4.75970588235294,4.754782608695653,4.74,4.71718309859155,4.706111111111111,4.69123287671233,4.679459459459459,4.669333333333333,4.668684210526315,4.6602597402597405,4.654615384615385,4.656708860759494,4.6625,4.674320987654321,4.693170731707317,4.715180722891565,4.746190476190476,4.787058823529412,4.842093023255814,4.877471264367816,4.904090909090909,4.918876404494382,4.931111111111111,4.951868131868132,4.9656521739130435,4.969462365591398,4.973191489361701,4.981052631578947,4.98875,5.001443298969072,5.015918367346938,5.03010101010101,5.026,5.02,5.02,5.019029126213592,5.032499999999999,5.05047619047619,5.066226415094339,5.088224299065421,5.1107407407407415,5.135596330275229,5.166363636363636,5.197477477477477,5.223571428571428,5.243893805309733,5.261228070175437,5.277391304347826,5.293275862068965,5.302905982905982,5.301355932203389,5.286386554621849,5.271666666666666,5.2571900826446285,5.244590163934425,5.237073170731707,5.2296774193548385,5.225599999999999,5.219206349206349,5.205826771653543,5.20359375,8.0,96.0,0.0,0.0,0.0,0.0,0.0,0.0,0.0,0.0,0.0,0.0,0.0,0.0,0.0,0.0,0.0,22.0,56.0,100.0,147.0,189.0,216.0,223.0,223.0,223.0,223.0,223.0,223.0,223.0,223.0,223.0,223.0,223.0,223.0,223.0,223.0,223.0,223.0,223.0,223.0,246.0,296.0,365.0,443.0,517.0,577.0,613.0,624.0,624.0,624.0,624.0,624.0,624.0,624.0,624.0,624.0,624.0,624.0,624.0,624.0,624.0,624.0,624.0,624.0,644.0,677.0,718.0,760.0,796.0,818.0,823.0,823.0,823.0,823.0,823.0,823.0,823.0,823.0,823.0,823.0,823.0,823.0,823.0,823.0,823.0,823.0,823.0,823.0,847.0,921.0,1032.0,1164.0,1299.0,1419.0,1508.0,1553.0,1553.0,1553.0,1553.0,1553.0,1553.0,1553.0,1553.0,1553.0,1553.0,1553.0,1553.0,1553.0,1553.0,1553.0,1553.0,1553.0,1571.0,1584.0,1592.0,1595.0,1595.0,1595.0,1595.0,1595.0,1595.0,1595.0,1595.0,1595.0,1595.0,1595.0,1595.0,1595.0,1595.0,13,January 13,Rennes
0.0031931695827410863,1.3091520030664652,0.9256163996446299,0.6309787752856688,0.6309787752856688,0.5732129702869735,0.8414181069766321,1.8027952687014899,1.8027952687014899,0.6487809797808577,1.096434383614602,2.026798803738038,2.026798803738038,0.4672284060276576,1.3335819372997704,3.9872825884499945,3.9872825884499945,0.6936156752344411,0.6752566440822526,13.755,-0.008900586553409058,0.008900586553409058,150.51496425542229,3.82,3.7199999999999998,3.6533333333333338,3.2700000000000005,2.72,2.1033333333333335,1.7771428571428574,1.445,1.2533333333333334,1.1300000000000001,1.0836363636363637,1.1283333333333332,1.3046153846153847,1.4342857142857144,1.5800000000000003,1.7137499999999999,1.8376470588235296,1.8977777777777776,1.9252631578947368,1.9649999999999999,1.9914285714285715,2.0109090909090908,1.9895652173913045,1.945,1.9120000000000001,1.8776923076923078,1.8385185185185189,1.7807142857142857,1.751034482758621,1.7533333333333336,1.7587096774193551,1.7668750000000002,1.78969696969697,1.8170588235294118,1.8342857142857143,1.8338888888888887,1.8064864864864867,1.8173684210526317,1.8328205128205128,1.855,1.8956097560975609,1.939047619047619,1.987441860465116,2.0404545454545455,2.086666666666667,2.150434782608696,2.2093617021276595,2.2575,2.3159183673469386,2.346,2.3749019607843134,2.4007692307692308,2.446415094339623,2.5144444444444445,2.578181818181819,2.643214285714286,2.705964912280702,2.7855172413793103,2.867457627118644,2.9633333333333334,3.0462295081967223,3.1296774193548393,3.2184126984126986,3.2903124999999998,3.3492307692307692,3.394242424242424,3.439402985074627,3.472941176470588,3.5113043478260875,3.5300000000000007,3.5439436619718316,3.553333333333333,3.5720547945205476,3.587567567567568,3.604,3.621315789473684,3.6368831168831166,3.6648717948717944,3.6896202531645566,3.7125,3.738518518518518,3.766341463414634,3.8103614457831316,3.8592857142857144,3.901176470588235,3.942093023255813,3.977471264367815,3.996136363636363,4.005393258426966,4.0122222222222215,4.02,4.025434782608696,4.029677419354838,4.026382978723404,4.016842105263158,4.015833333333333,4.011752577319587,4.009795918367347,4.0088888888888885,4.015,4.015049504950494,4.017058823529411,4.024854368932038,4.035384615384616,4.050476190476191,4.070943396226416,4.093831775700934,4.123703703703704,4.1612844036697245,4.21,4.2434234234234225,4.2700000000000005,4.2872566371681415,4.302456140350877,4.324347826086957,4.3406896551724135,4.349059829059829,4.35728813559322,4.368739495798319,4.38,4.395206611570249,4.411803278688525,4.4281300813008135,4.429677419354839,4.4296,4.434285714285713,4.438110236220473,4.45359375,35.166666666666664,422.0,0.0,0.0,0.0,0.0,0.0,0.0,0.0,0.0,0.0,0.0,0.0,0.0,0.0,0.0,0.0,20.0,41.0,63.0,83.0,96.0,96.0,96.0,96.0,96.0,96.0,96.0,96.0,96.0,96.0,96.0,96.0,96.0,96.0,96.0,96.0,96.0,96.0,96.0,96.0,118.0,152.0,196.0,243.0,285.0,312.0,319.0,319.0,319.0,319.0,319.0,319.0,319.0,319.0,319.0,319.0,319.0,319.0,319.0,319.0,319.0,319.0,319.0,319.0,342.0,392.0,461.0,539.0,613.0,673.0,709.0,720.0,720.0,720.0,720.0,720.0,720.0,720.0,720.0,720.0,720.0,720.0,720.0,720.0,720.0,720.0,720.0,720.0,740.0,773.0,814.0,856.0,892.0,914.0,919.0,919.0,919.0,919.0,919.0,919.0,919.0,919.0,919.0,919.0,919.0,919.0,919.0,919.0,919.0,919.0,919.0,919.0,943.0,1017.0,1128.0,1260.0,1395.0,1515.0,1604.0,1649.0,1649.0,1649.0,1649.0,1649.0,1649.0,1649.0,1649.0,1649.0,1649.0,14,January 14,Rennes
0.0031931695827410863,1.3091520030664652,0.9256163996446299,0.6309787752856688,0.6309787752856688,0.5732129702869735,0.8414181069766321,1.8027952687014899,1.8027952687014899,0.6487809797808577,1.096434383614602,2.026798803738038,2.026798803738038,0.4672284060276576,1.3335819372997704,3.9872825884499945,3.9872825884499945,0.6936156752344411,0.6752566440822526,14.838333333333335,-0.02630704134710315,0.02630704134710315,147.87150398741994,3.4200000000000004,3.0700000000000003,3.72,4.22,4.38,4.4366666666666665,4.477142857142857,4.5325,4.597777777777777,4.68,4.992727272727273,5.353333333333333,5.743076923076923,5.97,6.12,6.18875,6.249411764705882,6.281111111111111,6.2357894736842105,6.1899999999999995,6.11047619047619,6.051818181818181,5.915652173913043,5.799166666666667,5.719999999999999,5.639230769230768,5.56074074074074,5.437857142857142,5.268275862068966,5.0600000000000005,4.8909677419354844,4.710625,4.559393939393939,4.425882352941176,4.317142857142857,4.242222222222221,4.220000000000001,4.191052631578948,4.176410256410256,4.165,4.156585365853658,4.127142857142856,4.087441860465116,4.056363636363637,4.022222222222222,3.9873913043478266,3.9348936170212765,3.8720833333333338,3.8159183673469386,3.76,3.7023529411764704,3.6353846153846154,3.5841509433962266,3.551481481481482,3.521818181818182,3.495,3.4778947368421047,3.464827586206896,3.447118644067796,3.42,3.377377049180328,3.358709677419355,3.3438095238095236,3.3340625,3.336923076923077,3.3427272727272728,3.3528358208955225,3.3670588235294114,3.3779710144927537,3.4014285714285717,3.4228169014084506,3.4380555555555556,3.461095890410959,3.465945945945946,3.4706666666666677,3.473947368421053,3.491428571428572,3.5251282051282056,3.5567088607594948,3.589999999999999,3.6224691358024694,3.667560975609756,3.7151807228915663,3.7735714285714286,3.8235294117647065,3.8746511627906988,3.9303448275862083,3.9745454545454546,4.009887640449438,4.035555555555556,4.061758241758242,4.079782608695653,4.101720430107528,4.109361702127661,4.113684210526317,4.114791666666666,4.123092783505155,4.129183673469388,4.136161616161616,4.144,4.150693069306931,4.167058823529413,4.18116504854369,4.194038461538461,4.20952380952381,4.226603773584906,4.2564485981308415,4.29037037037037,4.31908256880734,4.347272727272727,4.371351351351352,4.3825,4.3863716814159295,4.388421052631579,4.391304347826088,4.392413793103449,4.392649572649573,4.386949152542373,4.376302521008404,4.3725000000000005,4.366280991735537,4.361803278688525,4.35821138211382,4.360322580645161,4.3576,4.356507936507937,4.360157480314961,4.36609375,11.75,141.0,0.0,0.0,0.0,0.0,0.0,0.0,0.0,0.0,0.0,0.0,0.0,0.0,0.0,0.0,0.0,27.0,80.0,151.0,231.0,308.0,371.0,410.0,422.0,422.0,422.0,422.0,422.0,422.0,422.0,422.0,422.0,422.0,422.0,422.0,422.0,422.0,422.0,422.0,422.0,442.0,463.0,485.0,505.0,518.0,518.0,518.0,518.0,518.0,518.0,518.0,518.0,518.0,518.0,518.0,518.0,518.0,518.0,518.0,518.0,518.0,518.0,518.0,518.0,540.0,574.0,618.0,665.0,707.0,734.0,741.0,741.0,741.0,741.0,741.0,741.0,741.0,741.0,741.0,741.0,741.0,741.0,741.0,741.0,741.0,741.0,741.0,741.0,764.0,814.0,883.0,961.0,1035.0,1095.0,1131.0,1142.0,1142.0,1142.0,1142.0,1142.0,1142.0,1142.0,1142.0,1142.0,1142.0,1142.0,1142.0,1142.0,1142.0,1142.0,1142.0,1142.0,1162.0,1195.0,1236.0,1278.0,1314.0,1336.0,1341.0,1341.0,1341.0,1341.0,1341.0,1341.0,1341.0,1341.0,1341.0,1341.0,1341.0,15,January 15,Rennes
0.0031931695827410863,1.3091520030664652,0.9256163996446299,0.6309787752856688,0.6309787752856688,0.5732129702869735,0.8414181069766321,1.8027952687014899,1.8027952687014899,0.6487809797808577,1.096434383614602,2.026798803738038,2.026798803738038,0.4672284060276576,1.3335819372997704,3.9872825884499945,3.9872825884499945,0.6936156752344411,0.6752566440822526,18.321666666666665,-0.044547224440934424,0.044547224440934424,145.1014281815701,-0.68,-0.5800000000000001,-0.7799999999999999,-1.03,-1.1199999999999999,-0.9799999999999999,-0.6942857142857142,-0.36750000000000005,0.02000000000000003,0.3600000000000001,0.6927272727272729,0.92,1.1969230769230768,1.4271428571428568,1.673333333333333,1.87,2.0670588235294116,2.3033333333333332,2.498947368421053,2.675,2.8295238095238098,2.9609090909090896,3.006956521739129,3.040833333333333,3.0559999999999996,3.0430769230769226,3.1162962962962952,3.209285714285713,3.2717241379310336,3.319999999999999,3.3651612903225794,3.4137500000000003,3.465454545454545,3.522941176470588,3.6542857142857144,3.8116666666666665,3.990270270270271,4.12,4.225128205128205,4.3,4.371219512195122,4.429523809523809,4.452558139534883,4.472272727272728,4.473333333333334,4.480869565217391,4.447659574468085,4.42,4.407755102040816,4.3919999999999995,4.374901960784313,4.331538461538462,4.259622641509433,4.162592592592593,4.083636363636364,3.995,3.92,3.852758620689655,3.797966101694915,3.7616666666666663,3.7560655737704916,3.7458064516129035,3.7438095238095235,3.7434374999999998,3.7446153846153845,3.732121212121212,3.7125373134328354,3.697941176470588,3.680869565217391,3.6628571428571424,3.6326760563380276,3.5949999999999998,3.5610958904109586,3.526756756756756,3.490666666666666,3.447631578947368,3.414805194805195,3.3943589743589744,3.3756962025316457,3.3587499999999997,3.3483950617283953,3.3407317073170733,3.3296385542168676,3.3116666666666665,3.2823529411764705,3.2700000000000005,3.260229885057471,3.2540909090909094,3.257078651685393,3.262222222222222,3.27054945054945,3.28195652173913,3.2909677419354835,3.30936170212766,3.3263157894736843,3.3387499999999997,3.3571134020618554,3.3618367346938776,3.3664646464646464,3.37,3.384356435643564,3.4111764705882353,3.4365048543689323,3.4632692307692308,3.48952380952381,3.5256603773584905,3.5639252336448592,3.6107407407407406,3.6511926605504583,3.6927272727272724,3.7380180180180176,3.7744642857142856,3.8040707964601768,3.826140350877193,3.8486956521739124,3.8648275862068964,3.8841025641025637,3.8920338983050846,3.8973109243697475,3.9,3.9084297520661155,3.9150819672131143,3.9224390243902434,3.930483870967742,3.9375999999999998,3.9525396825396824,3.9656692913385827,3.9778124999999998,27.75,333.0,0.0,0.0,0.0,0.0,0.0,0.0,0.0,0.0,0.0,0.0,0.0,0.0,0.0,0.0,0.0,22.0,50.0,81.0,110.0,132.0,141.0,141.0,141.0,141.0,141.0,141.0,141.0,141.0,141.0,141.0,141.0,141.0,141.0,141.0,141.0,141.0,141.0,141.0,141.0,168.0,221.0,292.0,372.0,449.0,512.0,551.0,563.0,563.0,563.0,563.0,563.0,563.0,563.0,563.0,563.0,563.0,563.0,563.0,563.0,563.0,563.0,563.0,563.0,583.0,604.0,626.0,646.0,659.0,659.0,659.0,659.0,659.0,659.0,659.0,659.0,659.0,659.0,659.0,659.0,659.0,659.0,659.0,659.0,659.0,659.0,659.0,659.0,681.0,715.0,759.0,806.0,848.0,875.0,882.0,882.0,882.0,882.0,882.0,882.0,882.0,882.0,882.0,882.0,882.0,882.0,882.0,882.0,882.0,882.0,882.0,882.0,905.0,955.0,1024.0,1102.0,1176.0,1236.0,1272.0,1283.0,1283.0,1283.0,1283.0,1283.0,1283.0,1283.0,1283.0,1283.0,1283.0,16,January 16,Rennes
0.0031931695827410863,1.3091520030664652,0.9256163996446299,0.6309787752856688,0.6309787752856688,0.5732129702869735,0.8414181069766321,1.8027952687014899,1.8027952687014899,0.6487809797808577,1.096434383614602,2.026798803738038,2.026798803738038,0.4672284060276576,1.3335819372997704,3.9872825884499945,3.9872825884499945,0.6936156752344411,0.6752566440822526,17.14666666666667,0.02246264560465427,0.02246264560465427,155.27799377916017,-1.18,-0.9299999999999999,-1.0133333333333334,-1.505,-1.92,-2.3299999999999996,-2.737142857142857,-3.0675000000000003,-3.1911111111111117,-3.220000000000001,-3.052727272727273,-2.821666666666667,-2.4953846153846158,-2.1942857142857144,-1.8933333333333335,-1.6425,-1.3800000000000001,-1.1466666666666667,-0.9694736842105264,-0.8400000000000001,-0.7038095238095239,-0.6118181818181818,-0.5930434782608696,-0.5716666666666668,-0.5760000000000001,-0.5723076923076923,-0.5948148148148149,-0.6371428571428572,-0.6662068965517242,-0.6533333333333334,-0.5993548387096774,-0.5206250000000001,-0.4103030303030304,-0.29764705882352943,-0.17428571428571432,-0.07444444444444448,0.04972972972972966,0.16473684210526315,0.2917948717948718,0.4049999999999999,0.5224390243902438,0.6604761904761903,0.7851162790697672,0.904090909090909,1.0155555555555555,1.1178260869565215,1.1795744680851064,1.2345833333333334,1.2791836734693875,1.3079999999999996,1.3807843137254896,1.4642307692307688,1.5313207547169805,1.5903703703703698,1.6472727272727266,1.7057142857142857,1.765614035087719,1.828620689655172,1.9352542372881352,2.0583333333333327,2.195409836065573,2.303870967741935,2.3977777777777773,2.473125,2.546153846153846,2.610909090909091,2.6528358208955223,2.6920588235294116,2.718550724637681,2.7485714285714287,2.7509859154929575,2.756111111111111,2.770684931506849,2.782162162162162,2.792,2.783157894736842,2.753766233766233,2.705897435897436,2.669367088607595,2.625,2.5891358024691358,2.5578048780487803,2.534457831325301,2.523571428571428,2.534117647058823,2.5409302325581393,2.553333333333333,2.5665909090909094,2.5806741573033705,2.584444444444444,2.5826373626373624,2.5841304347826086,2.5834408602150534,2.581702127659574,2.5705263157894738,2.5533333333333332,2.538556701030928,2.523061224489796,2.5058585858585856,2.483,2.467524752475248,2.461176470588236,2.455922330097087,2.4517307692307693,2.4523809523809526,2.4549056603773587,2.454579439252336,2.4487037037037034,2.433761467889908,2.4318181818181817,2.4317117117117113,2.434285714285714,2.4438938053097345,2.4550877192982457,2.468695652173913,2.4846551724137926,2.4986324786324787,2.52,2.5401680672268907,2.556666666666666,2.577851239669421,2.588032786885246,2.598048780487805,2.607096774193548,2.624799999999999,2.6525396825396816,2.679055118110236,2.70671875,9.5,114.0,0.0,0.0,0.0,0.0,0.0,0.0,0.0,0.0,0.0,0.0,0.0,0.0,0.0,0.0,0.0,27.0,74.0,134.0,199.0,260.0,306.0,330.0,333.0,333.0,333.0,333.0,333.0,333.0,333.0,333.0,333.0,333.0,333.0,333.0,333.0,333.0,333.0,333.0,333.0,355.0,383.0,414.0,443.0,465.0,474.0,474.0,474.0,474.0,474.0,474.0,474.0,474.0,474.0,474.0,474.0,474.0,474.0,474.0,474.0,474.0,474.0,474.0,474.0,501.0,554.0,625.0,705.0,782.0,845.0,884.0,896.0,896.0,896.0,896.0,896.0,896.0,896.0,896.0,896.0,896.0,896.0,896.0,896.0,896.0,896.0,896.0,896.0,916.0,937.0,959.0,979.0,992.0,992.0,992.0,992.0,992.0,992.0,992.0,992.0,992.0,992.0,992.0,992.0,992.0,992.0,992.0,992.0,992.0,992.0,992.0,992.0,1014.0,1048.0,1092.0,1139.0,1181.0,1208.0,1215.0,1215.0,1215.0,1215.0,1215.0,1215.0,1215.0,1215.0,1215.0,1215.0,1215.0,17,January 17,Rennes
0.0031931695827410863,1.3091520030664652,0.9256163996446299,0.6309787752856688,0.6309787752856688,0.5732129702869735,0.8414181069766321,1.8027952687014899,1.8027952687014899,0.6487809797808577,1.096434383614602,2.026798803738038,2.026798803738038,0.4672284060276576,1.3335819372997704,3.9872825884499945,3.9872825884499945,0.6936156752344411,0.6752566440822526,18.805,0.022957766962301413,0.022957766962301413,155.35318620934152,-3.08,-2.63,-2.18,-2.305,-2.3600000000000003,-2.6466666666666665,-2.7800000000000002,-2.9425,-3.0022222222222217,-2.94,-2.7163636363636368,-2.5716666666666668,-2.3953846153846152,-2.1585714285714284,-1.9066666666666667,-1.605,-1.2682352941176471,-0.9300000000000002,-0.6378947368421053,-0.4000000000000001,-0.14190476190476206,0.04727272727272731,0.14173913043478237,0.14083333333333325,0.08799999999999997,0.05846153846153845,0.012592592592592537,-0.09428571428571432,-0.21448275862068975,-0.3533333333333334,-0.5090322580645161,-0.6612500000000001,-0.7678787878787879,-0.8476470588235296,-0.862857142857143,-0.8466666666666668,-0.7854054054054055,-0.7194736842105264,-0.6415384615384616,-0.5725000000000001,-0.48975609756097577,-0.41095238095238107,-0.34976744186046516,-0.3050000000000001,-0.2533333333333334,-0.21913043478260877,-0.2182978723404256,-0.21541666666666673,-0.22489795918367356,-0.23000000000000007,-0.24862745098039227,-0.2780769230769231,-0.30075471698113215,-0.3003703703703704,-0.2763636363636364,-0.23714285714285724,-0.1782456140350878,-0.1162068965517242,-0.04610169491525433,0.011666666666666633,0.08557377049180323,0.15548387096774194,0.23428571428571435,0.3059375,0.3815384615384615,0.4715151515151515,0.5543283582089551,0.6347058823529411,0.7113043478260869,0.7828571428571428,0.8284507042253522,0.8699999999999999,0.9049315068493151,0.9294594594594593,0.984,1.046315789473684,1.0979220779220777,1.1443589743589742,1.1896202531645568,1.2362499999999998,1.2841975308641975,1.3346341463414635,1.4163855421686746,1.5104761904761903,1.6152941176470583,1.7002325581395341,1.7751724137931024,1.8370454545454549,1.8975280898876403,1.952222222222222,1.9903296703296705,2.026521739130435,2.053333333333333,2.0827659574468083,2.0915789473684203,2.1022916666666664,2.1199999999999997,2.1353061224489793,2.149292929292929,2.1489999999999996,2.1328712871287125,2.1023529411764703,2.0801941747572807,2.0517307692307694,2.0295238095238095,2.010566037735849,1.9975700934579435,1.9940740740740737,2.007155963302752,2.0172727272727267,2.031711711711711,2.0467857142857144,2.0624778761061946,2.07,2.0730434782608693,2.078620689655172,2.082393162393162,2.0852542372881353,2.0805042016806725,2.0708333333333333,2.06297520661157,2.0544262295081968,2.044390243902439,2.0296774193548384,2.0208000000000004,2.0192063492063497,2.0184251968503943,2.0184375,3.75,45.0,0.0,0.0,0.0,0.0,0.0,0.0,0.0,0.0,0.0,0.0,0.0,0.0,0.0,0.0,0.0,21.0,46.0,73.0,97.0,113.0,114.0,114.0,114.0,114.0,114.0,114.0,114.0,114.0,114.0,114.0,114.0,114.0,114.0,114.0,114.0,114.0,114.0,114.0,114.0,141.0,188.0,248.0,313.0,374.0,420.0,444.0,447.0,447.0,447.0,447.0,447.0,447.0,447.0,447.0,447.0,447.0,447.0,447.0,447.0,447.0,447.0,447.0,447.0,469.0,497.0,528.0,557.0,579.0,588.0,588.0,588.0,588.0,588.0,588.0,588.0,588.0,588.0,588.0,588.0,588.0,588.0,588.0,588.0,588.0,588.0,588.0,588.0,615.0,668.0,739.0,819.0,896.0,959.0,998.0,1010.0,1010.0,1010.0,1010.0,1010.0,1010.0,1010.0,1010.0,1010.0,1010.0,1010.0,1010.0,1010.0,1010.0,1010.0,1010.0,1010.0,1030.0,1051.0,1073.0,1093.0,1106.0,1106.0,1106.0,1106.0,1106.0,1106.0,1106.0,1106.0,1106.0,1106.0,1106.0,1106.0,1106.0,18,January 18,Rennes
0.0031931695827410863,1.3091520030664652,0.9256163996446299,0.6309787752856688,0.6309787752856688,0.5732129702869735,0.8414181069766321,1.8027952687014899,1.8027952687014899,0.6487809797808577,1.096434383614602,2.026798803738038,2.026798803738038,0.4672284060276576,1.3335819372997704,3.9872825884499945,3.9872825884499945,0.6936156752344411,0.6752566440822526,21.205,-0.015500261981215607,0.015500261981215607,149.5126935471194,-1.78,-1.58,-1.68,-1.5050000000000001,-1.3,-1.28,-1.2657142857142856,-1.1925,-1.18,-1.13,-1.1254545454545453,-1.0633333333333332,-1.0492307692307692,-0.9514285714285713,-0.82,-0.6174999999999999,-0.39764705882352935,-0.20777777777777778,-0.02736842105263145,0.11500000000000007,0.20095238095238102,0.2245454545454546,0.16347826086956524,0.06583333333333335,-0.05999999999999997,-0.14153846153846153,-0.18370370370370367,-0.27285714285714285,-0.3524137931034482,-0.4766666666666666,-0.5767741935483871,-0.68625,-0.770909090909091,-0.8182352941176471,-0.8085714285714285,-0.8133333333333334,-0.798918918918919,-0.7536842105263158,-0.6928205128205128,-0.6025,-0.4873170731707318,-0.360952380952381,-0.24511627906976752,-0.14590909090909096,-0.031111111111111162,0.0569565217391304,0.10297872340425526,0.10333333333333332,0.0771428571428571,0.06199999999999999,0.037647058823529395,-0.020384615384615397,-0.08754716981132078,-0.16703703703703707,-0.2581818181818182,-0.3496428571428572,-0.41684210526315796,-0.4696551724137932,-0.48508474576271193,-0.4816666666666667,-0.4504918032786886,-0.41548387096774203,-0.37206349206349215,-0.33312500000000006,-0.28461538461538466,-0.2375757575757576,-0.2008955223880597,-0.17411764705882354,-0.14231884057971017,-0.12142857142857146,-0.12225352112676058,-0.12166666666666669,-0.12931506849315075,-0.1340540540540541,-0.14800000000000005,-0.16947368421052633,-0.18649350649350654,-0.1876923076923077,-0.17240506329113928,-0.14625000000000005,-0.10592592592592597,-0.06292682926829272,-0.013734939759036181,0.027142857142857104,0.07999999999999997,0.13046511627906973,0.18781609195402293,0.24045454545454542,0.29640449438202243,0.36333333333333323,0.42549450549450535,0.48630434782608684,0.5447311827956989,0.5997872340425532,0.6357894736842101,0.6689583333333333,0.6973195876288658,0.7179591836734693,0.7614141414141415,0.811,0.8526732673267328,0.8905882352941177,0.927766990291262,0.9661538461538461,1.0057142857142856,1.0473584905660378,1.1134579439252337,1.1894444444444445,1.2741284403669726,1.3436363636363637,1.4055855855855857,1.4575,1.508495575221239,1.555087719298246,1.5886956521739133,1.6208620689655175,1.645641025641026,1.6725423728813562,1.683025210084034,1.695,1.7125619834710744,1.7281967213114755,1.7427642276422768,1.7458064516129033,1.7360000000000004,1.7144444444444444,1.6995275590551184,1.679375,13.583333333333334,163.0,0.0,0.0,0.0,0.0,0.0,0.0,0.0,0.0,0.0,0.0,0.0,0.0,0.0,0.0,0.0,18.0,32.0,42.0,45.0,45.0,45.0,45.0,45.0,45.0,45.0,45.0,45.0,45.0,45.0,45.0,45.0,45.0,45.0,45.0,45.0,45.0,45.0,45.0,45.0,66.0,91.0,118.0,142.0,158.0,159.0,159.0,159.0,159.0,159.0,159.0,159.0,159.0,159.0,159.0,159.0,159.0,159.0,159.0,159.0,159.0,159.0,159.0,159.0,186.0,233.0,293.0,358.0,419.0,465.0,489.0,492.0,492.0,492.0,492.0,492.0,492.0,492.0,492.0,492.0,492.0,492.0,492.0,492.0,492.0,492.0,492.0,492.0,514.0,542.0,573.0,602.0,624.0,633.0,633.0,633.0,633.0,633.0,633.0,633.0,633.0,633.0,633.0,633.0,633.0,633.0,633.0,633.0,633.0,633.0,633.0,633.0,660.0,713.0,784.0,864.0,941.0,1004.0,1043.0,1055.0,1055.0,1055.0,1055.0,1055.0,1055.0,1055.0,1055.0,1055.0,1055.0,19,January 19,Rennes
0.0031931695827410863,1.3091520030664652,0.9256163996446299,0.6309787752856688,0.6309787752856688,0.5732129702869735,0.8414181069766321,1.8027952687014899,1.8027952687014899,0.6487809797808577,1.096434383614602,2.026798803738038,2.026798803738038,0.4672284060276576,1.3335819372997704,3.9872825884499945,3.9872825884499945,0.6936156752344411,0.6752566440822526,17.871666666666666,0.021451923228867086,0.021451923228867086,155.12449874102396,1.92,1.92,1.6533333333333333,1.4449999999999998,1.5,1.4866666666666666,1.3342857142857143,1.1324999999999998,0.931111111111111,0.6599999999999999,0.42,0.19499999999999998,0.012307692307692387,-0.11571428571428566,-0.1666666666666666,-0.18000000000000005,-0.18000000000000002,-0.19111111111111118,-0.18000000000000005,-0.20500000000000002,-0.28476190476190477,-0.3981818181818181,-0.48869565217391314,-0.505,-0.556,-0.5876923076923078,-0.6355555555555554,-0.6478571428571429,-0.6420689655172412,-0.6600000000000001,-0.676774193548387,-0.676875,-0.6890909090909092,-0.6888235294117647,-0.7,-0.691111111111111,-0.6962162162162163,-0.6694736842105262,-0.6261538461538462,-0.55,-0.46048780487804886,-0.37761904761904763,-0.29395348837209306,-0.22318181818181818,-0.17555555555555552,-0.15608695652173904,-0.17787234042553182,-0.21958333333333332,-0.2779591836734694,-0.316,-0.33490196078431367,-0.37999999999999995,-0.4215094339622641,-0.4892592592592593,-0.5454545454545454,-0.6085714285714285,-0.6589473684210525,-0.6886206896551724,-0.6850847457627117,-0.6900000000000001,-0.6832786885245902,-0.6574193548387097,-0.6212698412698412,-0.5659375,-0.49384615384615377,-0.41333333333333333,-0.33820895522388056,-0.2726470588235294,-0.1959420289855073,-0.1357142857142857,-0.10253521126760565,-0.0994444444444445,-0.11424657534246578,-0.12189189189189194,-0.13600000000000004,-0.17342105263157895,-0.21766233766233764,-0.27102564102564103,-0.3331645569620253,-0.39625000000000005,-0.4429629629629629,-0.48,-0.49084337349397594,-0.4883333333333333,-0.4658823529411764,-0.4404651162790697,-0.408735632183908,-0.38000000000000006,-0.3440449438202247,-0.30888888888888894,-0.28109890109890107,-0.2604347826086957,-0.23591397849462364,-0.21936170212765962,-0.2189473684210526,-0.21750000000000003,-0.2222680412371135,-0.22489795918367353,-0.2345454545454546,-0.25,-0.26217821782178224,-0.2623529411764706,-0.24990291262135925,-0.22903846153846158,-0.19714285714285718,-0.1630188679245283,-0.12392523364485983,-0.09111111111111114,-0.04880733944954132,-0.008181818181818217,0.038018018018018004,0.08071428571428567,0.12619469026548666,0.18052631578947362,0.23130434782608691,0.28120689655172404,0.3294017094017093,0.3750847457627118,0.40571428571428564,0.43416666666666665,0.45884297520661155,0.4773770491803279,0.5143089430894309,0.5562903225806451,0.592,0.6247619047619049,0.657007874015748,0.6903125,2.1666666666666665,26.0,0.0,0.0,0.0,0.0,0.0,0.0,0.0,0.0,0.0,0.0,0.0,0.0,0.0,0.0,0.0,24.0,55.0,90.0,124.0,151.0,163.0,163.0,163.0,163.0,163.0,163.0,163.0,163.0,163.0,163.0,163.0,163.0,163.0,163.0,163.0,163.0,163.0,163.0,163.0,181.0,195.0,205.0,208.0,208.0,208.0,208.0,208.0,208.0,208.0,208.0,208.0,208.0,208.0,208.0,208.0,208.0,208.0,208.0,208.0,208.0,208.0,208.0,208.0,229.0,254.0,281.0,305.0,321.0,322.0,322.0,322.0,322.0,322.0,322.0,322.0,322.0,322.0,322.0,322.0,322.0,322.0,322.0,322.0,322.0,322.0,322.0,322.0,349.0,396.0,456.0,521.0,582.0,628.0,652.0,655.0,655.0,655.0,655.0,655.0,655.0,655.0,655.0,655.0,655.0,655.0,655.0,655.0,655.0,655.0,655.0,655.0,677.0,705.0,736.0,765.0,787.0,796.0,796.0,796.0,796.0,796.0,796.0,796.0,796.0,796.0,796.0,796.0,796.0,20,January 20,Rennes
0.0031931695827410863,1.3091520030664652,0.9256163996446299,0.6309787752856688,0.6309787752856688,0.5732129702869735,0.8414181069766321,1.8027952687014899,1.8027952687014899,0.6487809797808577,1.096434383614602,2.026798803738038,2.026798803738038,0.4672284060276576,1.3335819372997704,3.9872825884499945,3.9872825884499945,0.6936156752344411,0.6752566440822526,16.405,-0.020787469504763248,0.020787469504763248,148.7097429645433,2.22,2.17,2.22,2.12,2.1000000000000005,2.1700000000000004,2.2342857142857144,2.1950000000000003,2.197777777777778,2.0,1.7563636363636363,1.5783333333333334,1.4892307692307691,1.42,1.4400000000000002,1.52625,1.5788235294117647,1.597777777777778,1.651578947368421,1.6950000000000003,1.7438095238095237,1.8109090909090908,1.837391304347826,1.8533333333333335,1.8559999999999999,1.8584615384615384,1.8311111111111111,1.795,1.792413793103448,1.7800000000000002,1.7361290322580645,1.6731250000000002,1.6018181818181818,1.5023529411764704,1.4028571428571428,1.3005555555555555,1.2064864864864866,1.1278947368421055,1.0764102564102564,1.0400000000000003,1.0102439024390244,0.9771428571428571,0.9548837209302324,0.9177272727272728,0.8555555555555555,0.7765217391304348,0.7072340425531916,0.6741666666666667,0.6240816326530612,0.584,0.5356862745098039,0.5065384615384615,0.4879245283018869,0.457037037037037,0.42727272727272725,0.40750000000000003,0.3814035087719298,0.36310344827586205,0.33864406779661016,0.3266666666666667,0.30688524590163935,0.30709677419354836,0.31841269841269837,0.35125,0.39384615384615385,0.43363636363636365,0.47522388059701504,0.5097058823529411,0.530144927536232,0.5328571428571428,0.5087323943661972,0.47138888888888897,0.42273972602739723,0.38756756756756755,0.36533333333333334,0.32526315789473687,0.28753246753246753,0.23153846153846153,0.18329113924050636,0.13,0.08543209876543215,0.0553658536585366,0.04891566265060242,0.036666666666666674,0.03294117647058823,0.04325581395348834,0.0613793103448276,0.09386363636363639,0.13910112359550564,0.1911111111111111,0.2397802197802198,0.28195652173913044,0.3329032258064516,0.37212765957446803,0.391578947368421,0.38875,0.37257731958762885,0.36183673469387756,0.3462626262626262,0.313,0.2744554455445544,0.2288235294117647,0.17631067961165042,0.12288461538461538,0.0819047619047619,0.04830188679245282,0.03495327102803736,0.032037037037037024,0.04477064220183484,0.059999999999999984,0.08036036036036036,0.09857142857142856,0.12265486725663718,0.1463157894736842,0.1643478260869565,0.17689655172413793,0.19264957264957264,0.20220338983050848,0.19899159663865545,0.19666666666666668,0.18942148760330574,0.18393442622950817,0.17284552845528453,0.15709677419354837,0.14399999999999996,0.14063492063492058,0.1475590551181102,0.16140625,28.166666666666668,338.0,0.0,0.0,0.0,0.0,0.0,0.0,0.0,0.0,0.0,0.0,0.0,0.0,0.0,0.0,0.0,18.0,26.0,26.0,26.0,26.0,26.0,26.0,26.0,26.0,26.0,26.0,26.0,26.0,26.0,26.0,26.0,26.0,26.0,26.0,26.0,26.0,26.0,26.0,26.0,50.0,81.0,116.0,150.0,177.0,189.0,189.0,189.0,189.0,189.0,189.0,189.0,189.0,189.0,189.0,189.0,189.0,189.0,189.0,189.0,189.0,189.0,189.0,189.0,207.0,221.0,231.0,234.0,234.0,234.0,234.0,234.0,234.0,234.0,234.0,234.0,234.0,234.0,234.0,234.0,234.0,234.0,234.0,234.0,234.0,234.0,234.0,234.0,255.0,280.0,307.0,331.0,347.0,348.0,348.0,348.0,348.0,348.0,348.0,348.0,348.0,348.0,348.0,348.0,348.0,348.0,348.0,348.0,348.0,348.0,348.0,348.0,375.0,422.0,482.0,547.0,608.0,654.0,678.0,681.0,681.0,681.0,681.0,681.0,681.0,681.0,681.0,681.0,681.0,21,January 21,Rennes
0.0031931695827410863,1.3091520030664652,0.9256163996446299,0.6309787752856688,0.6309787752856688,0.5732129702869735,0.8414181069766321,1.8027952687014899,1.8027952687014899,0.6487809797808577,1.096434383614602,2.026798803738038,2.026798803738038,0.4672284060276576,1.3335819372997704,3.9872825884499945,3.9872825884499945,0.6936156752344411,0.6752566440822526,13.73,-0.02508045863821739,0.02508045863821739,148.0577810148094,2.22,1.87,1.72,1.92,2.3,2.6533333333333333,3.0485714285714285,3.1825,3.3644444444444437,3.4799999999999995,3.556363636363636,3.611666666666667,3.6123076923076924,3.6700000000000004,3.7733333333333334,3.80125,3.7847058823529407,3.7533333333333334,3.7568421052631575,3.724999999999999,3.681904761904761,3.6381818181818177,3.60695652173913,3.603333333333333,3.5479999999999996,3.4930769230769227,3.449629629629629,3.391428571428571,3.344137931034482,3.316666666666666,3.2941935483870965,3.2512499999999998,3.2199999999999998,3.131764705882353,3.0228571428571427,2.9283333333333332,2.86054054054054,2.7989473684210524,2.7712820512820513,2.7725,2.76390243902439,2.7438095238095235,2.7409302325581395,2.7359090909090904,2.735555555555555,2.746086956521739,2.739148936170213,2.728333333333333,2.7118367346938776,2.696,2.665098039215686,2.6296153846153847,2.6124528301886794,2.5903703703703704,2.550909090909091,2.5003571428571427,2.444561403508772,2.3717241379310345,2.2979661016949153,2.2216666666666662,2.1495081967213117,2.086129032258065,2.039047619047619,2.0012499999999998,1.9676923076923079,1.9321212121212121,1.9035820895522386,1.8655882352941173,1.811304347826087,1.7457142857142856,1.6861971830985913,1.6505555555555556,1.6035616438356164,1.563243243243243,1.5173333333333332,1.4844736842105262,1.4589610389610388,1.425128205128205,1.392151898734177,1.36625,1.3360493827160493,1.3114634146341464,1.2826506024096385,1.262857142857143,1.2376470588235293,1.2269767441860464,1.2245977011494251,1.238181818181818,1.259325842696629,1.2788888888888887,1.3002197802197801,1.3167391304347824,1.3232258064516127,1.3168085106382976,1.2905263157894735,1.2543749999999998,1.2096907216494845,1.1751020408163264,1.1503030303030302,1.1119999999999997,1.0754455445544553,1.0249019607843135,0.9801941747572815,0.9315384615384615,0.8895238095238096,0.8586792452830189,0.8461682242990654,0.8292592592592591,0.8190825688073393,0.82,0.827207207207207,0.8458928571428572,0.874867256637168,0.9094736842105262,0.9417391304347824,0.9691379310344826,1.0037606837606836,1.029322033898305,1.039327731092437,1.0316666666666667,1.0133884297520661,0.9995081967213115,0.9817886178861788,0.9498387096774193,0.9135999999999999,0.8715873015873016,0.8239370078740157,0.7754687499999999,36.25,435.0,0.0,0.0,0.0,0.0,0.0,0.0,0.0,0.0,0.0,0.0,0.0,0.0,0.0,0.0,0.0,30.0,79.0,140.0,206.0,267.0,313.0,336.0,338.0,338.0,338.0,338.0,338.0,338.0,338.0,338.0,338.0,338.0,338.0,338.0,338.0,338.0,338.0,338.0,338.0,356.0,364.0,364.0,364.0,364.0,364.0,364.0,364.0,364.0,364.0,364.0,364.0,364.0,364.0,364.0,364.0,364.0,364.0,364.0,364.0,364.0,364.0,364.0,364.0,388.0,419.0,454.0,488.0,515.0,527.0,527.0,527.0,527.0,527.0,527.0,527.0,527.0,527.0,527.0,527.0,527.0,527.0,527.0,527.0,527.0,527.0,527.0,527.0,545.0,559.0,569.0,572.0,572.0,572.0,572.0,572.0,572.0,572.0,572.0,572.0,572.0,572.0,572.0,572.0,572.0,572.0,572.0,572.0,572.0,572.0,572.0,572.0,593.0,618.0,645.0,669.0,685.0,686.0,686.0,686.0,686.0,686.0,686.0,686.0,686.0,686.0,686.0,686.0,686.0,22,January 22,Rennes
0.0031931695827410863,1.3091520030664652,0.9256163996446299,0.6309787752856688,0.6309787752856688,0.5732129702869735,0.8414181069766321,1.8027952687014899,1.8027952687014899,0.6487809797808577,1.096434383614602,2.026798803738038,2.026798803738038,0.4672284060276576,1.3335819372997704,3.9872825884499945,3.9872825884499945,0.6936156752344411,0.6752566440822526,11.213333333333333,-0.07590727206104185,0.07590727206104185,140.33888228299645,9.22,8.97,8.653333333333334,8.594999999999999,8.58,8.503333333333332,8.462857142857144,8.27,8.053333333333335,7.889999999999999,7.756363636363636,7.578333333333333,7.535384615384615,7.505714285714285,7.626666666666666,7.795,7.861176470588236,7.825555555555555,7.756842105263158,7.65,7.515238095238095,7.329090909090909,7.10695652173913,6.924166666666667,6.736000000000001,6.535384615384616,6.345925925925926,6.2092857142857145,6.126896551724138,6.069999999999999,6.049032258064517,5.9887500000000005,5.953333333333333,5.911176470588236,5.865714285714286,5.819999999999999,5.760540540540541,5.725263157894737,5.712307692307692,5.675,5.622439024390244,5.5652380952380955,5.524651162790698,5.47,5.411111111111111,5.352608695652174,5.300851063829787,5.26375,5.201632653061225,5.14,5.084705882352942,5.021923076923077,4.965283018867925,4.920000000000001,4.87818181818182,4.825357142857143,4.779649122807019,4.701034482758622,4.609830508474578,4.526666666666668,4.459344262295083,4.395806451612905,4.353333333333334,4.329375,4.3,4.2639393939393955,4.239402985074627,4.214117647058823,4.1924637681159425,4.17857142857143,4.153802816901409,4.126944444444444,4.096712328767124,4.067297297297298,4.0280000000000005,3.9857894736842114,3.956363636363637,3.9238461538461538,3.879493670886076,3.8275000000000006,3.7718518518518525,3.7041463414634155,3.63566265060241,3.565238095238096,3.49764705882353,3.4362790697674424,3.386666666666667,3.3438636363636363,3.3042696629213486,3.2633333333333336,3.227692307692308,3.1852173913043487,3.130752688172044,3.0678723404255326,3.009473684210527,2.968958333333333,2.920000000000001,2.876122448979592,2.8280808080808084,2.7900000000000005,2.7576237623762387,2.7190196078431375,2.68116504854369,2.648846153846154,2.6133333333333337,2.5822641509433972,2.5480373831775704,2.5209259259259262,2.4897247706422023,2.47,2.4569369369369376,2.4566071428571425,2.462477876106195,2.4673684210526323,2.4739130434782615,2.4768965517241384,2.4721367521367528,2.457288135593221,2.426722689075631,2.3883333333333336,2.343140495867769,2.3060655737704923,2.2769105691056915,2.236935483870968,2.1984,2.1485714285714286,2.103464566929134,2.05515625,39.25,471.0,0.0,0.0,0.0,0.0,0.0,0.0,0.0,0.0,0.0,0.0,0.0,0.0,0.0,0.0,0.0,33.0,91.0,166.0,247.0,324.0,386.0,423.0,434.0,435.0,435.0,435.0,435.0,435.0,435.0,435.0,435.0,435.0,435.0,435.0,435.0,435.0,435.0,435.0,435.0,465.0,514.0,575.0,641.0,702.0,748.0,771.0,773.0,773.0,773.0,773.0,773.0,773.0,773.0,773.0,773.0,773.0,773.0,773.0,773.0,773.0,773.0,773.0,773.0,791.0,799.0,799.0,799.0,799.0,799.0,799.0,799.0,799.0,799.0,799.0,799.0,799.0,799.0,799.0,799.0,799.0,799.0,799.0,799.0,799.0,799.0,799.0,799.0,823.0,854.0,889.0,923.0,950.0,962.0,962.0,962.0,962.0,962.0,962.0,962.0,962.0,962.0,962.0,962.0,962.0,962.0,962.0,962.0,962.0,962.0,962.0,962.0,980.0,994.0,1004.0,1007.0,1007.0,1007.0,1007.0,1007.0,1007.0,1007.0,1007.0,1007.0,1007.0,1007.0,1007.0,1007.0,1007.0,23,January 23,Rennes
0.0031931695827410863,1.3091520030664652,0.9256163996446299,0.6309787752856688,0.6309787752856688,0.5732129702869735,0.8414181069766321,1.8027952687014899,1.8027952687014899,0.6487809797808577,1.096434383614602,2.026798803738038,2.026798803738038,0.4672284060276576,1.3335819372997704,3.9872825884499945,3.9872825884499945,0.6936156752344411,0.6752566440822526,11.496666666666668,-0.11949131595446619,0.11949131595446619,133.7199188170484,6.8199999999999985,6.919999999999999,6.919999999999999,6.969999999999999,7.019999999999999,7.103333333333333,7.105714285714286,7.107499999999999,7.12,7.119999999999999,7.138181818181817,7.136666666666666,7.212307692307691,7.234285714285713,7.313333333333333,7.395,7.52,7.636666666666666,7.709473684210526,7.805,7.853333333333333,7.915454545454545,7.928695652173913,7.961666666666667,8.011999999999999,8.03923076923077,8.038518518518519,8.052142857142858,8.068275862068965,8.07,8.07483870967742,8.03875,7.986666666666666,7.940588235294117,7.897142857142857,7.833888888888889,7.811891891891892,7.793684210526316,7.832820512820513,7.894999999999999,7.919999999999999,7.903333333333333,7.8711627906976736,7.819999999999999,7.753333333333333,7.659130434782608,7.54340425531915,7.442916666666666,7.3363265306122445,7.219999999999999,7.106274509803921,7.018076923076922,6.957735849056603,6.9107407407407395,6.883636363636364,6.8342857142857145,6.798947368421053,6.759655172413793,6.718305084745762,6.676666666666667,6.62655737704918,6.590967741935484,6.5692063492063495,6.5325,6.4861538461538455,6.436666666666666,6.397611940298507,6.3494117647058825,6.298260869565217,6.247142857142856,6.200281690140845,6.163055555555555,6.109041095890411,6.055135135135135,6.005333333333333,5.950263157894736,5.899220779220779,5.855897435897436,5.81493670886076,5.766249999999999,5.722469135802469,5.655365853658536,5.579036144578312,5.508095238095238,5.448235294117647,5.39093023255814,5.348735632183908,5.319999999999999,5.287415730337078,5.249999999999999,5.221098901098901,5.191739130434782,5.1651612903225805,5.144468085106383,5.11578947368421,5.085624999999999,5.052989690721649,5.021020408163265,4.981616161616161,4.94,4.908118811881188,4.873921568627451,4.830679611650486,4.781538461538461,4.729523809523809,4.66811320754717,4.605981308411215,4.542222222222222,4.480550458715596,4.423636363636363,4.375855855855856,4.333392857142857,4.293451327433628,4.252456140350877,4.2156521739130435,4.173448275862069,4.121709401709402,4.063220338983051,4.008235294117648,3.9674999999999994,3.92,3.8765573770491795,3.829756097560975,3.7909677419354835,3.7568,3.7176190476190474,3.6790551181102362,3.645,60.75,729.0,0.0,0.0,0.0,0.0,0.0,0.0,0.0,0.0,0.0,0.0,0.0,0.0,0.0,0.0,0.0,35.0,96.0,176.0,263.0,346.0,413.0,455.0,470.0,471.0,471.0,471.0,471.0,471.0,471.0,471.0,471.0,471.0,471.0,471.0,471.0,471.0,471.0,471.0,471.0,504.0,562.0,637.0,718.0,795.0,857.0,894.0,905.0,906.0,906.0,906.0,906.0,906.0,906.0,906.0,906.0,906.0,906.0,906.0,906.0,906.0,906.0,906.0,906.0,936.0,985.0,1046.0,1112.0,1173.0,1219.0,1242.0,1244.0,1244.0,1244.0,1244.0,1244.0,1244.0,1244.0,1244.0,1244.0,1244.0,1244.0,1244.0,1244.0,1244.0,1244.0,1244.0,1244.0,1262.0,1270.0,1270.0,1270.0,1270.0,1270.0,1270.0,1270.0,1270.0,1270.0,1270.0,1270.0,1270.0,1270.0,1270.0,1270.0,1270.0,1270.0,1270.0,1270.0,1270.0,1270.0,1270.0,1270.0,1294.0,1325.0,1360.0,1394.0,1421.0,1433.0,1433.0,1433.0,1433.0,1433.0,1433.0,1433.0,1433.0,1433.0,1433.0,1433.0,1433.0,24,January 24,Rennes
0.0031931695827410863,1.3091520030664652,0.9256163996446299,0.6309787752856688,0.6309787752856688,0.5732129702869735,0.8414181069766321,1.8027952687014899,1.8027952687014899,0.6487809797808577,1.096434383614602,2.026798803738038,2.026798803738038,0.4672284060276576,1.3335819372997704,3.9872825884499945,3.9872825884499945,0.6936156752344411,0.6752566440822526,14.18,-0.07296876605935722,0.07296876605935722,140.7851433944523,6.8199999999999985,6.5699999999999985,6.186666666666665,5.895,5.8,5.9366666666666665,6.148571428571429,6.2075,6.231111111111111,6.25,6.256363636363636,6.228333333333332,6.327692307692307,6.462857142857141,6.659999999999999,6.8825,7.114117647058823,7.336666666666667,7.493684210526314,7.555,7.529523809523808,7.47,7.385217391304346,7.365833333333335,7.344000000000001,7.331538461538462,7.316296296296296,7.309285714285714,7.306206896551723,7.313333333333333,7.307096774193548,7.3012500000000005,7.298787878787878,7.293529411764705,7.294285714285714,7.289444444444445,7.311891891891891,7.317368421052632,7.345641025641025,7.3775,7.4297560975609755,7.4819047619047625,7.517674418604651,7.565454545454545,7.593333333333333,7.6286956521739135,7.6412765957446815,7.66375,7.695510204081632,7.715999999999999,7.721960784313725,7.735384615384614,7.750188679245283,7.757037037037037,7.765454545454546,7.750357142857142,7.725263157894736,7.7027586206896554,7.681016949152543,7.6466666666666665,7.636393442622951,7.628064516129032,7.654920634920635,7.696562500000001,7.7153846153846155,7.707878787878787,7.690149253731343,7.659705882352942,7.618550724637682,7.558571428571429,7.483380281690142,7.417222222222222,7.346027397260274,7.267297297297299,7.189333333333334,7.127894736842106,7.084935064935064,7.050769230769231,7.03012658227848,6.99375,6.966913580246914,6.9370731707317095,6.905542168674699,6.873571428571428,6.8352941176470585,6.807209302325581,6.788965517241378,6.759772727272726,6.7233707865168535,6.684444444444446,6.652967032967033,6.614565217391305,6.573763440860214,6.532765957446809,6.494736842105262,6.46375,6.42,6.376122448979594,6.335151515151515,6.29,6.2477227722772275,6.211176470588235,6.176310679611649,6.1353846153846145,6.0980952380952385,6.042641509433962,5.97981308411215,5.920925925925925,5.87045871559633,5.821818181818181,5.784864864864864,5.758392857142858,5.728849557522124,5.695438596491228,5.668695652173913,5.641551724137931,5.616581196581196,5.596271186440677,5.569579831932772,5.541666666666667,5.5117355371900825,5.482295081967213,5.446829268292682,5.409516129032258,5.38,5.348571428571428,5.309763779527558,5.26609375,22.416666666666668,269.0,0.0,0.0,0.0,0.0,0.0,0.0,0.0,0.0,0.0,0.0,0.0,0.0,0.0,0.0,0.0,43.0,127.0,240.0,368.0,495.0,605.0,684.0,724.0,729.0,729.0,729.0,729.0,729.0,729.0,729.0,729.0,729.0,729.0,729.0,729.0,729.0,729.0,729.0,729.0,764.0,825.0,905.0,992.0,1075.0,1142.0,1184.0,1199.0,1200.0,1200.0,1200.0,1200.0,1200.0,1200.0,1200.0,1200.0,1200.0,1200.0,1200.0,1200.0,1200.0,1200.0,1200.0,1200.0,1233.0,1291.0,1366.0,1447.0,1524.0,1586.0,1623.0,1634.0,1635.0,1635.0,1635.0,1635.0,1635.0,1635.0,1635.0,1635.0,1635.0,1635.0,1635.0,1635.0,1635.0,1635.0,1635.0,1635.0,1665.0,1714.0,1775.0,1841.0,1902.0,1948.0,1971.0,1973.0,1973.0,1973.0,1973.0,1973.0,1973.0,1973.0,1973.0,1973.0,1973.0,1973.0,1973.0,1973.0,1973.0,1973.0,1973.0,1973.0,1991.0,1999.0,1999.0,1999.0,1999.0,1999.0,1999.0,1999.0,1999.0,1999.0,1999.0,1999.0,1999.0,1999.0,1999.0,1999.0,1999.0,25,January 25,Rennes
0.0031931695827410863,1.3091520030664652,0.9256163996446299,0.6309787752856688,0.6309787752856688,0.5732129702869735,0.8414181069766321,1.8027952687014899,1.8027952687014899,0.6487809797808577,1.096434383614602,2.026798803738038,2.026798803738038,0.4672284060276576,1.3335819372997704,3.9872825884499945,3.9872825884499945,0.6936156752344411,0.6752566440822526,14.13,0.02522233344331153,0.02522233344331153,155.69709837225759,0.92,0.27,-0.4133333333333334,-0.63,-0.6200000000000001,-0.4466666666666667,-0.19428571428571434,0.007500000000000007,0.1644444444444444,0.29,0.4563636363636363,0.6366666666666667,0.8507692307692309,1.155714285714286,1.4466666666666665,1.7200000000000002,2.0141176470588236,2.2588888888888885,2.4621052631578944,2.6399999999999997,2.7819047619047614,2.9109090909090907,3.0591304347826087,3.2283333333333335,3.372,3.485384615384615,3.557037037037037,3.6092857142857144,3.671724137931035,3.7700000000000005,3.887741935483871,3.973125,4.047272727272727,4.117058823529412,4.18,4.2283333333333335,4.317297297297297,4.419999999999999,4.548205128205127,4.69,4.839512195121951,4.989047619047619,5.113023255813954,5.195,5.235555555555555,5.25695652173913,5.262553191489361,5.297083333333334,5.328163265306124,5.362000000000002,5.392549019607844,5.425769230769233,5.459622641509436,5.49777777777778,5.527272727272729,5.555714285714286,5.584912280701755,5.611379310344828,5.640338983050849,5.665000000000001,5.705245901639346,5.734516129032261,5.7771428571428585,5.821562499999999,5.878461538461539,5.935151515151515,5.981194029850746,6.0347058823529425,6.075072463768117,6.120000000000001,6.1495774647887345,6.185277777777777,6.226849315068494,6.260540540540541,6.284,6.312105263157896,6.340779220779222,6.3635897435897455,6.387088607594938,6.39375,6.392839506172839,6.393170731707316,6.393493975903615,6.384285714285714,6.391764705882353,6.4002325581395345,6.433793103448276,6.477954545454546,6.505393258426965,6.513333333333333,6.513406593406594,6.5036956521739135,6.48559139784946,6.452978723404255,6.408421052631579,6.37,6.327216494845359,6.278163265306122,6.229090909090909,6.191999999999999,6.168514851485148,6.151372549019606,6.144271844660194,6.124807692307693,6.112380952380952,6.097358490566037,6.080747663551402,6.063518518518519,6.041100917431192,6.0263636363636355,6.019099099099099,6.003035714285714,5.981061946902653,5.956842105263157,5.938260869565216,5.913965517241379,5.887521367521367,5.860677966101695,5.835966386554621,5.816666666666666,5.78694214876033,5.756885245901639,5.728943089430894,5.6974193548387095,5.667999999999999,5.643015873015873,5.619212598425197,5.5903125,9.75,117.0,0.0,0.0,0.0,0.0,0.0,0.0,0.0,0.0,0.0,0.0,0.0,0.0,0.0,0.0,0.0,30.0,73.0,125.0,179.0,227.0,259.0,269.0,269.0,269.0,269.0,269.0,269.0,269.0,269.0,269.0,269.0,269.0,269.0,269.0,269.0,269.0,269.0,269.0,269.0,312.0,396.0,509.0,637.0,764.0,874.0,953.0,993.0,998.0,998.0,998.0,998.0,998.0,998.0,998.0,998.0,998.0,998.0,998.0,998.0,998.0,998.0,998.0,998.0,1033.0,1094.0,1174.0,1261.0,1344.0,1411.0,1453.0,1468.0,1469.0,1469.0,1469.0,1469.0,1469.0,1469.0,1469.0,1469.0,1469.0,1469.0,1469.0,1469.0,1469.0,1469.0,1469.0,1469.0,1502.0,1560.0,1635.0,1716.0,1793.0,1855.0,1892.0,1903.0,1904.0,1904.0,1904.0,1904.0,1904.0,1904.0,1904.0,1904.0,1904.0,1904.0,1904.0,1904.0,1904.0,1904.0,1904.0,1904.0,1934.0,1983.0,2044.0,2110.0,2171.0,2217.0,2240.0,2242.0,2242.0,2242.0,2242.0,2242.0,2242.0,2242.0,2242.0,2242.0,2242.0,26,January 26,Rennes
0.0031931695827410863,1.3091520030664652,0.9256163996446299,0.6309787752856688,0.6309787752856688,0.5732129702869735,0.8414181069766321,1.8027952687014899,1.8027952687014899,0.6487809797808577,1.096434383614602,2.026798803738038,2.026798803738038,0.4672284060276576,1.3335819372997704,3.9872825884499945,3.9872825884499945,0.6936156752344411,0.6752566440822526,10.78,-0.050926340685528,0.050926340685528,144.1326530612245,6.02,5.77,5.486666666666667,5.569999999999999,5.739999999999999,5.97,6.12,6.295,6.5311111111111115,6.659999999999999,6.765454545454545,6.803333333333332,6.789230769230768,6.777142857142857,6.8199999999999985,6.92625,6.990588235294117,7.031111111111111,7.041052631578947,6.964999999999999,6.853333333333334,6.715454545454546,6.524347826086957,6.336666666666666,6.12,5.87,5.586666666666667,5.341428571428572,5.137241379310344,4.98,4.861935483870968,4.754375,4.653333333333334,4.558235294117647,4.488571428571428,4.4366666666666665,4.409189189189189,4.427894736842105,4.455897435897436,4.49,4.544390243902439,4.589047619047619,4.624651162790697,4.656363636363636,4.677777777777778,4.6982608695652175,4.732765957446809,4.7825,4.824081632653062,4.854,4.865098039215687,4.868076923076924,4.878490566037736,4.9107407407407395,4.956363636363636,4.986071428571428,5.011228070175438,5.035517241379309,5.057288135593219,5.071666666666666,5.111803278688525,5.161935483870968,5.229523809523809,5.307499999999999,5.392307692307692,5.479090909090909,5.5513432835820895,5.597941176470588,5.618550724637681,5.627142857142857,5.6256338028169015,5.643611111111111,5.65972602739726,5.678108108108108,5.6946666666666665,5.7134210526315785,5.732987012987013,5.7558974358974355,5.773164556962025,5.790000000000001,5.8076543209876546,5.8236585365853655,5.841686746987952,5.856904761904762,5.883529411764705,5.902558139534883,5.931494252873563,5.962045454545454,6.002022471910112,6.042222222222222,6.074945054945054,6.113478260869566,6.142580645161289,6.17531914893617,6.1968421052631575,6.223125,6.2540206185567,6.279183673469387,6.296767676767676,6.318,6.339801980198019,6.357254901960784,6.3753398058252415,6.380576923076922,6.38,6.380377358490565,6.380747663551401,6.373703703703704,6.379633027522934,6.386363636363637,6.412792792792792,6.447678571428571,6.4695575221238935,6.476140350877193,6.476521739130433,6.469137931034482,6.455042735042734,6.429322033898304,6.393949579831932,6.363333333333332,6.329090909090908,6.28967213114754,6.250081300813007,6.22,6.200799999999999,6.186666666666666,6.1806299212598415,6.16453125,41.083333333333336,493.0,0.0,0.0,0.0,0.0,0.0,0.0,0.0,0.0,0.0,0.0,0.0,0.0,0.0,0.0,0.0,25.0,52.0,78.0,101.0,116.0,117.0,117.0,117.0,117.0,117.0,117.0,117.0,117.0,117.0,117.0,117.0,117.0,117.0,117.0,117.0,117.0,117.0,117.0,117.0,147.0,190.0,242.0,296.0,344.0,376.0,386.0,386.0,386.0,386.0,386.0,386.0,386.0,386.0,386.0,386.0,386.0,386.0,386.0,386.0,386.0,386.0,386.0,386.0,429.0,513.0,626.0,754.0,881.0,991.0,1070.0,1110.0,1115.0,1115.0,1115.0,1115.0,1115.0,1115.0,1115.0,1115.0,1115.0,1115.0,1115.0,1115.0,1115.0,1115.0,1115.0,1115.0,1150.0,1211.0,1291.0,1378.0,1461.0,1528.0,1570.0,1585.0,1586.0,1586.0,1586.0,1586.0,1586.0,1586.0,1586.0,1586.0,1586.0,1586.0,1586.0,1586.0,1586.0,1586.0,1586.0,1586.0,1619.0,1677.0,1752.0,1833.0,1910.0,1972.0,2009.0,2020.0,2021.0,2021.0,2021.0,2021.0,2021.0,2021.0,2021.0,2021.0,2021.0,27,January 27,Rennes
0.0031931695827410863,1.3091520030664652,0.9256163996446299,0.6309787752856688,0.6309787752856688,0.5732129702869735,0.8414181069766321,1.8027952687014899,1.8027952687014899,0.6487809797808577,1.096434383614602,2.026798803738038,2.026798803738038,0.4672284060276576,1.3335819372997704,3.9872825884499945,3.9872825884499945,0.6936156752344411,0.6752566440822526,11.53,-0.04698549495266397,0.04698549495266397,144.7311361665221,4.8199999999999985,4.969999999999999,5.1866666666666665,5.619999999999999,6.06,6.670000000000001,7.119999999999999,7.3325,7.4977777777777765,7.540000000000001,7.510909090909092,7.536666666666668,7.6123076923076916,7.755714285714285,7.886666666666667,8.02625,8.14941176470588,8.275555555555554,8.362105263157895,8.395,8.415238095238093,8.438181818181818,8.42869565217391,8.378333333333332,8.283999999999999,8.177692307692308,8.057037037037038,7.977142857142857,7.923448275862069,7.896666666666666,7.8683870967741925,7.857500000000001,7.874545454545455,7.872941176470588,7.871428571428571,7.853333333333334,7.819999999999999,7.78842105263158,7.77897435897436,7.797499999999999,7.802926829268293,7.80095238095238,7.787441860465115,7.735909090909092,7.666666666666667,7.583043478260869,7.471063829787234,7.357499999999999,7.226122448979591,7.074,6.900392156862744,6.743076923076923,6.604905660377359,6.49037037037037,6.3963636363636365,6.307499999999999,6.221754385964912,6.138965517241379,6.070847457627119,6.013333333333334,5.970819672131147,5.957096774193549,5.95015873015873,5.948125,5.96,5.966969696969697,5.969253731343284,5.970000000000001,5.964927536231884,5.96,5.965070422535212,5.981111111111111,5.992602739726027,5.997027027027027,5.989333333333334,5.976578947368421,5.969350649350649,5.977692307692307,5.995949367088608,6.003749999999999,6.0088888888888885,6.01390243902439,6.017590361445783,6.0164285714285715,6.034117647058824,6.05953488372093,6.09816091954023,6.145,6.197528089887641,6.252222222222223,6.296923076923078,6.3232608695652175,6.330752688172044,6.329574468085108,6.32105263157895,6.3272916666666665,6.33237113402062,6.339387755102042,6.345252525252526,6.353,6.361584158415843,6.372941176470589,6.380194174757284,6.387307692307692,6.3952380952380965,6.402075471698114,6.410654205607477,6.417222222222222,6.432844036697248,6.442727272727274,6.460540540540541,6.479821428571428,6.506725663716814,6.5340350877193,6.555652173913043,6.582068965517241,6.601196581196581,6.623389830508475,6.636806722689077,6.654166666666667,6.6753719008264465,6.692131147540984,6.702926829268293,6.716774193548386,6.7312,6.742222222222223,6.753858267716535,6.75515625,22.416666666666668,269.0,0.0,0.0,0.0,0.0,0.0,0.0,0.0,0.0,0.0,0.0,0.0,0.0,0.0,0.0,0.0,40.0,105.0,187.0,276.0,362.0,432.0,476.0,492.0,493.0,493.0,493.0,493.0,493.0,493.0,493.0,493.0,493.0,493.0,493.0,493.0,493.0,493.0,493.0,493.0,518.0,545.0,571.0,594.0,609.0,610.0,610.0,610.0,610.0,610.0,610.0,610.0,610.0,610.0,610.0,610.0,610.0,610.0,610.0,610.0,610.0,610.0,610.0,610.0,640.0,683.0,735.0,789.0,837.0,869.0,879.0,879.0,879.0,879.0,879.0,879.0,879.0,879.0,879.0,879.0,879.0,879.0,879.0,879.0,879.0,879.0,879.0,879.0,922.0,1006.0,1119.0,1247.0,1374.0,1484.0,1563.0,1603.0,1608.0,1608.0,1608.0,1608.0,1608.0,1608.0,1608.0,1608.0,1608.0,1608.0,1608.0,1608.0,1608.0,1608.0,1608.0,1608.0,1643.0,1704.0,1784.0,1871.0,1954.0,2021.0,2063.0,2078.0,2079.0,2079.0,2079.0,2079.0,2079.0,2079.0,2079.0,2079.0,2079.0,28,January 28,Rennes
0.0031931695827410863,1.3091520030664652,0.9256163996446299,0.6309787752856688,0.6309787752856688,0.5732129702869735,0.8414181069766321,1.8027952687014899,1.8027952687014899,0.6487809797808577,1.096434383614602,2.026798803738038,2.026798803738038,0.4672284060276576,1.3335819372997704,3.9872825884499945,3.9872825884499945,0.6936156752344411,0.6752566440822526,12.404999999999998,-0.11301306965421824,0.11301306965421824,134.70374848851273,4.22,4.27,4.286666666666665,4.52,4.579999999999999,4.819999999999999,5.005714285714285,5.095,5.297777777777777,5.529999999999999,5.674545454545455,5.828333333333333,5.958461538461538,6.084285714285713,6.313333333333332,6.544999999999999,6.737647058823529,6.925555555555555,7.109473684210525,7.2299999999999995,7.28190476190476,7.269999999999999,7.228695652173912,7.149166666666666,7.056,6.981538461538461,6.931111111111109,6.930714285714285,6.961379310344826,7.053333333333333,7.14258064516129,7.194999999999999,7.244242424242424,7.264117647058823,7.262857142857142,7.278333333333334,7.311891891891892,7.372631578947369,7.432820512820513,7.5,7.563902439024391,7.631904761904762,7.685116279069768,7.715454545454546,7.74,7.765652173913042,7.775319148936171,7.763749999999999,7.728163265306122,7.684,7.6298039215686275,7.595000000000001,7.572830188679245,7.564444444444445,7.554545454545455,7.553928571428571,7.569122807017544,7.573448275862069,7.577627118644068,7.571666666666666,7.556065573770492,7.540967741935483,7.5390476190476186,7.554375,7.561538461538461,7.5639393939393935,7.558805970149253,7.528823529411765,7.486666666666667,7.434285714285714,7.362253521126761,7.288055555555554,7.200821917808219,7.098378378378378,6.980000000000001,6.871315789473685,6.774545454545456,6.693076923076924,6.6250632911392415,6.56,6.496543209876544,6.434634146341464,6.382650602409639,6.337857142857144,6.303529411764707,6.289767441860468,6.280919540229887,6.275681818181818,6.280674157303371,6.282222222222223,6.280439560439562,6.277608695652176,6.270537634408604,6.263617021276598,6.264210526315792,6.273125,6.278762886597938,6.2791836734693875,6.270505050505053,6.258000000000002,6.249702970297032,6.253333333333335,6.264660194174759,6.268076923076922,6.269523809523809,6.270943396226415,6.271401869158879,6.268148148148149,6.279633027522937,6.297272727272729,6.325405405405406,6.360178571428571,6.399646017699116,6.441052631578948,6.474782608695653,6.4941379310344844,6.498632478632481,6.496271186440679,6.488067226890758,6.491666666666666,6.494380165289256,6.498688524590164,6.502113821138212,6.507096774193549,6.512800000000002,6.520793650793652,6.525511811023624,6.530156249999999,55.083333333333336,661.0,0.0,0.0,0.0,0.0,0.0,0.0,0.0,0.0,0.0,0.0,0.0,0.0,0.0,0.0,0.0,32.0,77.0,130.0,183.0,229.0,259.0,269.0,269.0,269.0,269.0,269.0,269.0,269.0,269.0,269.0,269.0,269.0,269.0,269.0,269.0,269.0,269.0,269.0,269.0,309.0,374.0,456.0,545.0,631.0,701.0,745.0,761.0,762.0,762.0,762.0,762.0,762.0,762.0,762.0,762.0,762.0,762.0,762.0,762.0,762.0,762.0,762.0,762.0,787.0,814.0,840.0,863.0,878.0,879.0,879.0,879.0,879.0,879.0,879.0,879.0,879.0,879.0,879.0,879.0,879.0,879.0,879.0,879.0,879.0,879.0,879.0,879.0,909.0,952.0,1004.0,1058.0,1106.0,1138.0,1148.0,1148.0,1148.0,1148.0,1148.0,1148.0,1148.0,1148.0,1148.0,1148.0,1148.0,1148.0,1148.0,1148.0,1148.0,1148.0,1148.0,1148.0,1191.0,1275.0,1388.0,1516.0,1643.0,1753.0,1832.0,1872.0,1877.0,1877.0,1877.0,1877.0,1877.0,1877.0,1877.0,1877.0,1877.0,29,January 29,Rennes
0.0031931695827410863,1.3091520030664652,0.9256163996446299,0.6309787752856688,0.6309787752856688,0.5732129702869735,0.8414181069766321,1.8027952687014899,1.8027952687014899,0.6487809797808577,1.096434383614602,2.026798803738038,2.026798803738038,0.4672284060276576,1.3335819372997704,3.9872825884499945,3.9872825884499945,0.6936156752344411,0.6752566440822526,10.196666666666667,-0.06847366153674868,0.06847366153674868,141.4677999346191,5.92,5.52,5.386666666666667,5.445,5.6,5.636666666666667,5.734285714285714,5.92,6.142222222222222,6.319999999999999,6.419999999999999,6.428333333333334,6.481538461538462,6.534285714285716,6.640000000000001,6.76375,6.878823529411766,6.9477777777777785,7.02,7.095000000000001,7.12,7.119999999999999,7.076521739130435,7.011666666666666,6.899999999999999,6.800769230769229,6.70888888888889,6.655714285714285,6.592413793103448,6.573333333333333,6.558709677419355,6.532500000000001,6.544242424242424,6.575882352941176,6.591428571428571,6.617222222222222,6.6416216216216215,6.669999999999999,6.743076923076922,6.825,6.898048780487804,6.9747619047619045,7.054883720930231,7.110909090909092,7.137777777777779,7.135217391304349,7.117872340425532,7.080416666666667,7.034285714285715,6.996,6.969019607843138,6.968076923076922,6.9841509433962266,7.034814814814815,7.085454545454546,7.116428571428571,7.146315789473684,7.159655172413793,7.160677966101695,7.171666666666667,7.19377049180328,7.232903225806451,7.272380952380953,7.316875,7.36,7.406363636363636,7.4438805970149255,7.467058823529412,7.486666666666667,7.507142857142855,7.517183098591548,7.513055555555555,7.492602739726026,7.465945945945944,7.4319999999999995,7.4107894736842095,7.397922077922078,7.394358974358974,7.389620253164558,7.391249999999999,7.403950617283949,7.409024390243902,7.413975903614457,7.411666666666666,7.40235294117647,7.3932558139534885,7.393563218390804,7.406363636363636,7.413258426966291,7.416666666666667,7.414505494505494,7.393913043478261,7.364086021505376,7.326382978723403,7.273684210526316,7.218958333333333,7.1540206185567,7.0771428571428565,6.987676767676766,6.905,6.830891089108911,6.768039215686275,6.715145631067962,6.664230769230769,6.614285714285714,6.565283018867924,6.523738317757008,6.487592592592591,6.459449541284403,6.447272727272726,6.438918918918919,6.433392857142857,6.435929203539822,6.435789473684209,6.433043478260869,6.429482758620689,6.4225641025641025,6.415762711864407,6.414957983193278,6.420833333333333,6.4241322314049585,6.423278688524589,6.415121951219512,6.403870967741935,6.396,6.397777777777778,6.405826771653544,6.407499999999999,44.5,534.0,0.0,0.0,0.0,0.0,0.0,0.0,0.0,0.0,0.0,0.0,0.0,0.0,0.0,0.0,0.0,46.0,126.0,231.0,347.0,460.0,556.0,623.0,656.0,661.0,661.0,661.0,661.0,661.0,661.0,661.0,661.0,661.0,661.0,661.0,661.0,661.0,661.0,661.0,661.0,693.0,738.0,791.0,844.0,890.0,920.0,930.0,930.0,930.0,930.0,930.0,930.0,930.0,930.0,930.0,930.0,930.0,930.0,930.0,930.0,930.0,930.0,930.0,930.0,970.0,1035.0,1117.0,1206.0,1292.0,1362.0,1406.0,1422.0,1423.0,1423.0,1423.0,1423.0,1423.0,1423.0,1423.0,1423.0,1423.0,1423.0,1423.0,1423.0,1423.0,1423.0,1423.0,1423.0,1448.0,1475.0,1501.0,1524.0,1539.0,1540.0,1540.0,1540.0,1540.0,1540.0,1540.0,1540.0,1540.0,1540.0,1540.0,1540.0,1540.0,1540.0,1540.0,1540.0,1540.0,1540.0,1540.0,1540.0,1570.0,1613.0,1665.0,1719.0,1767.0,1799.0,1809.0,1809.0,1809.0,1809.0,1809.0,1809.0,1809.0,1809.0,1809.0,1809.0,1809.0,30,January 30,Rennes
0.0031931695827410863,1.3091520030664652,0.9256163996446299,0.6309787752856688,0.6309787752856688,0.5732129702869735,0.8414181069766321,1.8027952687014899,1.8027952687014899,0.6487809797808577,1.096434383614602,2.026798803738038,2.026798803738038,0.4672284060276576,1.3335819372997704,3.9872825884499945,3.9872825884499945,0.6936156752344411,0.6752566440822526,13.121666666666664,-0.0784899926366183,0.0784899926366183,139.94665311825224,5.42,5.869999999999999,6.086666666666666,6.27,6.74,7.169999999999999,7.519999999999999,7.9575,8.386666666666667,8.67,8.883636363636363,9.094999999999999,9.258461538461537,9.427142857142856,9.58,9.66375,9.761176470588234,9.803333333333333,9.814736842105262,9.819999999999999,9.753333333333334,9.656363636363634,9.546086956521739,9.449166666666667,9.308,9.146923076923075,8.997777777777777,8.877142857142857,8.78551724137931,8.686666666666666,8.610322580645162,8.566875,8.547272727272727,8.528823529411765,8.497142857142856,8.44222222222222,8.406486486486486,8.375263157894736,8.368717948717949,8.375,8.383414634146341,8.377142857142857,8.375813953488372,8.379090909090909,8.362222222222222,8.335217391304347,8.288085106382978,8.230416666666667,8.14857142857143,8.072000000000001,7.998431372549018,7.9449999999999985,7.886037735849056,7.851481481481481,7.819999999999999,7.782499999999999,7.767368421052632,7.764827586206897,7.753898305084745,7.749999999999999,7.74622950819672,7.745806451612903,7.7739682539682535,7.8090625,7.840000000000001,7.874545454545455,7.912537313432836,7.936176470588235,7.941739130434783,7.928571428571431,7.905915492957747,7.869999999999998,7.828219178082191,7.791621621621621,7.762666666666666,7.751578947368421,7.752467532467533,7.777692307692309,7.8035443037974686,7.816249999999999,7.828641975308642,7.829756097560975,7.822409638554217,7.822380952380953,7.830588235294118,7.851395348837211,7.872873563218391,7.89840909090909,7.923370786516854,7.9511111111111115,7.9727472527472525,7.984130434782609,7.9931182795698925,8.002978723404256,8.005263157894738,7.997083333333333,7.976701030927834,7.951632653061225,7.9210101010101015,7.9,7.885346534653466,7.877843137254903,7.869514563106798,7.866153846153845,7.87142857142857,7.870943396226415,7.870467289719626,7.864444444444445,7.85302752293578,7.841818181818182,7.838018018018019,7.844107142857142,7.845663716814157,7.844561403508772,7.839130434782609,7.819137931034483,7.791794871794871,7.758135593220341,7.712436974789916,7.665,7.609256198347107,7.543770491803279,7.467967479674797,7.397419354838711,7.333600000000001,7.27873015873016,7.231811023622048,7.186406249999999,22.166666666666668,266.0,0.0,0.0,0.0,0.0,0.0,0.0,0.0,0.0,0.0,0.0,0.0,0.0,0.0,0.0,0.0,42.0,111.0,199.0,296.0,389.0,465.0,513.0,532.0,534.0,534.0,534.0,534.0,534.0,534.0,534.0,534.0,534.0,534.0,534.0,534.0,534.0,534.0,534.0,534.0,580.0,660.0,765.0,881.0,994.0,1090.0,1157.0,1190.0,1195.0,1195.0,1195.0,1195.0,1195.0,1195.0,1195.0,1195.0,1195.0,1195.0,1195.0,1195.0,1195.0,1195.0,1195.0,1195.0,1227.0,1272.0,1325.0,1378.0,1424.0,1454.0,1464.0,1464.0,1464.0,1464.0,1464.0,1464.0,1464.0,1464.0,1464.0,1464.0,1464.0,1464.0,1464.0,1464.0,1464.0,1464.0,1464.0,1464.0,1504.0,1569.0,1651.0,1740.0,1826.0,1896.0,1940.0,1956.0,1957.0,1957.0,1957.0,1957.0,1957.0,1957.0,1957.0,1957.0,1957.0,1957.0,1957.0,1957.0,1957.0,1957.0,1957.0,1957.0,1982.0,2009.0,2035.0,2058.0,2073.0,2074.0,2074.0,2074.0,2074.0,2074.0,2074.0,2074.0,2074.0,2074.0,2074.0,2074.0,2074.0,31,January 31,Rennes
0.0031931695827410863,1.3091520030664652,0.9256163996446299,0.6309787752856688,0.6309787752856688,0.5732129702869735,0.8414181069766321,1.8027952687014899,1.8027952687014899,0.6487809797808577,1.096434383614602,2.026798803738038,2.026798803738038,0.4672284060276576,1.3335819372997704,3.9872825884499945,3.9872825884499945,0.6936156752344411,0.6752566440822526,11.93,-0.15037013541826905,0.15037013541826905,129.03045543447888,8.520000000000001,8.57,8.553333333333335,8.42,8.18,7.853333333333335,7.3914285714285715,6.92,6.597777777777778,6.34,6.229090909090909,6.178333333333334,6.204615384615384,6.298571428571428,6.446666666666666,6.5825,6.672941176470588,6.742222222222222,6.746315789473685,6.7299999999999995,6.662857142857142,6.606363636363636,6.554782608695653,6.528333333333333,6.484,6.477692307692307,6.47925925925926,6.491428571428572,6.564827586206897,6.656666666666667,6.75225806451613,6.885625,7.035151515151515,7.158235294117648,7.26857142857143,7.3838888888888885,7.487567567567567,7.5963157894736835,7.702051282051282,7.782500000000001,7.868780487804878,7.931904761904762,7.980465116279069,8.024545454545454,8.033333333333333,8.024347826086956,8.005106382978724,7.98875,7.9465306122448975,7.89,7.835686274509804,7.793076923076923,7.763396226415095,7.727407407407407,7.701818181818182,7.693214285714285,7.697192982456141,7.701034482758621,7.696271186440677,7.676666666666665,7.667540983606558,7.660322580645162,7.6676190476190484,7.682500000000001,7.6984615384615385,7.704848484848484,7.714029850746269,7.725882352941175,7.724347826086957,7.715714285714286,7.693239436619718,7.663055555555555,7.6158904109589045,7.571351351351351,7.5280000000000005,7.497631578947369,7.462857142857143,7.444358974358974,7.427594936708862,7.40625,7.400246913580246,7.402926829268294,7.3995180722891565,7.40095238095238,7.40235294117647,7.406046511627906,7.430344827586207,7.459772727272727,7.48629213483146,7.515555555555555,7.547472527472527,7.56891304347826,7.576989247311827,7.571063829787233,7.557894736842106,7.534583333333333,7.5065979381443295,7.482244897959182,7.4634343434343435,7.457999999999999,7.4615841584158416,7.483725490196079,7.506407766990292,7.519038461538461,7.531428571428571,7.535094339622641,7.53214953271028,7.534814814814814,7.543853211009174,7.5627272727272725,7.582162162162162,7.604821428571428,7.627079646017698,7.65157894736842,7.671304347826086,7.682931034482758,7.6926495726495725,7.703050847457626,7.707394957983193,7.703333333333332,7.689421487603306,7.671639344262295,7.649268292682927,7.634516129032257,7.6248000000000005,7.62079365079365,7.616062992125984,7.6153125,67.33333333333333,808.0,0.0,0.0,0.0,0.0,0.0,0.0,0.0,0.0,0.0,0.0,0.0,0.0,0.0,0.0,0.0,33.0,77.0,128.0,181.0,228.0,259.0,266.0,266.0,266.0,266.0,266.0,266.0,266.0,266.0,266.0,266.0,266.0,266.0,266.0,266.0,266.0,266.0,266.0,266.0,308.0,377.0,465.0,562.0,655.0,731.0,779.0,798.0,800.0,800.0,800.0,800.0,800.0,800.0,800.0,800.0,800.0,800.0,800.0,800.0,800.0,800.0,800.0,800.0,846.0,926.0,1031.0,1147.0,1260.0,1356.0,1423.0,1456.0,1461.0,1461.0,1461.0,1461.0,1461.0,1461.0,1461.0,1461.0,1461.0,1461.0,1461.0,1461.0,1461.0,1461.0,1461.0,1461.0,1493.0,1538.0,1591.0,1644.0,1690.0,1720.0,1730.0,1730.0,1730.0,1730.0,1730.0,1730.0,1730.0,1730.0,1730.0,1730.0,1730.0,1730.0,1730.0,1730.0,1730.0,1730.0,1730.0,1730.0,1770.0,1835.0,1917.0,2006.0,2092.0,2162.0,2206.0,2222.0,2223.0,2223.0,2223.0,2223.0,2223.0,2223.0,2223.0,2223.0,2223.0,32,February 1,Rennes
0.0031931695827410863,1.3091520030664652,0.9256163996446299,0.6309787752856688,0.6309787752856688,0.5732129702869735,0.8414181069766321,1.8027952687014899,1.8027952687014899,0.6487809797808577,1.096434383614602,2.026798803738038,2.026798803738038,0.4672284060276576,1.3335819372997704,3.9872825884499945,3.9872825884499945,0.6936156752344411,0.6752566440822526,12.988333333333333,0.006297495546249352,0.006297495546249352,152.82304632362374,5.3199999999999985,5.169999999999999,4.919999999999999,4.844999999999999,4.720000000000001,4.536666666666666,4.405714285714285,4.22,4.064444444444444,4.03,4.029090909090909,4.028333333333333,4.143076923076924,4.277142857142857,4.426666666666666,4.55125,4.743529411764705,4.919999999999999,5.114736842105262,5.33,5.548571428571428,5.751818181818181,5.924347826086956,6.049166666666667,6.148,6.243076923076924,6.327407407407407,6.3878571428571425,6.41655172413793,6.409999999999999,6.352258064516128,6.266875,6.198787878787879,6.13470588235294,6.105714285714285,6.092222222222222,6.103783783783784,6.141052631578947,6.202051282051282,6.2625,6.30780487804878,6.3461904761904755,6.357209302325582,6.358636363636363,6.3355555555555565,6.315652173913044,6.296595744680852,6.28875,6.271020408163266,6.271999999999999,6.27686274509804,6.287307692307692,6.331320754716981,6.386666666666667,6.445454545454545,6.527142857142857,6.619999999999999,6.699310344827586,6.772542372881356,6.85,6.921639344262296,6.99741935483871,7.0723809523809535,7.1325,7.196923076923077,7.247272727272727,7.28865671641791,7.32735294117647,7.343188405797101,7.347142857142858,7.343943661971833,7.342222222222223,7.322739726027398,7.292972972972974,7.263999999999999,7.242368421052631,7.229090909090909,7.211025641025642,7.199746835443039,7.2,7.20888888888889,7.217560975609756,7.22,7.211666666666666,7.210588235294117,7.210697674418605,7.221149425287356,7.237045454545455,7.25370786516854,7.263333333333333,7.2749450549450545,7.288478260869565,7.292043010752688,7.290212765957446,7.277894736842105,7.259583333333333,7.228247422680412,7.198571428571429,7.16949494949495,7.15,7.1269306930693075,7.116078431372548,7.106407766990291,7.093076923076923,7.091428571428572,7.096415094339623,7.096635514018691,7.100555555555555,7.10440366972477,7.109999999999999,7.131711711711712,7.1575,7.181061946902654,7.206842105263158,7.234782608695651,7.254482758620688,7.263589743589743,7.261525423728813,7.253613445378151,7.2375,7.217520661157025,7.20032786885246,7.187479674796747,7.185322580645161,7.1903999999999995,7.21047619047619,7.2310236220472435,7.2434375,5.0,60.0,0.0,0.0,0.0,0.0,0.0,0.0,0.0,0.0,0.0,0.0,0.0,0.0,0.0,0.0,0.0,55.0,149.0,272.0,409.0,545.0,664.0,751.0,798.0,808.0,808.0,808.0,808.0,808.0,808.0,808.0,808.0,808.0,808.0,808.0,808.0,808.0,808.0,808.0,808.0,841.0,885.0,936.0,989.0,1036.0,1067.0,1074.0,1074.0,1074.0,1074.0,1074.0,1074.0,1074.0,1074.0,1074.0,1074.0,1074.0,1074.0,1074.0,1074.0,1074.0,1074.0,1074.0,1074.0,1116.0,1185.0,1273.0,1370.0,1463.0,1539.0,1587.0,1606.0,1608.0,1608.0,1608.0,1608.0,1608.0,1608.0,1608.0,1608.0,1608.0,1608.0,1608.0,1608.0,1608.0,1608.0,1608.0,1608.0,1654.0,1734.0,1839.0,1955.0,2068.0,2164.0,2231.0,2264.0,2269.0,2269.0,2269.0,2269.0,2269.0,2269.0,2269.0,2269.0,2269.0,2269.0,2269.0,2269.0,2269.0,2269.0,2269.0,2269.0,2301.0,2346.0,2399.0,2452.0,2498.0,2528.0,2538.0,2538.0,2538.0,2538.0,2538.0,2538.0,2538.0,2538.0,2538.0,2538.0,2538.0,33,February 2,Rennes
0.0031931695827410863,1.3091520030664652,0.9256163996446299,0.6309787752856688,0.6309787752856688,0.5732129702869735,0.8414181069766321,1.8027952687014899,1.8027952687014899,0.6487809797808577,1.096434383614602,2.026798803738038,2.026798803738038,0.4672284060276576,1.3335819372997704,3.9872825884499945,3.9872825884499945,0.6936156752344411,0.6752566440822526,18.438333333333333,-0.09698877615051198,0.09698877615051198,137.13730452860892,1.22,1.02,1.0866666666666667,1.32,1.6400000000000001,1.9700000000000004,2.262857142857143,2.6075,2.753333333333333,2.9299999999999997,3.110909090909091,3.4116666666666666,3.7584615384615385,4.077142857142857,4.413333333333332,4.67625,4.896470588235294,5.047777777777778,5.109473684210525,5.154999999999999,5.148571428571428,5.165454545454545,5.211304347826087,5.211666666666667,5.216,5.208461538461538,5.179259259259259,5.159285714285715,5.126896551724137,5.076666666666666,5.029677419354838,4.96375,4.8987878787878785,4.864117647058824,4.839999999999999,4.817222222222222,4.836216216216216,4.867368421052631,4.90974358974359,4.9475,5.017560975609756,5.086666666666666,5.168837209302326,5.265454545454546,5.368888888888889,5.47,5.560425531914894,5.630416666666666,5.689387755102041,5.748000000000001,5.802352941176471,5.845,5.870943396226416,5.877407407407408,5.8545454545454545,5.814642857142857,5.783157894736842,5.752758620689655,5.742033898305086,5.74,5.752786885245903,5.781290322580646,5.824761904761905,5.868437500000001,5.903076923076924,5.9336363636363645,5.946865671641793,5.953823529411766,5.9446376811594215,5.937142857142859,5.929859154929578,5.929722222222222,5.922739726027397,5.928108108108108,5.936,5.947631578947369,5.982337662337663,6.025128205128206,6.070632911392405,6.132499999999999,6.202716049382715,6.263902439024392,6.321204819277109,6.381904761904762,6.438823529411765,6.499069767441862,6.559080459770115,6.608636363636363,6.661573033707865,6.704444444444444,6.7408791208791214,6.775434782608696,6.793118279569892,6.801914893617021,6.8052631578947365,6.809583333333333,6.800412371134022,6.78326530612245,6.766464646464647,6.755000000000001,6.74970297029703,6.740588235294118,6.736504854368932,6.741153846153846,6.752380952380952,6.763396226415096,6.769532710280375,6.767222222222223,6.77045871559633,6.774545454545455,6.786666666666667,6.803035714285714,6.82,6.83140350877193,6.844347826086957,6.858793103448276,6.865299145299145,6.867457627118644,6.861176470588235,6.85,6.828264462809917,6.807704918032788,6.7874796747967485,6.77483870967742,6.7592,6.753333333333333,6.748346456692913,6.7403125,45.666666666666664,548.0,0.0,0.0,0.0,0.0,0.0,0.0,0.0,0.0,0.0,0.0,0.0,0.0,0.0,0.0,0.0,22.0,41.0,55.0,60.0,60.0,60.0,60.0,60.0,60.0,60.0,60.0,60.0,60.0,60.0,60.0,60.0,60.0,60.0,60.0,60.0,60.0,60.0,60.0,60.0,115.0,209.0,332.0,469.0,605.0,724.0,811.0,858.0,868.0,868.0,868.0,868.0,868.0,868.0,868.0,868.0,868.0,868.0,868.0,868.0,868.0,868.0,868.0,868.0,901.0,945.0,996.0,1049.0,1096.0,1127.0,1134.0,1134.0,1134.0,1134.0,1134.0,1134.0,1134.0,1134.0,1134.0,1134.0,1134.0,1134.0,1134.0,1134.0,1134.0,1134.0,1134.0,1134.0,1176.0,1245.0,1333.0,1430.0,1523.0,1599.0,1647.0,1666.0,1668.0,1668.0,1668.0,1668.0,1668.0,1668.0,1668.0,1668.0,1668.0,1668.0,1668.0,1668.0,1668.0,1668.0,1668.0,1668.0,1714.0,1794.0,1899.0,2015.0,2128.0,2224.0,2291.0,2324.0,2329.0,2329.0,2329.0,2329.0,2329.0,2329.0,2329.0,2329.0,2329.0,34,February 3,Rennes
0.0031931695827410863,1.3091520030664652,0.9256163996446299,0.6309787752856688,0.6309787752856688,0.5732129702869735,0.8414181069766321,1.8027952687014899,1.8027952687014899,0.6487809797808577,1.096434383614602,2.026798803738038,2.026798803738038,0.4672284060276576,1.3335819372997704,3.9872825884499945,3.9872825884499945,0.6936156752344411,0.6752566440822526,16.871666666666666,0.0105400674426245,0.0105400674426245,153.46735157561992,-2.48,-2.33,-1.9133333333333333,-1.255,-0.9400000000000001,-1.0133333333333334,-0.8228571428571428,-0.7050000000000001,-0.5355555555555556,-0.32,-0.10727272727272724,0.05333333333333323,0.15076923076923074,0.27000000000000013,0.3533333333333334,0.40125,0.4258823529411764,0.48666666666666675,0.5884210526315791,0.7049999999999998,0.796190476190476,0.7972727272727274,0.8156521739130436,0.8075000000000001,0.8240000000000001,0.8238461538461539,0.8385185185185187,0.8807142857142857,0.9510344827586208,1.04,1.1361290322580646,1.2575,1.3381818181818184,1.431764705882353,1.5314285714285716,1.6755555555555557,1.8443243243243241,2.0121052631578946,2.1943589743589738,2.355,2.5029268292682927,2.624761904761905,2.708372093023256,2.7836363636363632,2.8333333333333326,2.8917391304347824,2.9625531914893615,3.009583333333333,3.056734693877551,3.096,3.1219607843137247,3.1507692307692308,3.1709433962264146,3.179259259259259,3.187272727272727,3.1825000000000006,3.176140350877193,3.1855172413793107,3.1996610169491526,3.213333333333333,3.2511475409836064,3.2958064516129033,3.3469841269841267,3.395,3.463076923076923,3.5306060606060607,3.606567164179104,3.6920588235294125,3.7823188405797104,3.8714285714285723,3.953802816901409,4.022777777777778,4.084383561643835,4.145675675675675,4.204,4.2542105263157906,4.292727272727273,4.317435897435898,4.32126582278481,4.3125,4.308888888888888,4.305365853658536,4.315180722891566,4.330714285714286,4.356470588235294,4.3932558139534885,4.440689655172414,4.488181818181818,4.528988764044944,4.566666666666666,4.591428571428572,4.611304347826087,4.618924731182796,4.627446808510639,4.63578947368421,4.649166666666667,4.657113402061855,4.674081632653062,4.692727272727272,4.7139999999999995,4.752673267326732,4.797450980392156,4.844271844660193,4.903653846153846,4.9695238095238095,5.0284905660377355,5.0844859813084105,5.143148148148149,5.198899082568807,5.257272727272727,5.3154954954954965,5.365535714285714,5.418230088495575,5.462982456140351,5.502608695652174,5.540689655172413,5.565299145299146,5.58271186440678,5.595630252100841,5.609166666666666,5.611735537190082,5.607704918032787,5.603739837398374,5.603870967741934,5.6088000000000005,5.610476190476191,5.616062992125985,5.628593749999999,11.75,141.0,0.0,0.0,0.0,0.0,0.0,0.0,0.0,0.0,0.0,0.0,0.0,0.0,0.0,0.0,1.0,47.0,120.0,210.0,307.0,400.0,476.0,525.0,546.0,548.0,548.0,548.0,548.0,548.0,548.0,548.0,548.0,548.0,548.0,548.0,548.0,548.0,548.0,548.0,548.0,570.0,589.0,603.0,608.0,608.0,608.0,608.0,608.0,608.0,608.0,608.0,608.0,608.0,608.0,608.0,608.0,608.0,608.0,608.0,608.0,608.0,608.0,608.0,608.0,663.0,757.0,880.0,1017.0,1153.0,1272.0,1359.0,1406.0,1416.0,1416.0,1416.0,1416.0,1416.0,1416.0,1416.0,1416.0,1416.0,1416.0,1416.0,1416.0,1416.0,1416.0,1416.0,1416.0,1449.0,1493.0,1544.0,1597.0,1644.0,1675.0,1682.0,1682.0,1682.0,1682.0,1682.0,1682.0,1682.0,1682.0,1682.0,1682.0,1682.0,1682.0,1682.0,1682.0,1682.0,1682.0,1682.0,1682.0,1724.0,1793.0,1881.0,1978.0,2071.0,2147.0,2195.0,2214.0,2216.0,2216.0,2216.0,2216.0,2216.0,2216.0,2216.0,2216.0,2216.0,35,February 4,Rennes
0.0031931695827410863,1.3091520030664652,0.9256163996446299,0.6309787752856688,0.6309787752856688,0.5732129702869735,0.8414181069766321,1.8027952687014899,1.8027952687014899,0.6487809797808577,1.096434383614602,2.026798803738038,2.026798803738038,0.4672284060276576,1.3335819372997704,3.9872825884499945,3.9872825884499945,0.6936156752344411,0.6752566440822526,13.488333333333333,-0.09568875952261285,0.09568875952261285,137.3347337204992,2.62,3.4699999999999993,3.5533333333333332,3.994999999999999,4.159999999999999,4.269999999999999,4.49142857142857,4.6949999999999985,4.853333333333332,5.029999999999999,5.219999999999999,5.319999999999999,5.343076923076922,5.377142857142856,5.393333333333332,5.413749999999999,5.40235294117647,5.303333333333333,5.204210526315789,5.094999999999999,4.943809523809523,4.7336363636363625,4.4982608695652155,4.224166666666666,3.9559999999999995,3.7199999999999998,3.5422222222222217,3.441428571428571,3.3337931034482753,3.1766666666666654,3.084516129032257,2.991875,2.9260606060606063,2.887647058823529,2.8628571428571425,2.8338888888888882,2.792972972972972,2.767368421052631,2.7353846153846146,2.6949999999999994,2.649268292682927,2.622380952380952,2.617674418604651,2.6245454545454545,2.624444444444444,2.5852173913043472,2.5561702127659567,2.515833333333333,2.4893877551020407,2.456,2.431764705882353,2.4238461538461538,2.433207547169811,2.4551851851851847,2.4836363636363634,2.528928571428571,2.5533333333333332,2.587241379310345,2.626779661016949,2.695,2.7806557377049175,2.8683870967741933,2.967619047619047,3.0559375,3.1384615384615384,3.2063636363636365,3.2513432835820897,3.292058823529412,3.317101449275362,3.3485714285714283,3.389014084507042,3.4144444444444444,3.4405479452054797,3.461891891891891,3.474666666666667,3.4897368421052635,3.49922077922078,3.500769230769231,3.502278481012658,3.495,3.4866666666666664,3.489512195121951,3.4959036144578315,3.5021428571428572,3.5258823529411765,3.554883720930233,3.5889655172413786,3.621136363636363,3.668314606741573,3.7155555555555546,3.76945054945055,3.8308695652173914,3.8963440860215055,3.9614893617021276,4.022105263157895,4.073125,4.118969072164949,4.164897959183674,4.208888888888889,4.247000000000001,4.276435643564357,4.295490196078431,4.298640776699029,4.292115384615385,4.28952380952381,4.286981132075471,4.294766355140187,4.307037037037038,4.3273394495412845,4.356363636363636,4.393873873873874,4.431607142857143,4.46424778761062,4.494561403508772,4.514782608695652,4.531206896551725,4.537948717948719,4.54542372881356,4.5527731092437,4.564166666666666,4.571239669421487,4.585573770491804,4.60130081300813,4.619193548387098,4.651200000000002,4.688253968253969,4.72708661417323,4.776249999999999,63.083333333333336,757.0,0.0,0.0,0.0,0.0,0.0,0.0,0.0,0.0,0.0,0.0,0.0,0.0,0.0,0.0,3.0,29.0,60.0,92.0,121.0,140.0,141.0,141.0,141.0,141.0,141.0,141.0,141.0,141.0,141.0,141.0,141.0,141.0,141.0,141.0,141.0,141.0,141.0,141.0,142.0,188.0,261.0,351.0,448.0,541.0,617.0,666.0,687.0,689.0,689.0,689.0,689.0,689.0,689.0,689.0,689.0,689.0,689.0,689.0,689.0,689.0,689.0,689.0,689.0,711.0,730.0,744.0,749.0,749.0,749.0,749.0,749.0,749.0,749.0,749.0,749.0,749.0,749.0,749.0,749.0,749.0,749.0,749.0,749.0,749.0,749.0,749.0,749.0,804.0,898.0,1021.0,1158.0,1294.0,1413.0,1500.0,1547.0,1557.0,1557.0,1557.0,1557.0,1557.0,1557.0,1557.0,1557.0,1557.0,1557.0,1557.0,1557.0,1557.0,1557.0,1557.0,1557.0,1590.0,1634.0,1685.0,1738.0,1785.0,1816.0,1823.0,1823.0,1823.0,1823.0,1823.0,1823.0,1823.0,1823.0,1823.0,1823.0,1823.0,36,February 5,Rennes
0.0031931695827410863,1.3091520030664652,0.9256163996446299,0.6309787752856688,0.6309787752856688,0.5732129702869735,0.8414181069766321,1.8027952687014899,1.8027952687014899,0.6487809797808577,1.096434383614602,2.026798803738038,2.026798803738038,0.4672284060276576,1.3335819372997704,3.9872825884499945,3.9872825884499945,0.6936156752344411,0.6752566440822526,12.788333333333336,-0.07776970591267492,0.07776970591267492,140.05604066206178,4.02,4.119999999999999,4.153333333333333,4.444999999999999,4.699999999999999,5.036666666666666,5.305714285714286,5.6075,5.886666666666666,6.139999999999999,6.365454545454545,6.503333333333333,6.627692307692306,6.7057142857142855,6.759999999999999,6.82,6.855294117647058,6.881111111111111,6.856842105263158,6.835000000000001,6.80095238095238,6.747272727272727,6.6460869565217395,6.507499999999999,6.352,6.273846153846154,6.1792592592592595,6.148571428571429,6.102758620689655,6.06,6.052258064516128,6.054375,6.056363636363636,6.0729411764705885,6.102857142857142,6.111666666666667,6.098378378378378,6.091052631578948,6.078974358974358,6.069999999999999,6.049268292682927,5.991428571428571,5.931627906976743,5.865454545454545,5.777777777777778,5.659130434782608,5.524255319148935,5.365833333333332,5.205714285714286,5.058,4.937647058823529,4.856538461538461,4.770943396226415,4.657037037037036,4.578181818181818,4.498571428571429,4.434035087719298,4.38551724137931,4.345423728813559,4.303333333333333,4.254426229508196,4.21516129032258,4.172380952380951,4.124687499999999,4.073846153846153,4.035151515151515,4.0110447761194035,3.9950000000000006,3.9750724637681163,3.93,3.891830985915494,3.846388888888888,3.810410958904109,3.7699999999999996,3.7360000000000007,3.7134210526315785,3.7031168831168837,3.7020512820512828,3.7060759493670896,3.7224999999999993,3.724938271604937,3.7346341463414636,3.7489156626506026,3.7842857142857147,3.8329411764705883,3.8839534883720943,3.9441379310344837,3.997272727272727,4.046966292134831,4.086666666666668,4.110109890109891,4.130869565217392,4.140430107526883,4.155106382978724,4.176842105263159,4.187708333333333,4.199381443298969,4.207755102040816,4.20989898989899,4.214,4.214059405940595,4.208235294117648,4.202524271844661,4.190192307692308,4.177142857142857,4.172830188679245,4.171401869158879,4.17,4.182385321100918,4.199090909090909,4.220000000000001,4.239642857142857,4.2713274336283185,4.303333333333333,4.340869565217392,4.384655172413793,4.431965811965813,4.479322033898305,4.523361344537816,4.56,4.592727272727272,4.625737704918033,4.65739837398374,4.684516129032258,4.704800000000001,4.716825396825398,4.716062992125985,4.7075,37.5,450.0,0.0,0.0,0.0,0.0,0.0,0.0,0.0,0.0,0.0,0.0,0.0,0.0,0.0,0.0,5.0,60.0,151.0,267.0,396.0,522.0,630.0,707.0,748.0,757.0,757.0,757.0,757.0,757.0,757.0,757.0,757.0,757.0,757.0,757.0,757.0,757.0,757.0,757.0,760.0,786.0,817.0,849.0,878.0,897.0,898.0,898.0,898.0,898.0,898.0,898.0,898.0,898.0,898.0,898.0,898.0,898.0,898.0,898.0,898.0,898.0,898.0,898.0,899.0,945.0,1018.0,1108.0,1205.0,1298.0,1374.0,1423.0,1444.0,1446.0,1446.0,1446.0,1446.0,1446.0,1446.0,1446.0,1446.0,1446.0,1446.0,1446.0,1446.0,1446.0,1446.0,1446.0,1446.0,1468.0,1487.0,1501.0,1506.0,1506.0,1506.0,1506.0,1506.0,1506.0,1506.0,1506.0,1506.0,1506.0,1506.0,1506.0,1506.0,1506.0,1506.0,1506.0,1506.0,1506.0,1506.0,1506.0,1506.0,1561.0,1655.0,1778.0,1915.0,2051.0,2170.0,2257.0,2304.0,2314.0,2314.0,2314.0,2314.0,2314.0,2314.0,2314.0,2314.0,2314.0,37,February 6,Rennes
0.0031931695827410863,1.3091520030664652,0.9256163996446299,0.6309787752856688,0.6309787752856688,0.5732129702869735,0.8414181069766321,1.8027952687014899,1.8027952687014899,0.6487809797808577,1.096434383614602,2.026798803738038,2.026798803738038,0.4672284060276576,1.3335819372997704,3.9872825884499945,3.9872825884499945,0.6936156752344411,0.6752566440822526,16.046666666666667,-0.06611551105879726,0.06611551105879726,141.825924387204,2.8200000000000003,3.0700000000000003,3.0533333333333332,3.27,3.28,3.3366666666666664,3.4914285714285715,3.67,3.875555555555555,4.2,4.538181818181818,4.853333333333334,4.9969230769230775,5.141428571428571,5.299999999999998,5.45125,5.555294117647058,5.731111111111111,5.867368421052631,6.0,6.091428571428571,6.129090909090908,6.085217391304347,6.0325,5.952000000000001,5.8853846153846145,5.823703703703704,5.805714285714285,5.802758620689654,5.833333333333333,5.868387096774193,5.9262500000000005,5.992727272727272,6.064117647058824,6.137142857142857,6.189444444444444,6.241621621621621,6.280526315789473,6.312307692307692,6.347499999999999,6.373658536585365,6.396190476190476,6.396744186046511,6.3972727272727266,6.39111111111111,6.3743478260869555,6.332765957446808,6.2700000000000005,6.195510204081632,6.1579999999999995,6.110196078431372,6.095,6.070943396226415,6.047777777777777,6.043636363636363,6.045,6.046315789473684,6.056206896551724,6.074237288135592,6.08,6.0724590163934415,6.0683870967741935,6.061269841269841,6.055937500000001,6.0430769230769235,6.006363636363636,5.96776119402985,5.924411764705882,5.866376811594202,5.7871428571428565,5.696056338028169,5.588055555555555,5.477534246575342,5.374054054054054,5.287999999999999,5.227894736842106,5.164155844155844,5.0802564102564105,5.02,4.95875,4.907654320987654,4.867560975609756,4.833253012048193,4.797380952380952,4.756470588235294,4.722325581395348,4.68551724137931,4.645,4.602022471910113,4.567777777777778,4.544175824175824,4.526521739130435,4.506021505376344,4.466808510638298,4.432631578947368,4.392916666666666,4.3602061855670105,4.324081632653061,4.292727272727272,4.27,4.256633663366336,4.250392156862745,4.248155339805825,4.255576923076923,4.252380952380952,4.254905660377358,4.261121495327102,4.283888888888888,4.317247706422018,4.352727272727273,4.395675675675676,4.433392857142857,4.468672566371681,4.496315789473685,4.511304347826088,4.524310344827587,4.52854700854701,4.536949152542374,4.55109243697479,4.556666666666667,4.56297520661157,4.566721311475411,4.565528455284554,4.565967741935484,4.563200000000001,4.555714285714286,4.548346456692913,4.535625,23.75,285.0,0.0,0.0,0.0,0.0,0.0,0.0,0.0,0.0,0.0,0.0,0.0,0.0,0.0,0.0,6.0,49.0,112.0,189.0,271.0,348.0,408.0,442.0,450.0,450.0,450.0,450.0,450.0,450.0,450.0,450.0,450.0,450.0,450.0,450.0,450.0,450.0,450.0,450.0,455.0,510.0,601.0,717.0,846.0,972.0,1080.0,1157.0,1198.0,1207.0,1207.0,1207.0,1207.0,1207.0,1207.0,1207.0,1207.0,1207.0,1207.0,1207.0,1207.0,1207.0,1207.0,1207.0,1210.0,1236.0,1267.0,1299.0,1328.0,1347.0,1348.0,1348.0,1348.0,1348.0,1348.0,1348.0,1348.0,1348.0,1348.0,1348.0,1348.0,1348.0,1348.0,1348.0,1348.0,1348.0,1348.0,1348.0,1349.0,1395.0,1468.0,1558.0,1655.0,1748.0,1824.0,1873.0,1894.0,1896.0,1896.0,1896.0,1896.0,1896.0,1896.0,1896.0,1896.0,1896.0,1896.0,1896.0,1896.0,1896.0,1896.0,1896.0,1896.0,1918.0,1937.0,1951.0,1956.0,1956.0,1956.0,1956.0,1956.0,1956.0,1956.0,1956.0,1956.0,1956.0,1956.0,1956.0,1956.0,1956.0,38,February 7,Rennes
0.0031931695827410863,1.3091520030664652,0.9256163996446299,0.6309787752856688,0.6309787752856688,0.5732129702869735,0.8414181069766321,1.8027952687014899,1.8027952687014899,0.6487809797808577,1.096434383614602,2.026798803738038,2.026798803738038,0.4672284060276576,1.3335819372997704,3.9872825884499945,3.9872825884499945,0.6936156752344411,0.6752566440822526,16.77166666666667,-0.08999553907834561,0.08999553907834561,138.1993441319686,3.62,3.0700000000000003,2.486666666666667,1.87,1.24,0.6699999999999999,0.3342857142857142,0.27,0.37555555555555553,0.55,0.6381818181818182,0.7866666666666667,0.9507692307692307,1.1199999999999999,1.28,1.4575,1.578823529411765,1.6811111111111114,1.825263157894737,1.985,2.096190476190476,2.1972727272727273,2.280869565217391,2.3699999999999997,2.388,2.4238461538461538,2.4459259259259256,2.498571428571428,2.526896551724137,2.5633333333333326,2.623225806451612,2.695,2.7806060606060603,2.908235294117647,3.051428571428571,3.1977777777777776,3.292972972972972,3.391052631578947,3.496923076923077,3.6025,3.690731707317073,3.810476190476191,3.915348837209302,4.0200000000000005,4.106666666666667,4.167826086956523,4.188085106382979,4.201250000000001,4.197551020408163,4.198,4.19843137254902,4.220000000000001,4.248301886792453,4.294074074074074,4.341818181818182,4.402142857142857,4.467368421052631,4.535517241379309,4.604745762711864,4.661666666666666,4.718360655737705,4.766774193548387,4.810476190476191,4.8559375,4.895384615384616,4.932121212121212,4.954328358208955,4.975882352941176,4.992463768115942,5.001428571428572,4.993239436619718,4.970000000000001,4.937808219178082,4.92945945945946,4.913333333333333,4.918684210526315,4.917402597402598,4.916153846153846,4.92759493670886,4.9425,4.957037037037037,4.977317073170732,5.003132530120482,5.0200000000000005,5.027058823529412,5.036279069767442,5.042988505747126,5.050681818181818,5.052584269662922,5.036666666666666,5.0189010989010985,4.997173913043477,4.964086021505377,4.91468085106383,4.855789473684211,4.783541666666667,4.708659793814433,4.638367346938775,4.58060606060606,4.542,4.50019801980198,4.442549019607843,4.40252427184466,4.361346153846154,4.327619047619048,4.302075471698113,4.280747663551402,4.257962962962963,4.231009174311927,4.209090909090909,4.184864864864864,4.1575,4.127964601769912,4.105087719298246,4.090434782608695,4.080344827586207,4.067863247863248,4.040338983050847,4.0166386554621845,3.9883333333333337,3.9654545454545453,3.9396721311475407,3.9175609756097556,3.9022580645161287,3.8944,3.8922222222222222,3.893228346456693,3.9020312500000003,56.083333333333336,673.0,0.0,0.0,0.0,0.0,0.0,0.0,0.0,0.0,0.0,0.0,0.0,0.0,0.0,0.0,8.0,45.0,93.0,146.0,199.0,246.0,277.0,285.0,285.0,285.0,285.0,285.0,285.0,285.0,285.0,285.0,285.0,285.0,285.0,285.0,285.0,285.0,285.0,285.0,291.0,334.0,397.0,474.0,556.0,633.0,693.0,727.0,735.0,735.0,735.0,735.0,735.0,735.0,735.0,735.0,735.0,735.0,735.0,735.0,735.0,735.0,735.0,735.0,740.0,795.0,886.0,1002.0,1131.0,1257.0,1365.0,1442.0,1483.0,1492.0,1492.0,1492.0,1492.0,1492.0,1492.0,1492.0,1492.0,1492.0,1492.0,1492.0,1492.0,1492.0,1492.0,1492.0,1495.0,1521.0,1552.0,1584.0,1613.0,1632.0,1633.0,1633.0,1633.0,1633.0,1633.0,1633.0,1633.0,1633.0,1633.0,1633.0,1633.0,1633.0,1633.0,1633.0,1633.0,1633.0,1633.0,1633.0,1634.0,1680.0,1753.0,1843.0,1940.0,2033.0,2109.0,2158.0,2179.0,2181.0,2181.0,2181.0,2181.0,2181.0,2181.0,2181.0,2181.0,2181.0,39,February 8,Rennes
0.0031931695827410863,1.3091520030664652,0.9256163996446299,0.6309787752856688,0.6309787752856688,0.5732129702869735,0.8414181069766321,1.8027952687014899,1.8027952687014899,0.6487809797808577,1.096434383614602,2.026798803738038,2.026798803738038,0.4672284060276576,1.3335819372997704,3.9872825884499945,3.9872825884499945,0.6936156752344411,0.6752566440822526,18.705,-0.02866088445456095,0.02866088445456095,147.51403368083402,-0.68,-0.68,-0.4133333333333334,-0.13000000000000003,0.15999999999999998,0.36999999999999994,0.52,0.6074999999999999,0.6866666666666666,0.8300000000000001,0.9018181818181819,0.8783333333333334,0.8353846153846154,0.8271428571428572,0.8800000000000001,0.98875,1.1376470588235295,1.2977777777777777,1.451578947368421,1.605,1.758095238095238,1.8654545454545455,1.9634782608695651,2.0533333333333332,2.116,2.1315384615384616,2.1014814814814815,2.027142857142857,1.913103448275862,1.7766666666666666,1.6651612903225808,1.6075,1.595757575757576,1.6111764705882354,1.6085714285714285,1.631111111111111,1.665945945945946,1.7094736842105258,1.7558974358974357,1.815,1.8565853658536584,1.8938095238095236,1.9525581395348837,2.022272727272727,2.073333333333333,2.122173913043478,2.1646808510638293,2.2116666666666664,2.224081632653061,2.2459999999999996,2.2611764705882353,2.293076923076923,2.312452830188679,2.3366666666666664,2.374545454545454,2.4199999999999995,2.4743859649122806,2.5544827586206895,2.645423728813559,2.74,2.805245901639344,2.8732258064516127,2.9469841269841264,3.0215625,3.086153846153846,3.1715151515151514,3.248358208955224,3.3258823529411763,3.392463768115942,3.442857142857143,3.4664788732394363,3.4852777777777777,3.4926027397260273,3.502432432432432,3.5119999999999996,3.535789473684211,3.5641558441558443,3.6046153846153848,3.6465822784810134,3.6974999999999993,3.7520987654320987,3.809024390243902,3.866987951807228,3.916428571428572,3.965882352941177,4.009534883720931,4.049885057471265,4.091590909090908,4.128988764044943,4.1644444444444435,4.189230769230769,4.213478260869565,4.233978494623656,4.248723404255319,4.2505263157894735,4.240833333333334,4.224123711340206,4.225102040816326,4.22,4.231,4.236831683168317,4.242549019607843,4.257864077669903,4.27576923076923,4.293333333333333,4.315283018867924,4.341495327102804,4.3607407407407415,4.372293577981651,4.385454545454547,4.396576576576577,4.408392857142857,4.415575221238939,4.40859649122807,4.4,4.388103448275863,4.367008547008547,4.33271186440678,4.290588235294118,4.2375,4.18198347107438,4.1298360655737705,4.0874796747967475,4.0603225806451615,4.0304,3.9874603174603176,3.9585826771653547,3.92859375,17.166666666666668,206.0,0.0,0.0,0.0,0.0,0.0,0.0,0.0,0.0,0.0,0.0,0.0,0.0,0.0,0.0,10.0,65.0,150.0,255.0,369.0,479.0,572.0,636.0,668.0,673.0,673.0,673.0,673.0,673.0,673.0,673.0,673.0,673.0,673.0,673.0,673.0,673.0,673.0,673.0,681.0,718.0,766.0,819.0,872.0,919.0,950.0,958.0,958.0,958.0,958.0,958.0,958.0,958.0,958.0,958.0,958.0,958.0,958.0,958.0,958.0,958.0,958.0,958.0,964.0,1007.0,1070.0,1147.0,1229.0,1306.0,1366.0,1400.0,1408.0,1408.0,1408.0,1408.0,1408.0,1408.0,1408.0,1408.0,1408.0,1408.0,1408.0,1408.0,1408.0,1408.0,1408.0,1408.0,1413.0,1468.0,1559.0,1675.0,1804.0,1930.0,2038.0,2115.0,2156.0,2165.0,2165.0,2165.0,2165.0,2165.0,2165.0,2165.0,2165.0,2165.0,2165.0,2165.0,2165.0,2165.0,2165.0,2165.0,2168.0,2194.0,2225.0,2257.0,2286.0,2305.0,2306.0,2306.0,2306.0,2306.0,2306.0,2306.0,2306.0,2306.0,2306.0,2306.0,2306.0,2306.0,40,February 9,Rennes
0.0031931695827410863,1.3091520030664652,0.9256163996446299,0.6309787752856688,0.6309787752856688,0.5732129702869735,0.8414181069766321,1.8027952687014899,1.8027952687014899,0.6487809797808577,1.096434383614602,2.026798803738038,2.026798803738038,0.4672284060276576,1.3335819372997704,3.9872825884499945,3.9872825884499945,0.6936156752344411,0.6752566440822526,17.39666666666667,-0.02222723717839898,0.02222723717839898,148.49109024717382,-1.08,-0.63,-0.013333333333333345,0.2699999999999999,0.38,0.4533333333333332,0.5200000000000001,0.6325,0.7533333333333333,0.8299999999999998,0.9745454545454546,1.0533333333333335,1.0969230769230771,1.062857142857143,1.04,1.07625,1.1435294117647061,1.2088888888888891,1.2252631578947368,1.2399999999999998,1.2390476190476192,1.229090909090909,1.2286956521739132,1.1741666666666666,1.1,1.0315384615384615,0.997777777777778,0.9878571428571428,0.9993103448275861,1.0133333333333332,1.026451612903226,1.0325,1.0412121212121215,1.0729411764705883,1.0885714285714285,1.0755555555555556,1.055135135135135,1.046315789473684,1.061025641025641,1.1,1.1590243902439026,1.2271428571428573,1.2967441860465119,1.37,1.4466666666666665,1.504782608695652,1.5604255319148934,1.6137500000000002,1.6546938775510203,1.672,1.6650980392156862,1.6334615384615385,1.5784905660377355,1.5088888888888887,1.4509090909090907,1.4217857142857142,1.4182456140350879,1.4303448275862067,1.4318644067796609,1.4483333333333333,1.4724590163934426,1.5022580645161285,1.534285714285714,1.5746875,1.6046153846153846,1.632121212121212,1.673731343283582,1.7229411764705884,1.7605797101449272,1.7971428571428572,1.8298591549295773,1.8658333333333335,1.878904109589041,1.8983783783783783,1.9133333333333333,1.939736842105263,1.9576623376623374,1.9789743589743585,2.009873417721518,2.04625,2.0891358024691358,2.1504878048780487,2.2199999999999998,2.2926190476190476,2.344705882352941,2.39906976744186,2.457931034482758,2.5177272727272726,2.570561797752809,2.6388888888888884,2.701318681318681,2.7645652173913042,2.8200000000000007,2.8636170212765957,2.887368421052632,2.9075,2.918969072164949,2.9322448979591837,2.9452525252525255,2.9690000000000003,2.9962376237623767,3.032745098039216,3.0704854368932044,3.115192307692308,3.1628571428571424,3.212452830188679,3.2629906542056073,3.307037037037037,3.351192660550459,3.390909090909091,3.4281081081081086,3.4664285714285716,3.50141592920354,3.5349122807017546,3.560000000000001,3.5846551724137936,3.6063247863247865,3.6233898305084753,3.630084033613446,3.6275,3.6191735537190084,3.6249180327868853,3.6256910569105694,3.6393548387096777,3.6488,3.658095238095238,3.6751181102362205,3.69421875,28.166666666666668,338.0,0.0,0.0,0.0,0.0,0.0,0.0,0.0,0.0,0.0,0.0,0.0,0.0,0.0,0.0,12.0,42.0,81.0,124.0,164.0,193.0,206.0,206.0,206.0,206.0,206.0,206.0,206.0,206.0,206.0,206.0,206.0,206.0,206.0,206.0,206.0,206.0,206.0,206.0,216.0,271.0,356.0,461.0,575.0,685.0,778.0,842.0,874.0,879.0,879.0,879.0,879.0,879.0,879.0,879.0,879.0,879.0,879.0,879.0,879.0,879.0,879.0,879.0,887.0,924.0,972.0,1025.0,1078.0,1125.0,1156.0,1164.0,1164.0,1164.0,1164.0,1164.0,1164.0,1164.0,1164.0,1164.0,1164.0,1164.0,1164.0,1164.0,1164.0,1164.0,1164.0,1164.0,1170.0,1213.0,1276.0,1353.0,1435.0,1512.0,1572.0,1606.0,1614.0,1614.0,1614.0,1614.0,1614.0,1614.0,1614.0,1614.0,1614.0,1614.0,1614.0,1614.0,1614.0,1614.0,1614.0,1614.0,1619.0,1674.0,1765.0,1881.0,2010.0,2136.0,2244.0,2321.0,2362.0,2371.0,2371.0,2371.0,2371.0,2371.0,2371.0,2371.0,2371.0,2371.0,41,February 10,Rennes
0.0031931695827410863,1.3091520030664652,0.9256163996446299,0.6309787752856688,0.6309787752856688,0.5732129702869735,0.8414181069766321,1.8027952687014899,1.8027952687014899,0.6487809797808577,1.096434383614602,2.026798803738038,2.026798803738038,0.4672284060276576,1.3335819372997704,3.9872825884499945,3.9872825884499945,0.6936156752344411,0.6752566440822526,13.971666666666668,-0.05973479711490212,0.05973479711490212,142.79494214481687,6.92,7.17,7.12,7.07,6.960000000000001,7.086666666666666,7.177142857142859,7.2575,7.231111111111111,7.2299999999999995,7.22,7.278333333333332,7.189230769230769,7.034285714285714,6.879999999999999,6.67,6.478823529411764,6.342222222222222,6.151578947368421,5.965,5.748571428571428,5.52,5.237391304347826,4.940833333333333,4.699999999999999,4.512307692307692,4.39037037037037,4.273571428571429,4.15448275862069,4.043333333333333,3.9425806451612897,3.8637499999999996,3.798787878787879,3.7317647058823527,3.694285714285714,3.645,3.5902702702702696,3.512105263157894,3.44051282051282,3.3950000000000005,3.3663414634146336,3.3414285714285707,3.29906976744186,3.258636363636363,3.2133333333333325,3.1656521739130428,3.1242553191489355,3.0574999999999997,2.981224489795918,2.9079999999999995,2.853333333333333,2.8123076923076917,2.784150943396226,2.7588888888888885,2.734545454545454,2.7075,2.6831578947368415,2.6734482758620683,2.6555932203389827,2.6216666666666657,2.583934426229508,2.553870967741935,2.5390476190476186,2.5403124999999998,2.5553846153846154,2.577575757575757,2.6020895522388057,2.630294117647058,2.662028985507246,2.682857142857143,2.7030985915492955,2.7227777777777775,2.735068493150685,2.7321621621621617,2.713333333333333,2.677894736842105,2.626493506493506,2.5648717948717947,2.5111392405063286,2.4775,2.4619753086419753,2.4578048780487802,2.446506024096385,2.4461904761904756,2.451764705882353,2.4618604651162785,2.4740229885057468,2.4927272727272727,2.5042696629213483,2.514444444444444,2.5353846153846153,2.5623913043478255,2.581290322580645,2.599787234042553,2.6157894736842104,2.634583333333333,2.6364948453608243,2.643469387755102,2.647272727272727,2.66,2.6665346534653467,2.675882352941177,2.692815533980583,2.7142307692307694,2.7409523809523813,2.782264150943397,2.8302803738317754,2.881111111111111,2.916330275229358,2.953636363636364,2.994774774774775,3.0369642857142862,3.073982300884956,3.123508771929825,3.1686956521739127,3.2148275862068973,3.255042735042735,3.2861016949152546,3.301512605042017,3.3141666666666665,3.32,3.3273770491803285,3.3346341463414633,3.3506451612903225,3.3695999999999997,3.3961904761904766,3.4239370078740166,3.4575,29.5,354.0,0.0,0.0,0.0,0.0,0.0,0.0,0.0,0.0,0.0,0.0,0.0,0.0,0.0,0.0,13.0,51.0,104.0,166.0,230.0,286.0,324.0,338.0,338.0,338.0,338.0,338.0,338.0,338.0,338.0,338.0,338.0,338.0,338.0,338.0,338.0,338.0,338.0,338.0,350.0,380.0,419.0,462.0,502.0,531.0,544.0,544.0,544.0,544.0,544.0,544.0,544.0,544.0,544.0,544.0,544.0,544.0,544.0,544.0,544.0,544.0,544.0,544.0,554.0,609.0,694.0,799.0,913.0,1023.0,1116.0,1180.0,1212.0,1217.0,1217.0,1217.0,1217.0,1217.0,1217.0,1217.0,1217.0,1217.0,1217.0,1217.0,1217.0,1217.0,1217.0,1217.0,1225.0,1262.0,1310.0,1363.0,1416.0,1463.0,1494.0,1502.0,1502.0,1502.0,1502.0,1502.0,1502.0,1502.0,1502.0,1502.0,1502.0,1502.0,1502.0,1502.0,1502.0,1502.0,1502.0,1502.0,1508.0,1551.0,1614.0,1691.0,1773.0,1850.0,1910.0,1944.0,1952.0,1952.0,1952.0,1952.0,1952.0,1952.0,1952.0,1952.0,1952.0,1952.0,42,February 11,Rennes
0.0031931695827410863,1.3091520030664652,0.9256163996446299,0.6309787752856688,0.6309787752856688,0.5732129702869735,0.8414181069766321,1.8027952687014899,1.8027952687014899,0.6487809797808577,1.096434383614602,2.026798803738038,2.026798803738038,0.4672284060276576,1.3335819372997704,3.9872825884499945,3.9872825884499945,0.6936156752344411,0.6752566440822526,12.53,-0.05739832829654845,0.05739832829654845,143.14977387603085,3.3200000000000003,3.0200000000000005,2.8533333333333335,2.7950000000000004,2.66,2.52,2.6200000000000006,2.6825,2.708888888888889,2.79,2.7745454545454544,2.845,2.973846153846154,3.041428571428572,3.1333333333333333,3.2575,3.42,3.6366666666666663,3.8147368421052628,3.9349999999999996,4.048571428571429,4.183636363636364,4.324347826086957,4.4366666666666665,4.5360000000000005,4.646923076923077,4.734814814814815,4.812857142857142,4.871724137931034,4.966666666666667,5.055483870967742,5.141875,5.198787878787879,5.258235294117647,5.311428571428571,5.3838888888888885,5.403783783783783,5.393684210526316,5.3764102564102565,5.33,5.283414634146341,5.253333333333334,5.194418604651163,5.131363636363637,5.048888888888889,4.954782608695653,4.828510638297872,4.68875,4.571020408163265,4.476,4.412156862745098,4.348846153846154,4.282264150943396,4.218148148148148,4.158181818181818,4.109285714285714,4.067368421052632,4.023448275862068,3.996271186440678,3.9616666666666664,3.9232786885245905,3.87,3.82,3.785625,3.7615384615384615,3.7396969696969697,3.7065671641791047,3.6744117647058827,3.6388405797101453,3.601428571428572,3.5678873239436624,3.5172222222222222,3.4597260273972603,3.4037837837837843,3.36,3.3252631578947374,3.2992207792207795,3.275128205128205,3.251645569620253,3.2262500000000003,3.2027160493827163,3.1895121951219516,3.1706024096385543,3.1402380952380957,3.107058823529412,3.0793023255813954,3.062528735632184,3.0575,3.062696629213483,3.0733333333333337,3.0859340659340657,3.1015217391304346,3.12,3.13063829787234,3.1410526315789475,3.1512499999999997,3.156082474226803,3.149591836734694,3.1311111111111107,3.1,3.0566336633663362,3.0052941176470584,2.9598058252427184,2.9296153846153845,2.913333333333333,2.905849056603774,2.892897196261682,2.8885185185185183,2.8888073394495413,2.8927272727272726,2.8983783783783785,2.9092857142857147,2.9146902654867257,2.919122807017544,2.9321739130434783,2.950172413793103,2.961880341880342,2.9733898305084745,2.9830252100840338,2.9949999999999997,2.9935537190082644,2.9962295081967216,2.9964227642276424,3.0038709677419355,3.0064,3.0112698412698413,3.0223622047244096,3.0371875,48.75,585.0,0.0,0.0,0.0,0.0,0.0,0.0,0.0,0.0,0.0,0.0,0.0,0.0,0.0,0.0,15.0,54.0,108.0,171.0,237.0,297.0,338.0,354.0,354.0,354.0,354.0,354.0,354.0,354.0,354.0,354.0,354.0,354.0,354.0,354.0,354.0,354.0,354.0,354.0,367.0,405.0,458.0,520.0,584.0,640.0,678.0,692.0,692.0,692.0,692.0,692.0,692.0,692.0,692.0,692.0,692.0,692.0,692.0,692.0,692.0,692.0,692.0,692.0,704.0,734.0,773.0,816.0,856.0,885.0,898.0,898.0,898.0,898.0,898.0,898.0,898.0,898.0,898.0,898.0,898.0,898.0,898.0,898.0,898.0,898.0,898.0,898.0,908.0,963.0,1048.0,1153.0,1267.0,1377.0,1470.0,1534.0,1566.0,1571.0,1571.0,1571.0,1571.0,1571.0,1571.0,1571.0,1571.0,1571.0,1571.0,1571.0,1571.0,1571.0,1571.0,1571.0,1579.0,1616.0,1664.0,1717.0,1770.0,1817.0,1848.0,1856.0,1856.0,1856.0,1856.0,1856.0,1856.0,1856.0,1856.0,1856.0,1856.0,1856.0,43,February 12,Rennes
0.0031931695827410863,1.3091520030664652,0.9256163996446299,0.6309787752856688,0.6309787752856688,0.5732129702869735,0.8414181069766321,1.8027952687014899,1.8027952687014899,0.6487809797808577,1.096434383614602,2.026798803738038,2.026798803738038,0.4672284060276576,1.3335819372997704,3.9872825884499945,3.9872825884499945,0.6936156752344411,0.6752566440822526,12.396666666666668,-0.17212904995607864,0.17212904995607864,125.72600161333686,4.12,4.07,3.986666666666667,3.5949999999999998,3.3200000000000003,3.27,3.5342857142857147,3.7325,3.9977777777777783,4.3100000000000005,4.601818181818182,4.819999999999999,5.027692307692309,5.22,5.426666666666666,5.58875,5.714117647058823,5.842222222222222,5.977894736842106,6.15,6.224761904761904,6.265454545454546,6.237391304347827,6.145,6.032,5.904615384615385,5.779259259259259,5.66642857142857,5.5441379310344825,5.42,5.349032258064516,5.279375,5.207878787878787,5.158235294117648,5.085714285714285,5.044999999999999,5.03081081081081,5.001578947368421,4.986666666666666,4.99,5.015121951219513,5.07,5.115348837209303,5.140454545454546,5.166666666666666,5.206956521739131,5.254042553191489,5.290833333333333,5.324081632653061,5.365999999999999,5.39843137254902,5.427692307692308,5.4483018867924535,5.49037037037037,5.530909090909092,5.571785714285714,5.597192982456141,5.625172413793103,5.65050847457627,5.688333333333333,5.695409836065574,5.684516129032258,5.669206349206349,5.635625,5.601538461538461,5.577575757575757,5.534925373134328,5.489117647058824,5.430144927536232,5.362857142857142,5.273521126760563,5.174166666666666,5.088493150684931,5.017297297297297,4.966666666666666,4.916052631578947,4.862857142857143,4.811025641025641,4.761772151898733,4.720000000000001,4.6829629629629625,4.644390243902438,4.617590361445783,4.58547619047619,4.550588235294119,4.504883720930232,4.461379310344827,4.429090909090909,4.404269662921348,4.38111111111111,4.34967032967033,4.31891304347826,4.285591397849462,4.250851063829788,4.218947368421053,4.174166666666667,4.124123711340206,4.0751020408163265,4.035151515151515,4.002,3.9754455445544554,3.950392156862745,3.925825242718447,3.899807692307692,3.875238095238095,3.8586792452830188,3.837757009345794,3.807962962962963,3.7759633027522934,3.7481818181818176,3.7290090090090087,3.719107142857143,3.717345132743363,3.7199999999999998,3.7243478260869565,3.731206896551724,3.74051282051282,3.743728813559322,3.746890756302521,3.7499999999999996,3.7489256198347105,3.7388524590163934,3.7191869918699187,3.6893548387096766,3.6495999999999995,3.603333333333333,3.561732283464566,3.5324999999999998,100.08333333333333,1201.0,0.0,0.0,0.0,0.0,0.0,0.0,0.0,0.0,0.0,0.0,0.0,0.0,0.0,0.0,17.0,69.0,145.0,238.0,338.0,434.0,512.0,562.0,583.0,585.0,585.0,585.0,585.0,585.0,585.0,585.0,585.0,585.0,585.0,585.0,585.0,585.0,585.0,585.0,600.0,639.0,693.0,756.0,822.0,882.0,923.0,939.0,939.0,939.0,939.0,939.0,939.0,939.0,939.0,939.0,939.0,939.0,939.0,939.0,939.0,939.0,939.0,939.0,952.0,990.0,1043.0,1105.0,1169.0,1225.0,1263.0,1277.0,1277.0,1277.0,1277.0,1277.0,1277.0,1277.0,1277.0,1277.0,1277.0,1277.0,1277.0,1277.0,1277.0,1277.0,1277.0,1277.0,1289.0,1319.0,1358.0,1401.0,1441.0,1470.0,1483.0,1483.0,1483.0,1483.0,1483.0,1483.0,1483.0,1483.0,1483.0,1483.0,1483.0,1483.0,1483.0,1483.0,1483.0,1483.0,1483.0,1483.0,1493.0,1548.0,1633.0,1738.0,1852.0,1962.0,2055.0,2119.0,2151.0,2156.0,2156.0,2156.0,2156.0,2156.0,2156.0,2156.0,2156.0,2156.0,44,February 13,Rennes
0.0031931695827410863,1.3091520030664652,0.9256163996446299,0.6309787752856688,0.6309787752856688,0.5732129702869735,0.8414181069766321,1.8027952687014899,1.8027952687014899,0.6487809797808577,1.096434383614602,2.026798803738038,2.026798803738038,0.4672284060276576,1.3335819372997704,3.9872825884499945,3.9872825884499945,0.6936156752344411,0.6752566440822526,13.13,-0.06871047745012233,0.06871047745012233,141.43183549124143,2.9200000000000004,2.97,3.32,3.52,3.4200000000000004,3.47,3.462857142857143,3.595,3.7533333333333334,4.07,4.365454545454546,4.661666666666667,4.858461538461539,4.998571428571428,5.173333333333333,5.351249999999999,5.567058823529412,5.7588888888888885,5.951578947368421,6.119999999999999,6.2057142857142855,6.206363636363636,6.180869565217392,6.1325,6.052,5.973846153846154,5.894074074074075,5.770000000000001,5.647586206896553,5.560000000000001,5.545806451612903,5.532500000000001,5.55030303030303,5.596470588235293,5.651428571428571,5.695,5.7443243243243245,5.7963157894736845,5.861025641025641,5.915,5.959024390243902,6.008095238095239,6.064186046511629,6.140454545454546,6.1755555555555555,6.19608695652174,6.1838297872340435,6.138750000000001,6.081224489795919,6.013999999999999,5.945490196078431,5.881538461538461,5.810566037735849,5.736666666666666,5.6909090909090905,5.6450000000000005,5.597192982456141,5.561379310344828,5.511525423728814,5.48,5.464262295081967,5.4393548387096775,5.423174603174603,5.4184375,5.427692307692308,5.456363636363636,5.479701492537313,5.490588235294117,5.502608695652174,5.524285714285714,5.550985915492958,5.5713888888888885,5.58986301369863,5.614594594594594,5.633333333333333,5.650263157894736,5.661558441558442,5.687948717948719,5.713670886075949,5.74,5.755802469135802,5.773658536585365,5.789879518072288,5.815238095238095,5.818823529411764,5.8095348837209295,5.797011494252874,5.771136363636363,5.744719101123596,5.725555555555555,5.6925274725274715,5.65695652173913,5.611397849462365,5.559361702127659,5.490526315789473,5.41375,5.346804123711339,5.2904081632653055,5.249292929292928,5.207999999999999,5.164554455445543,5.121960784313724,5.081165048543689,5.045961538461539,5.014285714285713,4.98132075471698,4.957383177570092,4.929259259259259,4.898899082568806,4.859999999999999,4.822702702702701,4.794107142857143,4.7713274336283185,4.749824561403508,4.7217391304347816,4.694137931034482,4.6644444444444435,4.633559322033897,4.604873949579831,4.565833333333332,4.522479338842975,4.479836065573769,4.444390243902439,4.414354838709676,4.389599999999999,4.366031746031745,4.34283464566929,4.3184375,40.083333333333336,481.0,0.0,0.0,0.0,0.0,0.0,0.0,0.0,0.0,0.0,0.0,0.0,0.0,0.0,0.0,19.0,98.0,227.0,392.0,577.0,765.0,938.0,1079.0,1169.0,1201.0,1201.0,1201.0,1201.0,1201.0,1201.0,1201.0,1201.0,1201.0,1201.0,1201.0,1201.0,1201.0,1201.0,1201.0,1218.0,1270.0,1346.0,1439.0,1539.0,1635.0,1713.0,1763.0,1784.0,1786.0,1786.0,1786.0,1786.0,1786.0,1786.0,1786.0,1786.0,1786.0,1786.0,1786.0,1786.0,1786.0,1786.0,1786.0,1801.0,1840.0,1894.0,1957.0,2023.0,2083.0,2124.0,2140.0,2140.0,2140.0,2140.0,2140.0,2140.0,2140.0,2140.0,2140.0,2140.0,2140.0,2140.0,2140.0,2140.0,2140.0,2140.0,2140.0,2153.0,2191.0,2244.0,2306.0,2370.0,2426.0,2464.0,2478.0,2478.0,2478.0,2478.0,2478.0,2478.0,2478.0,2478.0,2478.0,2478.0,2478.0,2478.0,2478.0,2478.0,2478.0,2478.0,2478.0,2490.0,2520.0,2559.0,2602.0,2642.0,2671.0,2684.0,2684.0,2684.0,2684.0,2684.0,2684.0,2684.0,2684.0,2684.0,2684.0,2684.0,2684.0,45,February 14,Rennes
0.0031931695827410863,1.3091520030664652,0.9256163996446299,0.6309787752856688,0.6309787752856688,0.5732129702869735,0.8414181069766321,1.8027952687014899,1.8027952687014899,0.6487809797808577,1.096434383614602,2.026798803738038,2.026798803738038,0.4672284060276576,1.3335819372997704,3.9872825884499945,3.9872825884499945,0.6936156752344411,0.6752566440822526,10.555,-0.21629002145623774,0.21629002145623774,119.01942207484603,8.02,8.67,8.986666666666666,9.545,9.76,10.019999999999998,10.134285714285713,10.145,10.10888888888889,10.109999999999998,10.110909090909091,10.111666666666666,10.096923076923078,10.027142857142858,10.0,9.963750000000001,9.878823529411765,9.797777777777778,9.683157894736842,9.485000000000001,9.23904761904762,8.992727272727272,8.750434782608695,8.490833333333333,8.268,8.066153846153846,7.916296296296296,7.780714285714285,7.616551724137931,7.486666666666667,7.355483870967741,7.266875,7.198787878787879,7.1905882352941175,7.194285714285714,7.214444444444443,7.214594594594595,7.204210526315788,7.214871794871793,7.234999999999999,7.278536585365853,7.32,7.368837209302325,7.413181818181818,7.424444444444443,7.398260869565219,7.360425531914894,7.311666666666667,7.246530612244897,7.1819999999999995,7.116078431372548,7.02576923076923,6.935094339622641,6.862592592592593,6.830909090909091,6.800357142857143,6.788421052631578,6.794137931034482,6.806440677966101,6.8133333333333335,6.8249180327868855,6.839354838709677,6.862857142857142,6.880937499999999,6.8938461538461535,6.91090909090909,6.933432835820895,6.97,6.980869565217391,6.982857142857142,6.9636619718309865,6.922777777777778,6.8734246575342475,6.817297297297297,6.76,6.705526315789474,6.645974025974026,6.584102564102565,6.541518987341774,6.498750000000001,6.454567901234567,6.418780487804878,6.373012048192772,6.340238095238096,6.318823529411765,6.290930232558139,6.269425287356323,6.256363636363637,6.25370786516854,6.265555555555556,6.273846153846153,6.273260869565219,6.273763440860216,6.2817021276595755,6.293684210526317,6.301249999999999,6.307628865979381,6.318979591836733,6.326060606060606,6.332000000000001,6.333861386138615,6.347450980392157,6.360776699029128,6.374807692307693,6.380952380952381,6.388867924528302,6.395700934579439,6.409814814814815,6.4071559633027535,6.394545454545455,6.379459459459461,6.353928571428571,6.327964601769911,6.3077192982456145,6.276521739130434,6.243275862068966,6.202051282051282,6.155593220338983,6.095630252100842,6.029166666666667,5.970413223140494,5.920000000000001,5.881788617886179,5.843387096774194,5.8031999999999995,5.763650793650795,5.725511811023623,5.691875,90.25,1083.0,0.0,0.0,0.0,0.0,0.0,0.0,0.0,0.0,0.0,0.0,0.0,0.0,0.0,0.0,20.0,68.0,136.0,216.0,299.0,376.0,436.0,471.0,481.0,481.0,481.0,481.0,481.0,481.0,481.0,481.0,481.0,481.0,481.0,481.0,481.0,481.0,481.0,481.0,500.0,579.0,708.0,873.0,1058.0,1246.0,1419.0,1560.0,1650.0,1682.0,1682.0,1682.0,1682.0,1682.0,1682.0,1682.0,1682.0,1682.0,1682.0,1682.0,1682.0,1682.0,1682.0,1682.0,1699.0,1751.0,1827.0,1920.0,2020.0,2116.0,2194.0,2244.0,2265.0,2267.0,2267.0,2267.0,2267.0,2267.0,2267.0,2267.0,2267.0,2267.0,2267.0,2267.0,2267.0,2267.0,2267.0,2267.0,2282.0,2321.0,2375.0,2438.0,2504.0,2564.0,2605.0,2621.0,2621.0,2621.0,2621.0,2621.0,2621.0,2621.0,2621.0,2621.0,2621.0,2621.0,2621.0,2621.0,2621.0,2621.0,2621.0,2621.0,2634.0,2672.0,2725.0,2787.0,2851.0,2907.0,2945.0,2959.0,2959.0,2959.0,2959.0,2959.0,2959.0,2959.0,2959.0,2959.0,2959.0,2959.0,46,February 15,Rennes
0.0031931695827410863,1.3091520030664652,0.9256163996446299,0.6309787752856688,0.6309787752856688,0.5732129702869735,0.8414181069766321,1.8027952687014899,1.8027952687014899,0.6487809797808577,1.096434383614602,2.026798803738038,2.026798803738038,0.4672284060276576,1.3335819372997704,3.9872825884499945,3.9872825884499945,0.6936156752344411,0.6752566440822526,5.488333333333332,-0.10097429111742838,0.10097429111742838,136.53203765563322,15.72,14.97,14.22,13.57,13.059999999999999,12.57,12.077142857142857,11.72,11.342222222222222,11.1,10.92,10.811666666666667,10.781538461538462,10.79857142857143,10.860000000000001,10.90125,10.855294117647059,10.764444444444443,10.66736842105263,10.565,10.472380952380954,10.356363636363637,10.237391304347828,10.128333333333332,10.044,10.016153846153847,10.001481481481482,10.045000000000002,10.064827586206901,10.106666666666671,10.129677419354842,10.1325,10.123030303030303,10.12294117647059,10.122857142857145,10.12277777777778,10.117297297297299,10.091052631578949,10.07897435897436,10.0625,10.024878048780486,9.986666666666668,9.931627906976745,9.835909090909093,9.713333333333335,9.585217391304349,9.454042553191492,9.309583333333334,9.179183673469389,9.056000000000001,8.957254901960786,8.86423076923077,8.753962264150944,8.660740740740742,8.565454545454546,8.493214285714286,8.432280701754387,8.406206896551724,8.387796610169492,8.38,8.360983606557378,8.336129032258064,8.324761904761905,8.319999999999999,8.330769230769231,8.341212121212122,8.357313432835822,8.371470588235294,8.364927536231885,8.334285714285715,8.29605633802817,8.250555555555557,8.193972602739727,8.137567567567569,8.08,8.005526315789474,7.93038961038961,7.867435897435898,7.8326582278481025,7.79875,7.778024691358024,7.77,7.76698795180723,7.760476190476192,7.75764705882353,7.757209302325583,7.76367816091954,7.766590909090908,7.766067415730338,7.768888888888889,7.776043956043957,7.793913043478262,7.793118279569893,7.785957446808512,7.763157894736843,7.724166666666666,7.67876288659794,7.628163265306124,7.576565656565658,7.527000000000002,7.473465346534655,7.418039215686275,7.37728155339806,7.336346153846154,7.294285714285715,7.2586792452830196,7.215327102803739,7.182037037037038,7.157614678899083,7.12818181818182,7.1037837837837845,7.0860714285714295,7.076637168141594,7.078771929824563,7.078260869565218,7.070862068965519,7.064444444444445,7.064067796610171,7.067058823529413,7.066666666666666,7.065454545454546,7.068360655737706,7.067967479674798,7.066774193548388,7.0624,7.06761904761905,7.072755905511812,7.0785937500000005,38.416666666666664,461.0,0.0,0.0,0.0,0.0,0.0,0.0,0.0,0.0,0.0,0.0,0.0,0.0,0.0,0.0,22.0,100.0,223.0,378.0,548.0,717.0,867.0,983.0,1056.0,1083.0,1083.0,1083.0,1083.0,1083.0,1083.0,1083.0,1083.0,1083.0,1083.0,1083.0,1083.0,1083.0,1083.0,1083.0,1103.0,1151.0,1219.0,1299.0,1382.0,1459.0,1519.0,1554.0,1564.0,1564.0,1564.0,1564.0,1564.0,1564.0,1564.0,1564.0,1564.0,1564.0,1564.0,1564.0,1564.0,1564.0,1564.0,1564.0,1583.0,1662.0,1791.0,1956.0,2141.0,2329.0,2502.0,2643.0,2733.0,2765.0,2765.0,2765.0,2765.0,2765.0,2765.0,2765.0,2765.0,2765.0,2765.0,2765.0,2765.0,2765.0,2765.0,2765.0,2782.0,2834.0,2910.0,3003.0,3103.0,3199.0,3277.0,3327.0,3348.0,3350.0,3350.0,3350.0,3350.0,3350.0,3350.0,3350.0,3350.0,3350.0,3350.0,3350.0,3350.0,3350.0,3350.0,3350.0,3365.0,3404.0,3458.0,3521.0,3587.0,3647.0,3688.0,3704.0,3704.0,3704.0,3704.0,3704.0,3704.0,3704.0,3704.0,3704.0,3704.0,3704.0,47,February 16,Rennes
0.0031931695827410863,1.3091520030664652,0.9256163996446299,0.6309787752856688,0.6309787752856688,0.5732129702869735,0.8414181069766321,1.8027952687014899,1.8027952687014899,0.6487809797808577,1.096434383614602,2.026798803738038,2.026798803738038,0.4672284060276576,1.3335819372997704,3.9872825884499945,3.9872825884499945,0.6936156752344411,0.6752566440822526,0.7883333333333342,-0.5691391320972556,0.5691391320972556,65.43340380549678,19.22,18.22,16.953333333333333,16.145,15.88,15.520000000000001,15.120000000000001,14.77,14.386666666666665,14.169999999999998,13.992727272727272,13.928333333333333,13.950769230769229,13.927142857142856,13.939999999999998,13.9575,13.931764705882353,13.94222222222222,14.004210526315788,14.069999999999999,14.134285714285717,14.179090909090911,14.19826086956522,14.219999999999999,14.28,14.277692307692309,14.220000000000002,14.127142857142859,14.020000000000001,13.890000000000006,13.73612903225807,13.595,13.435151515151516,13.302352941176473,13.182857142857141,13.083888888888891,13.011891891891894,12.959473684210531,12.927692307692313,12.892500000000002,12.824878048780485,12.739047619047621,12.650232558139535,12.558636363636365,12.471111111111112,12.37217391304348,12.271063829787236,12.174166666666666,12.089387755102043,12.034,11.986666666666668,11.971923076923078,11.946415094339624,11.934814814814818,11.914545454545458,11.884285714285713,11.848070175438597,11.818275862068965,11.78949152542373,11.761666666666667,11.731475409836067,11.689354838709678,11.65650793650794,11.6215625,11.573846153846153,11.526060606060607,11.467761194029851,11.383235294117648,11.280869565217392,11.174285714285716,11.065070422535213,10.94638888888889,10.836438356164384,10.730810810810812,10.641333333333334,10.555526315789473,10.457662337662338,10.371282051282051,10.283291139240507,10.21125,10.14716049382716,10.10780487804878,10.074216867469879,10.04857142857143,10.01529411764706,9.978139534883722,9.951034482758622,9.92909090909091,9.918876404494382,9.908888888888889,9.903516483516484,9.89717391304348,9.875913978494625,9.837021276595745,9.79263157894737,9.742916666666666,9.684948453608248,9.627142857142857,9.56848484848485,9.497,9.424950495049506,9.362156862745099,9.32097087378641,9.280576923076923,9.25047619047619,9.230377358490566,9.214392523364486,9.195925925925925,9.180550458715597,9.167272727272728,9.159639639639641,9.149464285714286,9.136814159292035,9.12701754385965,9.120869565217392,9.123448275862069,9.111452991452992,9.094576271186444,9.065378151260505,9.023333333333333,8.97619834710744,8.924918032786886,8.872845528455285,8.822419354838711,8.7688,8.713650793650794,8.670393700787404,8.627031250000002,107.0,1284.0,0.0,0.0,0.0,0.0,0.0,0.0,0.0,0.0,0.0,0.0,0.0,0.0,0.0,0.0,24.0,69.0,134.0,212.0,294.0,369.0,425.0,454.0,461.0,461.0,461.0,461.0,461.0,461.0,461.0,461.0,461.0,461.0,461.0,461.0,461.0,461.0,461.0,461.0,483.0,561.0,684.0,839.0,1009.0,1178.0,1328.0,1444.0,1517.0,1544.0,1544.0,1544.0,1544.0,1544.0,1544.0,1544.0,1544.0,1544.0,1544.0,1544.0,1544.0,1544.0,1544.0,1544.0,1564.0,1612.0,1680.0,1760.0,1843.0,1920.0,1980.0,2015.0,2025.0,2025.0,2025.0,2025.0,2025.0,2025.0,2025.0,2025.0,2025.0,2025.0,2025.0,2025.0,2025.0,2025.0,2025.0,2025.0,2044.0,2123.0,2252.0,2417.0,2602.0,2790.0,2963.0,3104.0,3194.0,3226.0,3226.0,3226.0,3226.0,3226.0,3226.0,3226.0,3226.0,3226.0,3226.0,3226.0,3226.0,3226.0,3226.0,3226.0,3243.0,3295.0,3371.0,3464.0,3564.0,3660.0,3738.0,3788.0,3809.0,3811.0,3811.0,3811.0,3811.0,3811.0,3811.0,3811.0,3811.0,3811.0,48,February 17,Rennes
0.0031931695827410863,1.3091520030664652,0.9256163996446299,0.6309787752856688,0.6309787752856688,0.5732129702869735,0.8414181069766321,1.8027952687014899,1.8027952687014899,0.6487809797808577,1.096434383614602,2.026798803738038,2.026798803738038,0.4672284060276576,1.3335819372997704,3.9872825884499945,3.9872825884499945,0.6936156752344411,0.6752566440822526,5.4633333333333365,-0.22080103020053915,0.22080103020053915,118.3343502135448,12.82,12.17,11.853333333333333,11.72,11.56,11.453333333333333,11.42,11.52,11.564444444444446,11.7,11.910909090909092,12.136666666666668,12.358461538461539,12.584285714285715,12.873333333333331,13.169999999999998,13.50235294117647,13.853333333333333,14.246315789473684,14.625,14.967619047619047,15.260909090909092,15.480869565217393,15.674166666666665,15.816,15.869999999999997,15.816296296296297,15.741428571428571,15.709655172413793,15.643333333333334,15.549032258064518,15.448125000000001,15.323030303030304,15.231764705882354,15.145714285714286,15.092222222222224,15.06864864864865,15.030526315789476,15.007179487179487,14.9875,14.95170731707317,14.931904761904761,14.936279069767442,14.945,14.955555555555556,14.959130434782608,14.95191489361702,14.947083333333333,14.962857142857144,14.948,14.904313725490198,14.841153846153846,14.769056603773587,14.68296296296296,14.581818181818184,14.48607142857143,14.377894736842107,14.283793103448277,14.19627118644068,14.120000000000001,14.059344262295083,14.01032258064516,13.973968253968254,13.935625,13.876923076923077,13.806363636363635,13.733432835820896,13.658235294117649,13.585217391304347,13.504285714285714,13.421408450704226,13.340833333333332,13.267945205479453,13.214594594594594,13.166666666666666,13.14105263157895,13.108311688311689,13.085384615384616,13.056708860759494,13.02125,12.981728395061728,12.946829268292683,12.912771084337347,12.879523809523809,12.84470588235294,12.801395348837207,12.764827586206897,12.726818181818182,12.67955056179775,12.632222222222222,12.577142857142857,12.502608695652174,12.414623655913978,12.323191489361701,12.229473684210529,12.128333333333332,12.03340206185567,11.941428571428572,11.86141414141414,11.783999999999999,11.697227722772276,11.619019607843137,11.539417475728154,11.471923076923076,11.41047619047619,11.368113207547168,11.330280373831775,11.298703703703701,11.261284403669723,11.22090909090909,11.18846846846847,11.16017857142857,11.141238938053096,11.122631578947367,11.107826086956521,11.092413793103447,11.065299145299145,11.024237288135593,10.978823529411764,10.929166666666667,10.872892561983472,10.81672131147541,10.759837398373984,10.69258064516129,10.624799999999999,10.564444444444446,10.521574803149608,10.479375000000001,33.25,399.0,0.0,0.0,0.0,0.0,0.0,0.0,0.0,0.0,0.0,0.0,0.0,0.0,0.0,0.0,26.0,112.0,248.0,421.0,614.0,810.0,990.0,1138.0,1240.0,1284.0,1284.0,1284.0,1284.0,1284.0,1284.0,1284.0,1284.0,1284.0,1284.0,1284.0,1284.0,1284.0,1284.0,1284.0,1308.0,1353.0,1418.0,1496.0,1578.0,1653.0,1709.0,1738.0,1745.0,1745.0,1745.0,1745.0,1745.0,1745.0,1745.0,1745.0,1745.0,1745.0,1745.0,1745.0,1745.0,1745.0,1745.0,1745.0,1767.0,1845.0,1968.0,2123.0,2293.0,2462.0,2612.0,2728.0,2801.0,2828.0,2828.0,2828.0,2828.0,2828.0,2828.0,2828.0,2828.0,2828.0,2828.0,2828.0,2828.0,2828.0,2828.0,2828.0,2848.0,2896.0,2964.0,3044.0,3127.0,3204.0,3264.0,3299.0,3309.0,3309.0,3309.0,3309.0,3309.0,3309.0,3309.0,3309.0,3309.0,3309.0,3309.0,3309.0,3309.0,3309.0,3309.0,3309.0,3328.0,3407.0,3536.0,3701.0,3886.0,4074.0,4247.0,4388.0,4478.0,4510.0,4510.0,4510.0,4510.0,4510.0,4510.0,4510.0,4510.0,4510.0,49,February 18,Rennes
0.0031931695827410863,1.3091520030664652,0.9256163996446299,0.6309787752856688,0.6309787752856688,0.5732129702869735,0.8414181069766321,1.8027952687014899,1.8027952687014899,0.6487809797808577,1.096434383614602,2.026798803738038,2.026798803738038,0.4672284060276576,1.3335819372997704,3.9872825884499945,3.9872825884499945,0.6936156752344411,0.6752566440822526,7.713333333333331,-0.40427318387977734,0.40427318387977734,90.47104580812449,11.62,11.219999999999999,10.853333333333332,10.719999999999999,10.499999999999998,10.503333333333332,10.59142857142857,10.645,10.564444444444444,10.49,10.483636363636363,10.528333333333334,10.673846153846153,10.89857142857143,11.22,11.469999999999999,11.578823529411764,11.725555555555555,11.877894736842105,12.040000000000001,12.224761904761904,12.37909090909091,12.46782608695652,12.532499999999999,12.544,12.504615384615384,12.457037037037036,12.41642857142857,12.364827586206898,12.316666666666666,12.281290322580643,12.279375,12.26848484848485,12.28764705882353,12.337142857142858,12.400555555555554,12.471351351351352,12.551578947368421,12.663589743589743,12.787499999999998,12.934634146341464,13.09857142857143,13.289767441860466,13.483636363636366,13.668888888888889,13.837391304347829,13.97531914893617,14.103333333333333,14.207755102040815,14.268000000000002,14.270980392156863,14.26038461538462,14.270943396226418,14.260740740740742,14.232727272727274,14.198571428571428,14.148070175438598,14.114827586206898,14.082711864406782,14.068333333333333,14.070819672131151,14.063548387096775,14.064444444444447,14.066875,14.05846153846154,14.05939393939394,14.075223880597017,14.093529411764708,14.112753623188407,14.127142857142859,14.134084507042255,14.142222222222223,14.163835616438353,14.164594594594593,14.145333333333332,14.112105263157888,14.071948051948045,14.021282051282043,13.959240506329104,13.9,13.83111111111111,13.771219512195122,13.715180722891562,13.666428571428566,13.628235294117642,13.597906976744182,13.576321839080453,13.552954545454543,13.51438202247191,13.466666666666665,13.416703296703293,13.364565217391299,13.313548387096768,13.256170212765952,13.196842105263151,13.13875,13.085979381443297,13.047551020408159,13.012929292929288,12.994999999999996,12.971485148514846,12.955294117647055,12.93456310679611,12.90846153846154,12.879047619047617,12.853018867924527,12.827476635514016,12.802407407407404,12.775963302752288,12.742727272727267,12.71459459459459,12.685178571428569,12.648318584070795,12.611228070175436,12.567826086956517,12.508793103448271,12.438803418803413,12.365762711864402,12.290588235294111,12.209166666666667,12.132396694214874,12.057704918032785,11.992357723577234,11.928870967741931,11.857599999999994,11.79301587301587,11.727086614173222,11.670781249999997,110.25,1323.0,0.0,0.0,0.0,0.0,0.0,0.0,0.0,0.0,0.0,0.0,0.0,0.0,0.0,0.0,28.0,72.0,130.0,197.0,267.0,332.0,379.0,399.0,399.0,399.0,399.0,399.0,399.0,399.0,399.0,399.0,399.0,399.0,399.0,399.0,399.0,399.0,399.0,399.0,425.0,511.0,647.0,820.0,1013.0,1209.0,1389.0,1537.0,1639.0,1683.0,1683.0,1683.0,1683.0,1683.0,1683.0,1683.0,1683.0,1683.0,1683.0,1683.0,1683.0,1683.0,1683.0,1683.0,1707.0,1752.0,1817.0,1895.0,1977.0,2052.0,2108.0,2137.0,2144.0,2144.0,2144.0,2144.0,2144.0,2144.0,2144.0,2144.0,2144.0,2144.0,2144.0,2144.0,2144.0,2144.0,2144.0,2144.0,2166.0,2244.0,2367.0,2522.0,2692.0,2861.0,3011.0,3127.0,3200.0,3227.0,3227.0,3227.0,3227.0,3227.0,3227.0,3227.0,3227.0,3227.0,3227.0,3227.0,3227.0,3227.0,3227.0,3227.0,3247.0,3295.0,3363.0,3443.0,3526.0,3603.0,3663.0,3698.0,3708.0,3708.0,3708.0,3708.0,3708.0,3708.0,3708.0,3708.0,3708.0,3708.0,50,February 19,Rennes
0.0031931695827410863,1.3091520030664652,0.9256163996446299,0.6309787752856688,0.6309787752856688,0.5732129702869735,0.8414181069766321,1.8027952687014899,1.8027952687014899,0.6487809797808577,1.096434383614602,2.026798803738038,2.026798803738038,0.4672284060276576,1.3335819372997704,3.9872825884499945,3.9872825884499945,0.6936156752344411,0.6752566440822526,11.355,-0.12933390395137512,0.12933390395137512,132.2251577865845,5.52,5.419999999999999,5.553333333333332,5.544999999999999,5.6,5.62,5.634285714285714,5.67,5.731111111111111,5.889999999999999,6.129090909090909,6.4033333333333315,6.689230769230766,6.969999999999998,7.293333333333331,7.62625,7.925882352941177,8.214444444444444,8.467368421052631,8.680000000000001,8.896190476190476,9.056363636363635,9.211304347826088,9.344999999999999,9.436,9.489230769230769,9.512592592592592,9.54142857142857,9.544137931034482,9.576666666666664,9.626451612903226,9.67,9.677575757575756,9.681764705882353,9.702857142857141,9.739444444444443,9.81189189189189,9.91736842105263,10.066153846153846,10.195,10.271219512195122,10.365238095238094,10.464186046511626,10.569999999999999,10.688888888888888,10.796086956521737,10.873191489361703,10.938749999999999,10.977142857142857,10.988,10.992549019607845,10.998846153846156,10.99735849056604,10.995925925925928,11.000000000000002,11.021785714285713,11.037543859649121,11.07,11.120000000000001,11.178333333333335,11.241311475409839,11.310322580645163,11.399365079365083,11.4965625,11.609230769230768,11.733636363636363,11.87671641791045,12.02294117647059,12.164927536231886,12.297142857142859,12.410140845070426,12.517222222222223,12.60904109589041,12.671351351351351,12.694666666666668,12.708157894736843,12.735584415584416,12.74820512820513,12.747848101265825,12.742499999999998,12.724938271604936,12.718780487804876,12.712771084337348,12.71880952380952,12.73647058823529,12.74674418604651,12.762528735632182,12.77909090909091,12.787415730337077,12.80222222222222,12.827692307692304,12.85478260869565,12.882365591397846,12.906170212765955,12.92421052631579,12.942916666666667,12.971546391752575,12.984285714285713,12.98161616161616,12.967999999999996,12.948712871287126,12.920980392156862,12.88407766990291,12.848846153846154,12.805714285714284,12.769056603773583,12.734953271028036,12.70611111111111,12.685137614678895,12.669999999999998,12.66144144144144,12.65125,12.628849557522123,12.598947368421053,12.56695652173913,12.532931034482756,12.499487179487177,12.460677966101692,12.419999999999998,12.379999999999999,12.343966942148759,12.319180327868851,12.297235772357723,12.288548387096773,12.275199999999998,12.267619047619046,12.256220472440942,12.2403125,42.916666666666664,515.0,0.0,0.0,0.0,0.0,0.0,0.0,0.0,0.0,0.0,0.0,0.0,0.0,0.0,0.0,29.0,119.0,259.0,436.0,633.0,833.0,1017.0,1169.0,1275.0,1323.0,1323.0,1323.0,1323.0,1323.0,1323.0,1323.0,1323.0,1323.0,1323.0,1323.0,1323.0,1323.0,1323.0,1323.0,1351.0,1395.0,1453.0,1520.0,1590.0,1655.0,1702.0,1722.0,1722.0,1722.0,1722.0,1722.0,1722.0,1722.0,1722.0,1722.0,1722.0,1722.0,1722.0,1722.0,1722.0,1722.0,1722.0,1722.0,1748.0,1834.0,1970.0,2143.0,2336.0,2532.0,2712.0,2860.0,2962.0,3006.0,3006.0,3006.0,3006.0,3006.0,3006.0,3006.0,3006.0,3006.0,3006.0,3006.0,3006.0,3006.0,3006.0,3006.0,3030.0,3075.0,3140.0,3218.0,3300.0,3375.0,3431.0,3460.0,3467.0,3467.0,3467.0,3467.0,3467.0,3467.0,3467.0,3467.0,3467.0,3467.0,3467.0,3467.0,3467.0,3467.0,3467.0,3467.0,3489.0,3567.0,3690.0,3845.0,4015.0,4184.0,4334.0,4450.0,4523.0,4550.0,4550.0,4550.0,4550.0,4550.0,4550.0,4550.0,4550.0,4550.0,51,February 20,Rennes
0.0031931695827410863,1.3091520030664652,0.9256163996446299,0.6309787752856688,0.6309787752856688,0.5732129702869735,0.8414181069766321,1.8027952687014899,1.8027952687014899,0.6487809797808577,1.096434383614602,2.026798803738038,2.026798803738038,0.4672284060276576,1.3335819372997704,3.9872825884499945,3.9872825884499945,0.6936156752344411,0.6752566440822526,14.363333333333333,-0.19161784622544123,0.19161784622544123,122.766303086563,6.62,6.17,6.32,6.295,6.14,5.953333333333333,5.691428571428571,5.47,5.275555555555555,5.069999999999999,4.892727272727272,4.736666666666666,4.789230769230769,4.941428571428571,5.12,5.35125,5.537647058823531,5.786666666666667,6.088421052631579,6.345000000000001,6.529523809523811,6.647272727272727,6.6982608695652175,6.690833333333333,6.644,6.593076923076922,6.564444444444445,6.527142857142857,6.502758620689655,6.4766666666666675,6.452258064516131,6.435625,6.429090909090909,6.455294117647059,6.514285714285715,6.595,6.690270270270271,6.793684210526316,6.922564102564103,7.0649999999999995,7.202926829268293,7.343809523809525,7.475813953488373,7.5950000000000015,7.720000000000001,7.822173913043479,7.924255319148937,8.017916666666666,8.09142857142857,8.146,8.184705882352942,8.225769230769231,8.252075471698113,8.294074074074073,8.345454545454546,8.393214285714285,8.419999999999998,8.444137931034483,8.477627118644069,8.520000000000001,8.583934426229508,8.668387096774195,8.780317460317459,8.8809375,8.949230769230768,9.02909090909091,9.112537313432835,9.200882352941177,9.298260869565217,9.388571428571428,9.45943661971831,9.522777777777778,9.567945205479452,9.594324324324324,9.616000000000001,9.638421052631578,9.655064935064935,9.67128205128205,9.690886075949368,9.7225,9.749629629629629,9.78829268292683,9.839277108433734,9.896190476190476,9.956470588235293,10.021162790697673,10.100459770114943,10.18590909090909,10.282921348314606,10.38888888888889,10.50901098901099,10.63195652173913,10.752258064516129,10.865744680851064,10.965263157894736,11.060625,11.144742268041236,11.20673469387755,11.239191919191917,11.264000000000001,11.299207920792076,11.322941176470586,11.336504854368929,11.34596153846154,11.345714285714283,11.353962264150944,11.362056074766354,11.379259259259259,11.40532110091743,11.425454545454542,11.449729729729727,11.474464285714285,11.492566371681415,11.515614035087719,11.54695652173913,11.579482758620689,11.612307692307692,11.642033898305083,11.667058823529409,11.6925,11.72578512396694,11.74622950819672,11.754146341463414,11.753064516129031,11.747199999999998,11.734285714285711,11.713700787401574,11.694218750000001,86.08333333333333,1033.0,0.0,0.0,0.0,0.0,0.0,0.0,0.0,0.0,0.0,0.0,0.0,0.0,0.0,0.0,29.0,79.0,151.0,236.0,323.0,403.0,466.0,503.0,515.0,515.0,515.0,515.0,515.0,515.0,515.0,515.0,515.0,515.0,515.0,515.0,515.0,515.0,515.0,515.0,544.0,634.0,774.0,951.0,1148.0,1348.0,1532.0,1684.0,1790.0,1838.0,1838.0,1838.0,1838.0,1838.0,1838.0,1838.0,1838.0,1838.0,1838.0,1838.0,1838.0,1838.0,1838.0,1838.0,1866.0,1910.0,1968.0,2035.0,2105.0,2170.0,2217.0,2237.0,2237.0,2237.0,2237.0,2237.0,2237.0,2237.0,2237.0,2237.0,2237.0,2237.0,2237.0,2237.0,2237.0,2237.0,2237.0,2237.0,2263.0,2349.0,2485.0,2658.0,2851.0,3047.0,3227.0,3375.0,3477.0,3521.0,3521.0,3521.0,3521.0,3521.0,3521.0,3521.0,3521.0,3521.0,3521.0,3521.0,3521.0,3521.0,3521.0,3521.0,3545.0,3590.0,3655.0,3733.0,3815.0,3890.0,3946.0,3975.0,3982.0,3982.0,3982.0,3982.0,3982.0,3982.0,3982.0,3982.0,3982.0,3982.0,52,February 21,Rennes
0.0031931695827410863,1.3091520030664652,0.9256163996446299,0.6309787752856688,0.6309787752856688,0.5732129702869735,0.8414181069766321,1.8027952687014899,1.8027952687014899,0.6487809797808577,1.096434383614602,2.026798803738038,2.026798803738038,0.4672284060276576,1.3335819372997704,3.9872825884499945,3.9872825884499945,0.6936156752344411,0.6752566440822526,12.663333333333336,-0.10614849201340137,0.10614849201340137,135.74624901289812,1.72,1.07,0.9199999999999999,0.745,0.74,1.07,1.405714285714286,1.7825000000000002,2.108888888888889,2.43,2.6109090909090913,2.82,3.0892307692307686,3.2414285714285707,3.3599999999999994,3.4762499999999994,3.572941176470588,3.703333333333333,3.814736842105263,3.8999999999999995,3.948571428571429,3.997272727272727,4.111304347826087,4.2283333333333335,4.324,4.377692307692308,4.460740740740741,4.523571428571429,4.557931034482759,4.573333333333333,4.558709677419354,4.53875,4.513939393939394,4.475882352941176,4.437142857142857,4.397777777777777,4.425405405405405,4.491052631578947,4.571282051282051,4.677499999999999,4.771219512195122,4.896190476190476,5.050232558139535,5.1904545454545445,5.302222222222222,5.385217391304348,5.437021276595744,5.459583333333334,5.460816326530613,5.458000000000001,5.465098039215687,5.466153846153848,5.472830188679247,5.47740740740741,5.481818181818184,5.489642857142856,5.502456140350877,5.533793103448277,5.584406779661018,5.648333333333334,5.721639344262297,5.800645161290325,5.896190476190479,6.00125,6.104615384615385,6.210909090909091,6.312537313432836,6.406764705882354,6.505507246376812,6.590000000000001,6.674929577464789,6.754722222222222,6.821369863013699,6.875405405405406,6.918666666666667,6.963421052631579,6.9979220779220785,7.043076923076924,7.0946835443037966,7.14375,7.178024691358026,7.210243902439024,7.248915662650602,7.293809523809524,7.354117647058824,7.429302325581396,7.524597701149425,7.612045454545453,7.6761797752808985,7.748888888888889,7.824395604395604,7.903695652173911,7.989892473118279,8.071063829787235,8.137894736842105,8.199166666666665,8.246804123711339,8.280204081632652,8.309898989898988,8.339999999999998,8.365544554455445,8.390588235294118,8.418058252427183,8.454615384615384,8.487619047619047,8.52943396226415,8.580747663551401,8.636666666666667,8.695229357798166,8.757272727272726,8.830810810810812,8.909285714285714,8.99699115044248,9.091929824561406,9.198260869565217,9.30706896551724,9.414017094017094,9.515762711864408,9.606554621848742,9.694166666666664,9.77289256198347,9.833934426229508,9.871219512195122,9.902258064516129,9.941600000000001,9.971587301587302,9.993228346456693,10.01140625,71.16666666666667,854.0,0.0,0.0,0.0,0.0,0.0,0.0,0.0,0.0,0.0,0.0,0.0,0.0,0.0,0.0,33.0,112.0,231.0,378.0,538.0,695.0,833.0,939.0,1005.0,1033.0,1033.0,1033.0,1033.0,1033.0,1033.0,1033.0,1033.0,1033.0,1033.0,1033.0,1033.0,1033.0,1033.0,1033.0,1062.0,1112.0,1184.0,1269.0,1356.0,1436.0,1499.0,1536.0,1548.0,1548.0,1548.0,1548.0,1548.0,1548.0,1548.0,1548.0,1548.0,1548.0,1548.0,1548.0,1548.0,1548.0,1548.0,1548.0,1577.0,1667.0,1807.0,1984.0,2181.0,2381.0,2565.0,2717.0,2823.0,2871.0,2871.0,2871.0,2871.0,2871.0,2871.0,2871.0,2871.0,2871.0,2871.0,2871.0,2871.0,2871.0,2871.0,2871.0,2899.0,2943.0,3001.0,3068.0,3138.0,3203.0,3250.0,3270.0,3270.0,3270.0,3270.0,3270.0,3270.0,3270.0,3270.0,3270.0,3270.0,3270.0,3270.0,3270.0,3270.0,3270.0,3270.0,3270.0,3296.0,3382.0,3518.0,3691.0,3884.0,4080.0,4260.0,4408.0,4510.0,4554.0,4554.0,4554.0,4554.0,4554.0,4554.0,4554.0,4554.0,4554.0,53,February 22,Rennes
0.0031931695827410863,1.3091520030664652,0.9256163996446299,0.6309787752856688,0.6309787752856688,0.5732129702869735,0.8414181069766321,1.8027952687014899,1.8027952687014899,0.6487809797808577,1.096434383614602,2.026798803738038,2.026798803738038,0.4672284060276576,1.3335819372997704,3.9872825884499945,3.9872825884499945,0.6936156752344411,0.6752566440822526,13.455000000000002,-0.010089235115001656,0.010089235115001656,150.3344481605351,4.22,4.119999999999999,3.953333333333333,3.67,3.6799999999999997,3.82,3.948571428571428,4.1575,4.397777777777778,4.669999999999999,4.965454545454545,5.245,5.612307692307691,5.905714285714285,6.1866666666666665,6.40125,6.596470588235294,6.753333333333333,6.825263157894737,6.830000000000001,6.767619047619048,6.6381818181818195,6.459130434782609,6.290833333333333,6.108,5.889230769230769,5.6940740740740745,5.498571428571429,5.333793103448276,5.246666666666668,5.187741935483872,5.16375,5.15030303030303,5.155294117647059,5.134285714285714,5.1338888888888885,5.165945945945946,5.167368421052632,5.163589743589744,5.164999999999999,5.16390243902439,5.181904761904762,5.196744186046512,5.204090909090909,5.197777777777778,5.193913043478261,5.224255319148937,5.259583333333333,5.287346938775511,5.296,5.321960784313726,5.33923076923077,5.342641509433963,5.336666666666667,5.3145454545454545,5.289642857142858,5.262105263157895,5.2268965517241375,5.191186440677965,5.155,5.1593442622950825,5.187741935483871,5.226349206349207,5.282499999999999,5.332307692307693,5.403333333333333,5.494626865671641,5.578823529411764,5.646086956521739,5.695714285714286,5.725633802816902,5.736666666666666,5.733698630136987,5.728108108108108,5.729333333333334,5.726578947368421,5.727792207792208,5.727692307692308,5.727594936708861,5.7299999999999995,5.7360493827160495,5.755365853658536,5.78867469879518,5.831904761904762,5.882352941176471,5.937441860465117,6.005057471264367,6.080227272727272,6.154831460674157,6.232222222222222,6.306813186813186,6.376521739130436,6.450107526881721,6.5136170212765965,6.577894736842106,6.638749999999999,6.690103092783506,6.732244897959184,6.766464646464646,6.8020000000000005,6.829900990099011,6.866078431372548,6.9073786407767,6.946923076923076,6.975238095238095,7.002075471698113,7.034018691588785,7.070925925925926,7.12,7.180909090909092,7.2578378378378385,7.328928571428571,7.381946902654867,7.441929824561403,7.504347826086955,7.570000000000001,7.641367521367521,7.708983050847459,7.765378151260505,7.8175,7.8588429752066125,7.888852459016394,7.915934959349594,7.9433870967741935,7.967200000000001,7.990634920634921,8.016062992125985,8.04890625,5.833333333333333,70.0,0.0,0.0,0.0,0.0,0.0,0.0,0.0,0.0,0.0,0.0,0.0,0.0,0.0,0.0,34.0,103.0,204.0,329.0,465.0,597.0,709.0,790.0,836.0,854.0,854.0,854.0,854.0,854.0,854.0,854.0,854.0,854.0,854.0,854.0,854.0,854.0,854.0,854.0,887.0,966.0,1085.0,1232.0,1392.0,1549.0,1687.0,1793.0,1859.0,1887.0,1887.0,1887.0,1887.0,1887.0,1887.0,1887.0,1887.0,1887.0,1887.0,1887.0,1887.0,1887.0,1887.0,1887.0,1916.0,1966.0,2038.0,2123.0,2210.0,2290.0,2353.0,2390.0,2402.0,2402.0,2402.0,2402.0,2402.0,2402.0,2402.0,2402.0,2402.0,2402.0,2402.0,2402.0,2402.0,2402.0,2402.0,2402.0,2431.0,2521.0,2661.0,2838.0,3035.0,3235.0,3419.0,3571.0,3677.0,3725.0,3725.0,3725.0,3725.0,3725.0,3725.0,3725.0,3725.0,3725.0,3725.0,3725.0,3725.0,3725.0,3725.0,3725.0,3753.0,3797.0,3855.0,3922.0,3992.0,4057.0,4104.0,4124.0,4124.0,4124.0,4124.0,4124.0,4124.0,4124.0,4124.0,4124.0,4124.0,4124.0,54,February 23,Rennes
0.0031931695827410863,1.3091520030664652,0.9256163996446299,0.6309787752856688,0.6309787752856688,0.5732129702869735,0.8414181069766321,1.8027952687014899,1.8027952687014899,0.6487809797808577,1.096434383614602,2.026798803738038,2.026798803738038,0.4672284060276576,1.3335819372997704,3.9872825884499945,3.9872825884499945,0.6936156752344411,0.6752566440822526,13.371666666666664,-0.19153909682621198,0.19153909682621198,122.77826249532595,6.92,6.57,6.253333333333333,5.994999999999999,5.739999999999999,5.836666666666666,6.005714285714285,6.119999999999999,6.364444444444445,6.51,6.583636363636364,6.645,6.704615384615384,6.72,6.7333333333333325,6.744999999999999,6.802352941176471,6.914444444444444,6.972631578947368,6.9399999999999995,6.881904761904761,6.833636363636362,6.715652173913043,6.594999999999999,6.499999999999999,6.404615384615383,6.301481481481481,6.177142857142856,6.092413793103447,6.039999999999998,5.997419354838709,5.985625,5.995757575757575,6.028823529411763,6.082857142857142,6.145,6.249729729729729,6.341052631578947,6.437948717948719,6.517500000000001,6.595609756097561,6.662857142857145,6.696744186046512,6.701818181818183,6.675555555555556,6.615652173913046,6.528510638297873,6.442916666666666,6.346530612244898,6.228000000000001,6.1180392156862755,6.004615384615386,5.90490566037736,5.845925925925927,5.801818181818183,5.777142857142857,5.75859649122807,5.75103448275862,5.728474576271187,5.718333333333335,5.728196721311477,5.7200000000000015,5.70888888888889,5.70125,5.692307692307692,5.695757575757576,5.697611940298509,5.695,5.68376811594203,5.674285714285715,5.687605633802818,5.704722222222222,5.717260273972603,5.717297297297298,5.729333333333334,5.735789473684211,5.732987012987015,5.723846153846155,5.70354430379747,5.68125,5.657037037037037,5.627317073170731,5.59710843373494,5.566428571428572,5.564705882352943,5.580465116279071,5.603908045977012,5.640454545454546,5.672808988764044,5.721111111111111,5.784835164835164,5.843913043478261,5.8909677419354844,5.925319148936172,5.945263157894738,5.951249999999999,5.946804123711339,5.940408163265306,5.939191919191919,5.935,5.933861386138613,5.931764705882354,5.929708737864079,5.929615384615384,5.932380952380952,5.945471698113207,5.969532710280373,6.0014814814814805,6.039266055045871,6.080909090909091,6.132612612612612,6.190535714285714,6.248318584070795,6.308596491228069,6.366956521739129,6.421724137931034,6.4798290598290595,6.530169491525424,6.581344537815125,6.629999999999999,6.671239669421486,6.705245901639344,6.733008130081299,6.7619354838709675,6.784799999999999,6.814444444444445,6.848346456692913,6.8809375,89.41666666666667,1073.0,0.0,0.0,0.0,0.0,0.0,0.0,0.0,0.0,0.0,0.0,0.0,0.0,0.0,0.0,26.0,42.0,54.0,64.0,69.0,70.0,70.0,70.0,70.0,70.0,70.0,70.0,70.0,70.0,70.0,70.0,70.0,70.0,70.0,70.0,70.0,70.0,70.0,70.0,104.0,173.0,274.0,399.0,535.0,667.0,779.0,860.0,906.0,924.0,924.0,924.0,924.0,924.0,924.0,924.0,924.0,924.0,924.0,924.0,924.0,924.0,924.0,924.0,957.0,1036.0,1155.0,1302.0,1462.0,1619.0,1757.0,1863.0,1929.0,1957.0,1957.0,1957.0,1957.0,1957.0,1957.0,1957.0,1957.0,1957.0,1957.0,1957.0,1957.0,1957.0,1957.0,1957.0,1986.0,2036.0,2108.0,2193.0,2280.0,2360.0,2423.0,2460.0,2472.0,2472.0,2472.0,2472.0,2472.0,2472.0,2472.0,2472.0,2472.0,2472.0,2472.0,2472.0,2472.0,2472.0,2472.0,2472.0,2501.0,2591.0,2731.0,2908.0,3105.0,3305.0,3489.0,3641.0,3747.0,3795.0,3795.0,3795.0,3795.0,3795.0,3795.0,3795.0,3795.0,3795.0,55,February 24,Rennes
0.0031931695827410863,1.3091520030664652,0.9256163996446299,0.6309787752856688,0.6309787752856688,0.5732129702869735,0.8414181069766321,1.8027952687014899,1.8027952687014899,0.6487809797808577,1.096434383614602,2.026798803738038,2.026798803738038,0.4672284060276576,1.3335819372997704,3.9872825884499945,3.9872825884499945,0.6936156752344411,0.6752566440822526,14.013333333333335,-0.015619870368870034,0.015619870368870034,149.49452901998094,1.62,1.07,1.0866666666666667,0.895,0.7,0.6033333333333334,0.6342857142857142,0.8075,0.9977777777777779,1.1800000000000002,1.329090909090909,1.5283333333333335,1.7815384615384617,2.0557142857142856,2.413333333333333,2.76375,3.0729411764705885,3.292222222222222,3.477894736842105,3.5799999999999996,3.677142857142857,3.806363636363636,3.9373913043478264,4.078333333333333,4.192,4.27,4.32,4.352142857142857,4.364827586206896,4.430000000000001,4.513548387096774,4.588749999999999,4.701818181818182,4.793529411764705,4.865714285714286,4.933888888888889,5.001081081081081,5.05157894736842,5.09948717948718,5.145,5.20780487804878,5.293809523809524,5.357209302325581,5.379090909090909,5.386666666666666,5.3960869565217395,5.368936170212765,5.336666666666666,5.313877551020408,5.287999999999999,5.2552941176470584,5.208461538461538,5.180377358490566,5.1681481481481475,5.16,5.168214285714285,5.188421052631579,5.221724137931035,5.2674576271186435,5.3183333333333325,5.395409836065574,5.465161290322581,5.5390476190476186,5.602812499999999,5.666153846153845,5.723030303030303,5.758805970149253,5.775882352941175,5.772173913043478,5.7457142857142856,5.700281690140844,5.654722222222222,5.6008219178082195,5.53081081081081,5.465333333333333,5.396315789473683,5.335584415584416,5.3020512820512815,5.278227848101265,5.2675,5.26074074074074,5.261463414634146,5.251325301204819,5.249761904761904,5.26235294117647,5.261860465116279,5.259080459770114,5.258636363636364,5.257078651685394,5.264444444444444,5.270549450549451,5.273260869565217,5.269462365591397,5.266808510638298,5.281052631578947,5.298125,5.311752577319586,5.315918367346938,5.329090909090908,5.337999999999999,5.339801980198019,5.336666666666666,5.324854368932039,5.311346153846154,5.296190476190477,5.276603773584906,5.256448598130841,5.2357407407407415,5.23743119266055,5.252727272727272,5.274054054054053,5.305714285714285,5.334159292035397,5.375263157894736,5.4286956521739125,5.478620689655173,5.519145299145298,5.549661016949152,5.568739495798319,5.576666666666666,5.576198347107438,5.574098360655737,5.576097560975609,5.575645161290322,5.5775999999999994,5.578730158730158,5.579842519685038,5.5825,21.75,261.0,0.0,0.0,0.0,0.0,0.0,0.0,0.0,0.0,0.0,0.0,0.0,0.0,0.0,0.0,38.0,122.0,244.0,394.0,557.0,719.0,863.0,974.0,1043.0,1073.0,1073.0,1073.0,1073.0,1073.0,1073.0,1073.0,1073.0,1073.0,1073.0,1073.0,1073.0,1073.0,1073.0,1073.0,1099.0,1115.0,1127.0,1137.0,1142.0,1143.0,1143.0,1143.0,1143.0,1143.0,1143.0,1143.0,1143.0,1143.0,1143.0,1143.0,1143.0,1143.0,1143.0,1143.0,1143.0,1143.0,1143.0,1143.0,1177.0,1246.0,1347.0,1472.0,1608.0,1740.0,1852.0,1933.0,1979.0,1997.0,1997.0,1997.0,1997.0,1997.0,1997.0,1997.0,1997.0,1997.0,1997.0,1997.0,1997.0,1997.0,1997.0,1997.0,2030.0,2109.0,2228.0,2375.0,2535.0,2692.0,2830.0,2936.0,3002.0,3030.0,3030.0,3030.0,3030.0,3030.0,3030.0,3030.0,3030.0,3030.0,3030.0,3030.0,3030.0,3030.0,3030.0,3030.0,3059.0,3109.0,3181.0,3266.0,3353.0,3433.0,3496.0,3533.0,3545.0,3545.0,3545.0,3545.0,3545.0,3545.0,3545.0,3545.0,3545.0,3545.0,56,February 25,Rennes
0.0031931695827410863,1.3091520030664652,0.9256163996446299,0.6309787752856688,0.6309787752856688,0.5732129702869735,0.8414181069766321,1.8027952687014899,1.8027952687014899,0.6487809797808577,1.096434383614602,2.026798803738038,2.026798803738038,0.4672284060276576,1.3335819372997704,3.9872825884499945,3.9872825884499945,0.6936156752344411,0.6752566440822526,15.863333333333333,-0.13664576392477393,0.13664576392477393,131.114729985291,4.02,3.7199999999999998,3.486666666666667,3.17,2.96,2.7699999999999996,2.62,2.495,2.4644444444444447,2.48,2.438181818181818,2.42,2.5200000000000005,2.7914285714285714,3.18,3.545,3.825882352941176,4.02,4.114736842105263,4.194999999999999,4.215238095238095,4.242727272727272,4.241739130434782,4.203333333333333,4.1,3.962307692307692,3.857037037037037,3.7307142857142854,3.599310344827586,3.483333333333333,3.397419354838709,3.3543749999999997,3.329090909090909,3.314117647058824,3.2999999999999994,3.311666666666666,3.3524324324324324,3.4121052631578945,3.5148717948717945,3.6275,3.7346341463414636,3.8128571428571427,3.8827906976744186,3.92,3.9577777777777783,4.013478260869565,4.073191489361702,4.140833333333333,4.197551020408163,4.2379999999999995,4.265098039215687,4.283461538461538,4.291698113207548,4.329259259259259,4.378181818181818,4.423571428571428,4.491929824561404,4.549310344827585,4.596271186440678,4.641666666666666,4.6872131147540985,4.723225806451613,4.758095238095239,4.791874999999999,4.836923076923076,4.8972727272727266,4.943880597014925,4.964117647058823,4.975072463768116,4.987142857142857,4.974929577464789,4.958888888888889,4.948767123287671,4.9362162162162155,4.918666666666666,4.891052631578947,4.875844155844156,4.871282051282051,4.869367088607595,4.878749999999999,4.896543209876542,4.923658536585365,4.959759036144578,4.999761904761904,5.0588235294117645,5.113023255813953,5.1705747126436785,5.221136363636363,5.2716853932584264,5.317777777777778,5.348571428571428,5.365652173913043,5.367311827956989,5.351914893617021,5.322105263157895,5.291875,5.255051546391752,5.2057142857142855,5.159393939393938,5.109999999999999,5.066534653465347,5.043529411764705,5.027766990291262,5.021923076923077,5.019047619047619,5.02188679245283,5.016261682242989,5.017222222222221,5.029174311926604,5.03090909090909,5.03081081081081,5.032499999999999,5.033274336283186,5.041052631578946,5.047826086956521,5.051896551724137,5.05076923076923,5.0505084745762705,5.063697478991597,5.079166666666667,5.09190082644628,5.097049180327868,5.109430894308942,5.118387096774193,5.121599999999998,5.12079365079365,5.112913385826772,5.103593749999999,81.66666666666667,980.0,0.0,0.0,0.0,0.0,0.0,0.0,0.0,0.0,0.0,0.0,0.0,0.0,0.0,0.0,27.0,62.0,107.0,156.0,202.0,240.0,261.0,261.0,261.0,261.0,261.0,261.0,261.0,261.0,261.0,261.0,261.0,261.0,261.0,261.0,261.0,261.0,261.0,261.0,299.0,383.0,505.0,655.0,818.0,980.0,1124.0,1235.0,1304.0,1334.0,1334.0,1334.0,1334.0,1334.0,1334.0,1334.0,1334.0,1334.0,1334.0,1334.0,1334.0,1334.0,1334.0,1334.0,1360.0,1376.0,1388.0,1398.0,1403.0,1404.0,1404.0,1404.0,1404.0,1404.0,1404.0,1404.0,1404.0,1404.0,1404.0,1404.0,1404.0,1404.0,1404.0,1404.0,1404.0,1404.0,1404.0,1404.0,1438.0,1507.0,1608.0,1733.0,1869.0,2001.0,2113.0,2194.0,2240.0,2258.0,2258.0,2258.0,2258.0,2258.0,2258.0,2258.0,2258.0,2258.0,2258.0,2258.0,2258.0,2258.0,2258.0,2258.0,2291.0,2370.0,2489.0,2636.0,2796.0,2953.0,3091.0,3197.0,3263.0,3291.0,3291.0,3291.0,3291.0,3291.0,3291.0,3291.0,3291.0,3291.0,57,February 26,Rennes
0.0031931695827410863,1.3091520030664652,0.9256163996446299,0.6309787752856688,0.6309787752856688,0.5732129702869735,0.8414181069766321,1.8027952687014899,1.8027952687014899,0.6487809797808577,1.096434383614602,2.026798803738038,2.026798803738038,0.4672284060276576,1.3335819372997704,3.9872825884499945,3.9872825884499945,0.6936156752344411,0.6752566440822526,14.471666666666668,0.030479263922510262,0.030479263922510262,156.4954508810319,0.82,0.87,0.7866666666666666,0.745,0.76,0.8533333333333335,1.0342857142857145,1.0325,1.086666666666667,1.18,1.201818181818182,1.27,1.3584615384615384,1.5271428571428574,1.706666666666667,1.9075000000000002,2.084705882352941,2.214444444444444,2.3252631578947365,2.415,2.5390476190476186,2.6245454545454545,2.6634782608695646,2.703333333333333,2.756,2.7815384615384606,2.79037037037037,2.77,2.7475862068965515,2.7166666666666663,2.6845161290322577,2.65125,2.6381818181818177,2.637647058823529,2.62,2.608888888888889,2.638918918918919,2.7357894736842105,2.8866666666666667,3.04,3.1687804878048778,3.267619047619047,3.326976744186046,3.381363636363636,3.4088888888888884,3.4395652173913036,3.4561702127659566,3.453333333333333,3.4159183673469387,3.3579999999999997,3.3141176470588225,3.2565384615384616,3.1935849056603764,3.1366666666666663,3.094545454545454,3.075357142857143,3.0656140350877195,3.0613793103448272,3.05728813559322,3.0683333333333334,3.097049180327869,3.1377419354838705,3.2057142857142855,3.2809375000000003,3.353846153846154,3.4093939393939396,3.4602985074626864,3.4905882352941173,3.5214492753623183,3.5642857142857145,3.6101408450704224,3.6616666666666666,3.706301369863014,3.74027027027027,3.765333333333333,3.784473684210526,3.7966233766233772,3.828974358974359,3.869367088607595,3.9075,3.9619753086419753,4.009024390243902,4.048915662650603,4.087857142857143,4.127058823529412,4.15953488372093,4.191264367816092,4.222272727272728,4.261573033707865,4.312222222222222,4.352967032967033,4.374347826086957,4.388817204301075,4.4040425531914895,4.401052631578947,4.395,4.393195876288659,4.389387755102041,4.3816161616161615,4.3660000000000005,4.35960396039604,4.361176470588235,4.364660194174757,4.376730769230769,4.395238095238095,4.4209433962264155,4.453644859813084,4.489444444444445,4.540183486238533,4.587272727272728,4.637117117117118,4.6816071428571435,4.726194690265487,4.767368421052632,4.796521739130435,4.8148275862068965,4.820854700854701,4.813220338983051,4.793949579831934,4.774166666666667,4.7489256198347105,4.7134426229508195,4.680162601626016,4.644193548387096,4.6128,4.597777777777779,4.588503937007875,4.587187499999999,4.75,57.0,0.0,0.0,0.0,0.0,0.0,0.0,0.0,0.0,0.0,0.0,0.0,0.0,0.0,0.0,38.0,116.0,231.0,370.0,521.0,668.0,796.0,893.0,953.0,980.0,980.0,980.0,980.0,980.0,980.0,980.0,980.0,980.0,980.0,980.0,980.0,980.0,980.0,980.0,1007.0,1042.0,1087.0,1136.0,1182.0,1220.0,1241.0,1241.0,1241.0,1241.0,1241.0,1241.0,1241.0,1241.0,1241.0,1241.0,1241.0,1241.0,1241.0,1241.0,1241.0,1241.0,1241.0,1241.0,1279.0,1363.0,1485.0,1635.0,1798.0,1960.0,2104.0,2215.0,2284.0,2314.0,2314.0,2314.0,2314.0,2314.0,2314.0,2314.0,2314.0,2314.0,2314.0,2314.0,2314.0,2314.0,2314.0,2314.0,2340.0,2356.0,2368.0,2378.0,2383.0,2384.0,2384.0,2384.0,2384.0,2384.0,2384.0,2384.0,2384.0,2384.0,2384.0,2384.0,2384.0,2384.0,2384.0,2384.0,2384.0,2384.0,2384.0,2384.0,2418.0,2487.0,2588.0,2713.0,2849.0,2981.0,3093.0,3174.0,3220.0,3238.0,3238.0,3238.0,3238.0,3238.0,3238.0,3238.0,3238.0,3238.0,58,February 27,Rennes
0.0031931695827410863,1.3091520030664652,0.9256163996446299,0.6309787752856688,0.6309787752856688,0.5732129702869735,0.8414181069766321,1.8027952687014899,1.8027952687014899,0.6487809797808577,1.096434383614602,2.026798803738038,2.026798803738038,0.4672284060276576,1.3335819372997704,3.9872825884499945,3.9872825884499945,0.6936156752344411,0.6752566440822526,15.346666666666668,-0.14823369990137228,0.14823369990137228,129.35490877497827,2.3200000000000003,2.17,2.1533333333333338,1.77,1.4400000000000002,1.2033333333333334,0.8914285714285715,0.6325000000000001,0.5755555555555557,0.5700000000000001,0.5745454545454546,0.7033333333333335,0.9738461538461538,1.3485714285714285,1.7733333333333334,2.145,2.4435294117647057,2.736666666666667,2.972631578947368,3.09,3.21047619047619,3.2563636363636372,3.2243478260869565,3.1158333333333332,3.0239999999999996,2.9430769230769234,2.8570370370370366,2.777142857142858,2.7096551724137936,2.6633333333333336,2.6458064516129034,2.5949999999999998,2.5624242424242425,2.5464705882352936,2.5142857142857142,2.5005555555555556,2.498378378378378,2.5305263157894737,2.5738461538461537,2.6324999999999994,2.6882926829268294,2.7295238095238092,2.766511627906977,2.797272727272727,2.8466666666666667,2.8808695652173917,2.894468085106384,2.9095833333333325,2.9322448979591833,2.9419999999999997,2.9435294117647053,2.9296153846153845,2.9143396226415095,2.8940740740740747,2.8727272727272735,2.850357142857143,2.8392982456140348,2.8355172413793106,2.821694915254237,2.811666666666667,2.82655737704918,2.882903225806452,2.9739682539682546,3.0684375,3.149230769230769,3.212424242424242,3.2513432835820897,3.2876470588235294,3.3069565217391306,3.328571428571429,3.3411267605633808,3.3408333333333338,3.317260273972603,3.2794594594594595,3.250666666666667,3.2121052631578952,3.16935064935065,3.1302564102564108,3.1010126582278486,3.0875,3.0804938271604936,3.077317073170732,3.0742168674698793,3.0819047619047617,3.1023529411764703,3.1316279069767443,3.1809195402298847,3.235909090909091,3.2896629213483144,3.3311111111111114,3.3694505494505487,3.3928260869565214,3.416774193548387,3.449787234042553,3.4852631578947366,3.525208333333333,3.56020618556701,3.5873469387755095,3.6078787878787875,3.623999999999999,3.6348514851485145,3.661176470588235,3.6937864077669897,3.7248076923076923,3.7685714285714287,3.806792452830188,3.839626168224299,3.8718518518518517,3.9044036697247706,3.931818181818181,3.9587387387387385,3.985178571428571,4.018230088495575,4.060350877192982,4.094782608695652,4.113965517241379,4.127692307692308,4.142033898305084,4.1418487394957975,4.139166666666666,4.139834710743801,4.138852459016394,4.134634146341463,4.124032258064515,4.1208,4.123968253968255,4.128661417322834,4.140312499999999,103.08333333333333,1237.0,1.0,1.0,1.0,1.0,1.0,1.0,1.0,1.0,1.0,1.0,1.0,1.0,1.0,1.0,21.0,32.0,43.0,53.0,57.0,58.0,58.0,58.0,58.0,58.0,58.0,58.0,58.0,58.0,58.0,58.0,58.0,58.0,58.0,58.0,58.0,58.0,58.0,58.0,96.0,174.0,289.0,428.0,579.0,726.0,854.0,951.0,1011.0,1038.0,1038.0,1038.0,1038.0,1038.0,1038.0,1038.0,1038.0,1038.0,1038.0,1038.0,1038.0,1038.0,1038.0,1038.0,1065.0,1100.0,1145.0,1194.0,1240.0,1278.0,1299.0,1299.0,1299.0,1299.0,1299.0,1299.0,1299.0,1299.0,1299.0,1299.0,1299.0,1299.0,1299.0,1299.0,1299.0,1299.0,1299.0,1299.0,1337.0,1421.0,1543.0,1693.0,1856.0,2018.0,2162.0,2273.0,2342.0,2372.0,2372.0,2372.0,2372.0,2372.0,2372.0,2372.0,2372.0,2372.0,2372.0,2372.0,2372.0,2372.0,2372.0,2372.0,2398.0,2414.0,2426.0,2436.0,2441.0,2442.0,2442.0,2442.0,2442.0,2442.0,2442.0,2442.0,2442.0,2442.0,2442.0,2442.0,2442.0,2442.0,59,February 28,Rennes
0.0031931695827410863,1.3091520030664652,0.9256163996446299,0.6309787752856688,0.6309787752856688,0.5732129702869735,0.8414181069766321,1.8027952687014899,1.8027952687014899,0.6487809797808577,1.096434383614602,2.026798803738038,2.026798803738038,0.4672284060276576,1.3335819372997704,3.9872825884499945,3.9872825884499945,0.6936156752344411,0.6752566440822526,14.53,-0.059157977168124605,0.059157977168124605,142.88254186740082,2.4200000000000004,2.2700000000000005,2.1200000000000006,2.345,2.46,2.6700000000000004,2.9057142857142857,2.9825,2.908888888888889,2.8400000000000003,2.801818181818182,2.7533333333333334,2.6815384615384614,2.7199999999999998,2.8533333333333335,3.0575,3.231764705882353,3.4144444444444444,3.5778947368421057,3.6699999999999995,3.7485714285714287,3.774545454545454,3.7504347826086946,3.703333333333333,3.648,3.585384615384616,3.5311111111111106,3.427142857142857,3.313103448275862,3.203333333333333,3.068387096774193,2.935625,2.85030303030303,2.7817647058823534,2.72,2.703333333333333,2.744324324324324,2.8357894736842106,2.961025641025641,3.0799999999999996,3.1809756097560973,3.2890476190476186,3.3804651162790695,3.424545454545454,3.473333333333333,3.489565217391304,3.468936170212765,3.4095833333333334,3.356734693877551,3.3079999999999994,3.2552941176470584,3.2046153846153844,3.159622641509433,3.125555555555555,3.107272727272727,3.07,3.042807017543859,3.0251724137931024,2.9979661016949146,2.9816666666666665,2.972459016393442,2.9845161290322575,3.0041269841269833,3.0340624999999997,3.063076923076923,3.083636363636363,3.1020895522388052,3.1170588235294114,3.14463768115942,3.1628571428571424,3.1678873239436616,3.1741666666666664,3.185753424657534,3.188918918918919,3.186666666666666,3.1739473684210524,3.16025974025974,3.1430769230769227,3.12506329113924,3.10625,3.095308641975308,3.089512195121951,3.076626506024096,3.0664285714285713,3.0741176470588236,3.1118604651162785,3.175172413793104,3.241590909090909,3.298651685393258,3.3433333333333337,3.3705494505494507,3.396086956521739,3.409247311827957,3.4242553191489367,3.4326315789473685,3.4314583333333335,3.4127835051546396,3.383265306122449,3.3604040404040405,3.33,3.2962376237623765,3.2650980392156863,3.241359223300971,3.2296153846153848,3.2228571428571433,3.219056603773585,3.215327102803739,3.2199999999999998,3.2346788990825686,3.256363636363637,3.2938738738738746,3.3360714285714286,3.3775221238938054,3.409473684210526,3.439130434782609,3.4570689655172413,3.4755555555555553,3.5013559322033903,3.5292436974789916,3.5608333333333335,3.5885950413223138,3.6101639344262293,3.6265040650406504,3.6393548387096772,3.6479999999999997,3.669206349206349,3.6955905511811027,3.72078125,43.333333333333336,520.0,3.0,3.0,3.0,3.0,3.0,3.0,3.0,3.0,3.0,3.0,3.0,3.0,3.0,3.0,48.0,142.0,279.0,448.0,633.0,817.0,981.0,1111.0,1197.0,1239.0,1240.0,1240.0,1240.0,1240.0,1240.0,1240.0,1240.0,1240.0,1240.0,1240.0,1240.0,1240.0,1240.0,1240.0,1260.0,1271.0,1282.0,1292.0,1296.0,1297.0,1297.0,1297.0,1297.0,1297.0,1297.0,1297.0,1297.0,1297.0,1297.0,1297.0,1297.0,1297.0,1297.0,1297.0,1297.0,1297.0,1297.0,1297.0,1335.0,1413.0,1528.0,1667.0,1818.0,1965.0,2093.0,2190.0,2250.0,2277.0,2277.0,2277.0,2277.0,2277.0,2277.0,2277.0,2277.0,2277.0,2277.0,2277.0,2277.0,2277.0,2277.0,2277.0,2304.0,2339.0,2384.0,2433.0,2479.0,2517.0,2538.0,2538.0,2538.0,2538.0,2538.0,2538.0,2538.0,2538.0,2538.0,2538.0,2538.0,2538.0,2538.0,2538.0,2538.0,2538.0,2538.0,2538.0,2576.0,2660.0,2782.0,2932.0,3095.0,3257.0,3401.0,3512.0,3581.0,3611.0,3611.0,3611.0,3611.0,3611.0,3611.0,3611.0,3611.0,3611.0,60,March 1,Rennes
0.0031931695827410863,1.3091520030664652,0.9256163996446299,0.6309787752856688,0.6309787752856688,0.5732129702869735,0.8414181069766321,1.8027952687014899,1.8027952687014899,0.6487809797808577,1.096434383614602,2.026798803738038,2.026798803738038,0.4672284060276576,1.3335819372997704,3.9872825884499945,3.9872825884499945,0.6936156752344411,0.6752566440822526,11.163333333333332,-0.08282804794638159,0.08282804794638159,139.28784711854286,6.62,6.27,6.153333333333333,5.795000000000001,5.74,5.9366666666666665,6.162857142857143,6.4575,6.097777777777777,5.9399999999999995,5.747272727272728,5.495,5.343076923076923,5.305714285714286,5.306666666666667,5.338749999999999,5.367058823529412,5.492222222222222,5.577894736842104,5.545,5.5390476190476186,5.551818181818182,5.546086956521739,5.482499999999999,5.36,5.235384615384614,5.108888888888889,5.034285714285714,4.961379310344826,4.919999999999999,4.900645161290322,4.8575,4.78060606060606,4.705294117647059,4.64,4.572777777777777,4.498378378378378,4.464736842105262,4.471282051282051,4.5125,4.549268292682926,4.596190476190476,4.640930232558139,4.658636363636363,4.673333333333333,4.665652173913043,4.634893617021276,4.5929166666666665,4.546530612244899,4.4959999999999996,4.449411764705882,4.37576923076923,4.295471698113207,4.216296296296296,4.121818181818182,4.027142857142857,3.95859649122807,3.899310344827586,3.8437288135593217,3.814999999999999,3.821639344262295,3.860322580645161,3.921587301587301,3.9809375000000005,4.030769230769231,4.086666666666667,4.133432835820896,4.150882352941178,4.172173913043479,4.172857142857144,4.149577464788734,4.100555555555555,4.055616438356165,4.013243243243243,3.9680000000000004,3.923947368421053,3.8836363636363647,3.850769230769232,3.8288607594936717,3.79375,3.7656790123456787,3.7443902439024392,3.716385542168675,3.696190476190477,3.6811764705882357,3.681627906976745,3.6878160919540233,3.7018181818181817,3.715505617977528,3.723333333333333,3.72989010989011,3.734130434782609,3.7479569892473124,3.7551063829787235,3.752631578947369,3.75125,3.754020618556701,3.750612244897959,3.7432323232323235,3.7280000000000006,3.7120792079207927,3.6935294117647066,3.6743689320388353,3.6546153846153846,3.6409523809523807,3.6313207547169815,3.616261682242991,3.603333333333334,3.604403669724771,3.6290909090909094,3.6740540540540545,3.7217857142857147,3.7624778761061943,3.7936842105263153,3.811304347826087,3.827758620689656,3.8345299145299148,3.8428813559322044,3.846050420168068,3.841666666666667,3.823305785123967,3.7962295081967214,3.7744715447154475,3.746612903225807,3.7160000000000006,3.6874603174603178,3.66488188976378,3.6520312500000003,42.333333333333336,508.0,0.0,0.0,0.0,0.0,0.0,0.0,0.0,0.0,0.0,0.0,0.0,0.0,0.0,0.0,34.0,86.0,156.0,239.0,327.0,410.0,474.0,509.0,517.0,517.0,520.0,520.0,520.0,520.0,520.0,520.0,520.0,520.0,520.0,520.0,520.0,520.0,520.0,520.0,565.0,659.0,796.0,965.0,1150.0,1334.0,1498.0,1628.0,1714.0,1756.0,1757.0,1757.0,1757.0,1757.0,1757.0,1757.0,1757.0,1757.0,1757.0,1757.0,1757.0,1757.0,1757.0,1757.0,1777.0,1788.0,1799.0,1809.0,1813.0,1814.0,1814.0,1814.0,1814.0,1814.0,1814.0,1814.0,1814.0,1814.0,1814.0,1814.0,1814.0,1814.0,1814.0,1814.0,1814.0,1814.0,1814.0,1814.0,1852.0,1930.0,2045.0,2184.0,2335.0,2482.0,2610.0,2707.0,2767.0,2794.0,2794.0,2794.0,2794.0,2794.0,2794.0,2794.0,2794.0,2794.0,2794.0,2794.0,2794.0,2794.0,2794.0,2794.0,2821.0,2856.0,2901.0,2950.0,2996.0,3034.0,3055.0,3055.0,3055.0,3055.0,3055.0,3055.0,3055.0,3055.0,3055.0,3055.0,3055.0,3055.0,61,November 2,Rennes
0.0031931695827410863,1.3091520030664652,0.9256163996446299,0.6309787752856688,0.6309787752856688,0.5732129702869735,0.8414181069766321,1.8027952687014899,1.8027952687014899,0.6487809797808577,1.096434383614602,2.026798803738038,2.026798803738038,0.4672284060276576,1.3335819372997704,3.9872825884499945,3.9872825884499945,0.6936156752344411,0.6752566440822526,12.238333333333333,-0.02713244425866775,0.02713244425866775,147.74615279858367,7.72,7.27,6.786666666666665,6.869999999999999,6.9799999999999995,7.1866666666666665,7.348571428571428,7.307499999999999,7.186666666666666,7.17,7.229090909090908,7.344999999999999,7.527692307692306,7.769999999999999,7.959999999999999,8.11375,8.26705882352941,8.375555555555556,8.430526315789473,8.379999999999999,8.324761904761905,8.233636363636363,8.154782608695651,8.090833333333334,8.032,7.950769230769231,7.875555555555555,7.7628571428571425,7.685517241379309,7.659999999999999,7.655483870967741,7.682499999999999,7.547272727272727,7.458235294117647,7.354285714285713,7.225555555555555,7.125405405405405,7.064736842105263,7.02,6.99,6.961463414634147,6.977142857142858,6.980465116279069,6.9336363636363645,6.9,6.876521739130436,6.845531914893617,6.786666666666666,6.697551020408163,6.606,6.5121568627450985,6.444999999999999,6.378490566037736,6.32925925925926,6.292727272727273,6.243214285714286,6.174385964912281,6.106206896551725,6.043728813559322,5.9799999999999995,5.911803278688525,5.868387096774195,5.850158730158731,5.854375,5.856923076923078,5.866969696969697,5.876716417910448,5.87,5.862028985507248,5.840000000000001,5.803098591549297,5.7588888888888885,5.711780821917809,5.661891891891892,5.614666666666667,5.548947368421053,5.478441558441559,5.408461538461539,5.327594936708861,5.24625,5.1829629629629625,5.12609756097561,5.071807228915663,5.036666666666667,5.027058823529412,5.04093023255814,5.071724137931035,5.1018181818181825,5.12561797752809,5.154444444444445,5.177142857142857,5.178695652173913,5.183440860215054,5.173191489361702,5.145263157894737,5.0981250000000005,5.054020618556701,5.011836734693878,4.967474747474747,4.924,4.883366336633664,4.848431372549021,4.821941747572816,4.785384615384616,4.7542857142857144,4.7284905660377365,4.697570093457943,4.672777777777778,4.652110091743119,4.6436363636363645,4.639819819819819,4.642321428571429,4.644778761061947,4.64280701754386,4.6400000000000015,4.635517241379311,4.63880341880342,4.636949152542374,4.627563025210085,4.619166666666667,4.614214876033057,4.6044262295081975,4.591544715447155,4.57241935483871,4.5528,4.5311111111111115,4.508976377952757,4.48640625,8.833333333333334,106.0,0.0,0.0,0.0,0.0,0.0,0.0,0.0,0.0,0.0,0.0,0.0,0.0,0.0,0.0,0.0,25.0,74.0,145.0,229.0,317.0,398.0,460.0,496.0,508.0,508.0,508.0,508.0,508.0,508.0,508.0,508.0,508.0,508.0,508.0,508.0,508.0,508.0,508.0,542.0,594.0,664.0,747.0,835.0,918.0,982.0,1017.0,1025.0,1025.0,1028.0,1028.0,1028.0,1028.0,1028.0,1028.0,1028.0,1028.0,1028.0,1028.0,1028.0,1028.0,1028.0,1028.0,1073.0,1167.0,1304.0,1473.0,1658.0,1842.0,2006.0,2136.0,2222.0,2264.0,2265.0,2265.0,2265.0,2265.0,2265.0,2265.0,2265.0,2265.0,2265.0,2265.0,2265.0,2265.0,2265.0,2265.0,2285.0,2296.0,2307.0,2317.0,2321.0,2322.0,2322.0,2322.0,2322.0,2322.0,2322.0,2322.0,2322.0,2322.0,2322.0,2322.0,2322.0,2322.0,2322.0,2322.0,2322.0,2322.0,2322.0,2322.0,2360.0,2438.0,2553.0,2692.0,2843.0,2990.0,3118.0,3215.0,3275.0,3302.0,3302.0,3302.0,3302.0,3302.0,3302.0,3302.0,3302.0,3302.0,62,November 3,Rennes
0.0031931695827410863,1.3091520030664652,0.9256163996446299,0.6309787752856688,0.6309787752856688,0.5732129702869735,0.8414181069766321,1.8027952687014899,1.8027952687014899,0.6487809797808577,1.096434383614602,2.026798803738038,2.026798803738038,0.4672284060276576,1.3335819372997704,3.9872825884499945,3.9872825884499945,0.6936156752344411,0.6752566440822526,13.388333333333335,-0.037128670397910006,0.037128670397910006,146.22805925557074,1.72,1.47,1.22,1.545,2.0,2.62,3.2199999999999993,3.5949999999999998,3.964444444444444,4.319999999999999,4.601818181818181,4.944999999999999,5.181538461538461,5.427142857142856,5.639999999999999,5.82625,5.890588235294118,5.975555555555555,6.014736842105263,6.074999999999999,6.11047619047619,6.1381818181818195,6.237391304347825,6.353333333333333,6.408,6.423846153846153,6.401481481481482,6.427142857142857,6.461379310344827,6.52,6.578064516129031,6.591875,6.58060606060606,6.593529411764706,6.628571428571428,6.683888888888889,6.765945945945945,6.875263157894739,6.971282051282053,7.057499999999999,7.1468292682926835,7.220000000000001,7.271162790697677,7.274545454545455,7.273333333333335,7.252608695652175,7.234893617021278,7.222083333333333,7.209795918367347,7.184000000000001,7.159215686274512,7.112307692307693,7.082264150943398,7.079259259259261,7.087272727272729,7.112857142857143,7.044561403508772,7.001034482758621,6.947118644067799,6.876666666666667,6.821639344262296,6.789354838709679,6.766031746031747,6.75125,6.736923076923078,6.750303030303031,6.7558208955223895,6.728823529411765,6.709855072463769,6.697142857142859,6.679154929577466,6.642222222222222,6.584383561643837,6.524054054054054,6.461333333333335,6.416052631578948,6.370649350649352,6.336666666666667,6.31113924050633,6.276249999999999,6.227407407407407,6.178536585365854,6.133253012048193,6.086666666666667,6.036470588235295,6.003720930232559,5.98896551724138,5.990454545454546,5.990786516853933,5.996666666666667,6.002417582417584,5.99608695652174,5.988817204301077,5.971063829787235,5.942105263157897,5.9075,5.870515463917527,5.831224489795919,5.7937373737373745,5.742000000000001,5.686336633663367,5.630784313725492,5.566601941747574,5.501730769230769,5.450476190476191,5.403962264150943,5.359252336448598,5.32925925925926,5.3190825688073415,5.327272727272728,5.3488288288288315,5.369999999999999,5.38637168141593,5.406842105263159,5.422608695652175,5.421724137931035,5.423418803418805,5.413220338983051,5.388907563025212,5.349166666666666,5.311735537190083,5.275737704918034,5.23788617886179,5.200645161290323,5.1656,5.135079365079366,5.111338582677167,5.079375,30.083333333333332,361.0,0.0,0.0,0.0,0.0,0.0,0.0,0.0,0.0,0.0,0.0,0.0,0.0,0.0,0.0,0.0,13.0,28.0,49.0,72.0,92.0,105.0,106.0,106.0,106.0,106.0,106.0,106.0,106.0,106.0,106.0,106.0,106.0,106.0,106.0,106.0,106.0,106.0,106.0,106.0,131.0,180.0,251.0,335.0,423.0,504.0,566.0,602.0,614.0,614.0,614.0,614.0,614.0,614.0,614.0,614.0,614.0,614.0,614.0,614.0,614.0,614.0,614.0,648.0,700.0,770.0,853.0,941.0,1024.0,1088.0,1123.0,1131.0,1131.0,1134.0,1134.0,1134.0,1134.0,1134.0,1134.0,1134.0,1134.0,1134.0,1134.0,1134.0,1134.0,1134.0,1134.0,1179.0,1273.0,1410.0,1579.0,1764.0,1948.0,2112.0,2242.0,2328.0,2370.0,2371.0,2371.0,2371.0,2371.0,2371.0,2371.0,2371.0,2371.0,2371.0,2371.0,2371.0,2371.0,2371.0,2371.0,2391.0,2402.0,2413.0,2423.0,2427.0,2428.0,2428.0,2428.0,2428.0,2428.0,2428.0,2428.0,2428.0,2428.0,2428.0,2428.0,2428.0,2428.0,63,November 4,Rennes
0.0031931695827410863,1.3091520030664652,0.9256163996446299,0.6309787752856688,0.6309787752856688,0.5732129702869735,0.8414181069766321,1.8027952687014899,1.8027952687014899,0.6487809797808577,1.096434383614602,2.026798803738038,2.026798803738038,0.4672284060276576,1.3335819372997704,3.9872825884499945,3.9872825884499945,0.6936156752344411,0.6752566440822526,12.863333333333333,-0.06441983336673937,0.06441983336673937,142.08344130603786,7.72,7.869999999999999,8.053333333333333,8.22,8.2,8.103333333333333,8.034285714285714,7.92,7.931111111111112,7.9,7.883636363636364,7.978333333333333,8.05076923076923,8.077142857142858,8.153333333333334,8.251249999999999,8.390588235294118,8.431111111111113,8.393684210526315,8.264999999999999,8.039047619047619,7.77,7.533043478260869,7.294999999999999,7.072,6.846923076923077,6.619999999999999,6.473571428571428,6.382068965517242,6.36,6.3748387096774195,6.37,6.386666666666667,6.42,6.448571428571428,6.511666666666667,6.552432432432433,6.606842105263158,6.658461538461538,6.7075000000000005,6.712682926829269,6.729523809523809,6.729302325581397,6.740454545454546,6.742222222222223,6.741739130434784,6.777446808510638,6.824166666666666,6.842448979591837,6.8420000000000005,6.821960784313726,6.827692307692308,6.838867924528302,6.864444444444445,6.8909090909090915,6.8932142857142855,6.88140350877193,6.8837931034482756,6.899661016949152,6.928333333333333,6.974098360655738,7.037741935483871,7.094603174603175,7.1465625,7.201538461538462,7.247272727272727,7.279701492537313,7.281764705882353,7.280869565217392,7.267142857142858,7.255211267605634,7.246388888888889,7.237808219178082,7.22,7.202666666666667,7.169999999999999,7.148571428571428,7.145641025641026,7.150379746835443,7.167499999999999,7.1187654320987654,7.087073170731707,7.047710843373493,6.996190476190476,6.9552941176470595,6.93046511627907,6.911954022988505,6.899545454545453,6.887415730337079,6.895555555555554,6.898021978021977,6.8765217391304345,6.860860215053763,6.849787234042553,6.834736842105262,6.805416666666667,6.760206185567011,6.712857142857143,6.663434343434343,6.627000000000001,6.59029702970297,6.562156862745098,6.540388349514564,6.511346153846154,6.4714285714285715,6.431320754716982,6.393831775700934,6.355185185185185,6.313577981651377,6.285454545454545,6.271351351351352,6.2700000000000005,6.26778761061947,6.27,6.272173913043479,6.264827586206897,6.256752136752136,6.240338983050847,6.214957983193278,6.1850000000000005,6.15305785123967,6.119180327868852,6.086666666666666,6.042580645161291,5.9952000000000005,5.947777777777778,5.893228346456693,5.83796875,23.166666666666668,278.0,0.0,0.0,0.0,0.0,0.0,0.0,0.0,0.0,0.0,0.0,0.0,0.0,0.0,0.0,0.0,19.0,56.0,110.0,174.0,239.0,296.0,337.0,357.0,361.0,361.0,361.0,361.0,361.0,361.0,361.0,361.0,361.0,361.0,361.0,361.0,361.0,361.0,361.0,361.0,374.0,389.0,410.0,433.0,453.0,466.0,467.0,467.0,467.0,467.0,467.0,467.0,467.0,467.0,467.0,467.0,467.0,467.0,467.0,467.0,467.0,467.0,467.0,467.0,492.0,541.0,612.0,696.0,784.0,865.0,927.0,963.0,975.0,975.0,975.0,975.0,975.0,975.0,975.0,975.0,975.0,975.0,975.0,975.0,975.0,975.0,975.0,1009.0,1061.0,1131.0,1214.0,1302.0,1385.0,1449.0,1484.0,1492.0,1492.0,1495.0,1495.0,1495.0,1495.0,1495.0,1495.0,1495.0,1495.0,1495.0,1495.0,1495.0,1495.0,1495.0,1495.0,1540.0,1634.0,1771.0,1940.0,2125.0,2309.0,2473.0,2603.0,2689.0,2731.0,2732.0,2732.0,2732.0,2732.0,2732.0,2732.0,2732.0,2732.0,64,November 5,Rennes
0.0031931695827410863,1.3091520030664652,0.9256163996446299,0.6309787752856688,0.6309787752856688,0.5732129702869735,0.8414181069766321,1.8027952687014899,1.8027952687014899,0.6487809797808577,1.096434383614602,2.026798803738038,2.026798803738038,0.4672284060276576,1.3335819372997704,3.9872825884499945,3.9872825884499945,0.6936156752344411,0.6752566440822526,15.805,-0.023262550970328588,0.023262550970328588,148.33386059263944,5.12,5.17,4.986666666666667,4.8950000000000005,4.76,4.503333333333333,4.234285714285714,3.9074999999999998,3.7977777777777777,3.8299999999999996,4.038181818181818,4.261666666666666,4.412307692307691,4.498571428571428,4.56,4.6325,4.720000000000001,4.803333333333334,4.977894736842106,5.17,5.353333333333334,5.465454545454546,5.585217391304348,5.699166666666667,5.78,5.866153846153846,5.96074074074074,6.059285714285714,6.130344827586207,6.180000000000001,6.226451612903226,6.254375,6.307878787878788,6.346470588235294,6.385714285714286,6.45888888888889,6.525405405405405,6.575263157894738,6.643076923076923,6.720000000000001,6.815121951219514,6.870000000000002,6.889767441860466,6.865454545454546,6.791111111111113,6.689565217391306,6.596595744680853,6.497083333333333,6.399591836734693,6.296000000000001,6.186666666666667,6.116153846153848,6.072830188679246,6.066296296296298,6.080000000000002,6.0825000000000005,6.097192982456139,6.121724137931036,6.143728813559322,6.186666666666667,6.216721311475411,6.255483870967743,6.293015873015873,6.329374999999999,6.338461538461538,6.3548484848484845,6.360298507462686,6.372941176470588,6.379420289855074,6.384285714285715,6.412957746478874,6.449166666666667,6.466575342465752,6.471351351351351,6.462666666666666,6.471315789473685,6.483636363636363,6.505897435897436,6.528860759493672,6.534999999999999,6.531111111111111,6.5370731707317065,6.5525301204819275,6.577142857142857,6.614117647058824,6.664186046511628,6.709655172413793,6.751818181818183,6.796404494382022,6.834444444444444,6.862857142857143,6.868913043478261,6.872688172043012,6.8668085106382994,6.862105263157896,6.859583333333333,6.857113402061856,6.847551020408164,6.838181818181819,6.817,6.804158415841585,6.80529411764706,6.812233009708739,6.828653846153847,6.7942857142857145,6.772830188679245,6.745233644859813,6.707962962962963,6.678715596330276,6.661818181818182,6.649729729729731,6.642321428571429,6.6350442477876115,6.643684210526316,6.647826086956521,6.632931034482759,6.622564102564103,6.6157627118644085,6.605714285714287,6.5841666666666665,6.549752066115703,6.51344262295082,6.475284552845529,6.4474193548387095,6.419200000000002,6.39777777777778,6.381417322834647,6.3590625,1.9166666666666667,23.0,0.0,0.0,0.0,0.0,0.0,0.0,0.0,0.0,0.0,0.0,0.0,0.0,0.0,0.0,0.0,17.0,46.0,90.0,142.0,194.0,239.0,268.0,278.0,278.0,278.0,278.0,278.0,278.0,278.0,278.0,278.0,278.0,278.0,278.0,278.0,278.0,278.0,278.0,278.0,297.0,334.0,388.0,452.0,517.0,574.0,615.0,635.0,639.0,639.0,639.0,639.0,639.0,639.0,639.0,639.0,639.0,639.0,639.0,639.0,639.0,639.0,639.0,639.0,652.0,667.0,688.0,711.0,731.0,744.0,745.0,745.0,745.0,745.0,745.0,745.0,745.0,745.0,745.0,745.0,745.0,745.0,745.0,745.0,745.0,745.0,745.0,745.0,770.0,819.0,890.0,974.0,1062.0,1143.0,1205.0,1241.0,1253.0,1253.0,1253.0,1253.0,1253.0,1253.0,1253.0,1253.0,1253.0,1253.0,1253.0,1253.0,1253.0,1253.0,1253.0,1287.0,1339.0,1409.0,1492.0,1580.0,1663.0,1727.0,1762.0,1770.0,1770.0,1773.0,1773.0,1773.0,1773.0,1773.0,1773.0,1773.0,1773.0,65,November 6,Rennes
0.0031931695827410863,1.3091520030664652,0.9256163996446299,0.6309787752856688,0.6309787752856688,0.5732129702869735,0.8414181069766321,1.8027952687014899,1.8027952687014899,0.6487809797808577,1.096434383614602,2.026798803738038,2.026798803738038,0.4672284060276576,1.3335819372997704,3.9872825884499945,3.9872825884499945,0.6936156752344411,0.6752566440822526,16.671666666666667,-0.0362856024667578,0.0362856024667578,146.3560931720484,1.72,1.5699999999999998,1.7533333333333332,1.945,2.1000000000000005,1.9033333333333335,1.5200000000000002,1.195,1.0200000000000002,0.9600000000000002,1.029090909090909,1.045,1.12,1.1771428571428573,1.2933333333333332,1.48875,1.6376470588235295,1.7922222222222222,1.9410526315789476,2.1100000000000003,2.258095238095238,2.347272727272727,2.463478260869565,2.6199999999999997,2.72,2.816153846153846,2.882962962962963,2.945,2.9889655172413794,2.9966666666666666,2.984516129032258,2.941875,2.9412121212121214,2.975882352941176,3.065714285714286,3.167222222222222,3.2497297297297294,3.312105263157895,3.3661538461538454,3.425,3.4907317073170727,3.555714285714285,3.6618604651162787,3.7790909090909093,3.8955555555555557,3.980869565217391,4.071063829787233,4.159583333333333,4.232244897959183,4.308,4.388627450980392,4.471923076923077,4.540754716981132,4.597777777777777,4.652727272727272,4.696785714285714,4.755087719298246,4.80448275862069,4.853898305084747,4.923333333333334,4.988852459016394,5.044193548387098,5.110476190476192,5.1825,5.266153846153847,5.324545454545455,5.360298507462687,5.367058823529412,5.340289855072465,5.2942857142857145,5.252394366197184,5.204722222222222,5.156986301369863,5.103783783783784,5.045333333333334,5.012105263157895,4.996623376623377,5.005897435897436,5.028860759493672,5.043749999999999,5.066913580246913,5.096829268292683,5.124819277108434,5.167619047619048,5.201176470588235,5.2409302325581395,5.279770114942529,5.3177272727272715,5.335730337078652,5.358888888888889,5.373846153846154,5.3939130434782605,5.409247311827958,5.423191489361702,5.454736842105263,5.491875,5.514845360824743,5.528163265306121,5.531111111111111,5.547,5.565544554455445,5.59156862745098,5.6180582524271845,5.63153846153846,5.637142857142857,5.650188679245282,5.670467289719626,5.697777777777777,5.734678899082568,5.78181818181818,5.825405405405405,5.866428571428571,5.9093805309734515,5.94719298245614,5.977391304347827,5.989827586206896,6.00034188034188,6.003050847457628,6.00655462184874,6.011666666666667,6.016694214876033,6.0159016393442615,6.015121951219512,6.004677419354838,6.000799999999999,6.008095238095238,6.02,6.03953125,27.666666666666668,332.0,0.0,0.0,0.0,0.0,0.0,0.0,0.0,0.0,0.0,0.0,0.0,0.0,0.0,0.0,0.0,10.0,14.0,19.0,23.0,23.0,23.0,23.0,23.0,23.0,23.0,23.0,23.0,23.0,23.0,23.0,23.0,23.0,23.0,23.0,23.0,23.0,23.0,23.0,23.0,40.0,69.0,113.0,165.0,217.0,262.0,291.0,301.0,301.0,301.0,301.0,301.0,301.0,301.0,301.0,301.0,301.0,301.0,301.0,301.0,301.0,301.0,301.0,301.0,320.0,357.0,411.0,475.0,540.0,597.0,638.0,658.0,662.0,662.0,662.0,662.0,662.0,662.0,662.0,662.0,662.0,662.0,662.0,662.0,662.0,662.0,662.0,662.0,675.0,690.0,711.0,734.0,754.0,767.0,768.0,768.0,768.0,768.0,768.0,768.0,768.0,768.0,768.0,768.0,768.0,768.0,768.0,768.0,768.0,768.0,768.0,768.0,793.0,842.0,913.0,997.0,1085.0,1166.0,1228.0,1264.0,1276.0,1276.0,1276.0,1276.0,1276.0,1276.0,1276.0,1276.0,1276.0,66,November 7,Rennes
0.0031931695827410863,1.3091520030664652,0.9256163996446299,0.6309787752856688,0.6309787752856688,0.5732129702869735,0.8414181069766321,1.8027952687014899,1.8027952687014899,0.6487809797808577,1.096434383614602,2.026798803738038,2.026798803738038,0.4672284060276576,1.3335819372997704,3.9872825884499945,3.9872825884499945,0.6936156752344411,0.6752566440822526,13.913333333333336,0.03858473353798097,0.03858473353798097,157.72640153330138,-2.78,-2.33,-1.9133333333333333,-1.4049999999999998,-1.1,-0.7633333333333333,-0.42285714285714276,-0.3675,-0.2911111111111111,-0.25999999999999995,-0.17999999999999997,-0.09666666666666664,0.03538461538461542,0.12000000000000001,0.2533333333333332,0.4700000000000001,0.6258823529411766,0.8255555555555556,1.0042105263157897,1.185,1.3295238095238093,1.4699999999999998,1.5591304347826083,1.6158333333333335,1.62,1.612307692307692,1.6311111111111112,1.662857142857143,1.699310344827586,1.6733333333333331,1.5941935483870964,1.510625,1.4533333333333331,1.4229411764705882,1.4314285714285713,1.4255555555555555,1.4416216216216213,1.4542105263157894,1.4917948717948717,1.565,1.624878048780488,1.6914285714285715,1.7595348837209301,1.8404545454545456,1.9155555555555557,1.965652173913044,2.0306382978723407,2.1179166666666664,2.179183673469388,2.24,2.2866666666666666,2.331538461538462,2.3671698113207547,2.3829629629629627,2.3872727272727268,2.3735714285714287,2.383157894736842,2.413103448275862,2.47593220338983,2.546666666666667,2.606885245901639,2.6554838709677417,2.6993650793650787,2.7465625,2.7984615384615386,2.8503030303030306,2.928955223880597,3.0155882352941177,3.1026086956521737,3.1699999999999995,3.24112676056338,3.3116666666666665,3.372054794520548,3.4348648648648648,3.5013333333333345,3.5700000000000007,3.62909090909091,3.680256410256411,3.7301265822784817,3.7725,3.824938271604938,3.8712195121951227,3.9175903614457837,3.9783333333333335,4.036470588235295,4.087441860465117,4.1464367816091965,4.209772727272727,4.281797752808989,4.3355555555555565,4.372747252747253,4.388478260869566,4.379139784946237,4.3551063829787235,4.333684210526316,4.3075,4.280824742268042,4.249591836734694,4.213939393939394,4.197,4.193267326732673,4.208235294117647,4.233592233009709,4.252692307692308,4.278095238095238,4.308679245283019,4.337757009345795,4.378333333333334,4.411743119266055,4.45,4.487567567567568,4.524464285714286,4.54566371681416,4.570877192982456,4.5895652173913035,4.612241379310345,4.63111111111111,4.648813559322034,4.680504201680671,4.716666666666667,4.741487603305785,4.758524590163934,4.767154471544715,4.786129032258064,4.8072,4.8342857142857145,4.861732283464566,4.87859375,21.166666666666668,254.0,0.0,0.0,0.0,0.0,0.0,0.0,0.0,0.0,0.0,0.0,0.0,0.0,0.0,0.0,0.0,18.0,52.0,102.0,161.0,221.0,274.0,312.0,330.0,332.0,332.0,332.0,332.0,332.0,332.0,332.0,332.0,332.0,332.0,332.0,332.0,332.0,332.0,332.0,332.0,342.0,346.0,351.0,355.0,355.0,355.0,355.0,355.0,355.0,355.0,355.0,355.0,355.0,355.0,355.0,355.0,355.0,355.0,355.0,355.0,355.0,355.0,355.0,355.0,372.0,401.0,445.0,497.0,549.0,594.0,623.0,633.0,633.0,633.0,633.0,633.0,633.0,633.0,633.0,633.0,633.0,633.0,633.0,633.0,633.0,633.0,633.0,633.0,652.0,689.0,743.0,807.0,872.0,929.0,970.0,990.0,994.0,994.0,994.0,994.0,994.0,994.0,994.0,994.0,994.0,994.0,994.0,994.0,994.0,994.0,994.0,994.0,1007.0,1022.0,1043.0,1066.0,1086.0,1099.0,1100.0,1100.0,1100.0,1100.0,1100.0,1100.0,1100.0,1100.0,1100.0,1100.0,1100.0,67,November 8,Rennes
0.0031931695827410863,1.3091520030664652,0.9256163996446299,0.6309787752856688,0.6309787752856688,0.5732129702869735,0.8414181069766321,1.8027952687014899,1.8027952687014899,0.6487809797808577,1.096434383614602,2.026798803738038,2.026798803738038,0.4672284060276576,1.3335819372997704,3.9872825884499945,3.9872825884499945,0.6936156752344411,0.6752566440822526,13.921666666666667,0.004144704888035659,0.004144704888035659,152.4961091823297,2.52,2.47,2.3866666666666667,2.495,2.56,2.77,2.962857142857143,3.045,3.1644444444444444,3.3600000000000008,3.62,3.853333333333334,4.050769230769231,4.234285714285714,4.493333333333333,4.795,5.131764705882353,5.4366666666666665,5.598947368421053,5.639999999999999,5.591428571428571,5.46090909090909,5.241739130434783,4.97,4.66,4.408461538461538,4.205185185185185,4.059285714285714,3.923448275862069,3.823333333333333,3.7522580645161288,3.635625,3.535151515151515,3.4317647058823533,3.3514285714285714,3.281111111111111,3.236216216216216,3.1831578947368415,3.1558974358974354,3.17,3.1687804878048786,3.1938095238095237,3.2176744186046506,3.2495454545454545,3.271111111111111,3.2960869565217386,3.3008510638297865,3.2929166666666667,3.2608163265306125,3.2239999999999998,3.202352941176471,3.189230769230769,3.1803773584905657,3.1385185185185183,3.067272727272727,2.9932142857142856,2.934035087719298,2.8906896551724137,2.8708474576271183,2.8433333333333333,2.82983606557377,2.8151612903225804,2.8168253968253967,2.841875,2.86,2.8836363636363633,2.9095522388059707,2.945,2.9779710144927534,2.9957142857142856,3.024225352112676,3.0686111111111116,3.096712328767124,3.125405405405406,3.1453333333333333,3.1647368421052633,3.1784415584415586,3.178974358974359,3.171898734177215,3.1525,3.1496296296296302,3.1614634146341456,3.1971084337349405,3.2390476190476187,3.274117647058824,3.3013953488372088,3.325747126436782,3.3529545454545455,3.384044943820224,3.4155555555555552,3.4672527472527475,3.525434782608696,3.584516129032258,3.6295744680851056,3.677894736842105,3.7262500000000003,3.7674226804123707,3.810816326530612,3.857373737373737,3.906,3.947722772277228,3.983725490196078,4.019029126213592,4.048846153846155,4.086666666666666,4.12,4.153644859813084,4.198703703703704,4.242018348623853,4.28,4.324504504504504,4.372678571428572,4.4279646017699115,4.469122807017544,4.4973913043478255,4.5087931034482756,4.500341880341881,4.480169491525424,4.462016806722689,4.4399999999999995,4.417520661157025,4.391311475409835,4.361463414634145,4.3466129032258065,4.3424000000000005,4.353333333333334,4.372755905511811,4.3871875,13.583333333333334,163.0,0.0,0.0,0.0,0.0,0.0,0.0,0.0,0.0,0.0,0.0,0.0,0.0,0.0,0.0,0.0,15.0,42.0,83.0,131.0,179.0,219.0,245.0,254.0,254.0,254.0,254.0,254.0,254.0,254.0,254.0,254.0,254.0,254.0,254.0,254.0,254.0,254.0,254.0,254.0,272.0,306.0,356.0,415.0,475.0,528.0,566.0,584.0,586.0,586.0,586.0,586.0,586.0,586.0,586.0,586.0,586.0,586.0,586.0,586.0,586.0,586.0,586.0,586.0,596.0,600.0,605.0,609.0,609.0,609.0,609.0,609.0,609.0,609.0,609.0,609.0,609.0,609.0,609.0,609.0,609.0,609.0,609.0,609.0,609.0,609.0,609.0,609.0,626.0,655.0,699.0,751.0,803.0,848.0,877.0,887.0,887.0,887.0,887.0,887.0,887.0,887.0,887.0,887.0,887.0,887.0,887.0,887.0,887.0,887.0,887.0,887.0,906.0,943.0,997.0,1061.0,1126.0,1183.0,1224.0,1244.0,1248.0,1248.0,1248.0,1248.0,1248.0,1248.0,1248.0,1248.0,1248.0,68,November 9,Rennes
0.0031931695827410863,1.3091520030664652,0.9256163996446299,0.6309787752856688,0.6309787752856688,0.5732129702869735,0.8414181069766321,1.8027952687014899,1.8027952687014899,0.6487809797808577,1.096434383614602,2.026798803738038,2.026798803738038,0.4672284060276576,1.3335819372997704,3.9872825884499945,3.9872825884499945,0.6936156752344411,0.6752566440822526,15.638333333333335,-0.032923570423300116,0.032923570423300116,146.86667377171483,5.02,4.669999999999999,4.086666666666666,3.8449999999999998,3.6399999999999997,3.453333333333333,3.3628571428571425,3.3075,3.1977777777777776,3.22,3.401818181818182,3.5449999999999995,3.6815384615384614,3.7842857142857147,3.9400000000000004,4.1075,4.284705882352941,4.442222222222222,4.535789473684211,4.65,4.767619047619048,4.838181818181818,4.8591304347826085,4.8116666666666665,4.72,4.631538461538461,4.542222222222222,4.480714285714286,4.423448275862069,4.403333333333333,4.394193548387098,4.37,4.362424242424242,4.384705882352941,4.437142857142858,4.492222222222222,4.544324324324324,4.598947368421054,4.68923076923077,4.805,4.94439024390244,5.07952380952381,5.159534883720931,5.1881818181818184,5.1755555555555555,5.122173913043477,5.022127659574468,4.890833333333333,4.734285714285715,4.602,4.490588235294117,4.406538461538461,4.32566037735849,4.2625925925925925,4.214545454545454,4.139642857142857,4.072631578947369,4.002758620689655,3.9454237288135587,3.8933333333333335,3.856065573770491,3.8135483870967746,3.786666666666666,3.785625,3.7753846153846156,3.7821212121212127,3.78865671641791,3.8008823529411764,3.8069565217391297,3.815714285714286,3.8115492957746473,3.7991666666666664,3.770684931506849,3.7389189189189183,3.7173333333333334,3.701578947368421,3.688831168831169,3.653333333333333,3.5972151898734173,3.5387500000000003,3.49037037037037,3.4529268292682924,3.4320481927710844,3.4057142857142857,3.3894117647058826,3.372325581395348,3.3671264367816085,3.3790909090909094,3.3862921348314607,3.397777777777778,3.411208791208791,3.4319565217391306,3.4511827956989247,3.4593617021276595,3.4757894736842103,3.5043749999999996,3.521030927835051,3.5383673469387746,3.549292929292929,3.56,3.566534653465346,3.56313725490196,3.553980582524271,3.5353846153846153,3.529523809523809,3.535094339622641,3.5592523364485977,3.588518518518518,3.6126605504587155,3.63090909090909,3.6470270270270264,3.6655357142857143,3.6872566371681414,3.7094736842105256,3.747826086956522,3.791551724137931,3.836239316239316,3.869999999999999,3.906554621848739,3.9433333333333334,3.974545454545454,4.007704918032787,4.043577235772358,4.081290322580645,4.1136,4.141428571428571,4.168818897637795,4.191875,18.916666666666668,227.0,0.0,0.0,0.0,0.0,0.0,0.0,0.0,0.0,0.0,0.0,0.0,0.0,0.0,0.0,0.0,12.0,30.0,59.0,93.0,126.0,151.0,163.0,163.0,163.0,163.0,163.0,163.0,163.0,163.0,163.0,163.0,163.0,163.0,163.0,163.0,163.0,163.0,163.0,163.0,178.0,205.0,246.0,294.0,342.0,382.0,408.0,417.0,417.0,417.0,417.0,417.0,417.0,417.0,417.0,417.0,417.0,417.0,417.0,417.0,417.0,417.0,417.0,417.0,435.0,469.0,519.0,578.0,638.0,691.0,729.0,747.0,749.0,749.0,749.0,749.0,749.0,749.0,749.0,749.0,749.0,749.0,749.0,749.0,749.0,749.0,749.0,749.0,759.0,763.0,768.0,772.0,772.0,772.0,772.0,772.0,772.0,772.0,772.0,772.0,772.0,772.0,772.0,772.0,772.0,772.0,772.0,772.0,772.0,772.0,772.0,772.0,789.0,818.0,862.0,914.0,966.0,1011.0,1040.0,1050.0,1050.0,1050.0,1050.0,1050.0,1050.0,1050.0,1050.0,1050.0,1050.0,69,November 10,Rennes
0.0031931695827410863,1.3091520030664652,0.9256163996446299,0.6309787752856688,0.6309787752856688,0.5732129702869735,0.8414181069766321,1.8027952687014899,1.8027952687014899,0.6487809797808577,1.096434383614602,2.026798803738038,2.026798803738038,0.4672284060276576,1.3335819372997704,3.9872825884499945,3.9872825884499945,0.6936156752344411,0.6752566440822526,16.53,-0.019196214932596843,0.019196214932596843,148.9514014922363,1.32,1.77,1.4533333333333334,1.495,1.58,1.486666666666667,1.3342857142857145,1.245,1.086666666666667,1.07,1.1472727272727274,1.2366666666666668,1.3507692307692307,1.52,1.7133333333333338,1.9137499999999998,2.0494117647058823,2.203333333333333,2.2778947368421054,2.385,2.51047619047619,2.6245454545454545,2.7373913043478266,2.799166666666667,2.8879999999999995,2.943076923076923,2.9422222222222216,2.948571428571428,2.944137931034482,2.9299999999999993,2.926451612903225,2.9262499999999996,2.9078787878787877,2.922941176470588,2.988571428571428,3.0477777777777773,3.1091891891891885,3.162105263157894,3.2379487179487176,3.3225000000000002,3.4151219512195117,3.503333333333333,3.5665116279069764,3.640454545454545,3.7177777777777767,3.774347826086956,3.80723404255319,3.805416666666666,3.779183673469387,3.752,3.721960784313725,3.7046153846153844,3.687924528301886,3.6903703703703705,3.698181818181818,3.696785714285714,3.7042105263157894,3.728620689655172,3.7708474576271183,3.8149999999999995,3.8577049180327863,3.9022580645161287,3.9692063492063494,4.0528125,4.1523076923076925,4.250303030303031,4.314029850746269,4.345000000000001,4.348985507246377,4.325714285714286,4.270704225352113,4.193611111111111,4.098082191780822,4.017297297297298,3.949333333333334,3.8989473684210534,3.8498701298701308,3.812307692307693,3.7845569620253166,3.7375,3.6953086419753087,3.65048780487805,3.6139759036144583,3.580714285714287,3.55764705882353,3.5304651162790703,3.514252873563219,3.5165909090909095,3.512134831460674,3.52,3.527692307692308,3.539565217391304,3.5468817204301084,3.5561702127659576,3.5557894736842113,3.549166666666667,3.5303092783505154,3.5087755102040825,3.494747474747475,3.4850000000000008,3.477425742574258,3.452352941176471,3.41126213592233,3.368076923076923,3.332380952380953,3.304905660377359,3.2900934579439256,3.2709259259259262,3.259449541284404,3.2472727272727275,3.2443243243243245,3.2548214285714283,3.261592920353982,3.2717543859649125,3.2834782608695656,3.301034482758621,3.3174358974358977,3.325084745762712,3.3393277310924367,3.3633333333333337,3.377851239669422,3.392950819672131,3.4029268292682926,3.412741935483871,3.4192000000000005,3.4176190476190476,3.4113385826771654,3.39734375,20.083333333333332,241.0,0.0,0.0,0.0,0.0,0.0,0.0,0.0,0.0,0.0,0.0,0.0,0.0,0.0,0.0,0.0,15.0,39.0,75.0,118.0,162.0,199.0,222.0,227.0,227.0,227.0,227.0,227.0,227.0,227.0,227.0,227.0,227.0,227.0,227.0,227.0,227.0,227.0,227.0,227.0,239.0,257.0,286.0,320.0,353.0,378.0,390.0,390.0,390.0,390.0,390.0,390.0,390.0,390.0,390.0,390.0,390.0,390.0,390.0,390.0,390.0,390.0,390.0,390.0,405.0,432.0,473.0,521.0,569.0,609.0,635.0,644.0,644.0,644.0,644.0,644.0,644.0,644.0,644.0,644.0,644.0,644.0,644.0,644.0,644.0,644.0,644.0,644.0,662.0,696.0,746.0,805.0,865.0,918.0,956.0,974.0,976.0,976.0,976.0,976.0,976.0,976.0,976.0,976.0,976.0,976.0,976.0,976.0,976.0,976.0,976.0,976.0,986.0,990.0,995.0,999.0,999.0,999.0,999.0,999.0,999.0,999.0,999.0,999.0,999.0,999.0,999.0,999.0,999.0,70,November 11,Rennes
0.0031931695827410863,1.3091520030664652,0.9256163996446299,0.6309787752856688,0.6309787752856688,0.5732129702869735,0.8414181069766321,1.8027952687014899,1.8027952687014899,0.6487809797808577,1.096434383614602,2.026798803738038,2.026798803738038,0.4672284060276576,1.3335819372997704,3.9872825884499945,3.9872825884499945,0.6936156752344411,0.6752566440822526,15.646666666666665,-0.008118166280305523,0.008118166280305523,150.63378781423094,0.22,-0.38,-0.37999999999999995,-0.605,-0.7599999999999999,-0.68,-0.58,-0.46749999999999997,-0.32444444444444437,-0.07000000000000003,0.31999999999999995,0.6449999999999999,0.9046153846153846,1.077142857142857,1.2266666666666663,1.4012499999999999,1.543529411764706,1.6588888888888886,1.7884210526315791,1.9100000000000001,2.0390476190476186,2.1109090909090904,2.111304347826087,2.0574999999999997,2.028,2.0353846153846153,1.9903703703703701,1.977142857142857,1.9751724137931033,1.943333333333333,1.8941935483870966,1.854375,1.7927272727272727,1.767058823529412,1.7714285714285714,1.7838888888888889,1.8091891891891896,1.8594736842105266,1.925128205128205,2.0,2.0541463414634147,2.1199999999999997,2.1548837209302327,2.2063636363636365,2.268888888888889,2.3286956521739133,2.390212765957447,2.4283333333333332,2.481224489795918,2.518,2.5258823529411765,2.5373076923076927,2.5426415094339627,2.5422222222222226,2.5472727272727274,2.553928571428571,2.5498245614035087,2.564827586206897,2.6098305084745768,2.6516666666666664,2.695409836065574,2.7345161290322584,2.7882539682539687,2.8481249999999996,2.913846153846154,2.9775757575757575,3.0259701492537316,3.081764705882353,3.140289855072464,3.1857142857142855,3.2157746478873244,3.222777777777777,3.2131506849315064,3.2024324324324325,3.1893333333333334,3.1844736842105266,3.1797402597402598,3.187948717948718,3.1997468354430385,3.2049999999999996,3.216296296296296,3.239512195121951,3.2754216867469883,3.312857142857143,3.349411764705883,3.387441860465117,3.4418390804597707,3.5086363636363633,3.587415730337079,3.6655555555555552,3.718901098901099,3.7482608695652178,3.757634408602151,3.7465957446808518,3.7115789473684218,3.6595833333333334,3.59319587628866,3.53734693877551,3.4907070707070713,3.4570000000000003,3.4239603960396043,3.399411764705883,3.382135922330098,3.3498076923076923,3.3209523809523813,3.2898113207547173,3.2648598130841124,3.242222222222223,3.2273394495412853,3.2090909090909103,3.1992792792792795,3.203928571428572,3.203185840707965,3.212105263157895,3.220869565217391,3.2329310344827595,3.241367521367522,3.2513559322033907,3.253613445378152,3.2508333333333335,3.2381818181818187,3.2232786885245903,3.214308943089431,3.208709677419355,3.2048,3.1866666666666674,3.155433070866142,3.1223437499999998,26.416666666666668,317.0,0.0,0.0,0.0,0.0,0.0,0.0,0.0,0.0,0.0,0.0,0.0,0.0,0.0,0.0,0.0,15.0,41.0,79.0,124.0,169.0,208.0,233.0,241.0,241.0,241.0,241.0,241.0,241.0,241.0,241.0,241.0,241.0,241.0,241.0,241.0,241.0,241.0,241.0,241.0,256.0,280.0,316.0,359.0,403.0,440.0,463.0,468.0,468.0,468.0,468.0,468.0,468.0,468.0,468.0,468.0,468.0,468.0,468.0,468.0,468.0,468.0,468.0,468.0,480.0,498.0,527.0,561.0,594.0,619.0,631.0,631.0,631.0,631.0,631.0,631.0,631.0,631.0,631.0,631.0,631.0,631.0,631.0,631.0,631.0,631.0,631.0,631.0,646.0,673.0,714.0,762.0,810.0,850.0,876.0,885.0,885.0,885.0,885.0,885.0,885.0,885.0,885.0,885.0,885.0,885.0,885.0,885.0,885.0,885.0,885.0,885.0,903.0,937.0,987.0,1046.0,1106.0,1159.0,1197.0,1215.0,1217.0,1217.0,1217.0,1217.0,1217.0,1217.0,1217.0,1217.0,1217.0,71,November 12,Rennes
0.0031931695827410863,1.3091520030664652,0.9256163996446299,0.6309787752856688,0.6309787752856688,0.5732129702869735,0.8414181069766321,1.8027952687014899,1.8027952687014899,0.6487809797808577,1.096434383614602,2.026798803738038,2.026798803738038,0.4672284060276576,1.3335819372997704,3.9872825884499945,3.9872825884499945,0.6936156752344411,0.6752566440822526,12.771666666666668,-0.021271042672582913,0.021271042672582913,148.63630431945708,4.22,4.52,4.719999999999999,4.77,4.539999999999999,4.37,4.134285714285714,4.045,4.0088888888888885,4.02,4.11090909090909,4.161666666666666,4.189230769230769,4.241428571428571,4.28,4.351249999999999,4.455294117647059,4.52,4.5884210526315785,4.595,4.553333333333333,4.492727272727272,4.385217391304347,4.257499999999999,4.096,3.9007692307692303,3.742222222222222,3.5628571428571427,3.392413793103448,3.27,3.1651612903225805,3.07625,3.007878787878788,2.984705882352941,3.0199999999999996,3.0533333333333332,3.0794594594594593,3.08578947368421,3.0917948717948716,3.1149999999999998,3.132195121951219,3.143809523809524,3.1665116279069765,3.1904545454545445,3.2222222222222223,3.230869565217391,3.207234042553191,3.1575,3.1200000000000006,3.102,3.057254901960784,3.0296153846153846,3.0086792452830187,2.9718518518518517,2.9254545454545458,2.884285714285714,2.8305263157894736,2.7975862068965514,2.78271186440678,2.773333333333333,2.7724590163934426,2.787741935483871,2.8136507936507935,2.8465625,2.867692307692308,2.8972727272727274,2.9080597014925376,2.9302941176470583,2.960579710144927,2.9899999999999998,3.021408450704225,3.0380555555555557,3.0652054794520547,3.0821621621621618,3.08,3.080526315789473,3.077142857142857,3.0700000000000003,3.0668354430379745,3.065,3.0558024691358026,3.060243902439024,3.0862650602409643,3.1104761904761906,3.1364705882352943,3.1595348837209305,3.193563218390805,3.2325,3.2761797752808994,3.3188888888888886,3.350769230769231,3.388478260869565,3.4286021505376345,3.4593617021276595,3.4789473684210526,3.481458333333333,3.4715463917525775,3.4608163265306127,3.448282828282829,3.4420000000000006,3.4358415841584162,3.439607843137255,3.44621359223301,3.447884615384616,3.4542857142857146,3.4700000000000006,3.4957009345794394,3.5227777777777782,3.5493577981651376,3.577272727272727,3.6181981981981983,3.669107142857143,3.7297345132743365,3.790175438596491,3.831304347826087,3.8536206896551723,3.86017094017094,3.850508474576271,3.821680672268908,3.779166666666667,3.7249586776859505,3.6790163934426228,3.640325203252033,3.6119354838709676,3.5840000000000005,3.562857142857143,3.5475590551181106,3.52,31.25,375.0,0.0,0.0,0.0,0.0,0.0,0.0,0.0,0.0,0.0,0.0,0.0,0.0,0.0,0.0,0.0,15.0,47.0,95.0,152.0,210.0,261.0,297.0,314.0,317.0,317.0,317.0,317.0,317.0,317.0,317.0,317.0,317.0,317.0,317.0,317.0,317.0,317.0,317.0,317.0,332.0,358.0,396.0,441.0,486.0,525.0,550.0,558.0,558.0,558.0,558.0,558.0,558.0,558.0,558.0,558.0,558.0,558.0,558.0,558.0,558.0,558.0,558.0,558.0,573.0,597.0,633.0,676.0,720.0,757.0,780.0,785.0,785.0,785.0,785.0,785.0,785.0,785.0,785.0,785.0,785.0,785.0,785.0,785.0,785.0,785.0,785.0,785.0,797.0,815.0,844.0,878.0,911.0,936.0,948.0,948.0,948.0,948.0,948.0,948.0,948.0,948.0,948.0,948.0,948.0,948.0,948.0,948.0,948.0,948.0,948.0,948.0,963.0,990.0,1031.0,1079.0,1127.0,1167.0,1193.0,1202.0,1202.0,1202.0,1202.0,1202.0,1202.0,1202.0,1202.0,1202.0,1202.0,72,November 13,Rennes
0.0031931695827410863,1.3091520030664652,0.9256163996446299,0.6309787752856688,0.6309787752856688,0.5732129702869735,0.8414181069766321,1.8027952687014899,1.8027952687014899,0.6487809797808577,1.096434383614602,2.026798803738038,2.026798803738038,0.4672284060276576,1.3335819372997704,3.9872825884499945,3.9872825884499945,0.6936156752344411,0.6752566440822526,13.146666666666668,0.008160560400479251,0.008160560400479251,153.10598377281946,3.52,3.62,3.8866666666666667,3.695,3.5,3.2033333333333336,2.934285714285714,2.9200000000000004,2.8866666666666667,3.11,3.310909090909091,3.5700000000000003,3.789230769230769,4.034285714285714,4.313333333333333,4.57625,4.831764705882353,5.036666666666666,5.251578947368421,5.415000000000001,5.486666666666666,5.488181818181818,5.4460869565217385,5.399166666666666,5.352,5.331538461538462,5.323703703703703,5.309285714285714,5.25103448275862,5.1933333333333325,5.113548387096774,5.060625,5.02,4.9935294117647056,4.994285714285714,4.986666666666667,4.974054054054053,4.972631578947369,4.9687179487179485,4.9799999999999995,5.007804878048781,5.022380952380952,5.040930232558139,5.033636363636363,5.004444444444444,4.9656521739130435,4.902978723404255,4.828333333333333,4.734285714285714,4.62,4.521960784313725,4.410384615384616,4.301132075471697,4.216296296296296,4.14,4.071785714285714,4.014736842105263,3.983793103448276,3.9877966101694917,3.9916666666666667,3.9921311475409835,3.9812903225806453,3.9707936507936505,3.9715625,3.9692307692307693,3.963939393939394,3.966268656716418,3.9700000000000006,3.979420289855074,3.9742857142857155,3.9481690140845087,3.904722222222222,3.8693150684931505,3.847027027027027,3.8066666666666675,3.777894736842106,3.753766233766235,3.7187179487179503,3.6769620253164574,3.6387500000000004,3.5916049382716047,3.559024390243903,3.5392771084337356,3.5235714285714295,3.514117647058824,3.5165116279069784,3.526896551724139,3.5427272727272725,3.5503370786516855,3.564444444444444,3.5650549450549454,3.574347826086956,3.5898924731182804,3.605106382978724,3.622105263157895,3.6283333333333334,3.6426804123711336,3.649591836734694,3.6422222222222227,3.637,3.6289108910891095,3.618039215686275,3.610291262135923,3.603653846153846,3.591428571428571,3.5898113207547167,3.6050467289719625,3.6190740740740743,3.634678899082569,3.648181818181819,3.670450450450451,3.696785714285714,3.7270796460176987,3.7568421052631575,3.7782608695652176,3.8044827586206895,3.8328205128205126,3.853898305084746,3.8662184873949585,3.865,3.8538842975206604,3.8421311475409836,3.828943089430894,3.8208064516129037,3.8128000000000006,3.8128571428571436,3.815275590551182,3.8137499999999998,14.666666666666666,176.0,0.0,0.0,0.0,0.0,0.0,0.0,0.0,0.0,0.0,0.0,0.0,0.0,0.0,0.0,0.0,15.0,50.0,105.0,172.0,241.0,302.0,346.0,369.0,375.0,375.0,375.0,375.0,375.0,375.0,375.0,375.0,375.0,375.0,375.0,375.0,375.0,375.0,375.0,375.0,390.0,422.0,470.0,527.0,585.0,636.0,672.0,689.0,692.0,692.0,692.0,692.0,692.0,692.0,692.0,692.0,692.0,692.0,692.0,692.0,692.0,692.0,692.0,692.0,707.0,733.0,771.0,816.0,861.0,900.0,925.0,933.0,933.0,933.0,933.0,933.0,933.0,933.0,933.0,933.0,933.0,933.0,933.0,933.0,933.0,933.0,933.0,933.0,948.0,972.0,1008.0,1051.0,1095.0,1132.0,1155.0,1160.0,1160.0,1160.0,1160.0,1160.0,1160.0,1160.0,1160.0,1160.0,1160.0,1160.0,1160.0,1160.0,1160.0,1160.0,1160.0,1160.0,1172.0,1190.0,1219.0,1253.0,1286.0,1311.0,1323.0,1323.0,1323.0,1323.0,1323.0,1323.0,1323.0,1323.0,1323.0,1323.0,1323.0,73,November 14,Rennes
0.0031931695827410863,1.3091520030664652,0.9256163996446299,0.6309787752856688,0.6309787752856688,0.5732129702869735,0.8414181069766321,1.8027952687014899,1.8027952687014899,0.6487809797808577,1.096434383614602,2.026798803738038,2.026798803738038,0.4672284060276576,1.3335819372997704,3.9872825884499945,3.9872825884499945,0.6936156752344411,0.6752566440822526,10.23,-0.07177713296549831,0.07177713296549831,140.96611274030633,7.8199999999999985,7.419999999999999,7.053333333333332,6.77,6.619999999999999,6.77,6.991428571428572,7.1075,7.242222222222221,7.389999999999999,7.665454545454545,7.928333333333332,8.05076923076923,8.105714285714283,8.17333333333333,8.263750000000002,8.314117647058822,8.27,8.241052631578947,8.139999999999999,7.977142857142856,7.779090909090908,7.580869565217392,7.390833333333333,7.235999999999999,7.100769230769231,7.001481481481481,6.862857142857142,6.720000000000001,6.553333333333334,6.384516129032257,6.273125,6.162424242424242,6.131764705882353,6.108571428571428,6.117222222222221,6.125405405405404,6.15421052631579,6.207179487179487,6.265,6.329756097560975,6.381904761904761,6.445581395348836,6.492727272727273,6.502222222222222,6.48086956521739,6.439148936170211,6.3950000000000005,6.35061224489796,6.3199999999999985,6.2964705882352945,6.27,6.219999999999998,6.169999999999998,6.107272727272726,6.059285714285713,6.018245614035087,5.98551724137931,5.96915254237288,5.948333333333333,5.924918032786884,5.908709677419354,5.891428571428571,5.8840625,5.887692307692308,5.883636363636364,5.882686567164179,5.865588235294117,5.834492753623188,5.797142857142855,5.74394366197183,5.6825,5.6076712328767115,5.5186486486486475,5.4399999999999995,5.351578947368421,5.264155844155844,5.193076923076922,5.12759493670886,5.0675,5.015061728395061,4.980975609756097,4.9718072289156625,4.962857142857142,4.951764705882352,4.932790697674418,4.914252873563218,4.904090909090908,4.89191011235955,4.877777777777777,4.869450549450549,4.862391304347826,4.859784946236559,4.846595744680851,4.817894736842105,4.77625,4.740618556701031,4.714897959183673,4.675555555555555,4.645,4.618019801980197,4.582745098039215,4.542330097087378,4.504615384615385,4.46,4.4266037735849055,4.403177570093458,4.382962962962963,4.367706422018348,4.3618181818181805,4.362342342342342,4.367321428571428,4.3660176991150434,4.369999999999999,4.363478260869565,4.363965517241379,4.369572649572649,4.375084745762712,4.38218487394958,4.3808333333333325,4.386115702479338,4.385573770491803,4.373658536585366,4.363548387096775,4.3511999999999995,4.336666666666667,4.324724409448819,4.31375,39.0,468.0,0.0,0.0,0.0,0.0,0.0,0.0,0.0,0.0,0.0,0.0,0.0,0.0,0.0,0.0,0.0,12.0,31.0,61.0,97.0,132.0,161.0,176.0,176.0,176.0,176.0,176.0,176.0,176.0,176.0,176.0,176.0,176.0,176.0,176.0,176.0,176.0,176.0,176.0,176.0,191.0,226.0,281.0,348.0,417.0,478.0,522.0,545.0,551.0,551.0,551.0,551.0,551.0,551.0,551.0,551.0,551.0,551.0,551.0,551.0,551.0,551.0,551.0,551.0,566.0,598.0,646.0,703.0,761.0,812.0,848.0,865.0,868.0,868.0,868.0,868.0,868.0,868.0,868.0,868.0,868.0,868.0,868.0,868.0,868.0,868.0,868.0,868.0,883.0,909.0,947.0,992.0,1037.0,1076.0,1101.0,1109.0,1109.0,1109.0,1109.0,1109.0,1109.0,1109.0,1109.0,1109.0,1109.0,1109.0,1109.0,1109.0,1109.0,1109.0,1109.0,1109.0,1124.0,1148.0,1184.0,1227.0,1271.0,1308.0,1331.0,1336.0,1336.0,1336.0,1336.0,1336.0,1336.0,1336.0,1336.0,1336.0,1336.0,74,November 15,Rennes
0.0031931695827410863,1.3091520030664652,0.9256163996446299,0.6309787752856688,0.6309787752856688,0.5732129702869735,0.8414181069766321,1.8027952687014899,1.8027952687014899,0.6487809797808577,1.096434383614602,2.026798803738038,2.026798803738038,0.4672284060276576,1.3335819372997704,3.9872825884499945,3.9872825884499945,0.6936156752344411,0.6752566440822526,10.513333333333334,-0.11626080125687353,0.11626080125687353,134.21052631578948,6.42,6.07,5.62,5.52,5.719999999999999,5.9366666666666665,6.2057142857142855,6.42,6.597777777777777,6.6899999999999995,6.801818181818181,6.8616666666666655,6.927692307692307,7.055714285714285,7.199999999999999,7.3575,7.578823529411765,7.814444444444443,8.025263157894736,8.169999999999998,8.224761904761905,8.27909090909091,8.311304347826086,8.315833333333334,8.296,8.246923076923077,8.175555555555555,8.094999999999999,8.023448275862068,8.006666666666666,8.016774193548386,8.01375,8.023030303030303,8.043529411764709,8.111428571428572,8.18666666666667,8.222702702702705,8.238421052631582,8.261025641025643,8.294999999999998,8.315121951219513,8.296190476190477,8.28279069767442,8.235909090909091,8.15777777777778,8.05913043478261,7.956170212765959,7.853333333333334,7.764897959183674,7.684000000000001,7.620000000000001,7.533461538461539,7.442641509433964,7.336666666666668,7.2272727272727275,7.148571428571428,7.069122807017544,7.035517241379311,7.006440677966102,6.996666666666668,6.9872131147541,6.990967741935484,7.010476190476191,7.0340625,7.063076923076922,7.085151515151515,7.115522388059702,7.136176470588237,7.133043478260871,7.11,7.073521126760563,7.035277777777777,6.996712328767123,6.967297297297298,6.942666666666666,6.916052631578947,6.873246753246753,6.8302564102564105,6.778227848101266,6.73625,6.699012345679012,6.6675609756097565,6.6477108433734955,6.624761904761905,6.600000000000001,6.580465116279069,6.560229885057472,6.547272727272728,6.542471910112358,6.532222222222222,6.524395604395603,6.504782608695653,6.474838709677419,6.440212765957447,6.393684210526316,6.340833333333333,6.277731958762886,6.203673469387755,6.137171717171718,6.063000000000001,5.989306930693069,5.927843137254902,5.870485436893205,5.817115384615385,5.769523809523809,5.736037735849057,5.721869158878505,5.707962962962963,5.692477064220184,5.670909090909092,5.649729729729731,5.635178571428571,5.619115044247787,5.601578947368421,5.588695652173913,5.576896551724138,5.568717948717948,5.552203389830508,5.523361344537815,5.484166666666666,5.449752066115702,5.423278688524589,5.385853658536584,5.355483870967741,5.328,5.293809523809522,5.255433070866142,5.21921875,56.333333333333336,676.0,0.0,0.0,0.0,0.0,0.0,0.0,0.0,0.0,0.0,0.0,0.0,0.0,0.0,0.0,0.0,16.0,58.0,124.0,204.0,288.0,365.0,424.0,458.0,468.0,468.0,468.0,468.0,468.0,468.0,468.0,468.0,468.0,468.0,468.0,468.0,468.0,468.0,468.0,468.0,480.0,499.0,529.0,565.0,600.0,629.0,644.0,644.0,644.0,644.0,644.0,644.0,644.0,644.0,644.0,644.0,644.0,644.0,644.0,644.0,644.0,644.0,644.0,644.0,659.0,694.0,749.0,816.0,885.0,946.0,990.0,1013.0,1019.0,1019.0,1019.0,1019.0,1019.0,1019.0,1019.0,1019.0,1019.0,1019.0,1019.0,1019.0,1019.0,1019.0,1019.0,1019.0,1034.0,1066.0,1114.0,1171.0,1229.0,1280.0,1316.0,1333.0,1336.0,1336.0,1336.0,1336.0,1336.0,1336.0,1336.0,1336.0,1336.0,1336.0,1336.0,1336.0,1336.0,1336.0,1336.0,1336.0,1351.0,1377.0,1415.0,1460.0,1505.0,1544.0,1569.0,1577.0,1577.0,1577.0,1577.0,1577.0,1577.0,1577.0,1577.0,1577.0,1577.0,75,November 16,Rennes
0.0031931695827410863,1.3091520030664652,0.9256163996446299,0.6309787752856688,0.6309787752856688,0.5732129702869735,0.8414181069766321,1.8027952687014899,1.8027952687014899,0.6487809797808577,1.096434383614602,2.026798803738038,2.026798803738038,0.4672284060276576,1.3335819372997704,3.9872825884499945,3.9872825884499945,0.6936156752344411,0.6752566440822526,9.846666666666666,-0.06378339692671285,0.06378339692671285,142.18009478672988,8.92,8.67,8.586666666666666,8.770000000000001,8.88,8.97,9.320000000000002,9.645,9.664444444444445,9.56,9.365454545454547,9.278333333333332,9.31230769230769,9.44142857142857,9.486666666666666,9.52,9.531764705882352,9.586666666666666,9.64631578947368,9.694999999999997,9.681904761904761,9.624545454545451,9.524347826086952,9.3825,9.264,9.127692307692307,8.964444444444442,8.830714285714285,8.75103448275862,8.693333333333332,8.66516129032258,8.641875,8.623030303030303,8.590588235294119,8.571428571428573,8.542222222222223,8.520000000000001,8.525263157894738,8.543076923076924,8.5725,8.634634146341464,8.710476190476191,8.78279069767442,8.831363636363637,8.842222222222222,8.854782608695654,8.858297872340428,8.849166666666667,8.828163265306122,8.792,8.743529411764706,8.68923076923077,8.638867924528302,8.61814814814815,8.612727272727273,8.600357142857144,8.595438596491228,8.597586206896553,8.628474576271188,8.665,8.67901639344262,8.681290322580644,8.688253968253969,8.702812499999999,8.70923076923077,8.69121212121212,8.676716417910445,8.640588235294118,8.583768115942027,8.512857142857142,8.438309859154927,8.363055555555555,8.296712328767123,8.234864864864864,8.184,8.117368421052632,8.047272727272727,7.966153846153845,7.882025316455696,7.81875,7.754567901234568,7.722439024390244,7.693493975903614,7.678333333333334,7.6635294117647055,7.658372093023255,7.664827586206895,7.674545454545453,7.688539325842696,7.697777777777778,7.713406593406593,7.722173913043478,7.7135483870967745,7.690212765957446,7.6568421052631574,7.622083333333333,7.58701030927835,7.558775510204081,7.534141414141413,7.507999999999999,7.4695049504950495,7.430784313725489,7.385048543689319,7.346923076923076,7.312380952380952,7.282264150943396,7.261121495327102,7.237592592592592,7.212660550458716,7.1918181818181806,7.17045045045045,7.154821428571428,7.145663716814159,7.132280701754385,7.12086956521739,7.100172413793103,7.071282051282052,7.03864406779661,6.996470588235293,6.949166666666666,6.893553719008263,6.829016393442622,6.77040650406504,6.705483870967742,6.6408000000000005,6.585873015873015,6.534173228346456,6.485625,22.75,273.0,0.0,0.0,0.0,0.0,0.0,0.0,0.0,0.0,0.0,0.0,0.0,0.0,0.0,0.0,0.0,18.0,76.0,167.0,279.0,398.0,509.0,599.0,656.0,676.0,676.0,676.0,676.0,676.0,676.0,676.0,676.0,676.0,676.0,676.0,676.0,676.0,676.0,676.0,676.0,692.0,734.0,800.0,880.0,964.0,1041.0,1100.0,1134.0,1144.0,1144.0,1144.0,1144.0,1144.0,1144.0,1144.0,1144.0,1144.0,1144.0,1144.0,1144.0,1144.0,1144.0,1144.0,1144.0,1156.0,1175.0,1205.0,1241.0,1276.0,1305.0,1320.0,1320.0,1320.0,1320.0,1320.0,1320.0,1320.0,1320.0,1320.0,1320.0,1320.0,1320.0,1320.0,1320.0,1320.0,1320.0,1320.0,1320.0,1335.0,1370.0,1425.0,1492.0,1561.0,1622.0,1666.0,1689.0,1695.0,1695.0,1695.0,1695.0,1695.0,1695.0,1695.0,1695.0,1695.0,1695.0,1695.0,1695.0,1695.0,1695.0,1695.0,1695.0,1710.0,1742.0,1790.0,1847.0,1905.0,1956.0,1992.0,2009.0,2012.0,2012.0,2012.0,2012.0,2012.0,2012.0,2012.0,2012.0,2012.0,76,November 17,Rennes
0.0031931695827410863,1.3091520030664652,0.9256163996446299,0.6309787752856688,0.6309787752856688,0.5732129702869735,0.8414181069766321,1.8027952687014899,1.8027952687014899,0.6487809797808577,1.096434383614602,2.026798803738038,2.026798803738038,0.4672284060276576,1.3335819372997704,3.9872825884499945,3.9872825884499945,0.6936156752344411,0.6752566440822526,14.121666666666664,-0.05977485473404276,0.05977485473404276,142.78885872772338,4.8199999999999985,4.719999999999999,5.253333333333332,5.42,5.639999999999999,5.753333333333333,6.048571428571428,6.5074999999999985,6.8199999999999985,6.959999999999999,7.047272727272727,7.153333333333332,7.304615384615383,7.398571428571428,7.519999999999999,7.638749999999999,7.8494117647058825,8.07,8.272631578947369,8.444999999999997,8.572380952380952,8.656363636363634,8.667826086956522,8.653333333333332,8.664,8.654615384615385,8.645925925925926,8.669999999999998,8.692413793103448,8.716666666666665,8.803870967741934,8.901250000000001,8.929090909090908,8.920000000000002,8.877142857142855,8.861666666666668,8.884864864864863,8.943684210526314,8.973846153846154,9.0,9.017560975609756,9.053333333333333,9.092093023255815,9.126818181818182,9.133333333333333,9.117826086956521,9.079574468085106,9.017916666666666,8.964897959183673,8.9,8.818039215686275,8.748846153846154,8.706792452830188,8.675555555555556,8.66,8.646785714285715,8.63578947368421,8.616551724137931,8.604745762711863,8.586666666666668,8.572459016393443,8.57483870967742,8.585079365079364,8.602812499999999,8.641538461538463,8.68969696969697,8.736417910447763,8.768529411764705,8.776521739130436,8.785714285714286,8.789014084507043,8.783888888888889,8.770684931506848,8.747027027027027,8.714666666666666,8.677894736842106,8.643376623376623,8.628974358974359,8.625063291139242,8.616249999999999,8.612592592592593,8.613902439024391,8.635662650602411,8.661666666666667,8.671764705882353,8.673488372093024,8.678620689655174,8.68931818181818,8.694157303370787,8.681111111111111,8.670549450549451,8.64391304347826,8.601720430107527,8.54872340425532,8.492631578947371,8.435625,8.384948453608247,8.33734693877551,8.29777777777778,8.246000000000002,8.191287128712872,8.127843137254903,8.061747572815536,8.011346153846153,7.960000000000001,7.933207547169812,7.9087850467289735,7.8950000000000005,7.881467889908257,7.875454545454546,7.87855855855856,7.884285714285714,7.893451327433628,7.8989473684210525,7.909565217391306,7.914827586206898,7.906324786324787,7.886101694915256,7.857815126050421,7.828333333333333,7.798512396694215,7.774098360655739,7.752520325203252,7.7296774193548385,7.6968000000000005,7.663650793650794,7.62472440944882,7.591875,13.0,156.0,0.0,0.0,0.0,0.0,0.0,0.0,0.0,0.0,0.0,0.0,0.0,0.0,0.0,0.0,0.0,12.0,39.0,82.0,133.0,185.0,230.0,260.0,272.0,273.0,273.0,273.0,273.0,273.0,273.0,273.0,273.0,273.0,273.0,273.0,273.0,273.0,273.0,273.0,273.0,291.0,349.0,440.0,552.0,671.0,782.0,872.0,929.0,949.0,949.0,949.0,949.0,949.0,949.0,949.0,949.0,949.0,949.0,949.0,949.0,949.0,949.0,949.0,949.0,965.0,1007.0,1073.0,1153.0,1237.0,1314.0,1373.0,1407.0,1417.0,1417.0,1417.0,1417.0,1417.0,1417.0,1417.0,1417.0,1417.0,1417.0,1417.0,1417.0,1417.0,1417.0,1417.0,1417.0,1429.0,1448.0,1478.0,1514.0,1549.0,1578.0,1593.0,1593.0,1593.0,1593.0,1593.0,1593.0,1593.0,1593.0,1593.0,1593.0,1593.0,1593.0,1593.0,1593.0,1593.0,1593.0,1593.0,1593.0,1608.0,1643.0,1698.0,1765.0,1834.0,1895.0,1939.0,1962.0,1968.0,1968.0,1968.0,1968.0,1968.0,1968.0,1968.0,1968.0,1968.0,77,November 18,Rennes
0.0031931695827410863,1.3091520030664652,0.9256163996446299,0.6309787752856688,0.6309787752856688,0.5732129702869735,0.8414181069766321,1.8027952687014899,1.8027952687014899,0.6487809797808577,1.096434383614602,2.026798803738038,2.026798803738038,0.4672284060276576,1.3335819372997704,3.9872825884499945,3.9872825884499945,0.6936156752344411,0.6752566440822526,14.28,-0.08964353959318613,0.08964353959318613,138.25280112044814,2.8200000000000003,3.0200000000000005,3.1200000000000006,3.22,3.5200000000000005,3.6366666666666667,4.02,4.42,4.697777777777778,4.819999999999999,4.983636363636363,5.161666666666666,5.312307692307693,5.248571428571428,5.226666666666665,5.251250000000001,5.296470588235294,5.347777777777777,5.419999999999999,5.4799999999999995,5.477142857142856,5.488181818181817,5.511304347826086,5.5200000000000005,5.491999999999999,5.458461538461538,5.4903703703703695,5.505714285714285,5.540689655172413,5.566666666666666,5.639354838709677,5.766875,5.874545454545454,5.943529411764705,5.999999999999999,6.064444444444444,6.147027027027027,6.212105263157894,6.289230769230769,6.3675,6.485853658536586,6.612857142857143,6.736279069767441,6.849545454545455,6.944444444444445,7.020000000000001,7.060425531914894,7.086666666666666,7.124081632653061,7.15,7.174901960784314,7.216153846153846,7.255849056603774,7.295925925925927,7.370909090909092,7.452142857142857,7.4936842105263155,7.513103448275863,7.511525423728814,7.525,7.560983606557378,7.618387096774194,7.658095238095238,7.694999999999999,7.726153846153846,7.7684848484848485,7.812537313432837,7.853823529411765,7.876521739130436,7.884285714285715,7.876338028169016,7.8519444444444435,7.832328767123288,7.803783783783784,7.762666666666667,7.72921052631579,7.713506493506496,7.704615384615386,7.706075949367091,7.70875,7.712592592592593,7.710243902439026,7.7127710843373505,7.710476190476191,7.710588235294119,7.72232558139535,7.73954022988506,7.762045454545455,7.799775280898877,7.844444444444446,7.88813186813187,7.921086956521741,7.936129032258067,7.951914893617024,7.963157894736844,7.9679166666666665,7.966391752577319,7.956734693877552,7.940202020202022,7.92,7.901188118811882,7.897450980392159,7.901553398058255,7.901730769230769,7.905714285714286,7.913396226415095,7.936822429906542,7.963518518518519,7.977798165137616,7.985454545454546,7.9956756756756775,8.01017857142857,8.02,8.01561403508772,8.01304347826087,7.9975862068965515,7.969572649572651,7.932711864406781,7.893109243697481,7.8525,7.816694214876033,7.783114754098361,7.755772357723578,7.718387096774195,7.678400000000002,7.631111111111113,7.581417322834648,7.54421875,41.916666666666664,503.0,0.0,0.0,0.0,0.0,0.0,0.0,0.0,0.0,0.0,0.0,0.0,0.0,0.0,0.0,0.0,11.0,29.0,56.0,88.0,119.0,144.0,156.0,156.0,156.0,156.0,156.0,156.0,156.0,156.0,156.0,156.0,156.0,156.0,156.0,156.0,156.0,156.0,156.0,156.0,168.0,195.0,238.0,289.0,341.0,386.0,416.0,428.0,429.0,429.0,429.0,429.0,429.0,429.0,429.0,429.0,429.0,429.0,429.0,429.0,429.0,429.0,429.0,429.0,447.0,505.0,596.0,708.0,827.0,938.0,1028.0,1085.0,1105.0,1105.0,1105.0,1105.0,1105.0,1105.0,1105.0,1105.0,1105.0,1105.0,1105.0,1105.0,1105.0,1105.0,1105.0,1105.0,1121.0,1163.0,1229.0,1309.0,1393.0,1470.0,1529.0,1563.0,1573.0,1573.0,1573.0,1573.0,1573.0,1573.0,1573.0,1573.0,1573.0,1573.0,1573.0,1573.0,1573.0,1573.0,1573.0,1573.0,1585.0,1604.0,1634.0,1670.0,1705.0,1734.0,1749.0,1749.0,1749.0,1749.0,1749.0,1749.0,1749.0,1749.0,1749.0,1749.0,1749.0,78,November 19,Rennes
0.0031931695827410863,1.3091520030664652,0.9256163996446299,0.6309787752856688,0.6309787752856688,0.5732129702869735,0.8414181069766321,1.8027952687014899,1.8027952687014899,0.6487809797808577,1.096434383614602,2.026798803738038,2.026798803738038,0.4672284060276576,1.3335819372997704,3.9872825884499945,3.9872825884499945,0.6936156752344411,0.6752566440822526,10.738333333333333,0.02986587181683852,0.02986587181683852,156.40229706658388,4.8199999999999985,4.27,4.586666666666666,4.869999999999999,5.099999999999999,5.27,5.491428571428571,5.632499999999999,5.697777777777777,5.729999999999999,5.847272727272727,5.895,5.935384615384614,5.884285714285713,5.853333333333333,5.882499999999999,5.896470588235293,5.925555555555555,5.956842105263156,5.989999999999999,5.962857142857142,5.924545454545455,5.867826086956521,5.8075,5.688,5.593076923076922,5.5088888888888885,5.437857142857142,5.413103448275863,5.373333333333333,5.403870967741935,5.460625,5.504848484848484,5.517058823529412,5.548571428571428,5.592222222222222,5.633513513513513,5.601578947368421,5.584102564102564,5.584999999999999,5.595609756097561,5.61047619047619,5.636279069767442,5.658636363636363,5.653333333333333,5.654782608695652,5.662553191489363,5.66375,5.646530612244898,5.626,5.639607843137256,5.6450000000000005,5.661509433962265,5.673703703703705,5.712727272727274,5.784285714285715,5.8463157894736835,5.887241379310344,5.921694915254238,5.961666666666669,6.01344262295082,6.055483870967742,6.105714285714286,6.1575,6.235384615384616,6.32,6.4035820895522395,6.4817647058823535,6.548985507246377,6.604285714285714,6.636901408450704,6.660277777777777,6.691232876712328,6.714594594594594,6.737333333333334,6.771315789473686,6.804415584415585,6.83794871794872,6.895949367088608,6.95875,6.994074074074075,7.01390243902439,7.0187951807228925,7.034285714285716,7.065882352941178,7.113023255813955,7.147586206896554,7.180227272727271,7.208764044943821,7.245555555555556,7.283736263736264,7.320000000000002,7.3425806451612905,7.354042553191491,7.3536842105263185,7.340833333333333,7.331340206185567,7.314897959183674,7.288686868686869,7.268000000000002,7.260594059405943,7.2582352941176485,7.263689320388352,7.2700000000000005,7.277142857142858,7.279433962264152,7.2854205607476645,7.287592592592593,7.291559633027524,7.304545454545456,7.321801801801803,7.343214285714285,7.376637168141594,7.41561403508772,7.453913043478262,7.483793103448277,7.499487179487181,7.515762711864408,7.528403361344539,7.535833333333333,7.538181818181818,7.533934426229508,7.524065040650408,7.511129032258065,7.499200000000001,7.49936507936508,7.5058267716535445,7.509062500000001,8.583333333333334,103.0,0.0,0.0,0.0,0.0,0.0,0.0,0.0,0.0,0.0,0.0,0.0,0.0,0.0,0.0,0.0,14.0,58.0,129.0,216.0,307.0,390.0,454.0,492.0,503.0,503.0,503.0,503.0,503.0,503.0,503.0,503.0,503.0,503.0,503.0,503.0,503.0,503.0,503.0,503.0,514.0,532.0,559.0,591.0,622.0,647.0,659.0,659.0,659.0,659.0,659.0,659.0,659.0,659.0,659.0,659.0,659.0,659.0,659.0,659.0,659.0,659.0,659.0,659.0,671.0,698.0,741.0,792.0,844.0,889.0,919.0,931.0,932.0,932.0,932.0,932.0,932.0,932.0,932.0,932.0,932.0,932.0,932.0,932.0,932.0,932.0,932.0,932.0,950.0,1008.0,1099.0,1211.0,1330.0,1441.0,1531.0,1588.0,1608.0,1608.0,1608.0,1608.0,1608.0,1608.0,1608.0,1608.0,1608.0,1608.0,1608.0,1608.0,1608.0,1608.0,1608.0,1608.0,1624.0,1666.0,1732.0,1812.0,1896.0,1973.0,2032.0,2066.0,2076.0,2076.0,2076.0,2076.0,2076.0,2076.0,2076.0,2076.0,2076.0,79,November 20,Rennes
0.0031931695827410863,1.3091520030664652,0.9256163996446299,0.6309787752856688,0.6309787752856688,0.5732129702869735,0.8414181069766321,1.8027952687014899,1.8027952687014899,0.6487809797808577,1.096434383614602,2.026798803738038,2.026798803738038,0.4672284060276576,1.3335819372997704,3.9872825884499945,3.9872825884499945,0.6936156752344411,0.6752566440822526,10.905,-0.1342643526440941,0.1342643526440941,131.47638697845025,8.22,8.57,9.053333333333333,9.395,9.7,9.87,10.062857142857142,10.1075,10.042222222222222,9.92,9.82,9.745,9.72,9.620000000000001,9.586666666666666,9.645,9.725882352941175,9.814444444444444,9.841052631578947,9.84,9.79142857142857,9.724545454545455,9.659130434782607,9.503333333333334,9.316,9.100769230769231,8.957037037037038,8.84142857142857,8.744137931034482,8.656666666666666,8.59741935483871,8.535625,8.465454545454547,8.393529411764707,8.354285714285716,8.300555555555556,8.249729729729731,8.170000000000002,8.099487179487182,8.055000000000001,8.007804878048782,7.9700000000000015,7.936279069767443,7.906363636363637,7.851111111111111,7.791739130434785,7.724255319148938,7.6554166666666665,7.556734693877551,7.4700000000000015,7.388627450980392,7.31423076923077,7.265283018867924,7.20888888888889,7.192727272727274,7.193214285714285,7.188421052631579,7.166551724137931,7.1572881355932205,7.156666666666666,7.156065573770492,7.11193548387097,7.077142857142858,7.054375,7.038461538461538,7.026060606060607,7.021492537313434,7.015588235294119,6.992463768115943,6.974285714285716,6.960845070422536,6.943611111111111,6.914520547945205,6.883513513513514,6.8759999999999994,6.863421052631579,6.858961038961039,6.852051282051282,6.864303797468356,6.9,6.929876543209877,6.945609756097562,6.95734939759036,6.973571428571428,6.998823529411764,7.01767441860465,7.042988505747125,7.069999999999999,7.116629213483147,7.168888888888888,7.2210989010989,7.269999999999998,7.311397849462364,7.3444680851063815,7.3610526315789455,7.371041666666666,7.387010309278351,7.397551020408162,7.407878787878786,7.426999999999998,7.445742574257425,7.465098039215684,7.5034951456310655,7.545961538461539,7.567619047619047,7.57754716981132,7.576074766355139,7.582962962962961,7.602568807339447,7.634545454545453,7.656936936936935,7.678035714285714,7.696106194690264,7.720877192982456,7.74695652173913,7.771724137931034,7.785811965811964,7.791186440677965,7.787226890756302,7.7733333333333325,7.762148760330579,7.745409836065574,7.720813008130081,7.700645161290321,7.6911999999999985,7.685873015873016,7.686929133858268,7.688750000000001,45.583333333333336,547.0,0.0,0.0,0.0,0.0,0.0,0.0,0.0,0.0,0.0,0.0,0.0,0.0,0.0,0.0,0.0,9.0,22.0,42.0,65.0,86.0,100.0,103.0,103.0,103.0,103.0,103.0,103.0,103.0,103.0,103.0,103.0,103.0,103.0,103.0,103.0,103.0,103.0,103.0,103.0,117.0,161.0,232.0,319.0,410.0,493.0,557.0,595.0,606.0,606.0,606.0,606.0,606.0,606.0,606.0,606.0,606.0,606.0,606.0,606.0,606.0,606.0,606.0,606.0,617.0,635.0,662.0,694.0,725.0,750.0,762.0,762.0,762.0,762.0,762.0,762.0,762.0,762.0,762.0,762.0,762.0,762.0,762.0,762.0,762.0,762.0,762.0,762.0,774.0,801.0,844.0,895.0,947.0,992.0,1022.0,1034.0,1035.0,1035.0,1035.0,1035.0,1035.0,1035.0,1035.0,1035.0,1035.0,1035.0,1035.0,1035.0,1035.0,1035.0,1035.0,1035.0,1053.0,1111.0,1202.0,1314.0,1433.0,1544.0,1634.0,1691.0,1711.0,1711.0,1711.0,1711.0,1711.0,1711.0,1711.0,1711.0,1711.0,80,November 21,Rennes
0.0031931695827410863,1.3091520030664652,0.9256163996446299,0.6309787752856688,0.6309787752856688,0.5732129702869735,0.8414181069766321,1.8027952687014899,1.8027952687014899,0.6487809797808577,1.096434383614602,2.026798803738038,2.026798803738038,0.4672284060276576,1.3335819372997704,3.9872825884499945,3.9872825884499945,0.6936156752344411,0.6752566440822526,8.771666666666668,0.008539913791794494,0.008539913791794494,153.1635949078472,10.92,11.32,11.453333333333333,11.145000000000001,10.6,10.12,9.705714285714285,9.282499999999999,8.931111111111111,8.709999999999999,8.62,8.595,8.558461538461538,8.505714285714285,8.44,8.50125,8.63764705882353,8.742222222222221,8.819999999999999,8.84,8.84380952380952,8.833636363636362,8.841739130434782,8.845,8.819999999999999,8.823846153846151,8.868148148148148,8.923571428571426,8.992413793103447,9.05,9.120000000000001,9.160625,9.171515151515152,9.161176470588238,9.151428571428573,9.145000000000003,9.152432432432436,9.130526315789478,9.130256410256415,9.165000000000001,9.210243902439025,9.26047619047619,9.285116279069769,9.297272727272729,9.286666666666669,9.265652173913047,9.243404255319152,9.174166666666666,9.08530612244898,8.978000000000002,8.904313725490198,8.843076923076925,8.789811320754719,8.740370370370373,8.705454545454549,8.668214285714285,8.625263157894738,8.580344827586208,8.553898305084747,8.518333333333334,8.48393442622951,8.431290322580647,8.383492063492065,8.35125,8.316923076923075,8.288181818181817,8.26179104477612,8.237647058823528,8.196811594202899,8.152857142857142,8.103098591549296,8.051944444444445,7.980273972602741,7.915945945945945,7.854666666666667,7.797631578947368,7.757662337662338,7.712307692307691,7.694683544303797,7.688749999999999,7.679259259259258,7.65780487804878,7.645301204819278,7.639047619047618,7.632941176470588,7.595581395348837,7.5648275862068965,7.542727272727273,7.525617977528088,7.51111111111111,7.502417582417581,7.492826086956522,7.470537634408602,7.451914893617022,7.436842105263158,7.418958333333333,7.392164948453608,7.3638775510204075,7.353333333333333,7.3389999999999995,7.330891089108911,7.320980392156863,7.325825242718446,7.348846153846154,7.367619047619047,7.37566037735849,7.380747663551401,7.389444444444445,7.405321100917432,7.416363636363636,7.432612612612613,7.450357142857143,7.483716814159291,7.521754385964911,7.56,7.595862068965517,7.625982905982906,7.649661016949152,7.660336134453781,7.665833333333333,7.676198347107436,7.6822950819672124,7.688292682926829,7.701451612903225,7.714399999999999,7.727936507936507,7.757007874015747,7.789531249999999,6.166666666666667,74.0,0.0,0.0,0.0,0.0,0.0,0.0,0.0,0.0,0.0,0.0,0.0,0.0,0.0,0.0,0.0,14.0,61.0,137.0,231.0,330.0,422.0,493.0,535.0,547.0,547.0,547.0,547.0,547.0,547.0,547.0,547.0,547.0,547.0,547.0,547.0,547.0,547.0,547.0,547.0,556.0,569.0,589.0,612.0,633.0,647.0,650.0,650.0,650.0,650.0,650.0,650.0,650.0,650.0,650.0,650.0,650.0,650.0,650.0,650.0,650.0,650.0,650.0,650.0,664.0,708.0,779.0,866.0,957.0,1040.0,1104.0,1142.0,1153.0,1153.0,1153.0,1153.0,1153.0,1153.0,1153.0,1153.0,1153.0,1153.0,1153.0,1153.0,1153.0,1153.0,1153.0,1153.0,1164.0,1182.0,1209.0,1241.0,1272.0,1297.0,1309.0,1309.0,1309.0,1309.0,1309.0,1309.0,1309.0,1309.0,1309.0,1309.0,1309.0,1309.0,1309.0,1309.0,1309.0,1309.0,1309.0,1309.0,1321.0,1348.0,1391.0,1442.0,1494.0,1539.0,1569.0,1581.0,1582.0,1582.0,1582.0,1582.0,1582.0,1582.0,1582.0,1582.0,1582.0,81,November 22,Rennes
0.0031931695827410863,1.3091520030664652,0.9256163996446299,0.6309787752856688,0.6309787752856688,0.5732129702869735,0.8414181069766321,1.8027952687014899,1.8027952687014899,0.6487809797808577,1.096434383614602,2.026798803738038,2.026798803738038,0.4672284060276576,1.3335819372997704,3.9872825884499945,3.9872825884499945,0.6936156752344411,0.6752566440822526,7.996666666666667,-0.02628985372526841,0.02628985372526841,147.8741142142559,8.22,8.47,8.586666666666666,8.77,8.86,9.053333333333333,9.062857142857142,9.120000000000001,9.253333333333334,9.39,9.547272727272725,9.711666666666666,9.943076923076923,10.09142857142857,10.166666666666666,10.26375,10.378823529411765,10.436666666666667,10.498947368421051,10.579999999999998,10.577142857142857,10.506363636363636,10.476521739130435,10.469999999999999,10.488,10.535384615384618,10.579259259259262,10.566428571428572,10.49241379310345,10.4,10.297419354838711,10.173124999999999,10.05030303030303,9.952352941176471,9.888571428571431,9.845,9.79837837837838,9.746315789473684,9.68923076923077,9.6825,9.710243902439025,9.72952380952381,9.74093023255814,9.72909090909091,9.711111111111112,9.687391304347827,9.673191489361702,9.657499999999999,9.628163265306123,9.614,9.621960784313726,9.637307692307692,9.661509433962266,9.681111111111111,9.70909090909091,9.721785714285716,9.718245614035089,9.702758620689655,9.687796610169492,9.675000000000004,9.67081967213115,9.649032258064517,9.640634920634923,9.654375,9.675384615384617,9.700303030303031,9.709552238805971,9.711176470588237,9.69826086956522,9.678571428571432,9.658028169014086,9.606111111111112,9.54054794520548,9.461891891891893,9.405333333333335,9.35684210526316,9.313506493506496,9.272564102564106,9.241518987341774,9.20875,9.171851851851851,9.133414634146343,9.107951807228918,9.075952380952382,9.044705882352943,9.000232558139537,8.959080459770117,8.92909090909091,8.897528089887642,8.870000000000001,8.844175824175824,8.820000000000002,8.783440860215055,8.744468085106384,8.70105263157895,8.656458333333333,8.596288659793816,8.54142857142857,8.48868686868687,8.439,8.402178217821783,8.361176470588237,8.341359223300971,8.330576923076922,8.317142857142857,8.294528301886793,8.278878504672898,8.268148148148148,8.257614678899085,8.222727272727274,8.192972972972974,8.17,8.150973451327435,8.134035087719298,8.121739130434783,8.108793103448276,8.085811965811967,8.065762711864407,8.04857142857143,8.029166666666667,8.002644628099175,7.974918032786886,7.961463414634147,7.945,7.933600000000001,7.9207936507936525,7.920000000000001,7.9340625,20.083333333333332,241.0,0.0,0.0,0.0,0.0,0.0,0.0,0.0,0.0,0.0,0.0,0.0,0.0,0.0,0.0,0.0,10.0,20.0,35.0,52.0,66.0,74.0,74.0,74.0,74.0,74.0,74.0,74.0,74.0,74.0,74.0,74.0,74.0,74.0,74.0,74.0,74.0,74.0,74.0,74.0,88.0,135.0,211.0,305.0,404.0,496.0,567.0,609.0,621.0,621.0,621.0,621.0,621.0,621.0,621.0,621.0,621.0,621.0,621.0,621.0,621.0,621.0,621.0,621.0,630.0,643.0,663.0,686.0,707.0,721.0,724.0,724.0,724.0,724.0,724.0,724.0,724.0,724.0,724.0,724.0,724.0,724.0,724.0,724.0,724.0,724.0,724.0,724.0,738.0,782.0,853.0,940.0,1031.0,1114.0,1178.0,1216.0,1227.0,1227.0,1227.0,1227.0,1227.0,1227.0,1227.0,1227.0,1227.0,1227.0,1227.0,1227.0,1227.0,1227.0,1227.0,1227.0,1238.0,1256.0,1283.0,1315.0,1346.0,1371.0,1383.0,1383.0,1383.0,1383.0,1383.0,1383.0,1383.0,1383.0,1383.0,1383.0,1383.0,82,November 23,Rennes
0.0031931695827410863,1.3091520030664652,0.9256163996446299,0.6309787752856688,0.6309787752856688,0.5732129702869735,0.8414181069766321,1.8027952687014899,1.8027952687014899,0.6487809797808577,1.096434383614602,2.026798803738038,2.026798803738038,0.4672284060276576,1.3335819372997704,3.9872825884499945,3.9872825884499945,0.6936156752344411,0.6752566440822526,10.455,-0.17268455595261947,0.17268455595261947,125.64163876932886,8.42,9.02,9.686666666666667,10.045,10.02,10.036666666666665,10.005714285714285,10.157499999999999,10.231111111111112,10.27,10.183636363636364,10.195,10.32,10.462857142857143,10.626666666666667,10.80125,10.990588235294116,11.186666666666667,11.35684210526316,11.445,11.42952380952381,11.32,11.202608695652176,11.099166666666667,10.984000000000002,10.896923076923077,10.82,10.766428571428571,10.713103448275863,10.69,10.639354838709677,10.604375000000001,10.595757575757576,10.596470588235295,10.611428571428572,10.636666666666667,10.692972972972974,10.727894736842108,10.740512820512821,10.765,10.800487804878049,10.815238095238096,10.833953488372092,10.863181818181818,10.855555555555556,10.815652173913044,10.794468085106383,10.784583333333332,10.787346938775508,10.806,10.823921568627451,10.81230769230769,10.767169811320754,10.710740740740741,10.647272727272728,10.570000000000002,10.491929824561405,10.426896551724138,10.381016949152542,10.346666666666666,10.310163934426228,10.269999999999998,10.226349206349207,10.213750000000001,10.223076923076922,10.227575757575757,10.227462686567165,10.212647058823528,10.19391304347826,10.171428571428569,10.155211267605633,10.138055555555557,10.111780821917808,10.095675675675675,10.094666666666665,10.098947368421051,10.109610389610387,10.117435897435897,10.13139240506329,10.135,10.127407407407407,10.111463414634146,10.09590361445783,10.081904761904761,10.074117647058824,10.053720930232558,10.042988505747127,10.048409090909091,10.05932584269663,10.073333333333332,10.076043956043957,10.073260869565216,10.059784946236558,10.04127659574468,10.022105263157894,9.979375,9.92618556701031,9.862857142857143,9.815959595959596,9.774999999999999,9.737821782178218,9.702352941176471,9.674368932038835,9.645,9.612380952380953,9.578490566037734,9.554579439252336,9.525555555555556,9.497064220183487,9.458181818181819,9.4218018018018,9.394107142857143,9.365132743362834,9.339298245614033,9.314782608695653,9.29155172413793,9.258461538461539,9.223389830508472,9.18470588235294,9.145000000000001,9.092727272727275,9.044590163934426,8.998048780487805,8.953870967741933,8.92,8.882698412698412,8.862519685039368,8.8496875,54.166666666666664,650.0,0.0,0.0,0.0,0.0,0.0,0.0,0.0,0.0,0.0,0.0,0.0,0.0,0.0,0.0,0.0,11.0,36.0,75.0,121.0,167.0,206.0,232.0,241.0,241.0,241.0,241.0,241.0,241.0,241.0,241.0,241.0,241.0,241.0,241.0,241.0,241.0,241.0,241.0,241.0,251.0,261.0,276.0,293.0,307.0,315.0,315.0,315.0,315.0,315.0,315.0,315.0,315.0,315.0,315.0,315.0,315.0,315.0,315.0,315.0,315.0,315.0,315.0,315.0,329.0,376.0,452.0,546.0,645.0,737.0,808.0,850.0,862.0,862.0,862.0,862.0,862.0,862.0,862.0,862.0,862.0,862.0,862.0,862.0,862.0,862.0,862.0,862.0,871.0,884.0,904.0,927.0,948.0,962.0,965.0,965.0,965.0,965.0,965.0,965.0,965.0,965.0,965.0,965.0,965.0,965.0,965.0,965.0,965.0,965.0,965.0,965.0,979.0,1023.0,1094.0,1181.0,1272.0,1355.0,1419.0,1457.0,1468.0,1468.0,1468.0,1468.0,1468.0,1468.0,1468.0,1468.0,1468.0,83,November 24,Rennes
0.0031931695827410863,1.3091520030664652,0.9256163996446299,0.6309787752856688,0.6309787752856688,0.5732129702869735,0.8414181069766321,1.8027952687014899,1.8027952687014899,0.6487809797808577,1.096434383614602,2.026798803738038,2.026798803738038,0.4672284060276576,1.3335819372997704,3.9872825884499945,3.9872825884499945,0.6936156752344411,0.6752566440822526,11.796666666666667,-0.04545698117130074,0.04545698117130074,144.9632664594518,9.32,9.370000000000001,9.520000000000001,9.17,8.56,8.07,7.62,7.357500000000001,7.231111111111113,7.17,7.156363636363636,7.2700000000000005,7.458461538461539,7.591428571428572,7.746666666666668,7.9325,8.143529411764705,8.336666666666666,8.430526315789473,8.499999999999998,8.505714285714285,8.483636363636364,8.454782608695652,8.4075,8.408,8.454615384615384,8.549629629629628,8.641428571428571,8.685517241379308,8.733333333333333,8.768387096774193,8.844999999999999,8.904848484848484,8.955294117647059,8.965714285714286,9.003333333333336,9.079459459459459,9.164736842105265,9.261025641025643,9.365,9.478536585365854,9.598571428571429,9.710697674418606,9.788181818181819,9.817777777777778,9.800434782608697,9.775319148936171,9.753333333333334,9.72204081632653,9.702,9.684705882352942,9.677692307692308,9.669056603773585,9.675555555555556,9.665454545454546,9.662857142857144,9.674385964912283,9.690689655172415,9.71491525423729,9.745000000000001,9.793770491803281,9.829677419354839,9.851746031746032,9.8809375,9.916923076923077,9.93969696969697,9.964776119402984,9.996470588235294,10.004057971014493,9.99,9.987605633802817,9.992222222222221,10.004931506849315,10.028108108108109,10.050666666666668,10.052894736842106,10.031688311688313,10.002051282051283,9.966835443037976,9.92125,9.874320987654322,9.835853658536585,9.810361445783133,9.792619047619048,9.772941176470589,9.750232558139537,9.724597701149426,9.721136363636363,9.733483146067417,9.742222222222223,9.747472527472528,9.741739130434784,9.732903225806453,9.721063829787235,9.713684210526317,9.705416666666666,9.690103092783506,9.682244897959183,9.685656565656565,9.693,9.705148514851485,9.715098039215686,9.729708737864078,9.736346153846153,9.734285714285713,9.725660377358489,9.717196261682243,9.709814814814816,9.707155963302752,9.694545454545453,9.689369369369365,9.696785714285713,9.708495575221239,9.722631578947368,9.727826086956522,9.728620689655171,9.720854700854698,9.708983050847454,9.696470588235291,9.665,9.62495867768595,9.57655737704918,9.541138211382114,9.510322580645159,9.482399999999998,9.455714285714283,9.434960629921259,9.41296875,7.083333333333333,85.0,0.0,0.0,0.0,0.0,0.0,0.0,0.0,0.0,0.0,0.0,0.0,0.0,0.0,0.0,0.0,12.0,67.0,157.0,268.0,386.0,496.0,583.0,636.0,650.0,650.0,650.0,650.0,650.0,650.0,650.0,650.0,650.0,650.0,650.0,650.0,650.0,650.0,650.0,650.0,661.0,686.0,725.0,771.0,817.0,856.0,882.0,891.0,891.0,891.0,891.0,891.0,891.0,891.0,891.0,891.0,891.0,891.0,891.0,891.0,891.0,891.0,891.0,891.0,901.0,911.0,926.0,943.0,957.0,965.0,965.0,965.0,965.0,965.0,965.0,965.0,965.0,965.0,965.0,965.0,965.0,965.0,965.0,965.0,965.0,965.0,965.0,965.0,979.0,1026.0,1102.0,1196.0,1295.0,1387.0,1458.0,1500.0,1512.0,1512.0,1512.0,1512.0,1512.0,1512.0,1512.0,1512.0,1512.0,1512.0,1512.0,1512.0,1512.0,1512.0,1512.0,1512.0,1521.0,1534.0,1554.0,1577.0,1598.0,1612.0,1615.0,1615.0,1615.0,1615.0,1615.0,1615.0,1615.0,1615.0,1615.0,1615.0,1615.0,84,November 25,Rennes
0.0031931695827410863,1.3091520030664652,0.9256163996446299,0.6309787752856688,0.6309787752856688,0.5732129702869735,0.8414181069766321,1.8027952687014899,1.8027952687014899,0.6487809797808577,1.096434383614602,2.026798803738038,2.026798803738038,0.4672284060276576,1.3335819372997704,3.9872825884499945,3.9872825884499945,0.6936156752344411,0.6752566440822526,8.813333333333334,-0.07424117952552821,0.07424117952552821,140.59190620272312,8.520000000000001,8.27,7.82,7.495000000000001,7.2,7.103333333333333,6.905714285714285,6.7825,6.753333333333334,6.6899999999999995,6.619999999999999,6.628333333333333,6.666153846153845,6.798571428571428,6.879999999999999,6.95125,6.984705882352941,6.992222222222221,6.9936842105263155,6.985000000000001,7.01047619047619,7.1427272727272735,7.302608695652175,7.415833333333334,7.492000000000001,7.566153846153847,7.64962962962963,7.666428571428573,7.613103448275863,7.546666666666668,7.4619354838709695,7.40125,7.365454545454545,7.343529411764706,7.334285714285714,7.367222222222221,7.430810810810811,7.480526315789473,7.543076923076922,7.6225,7.717560975609755,7.81047619047619,7.8641860465116284,7.908636363636362,7.924444444444442,7.9265217391304335,7.924255319148936,7.911666666666666,7.92204081632653,7.9559999999999995,8.016078431372549,8.075769230769229,8.110566037735849,8.147777777777776,8.178181818181818,8.2325,8.277894736842105,8.318275862068964,8.335254237288135,8.368333333333332,8.424918032786884,8.487741935483871,8.558095238095238,8.634062499999999,8.716923076923075,8.804848484848483,8.888656716417907,8.950882352941177,8.982318840579708,8.98285714285714,8.977746478873238,8.974166666666667,8.963835616438354,8.96054054054054,8.958666666666664,8.963421052631576,8.966753246753244,8.980256410256407,8.982025316455696,8.98875,9.005185185185185,9.024878048780486,9.05012048192771,9.07952380952381,9.12235294117647,9.156046511627904,9.179770114942528,9.208636363636364,9.242471910112359,9.266666666666667,9.292527472527471,9.323260869565216,9.336129032258063,9.332765957446806,9.337894736842104,9.348125,9.364329896907215,9.388367346938775,9.411919191919191,9.419999999999998,9.41009900990099,9.393529411764705,9.372427184466018,9.343076923076923,9.312380952380952,9.287924528301886,9.273271028037382,9.264444444444443,9.253944954128439,9.240909090909089,9.225405405405406,9.227142857142857,9.241238938053097,9.252456140350876,9.26086956521739,9.260517241379311,9.257606837606838,9.252203389830507,9.250252100840337,9.2475,9.23900826446281,9.23639344262295,9.242764227642278,9.252258064516129,9.265600000000001,9.277142857142854,9.29244094488189,9.30125,47.166666666666664,566.0,0.0,0.0,0.0,0.0,0.0,0.0,0.0,0.0,0.0,0.0,0.0,0.0,0.0,0.0,0.0,9.0,20.0,37.0,57.0,75.0,85.0,85.0,85.0,85.0,85.0,85.0,85.0,85.0,85.0,85.0,85.0,85.0,85.0,85.0,85.0,85.0,85.0,85.0,85.0,97.0,152.0,242.0,353.0,471.0,581.0,668.0,721.0,735.0,735.0,735.0,735.0,735.0,735.0,735.0,735.0,735.0,735.0,735.0,735.0,735.0,735.0,735.0,735.0,746.0,771.0,810.0,856.0,902.0,941.0,967.0,976.0,976.0,976.0,976.0,976.0,976.0,976.0,976.0,976.0,976.0,976.0,976.0,976.0,976.0,976.0,976.0,976.0,986.0,996.0,1011.0,1028.0,1042.0,1050.0,1050.0,1050.0,1050.0,1050.0,1050.0,1050.0,1050.0,1050.0,1050.0,1050.0,1050.0,1050.0,1050.0,1050.0,1050.0,1050.0,1050.0,1050.0,1064.0,1111.0,1187.0,1281.0,1380.0,1472.0,1543.0,1585.0,1597.0,1597.0,1597.0,1597.0,1597.0,1597.0,1597.0,1597.0,1597.0,85,November 26,Rennes
0.0031931695827410863,1.3091520030664652,0.9256163996446299,0.6309787752856688,0.6309787752856688,0.5732129702869735,0.8414181069766321,1.8027952687014899,1.8027952687014899,0.6487809797808577,1.096434383614602,2.026798803738038,2.026798803738038,0.4672284060276576,1.3335819372997704,3.9872825884499945,3.9872825884499945,0.6936156752344411,0.6752566440822526,13.696666666666667,-0.06998193007020527,0.06998193007020527,141.23874422000483,3.3200000000000003,3.5700000000000003,3.3533333333333335,3.3200000000000003,3.2,3.1700000000000004,3.3200000000000003,3.5825000000000005,3.7977777777777777,3.87,4.001818181818181,4.261666666666667,4.704615384615384,5.219999999999999,5.686666666666666,6.07,6.449411764705881,6.786666666666666,7.072631578947369,7.269999999999999,7.381904761904759,7.524545454545453,7.628695652173912,7.724166666666666,7.755999999999999,7.766153846153845,7.734814814814813,7.691428571428571,7.633793103448275,7.6,7.539354838709676,7.4887500000000005,7.459393939393938,7.419999999999999,7.377142857142857,7.358888888888888,7.352432432432433,7.383157894736843,7.399487179487182,7.415000000000001,7.417560975609755,7.4104761904761896,7.401395348837208,7.388181818181818,7.391111111111112,7.4460869565217385,7.517872340425533,7.569999999999999,7.605714285714286,7.6419999999999995,7.684705882352941,7.693076923076924,7.663396226415096,7.6255555555555565,7.576363636363638,7.539642857142858,7.5164912280701754,7.5010344827586195,7.492881355932203,7.510000000000001,7.5462295081967214,7.57483870967742,7.612063492063492,7.660625,7.72,7.779090909090908,7.8140298507462695,7.843529411764706,7.854782608695654,7.8571428571428585,7.85661971830986,7.849166666666666,7.856986301369864,7.880810810810812,7.922666666666667,7.964736842105264,7.990129870129872,8.017435897435897,8.040253164556963,8.080000000000002,8.113827160493827,8.144390243902441,8.15855421686747,8.184285714285716,8.227058823529413,8.274651162790699,8.328045977011495,8.38590909090909,8.44921348314607,8.516666666666667,8.581538461538463,8.630869565217392,8.657634408602151,8.66148936170213,8.661052631578949,8.661666666666667,8.657113402061855,8.657755102040817,8.659393939393938,8.666,8.671485148514853,8.684705882352942,8.688932038834952,8.696923076923076,8.712380952380952,8.730377358490566,8.752710280373833,8.778333333333334,8.814495412844037,8.843636363636364,8.865045045045045,8.890535714285713,8.92,8.941929824561404,8.965217391304346,8.992413793103447,9.005470085470085,9.005593220338982,9.012436974789914,9.023333333333333,9.039008264462808,9.060983606557375,9.08260162601626,9.091774193548387,9.0864,9.075555555555555,9.060944881889764,9.03953125,27.916666666666668,335.0,0.0,0.0,0.0,0.0,0.0,0.0,0.0,0.0,0.0,0.0,0.0,0.0,0.0,0.0,0.0,11.0,60.0,139.0,238.0,342.0,438.0,513.0,557.0,566.0,566.0,566.0,566.0,566.0,566.0,566.0,566.0,566.0,566.0,566.0,566.0,566.0,566.0,566.0,566.0,575.0,586.0,603.0,623.0,641.0,651.0,651.0,651.0,651.0,651.0,651.0,651.0,651.0,651.0,651.0,651.0,651.0,651.0,651.0,651.0,651.0,651.0,651.0,651.0,663.0,718.0,808.0,919.0,1037.0,1147.0,1234.0,1287.0,1301.0,1301.0,1301.0,1301.0,1301.0,1301.0,1301.0,1301.0,1301.0,1301.0,1301.0,1301.0,1301.0,1301.0,1301.0,1301.0,1312.0,1337.0,1376.0,1422.0,1468.0,1507.0,1533.0,1542.0,1542.0,1542.0,1542.0,1542.0,1542.0,1542.0,1542.0,1542.0,1542.0,1542.0,1542.0,1542.0,1542.0,1542.0,1542.0,1542.0,1552.0,1562.0,1577.0,1594.0,1608.0,1616.0,1616.0,1616.0,1616.0,1616.0,1616.0,1616.0,1616.0,1616.0,1616.0,1616.0,1616.0,86,November 27,Rennes
0.0031931695827410863,1.3091520030664652,0.9256163996446299,0.6309787752856688,0.6309787752856688,0.5732129702869735,0.8414181069766321,1.8027952687014899,1.8027952687014899,0.6487809797808577,1.096434383614602,2.026798803738038,2.026798803738038,0.4672284060276576,1.3335819372997704,3.9872825884499945,3.9872825884499945,0.6936156752344411,0.6752566440822526,15.746666666666664,0.0029715817981366384,0.0029715817981366384,152.31795088907703,2.3200000000000003,1.7200000000000002,0.9866666666666668,0.6200000000000001,0.54,0.3866666666666667,0.34857142857142864,0.395,0.5311111111111111,0.7300000000000001,0.9745454545454547,1.0783333333333334,1.2815384615384615,1.6199999999999999,1.8933333333333335,2.0949999999999998,2.4023529411764706,2.7588888888888885,3.0357894736842104,3.25,3.4295238095238085,3.5381818181818185,3.6417391304347824,3.6908333333333325,3.6759999999999993,3.6815384615384614,3.653333333333333,3.6378571428571425,3.6062068965517238,3.5866666666666664,3.6070967741935482,3.6637499999999994,3.7199999999999998,3.743529411764705,3.7885714285714283,3.881111111111111,4.047027027027028,4.25421052631579,4.458461538461539,4.6425,4.834634146341463,5.017619047619047,5.185116279069768,5.317727272727273,5.413333333333335,5.524347826086957,5.617872340425532,5.7075000000000005,5.764897959183672,5.809999999999999,5.831764705882352,5.845,5.848301886792452,5.862592592592592,5.86,5.861071428571428,5.8726315789473675,5.876896551724137,5.8776271186440665,5.891666666666666,5.911803278688524,5.953870967741936,5.986666666666667,6.0184375,6.041538461538462,6.057878787878788,6.072238805970149,6.083235294117646,6.104057971014492,6.158571428571428,6.224225352112676,6.276944444444443,6.318630136986301,6.36054054054054,6.406666666666666,6.429210526315789,6.425194805194805,6.414871794871794,6.395949367088608,6.385,6.382962962962963,6.385853658536585,6.393493975903614,6.418809523809524,6.457647058823529,6.490930232558139,6.530344827586207,6.577954545454545,6.633483146067416,6.688888888888889,6.726593406593406,6.760217391304347,6.78021505376344,6.79340425531915,6.8042105263157895,6.809583333333333,6.8261855670103095,6.85469387755102,6.896767676767676,6.939,6.968514851485149,6.999411764705882,7.026796116504855,7.067115384615385,7.102857142857141,7.136037735849057,7.156448598130841,7.18574074074074,7.228256880733944,7.274545454545455,7.325405405405404,7.379821428571428,7.438584070796461,7.500701754385965,7.560869565217391,7.608793103448275,7.638803418803419,7.65050847457627,7.658655462184874,7.6674999999999995,7.672066115702479,7.680655737704917,7.6899186991869914,7.703064516129031,7.7151999999999985,7.733492063492063,7.744409448818898,7.75828125,0.6666666666666666,8.0,0.0,0.0,0.0,0.0,0.0,0.0,0.0,0.0,0.0,0.0,0.0,0.0,0.0,0.0,0.0,10.0,42.0,93.0,155.0,219.0,275.0,315.0,334.0,335.0,335.0,335.0,335.0,335.0,335.0,335.0,335.0,335.0,335.0,335.0,335.0,335.0,335.0,335.0,335.0,346.0,395.0,474.0,573.0,677.0,773.0,848.0,892.0,901.0,901.0,901.0,901.0,901.0,901.0,901.0,901.0,901.0,901.0,901.0,901.0,901.0,901.0,901.0,901.0,910.0,921.0,938.0,958.0,976.0,986.0,986.0,986.0,986.0,986.0,986.0,986.0,986.0,986.0,986.0,986.0,986.0,986.0,986.0,986.0,986.0,986.0,986.0,986.0,998.0,1053.0,1143.0,1254.0,1372.0,1482.0,1569.0,1622.0,1636.0,1636.0,1636.0,1636.0,1636.0,1636.0,1636.0,1636.0,1636.0,1636.0,1636.0,1636.0,1636.0,1636.0,1636.0,1636.0,1647.0,1672.0,1711.0,1757.0,1803.0,1842.0,1868.0,1877.0,1877.0,1877.0,1877.0,1877.0,1877.0,1877.0,1877.0,1877.0,1877.0,87,November 28,Rennes
0.0031931695827410863,1.3091520030664652,0.9256163996446299,0.6309787752856688,0.6309787752856688,0.5732129702869735,0.8414181069766321,1.8027952687014899,1.8027952687014899,0.6487809797808577,1.096434383614602,2.026798803738038,2.026798803738038,0.4672284060276576,1.3335819372997704,3.9872825884499945,3.9872825884499945,0.6936156752344411,0.6752566440822526,15.138333333333335,-0.00960916770197635,0.00960916770197635,150.40735439832653,3.52,2.92,2.5866666666666664,2.245,2.18,1.9533333333333331,1.6199999999999999,1.3825,1.3977777777777778,1.5899999999999999,1.7836363636363637,1.9116666666666668,2.073846153846154,2.212857142857143,2.273333333333334,2.28875,2.367058823529412,2.4811111111111113,2.5778947368421057,2.675,2.7866666666666666,2.929090909090909,3.050434782608695,3.0824999999999996,3.052,2.977692307692308,2.849629629629629,2.7307142857142854,2.6441379310344826,2.5433333333333334,2.465161290322581,2.4106249999999996,2.3866666666666663,2.3905882352941172,2.42,2.4144444444444444,2.4497297297297296,2.5436842105263153,2.6251282051282048,2.6875,2.8004878048780486,2.9438095238095237,3.0618604651162795,3.1586363636363632,3.244444444444444,3.3004347826086944,3.356170212765957,3.3866666666666667,3.3853061224489793,3.394,3.384705882352941,3.3815384615384616,3.3690566037735845,3.362592592592592,3.3781818181818175,3.4146428571428564,3.451578947368421,3.4699999999999998,3.5013559322033894,3.561666666666666,3.667540983606557,3.800645161290322,3.9342857142857137,4.057499999999999,4.1876923076923065,4.3139393939393935,4.431940298507462,4.528823529411765,4.602608695652174,4.687142857142858,4.760845070422536,4.8325000000000005,4.883013698630136,4.925405405405405,4.952,4.972631578947369,4.986233766233767,5.007179487179487,5.016202531645569,5.0275,5.045925925925926,5.059024390243902,5.069397590361445,5.089047619047619,5.1129411764705885,5.152558139534884,5.185517241379311,5.217727272727273,5.243595505617977,5.264444444444444,5.283736263736263,5.300434782608695,5.324301075268817,5.373191489361702,5.430526315789473,5.478333333333333,5.517938144329897,5.557755102040816,5.600808080808081,5.6259999999999994,5.63089108910891,5.63078431372549,5.623883495145632,5.622884615384615,5.628571428571429,5.637924528301887,5.650841121495326,5.677407407407407,5.714495412844036,5.747272727272727,5.784864864864865,5.828928571428571,5.87929203539823,5.9296491228070165,5.966086956521738,5.999310344827585,6.0217094017094,6.03864406779661,6.05361344537815,6.064166666666665,6.083636363636363,6.112622950819671,6.152520325203251,6.192580645161289,6.222399999999999,6.253333333333332,6.281417322834645,6.319999999999999,17.166666666666668,206.0,0.0,0.0,0.0,0.0,0.0,0.0,0.0,0.0,0.0,0.0,0.0,0.0,0.0,0.0,0.0,8.0,8.0,8.0,8.0,8.0,8.0,8.0,8.0,8.0,8.0,8.0,8.0,8.0,8.0,8.0,8.0,8.0,8.0,8.0,8.0,8.0,8.0,8.0,8.0,18.0,50.0,101.0,163.0,227.0,283.0,323.0,342.0,343.0,343.0,343.0,343.0,343.0,343.0,343.0,343.0,343.0,343.0,343.0,343.0,343.0,343.0,343.0,343.0,354.0,403.0,482.0,581.0,685.0,781.0,856.0,900.0,909.0,909.0,909.0,909.0,909.0,909.0,909.0,909.0,909.0,909.0,909.0,909.0,909.0,909.0,909.0,909.0,918.0,929.0,946.0,966.0,984.0,994.0,994.0,994.0,994.0,994.0,994.0,994.0,994.0,994.0,994.0,994.0,994.0,994.0,994.0,994.0,994.0,994.0,994.0,994.0,1006.0,1061.0,1151.0,1262.0,1380.0,1490.0,1577.0,1630.0,1644.0,1644.0,1644.0,1644.0,1644.0,1644.0,1644.0,1644.0,1644.0,88,November 29,Rennes
0.0031931695827410863,1.3091520030664652,0.9256163996446299,0.6309787752856688,0.6309787752856688,0.5732129702869735,0.8414181069766321,1.8027952687014899,1.8027952687014899,0.6487809797808577,1.096434383614602,2.026798803738038,2.026798803738038,0.4672284060276576,1.3335819372997704,3.9872825884499945,3.9872825884499945,0.6936156752344411,0.6752566440822526,14.263333333333335,0.01533080784713138,0.01533080784713138,154.1949053517177,3.82,4.62,5.22,5.645,5.9,5.57,5.077142857142858,4.6325,4.20888888888889,3.95,3.7654545454545456,3.636666666666667,3.5661538461538465,3.534285714285715,3.5466666666666673,3.65125,3.82,3.9533333333333323,4.041052631578947,4.115,4.158095238095238,4.206363636363636,4.254782608695652,4.2491666666666665,4.22,4.146923076923077,4.064444444444445,3.9628571428571426,3.892413793103448,3.79,3.655483870967742,3.5324999999999998,3.4715151515151508,3.467058823529411,3.474285714285714,3.47,3.484864864864865,3.498947368421052,3.4892307692307694,3.465,3.468780487804878,3.491428571428571,3.510697674418604,3.533636363636363,3.5666666666666655,3.61782608695652,3.6625531914893603,3.665833333333333,3.638367346938775,3.5879999999999996,3.5082352941176462,3.431538461538461,3.3709433962264135,3.30148148148148,3.243636363636362,3.198571428571428,3.1708771929824557,3.1596551724137925,3.1640677966101687,3.1483333333333325,3.157704918032786,3.203870967741934,3.2438095238095226,3.273125,3.335384615384615,3.418484848484848,3.4871641791044765,3.5435294117647054,3.5939130434782594,3.6257142857142846,3.6580281690140835,3.6741666666666664,3.66931506849315,3.6713513513513516,3.661333333333333,3.6555263157894737,3.6433766233766236,3.6353846153846154,3.6427848101265825,3.665,3.6879012345679008,3.698048780487805,3.717590361445783,3.758095238095239,3.8317647058823527,3.925813953488372,4.021149425287357,4.109772727272727,4.204269662921348,4.296666666666666,4.383736263736264,4.455869565217392,4.511397849462366,4.57531914893617,4.631578947368422,4.6866666666666665,4.726185567010309,4.759795918367347,4.781616161616162,4.799,4.811089108910891,4.828823529411766,4.83747572815534,4.847884615384615,4.863809523809524,4.875660377358491,4.885420560747662,4.902407407407407,4.922752293577981,4.955454545454544,4.983063063063061,5.01017857142857,5.032389380530973,5.0507017543859645,5.067826086956521,5.082931034482757,5.103760683760683,5.1445762711864385,5.192268907563023,5.2325,5.266280991735537,5.300327868852459,5.337073170731706,5.359516129032257,5.3656,5.367619047619046,5.364094488188975,5.3653125,0.8333333333333334,10.0,0.0,0.0,0.0,0.0,0.0,0.0,0.0,0.0,0.0,0.0,0.0,0.0,0.0,0.0,0.0,9.0,30.0,65.0,107.0,149.0,183.0,202.0,206.0,206.0,206.0,206.0,206.0,206.0,206.0,206.0,206.0,206.0,206.0,206.0,206.0,206.0,206.0,206.0,206.0,214.0,214.0,214.0,214.0,214.0,214.0,214.0,214.0,214.0,214.0,214.0,214.0,214.0,214.0,214.0,214.0,214.0,214.0,214.0,214.0,214.0,214.0,214.0,214.0,224.0,256.0,307.0,369.0,433.0,489.0,529.0,548.0,549.0,549.0,549.0,549.0,549.0,549.0,549.0,549.0,549.0,549.0,549.0,549.0,549.0,549.0,549.0,549.0,560.0,609.0,688.0,787.0,891.0,987.0,1062.0,1106.0,1115.0,1115.0,1115.0,1115.0,1115.0,1115.0,1115.0,1115.0,1115.0,1115.0,1115.0,1115.0,1115.0,1115.0,1115.0,1115.0,1124.0,1135.0,1152.0,1172.0,1190.0,1200.0,1200.0,1200.0,1200.0,1200.0,1200.0,1200.0,1200.0,1200.0,1200.0,1200.0,1200.0,89,November 30,Rennes
0.0031931695827410863,1.3091520030664652,0.9256163996446299,0.6309787752856688,0.6309787752856688,0.5732129702869735,0.8414181069766321,1.8027952687014899,1.8027952687014899,0.6487809797808577,1.096434383614602,2.026798803738038,2.026798803738038,0.4672284060276576,1.3335819372997704,3.9872825884499945,3.9872825884499945,0.6936156752344411,0.6752566440822526,14.246666666666664,-0.08474038872772559,0.08474038872772559,138.9974262985494,4.72,4.369999999999999,4.22,4.17,4.38,4.52,4.648571428571429,4.7575,4.797777777777778,4.76,4.829090909090908,4.9366666666666665,5.1123076923076916,5.177142857142856,5.2733333333333325,5.28875,5.278823529411764,5.275555555555555,5.309473684210526,5.374999999999999,5.415238095238094,5.41090909090909,5.385217391304347,5.336666666666666,5.276,5.281538461538461,5.323703703703703,5.380714285714285,5.433793103448276,5.383333333333334,5.278064516129032,5.160625,5.029090909090909,4.928823529411765,4.8428571428571425,4.77,4.714594594594595,4.672631578947368,4.648205128205128,4.6625,4.707804878048781,4.743809523809524,4.764186046511628,4.781363636363636,4.786666666666667,4.796086956521739,4.8072340425531905,4.792916666666667,4.766938775510204,4.718,4.663137254901961,4.596923076923077,4.546415094339623,4.477407407407408,4.38909090909091,4.305714285714285,4.256842105263158,4.240689655172414,4.2318644067796605,4.216666666666667,4.21344262295082,4.210322580645162,4.193015873015874,4.166874999999999,4.158461538461539,4.162424242424243,4.164776119402985,4.17,4.18231884057971,4.207142857142858,4.228450704225353,4.222777777777777,4.1967123287671235,4.1551351351351355,4.093333333333334,4.033157894736842,3.983636363636364,3.9276923076923085,3.879493670886076,3.84,3.8125925925925923,3.7968292682926834,3.7922891566265067,3.773571428571428,3.7729411764705882,3.7990697674418614,3.821149425287357,3.8359090909090905,3.8750561797752807,3.9299999999999997,3.9749450549450547,4.011304347826086,4.043655913978495,4.062553191489362,4.082105263157896,4.089791666666666,4.081855670103093,4.079183673469387,4.067474747474748,4.058999999999999,4.045742574257426,4.035686274509804,4.03747572815534,4.05076923076923,4.064761904761905,4.069056603773585,4.080747663551402,4.108888888888889,4.1631192660550465,4.233636363636364,4.305585585585586,4.372678571428571,4.444778761061947,4.515614035087719,4.582608695652173,4.638103448275861,4.680683760683761,4.730169491525423,4.773781512605042,4.8166666666666655,4.847272727272727,4.87327868852459,4.889918699186992,4.903064516129032,4.911999999999999,4.9255555555555555,4.931811023622046,4.93953125,51.083333333333336,613.0,0.0,0.0,0.0,0.0,0.0,0.0,0.0,0.0,0.0,0.0,0.0,0.0,0.0,0.0,0.0,9.0,10.0,10.0,10.0,10.0,10.0,10.0,10.0,10.0,10.0,10.0,10.0,10.0,10.0,10.0,10.0,10.0,10.0,10.0,10.0,10.0,10.0,10.0,10.0,19.0,40.0,75.0,117.0,159.0,193.0,212.0,216.0,216.0,216.0,216.0,216.0,216.0,216.0,216.0,216.0,216.0,216.0,216.0,216.0,216.0,216.0,216.0,216.0,224.0,224.0,224.0,224.0,224.0,224.0,224.0,224.0,224.0,224.0,224.0,224.0,224.0,224.0,224.0,224.0,224.0,224.0,224.0,224.0,224.0,224.0,224.0,224.0,234.0,266.0,317.0,379.0,443.0,499.0,539.0,558.0,559.0,559.0,559.0,559.0,559.0,559.0,559.0,559.0,559.0,559.0,559.0,559.0,559.0,559.0,559.0,559.0,570.0,619.0,698.0,797.0,901.0,997.0,1072.0,1116.0,1125.0,1125.0,1125.0,1125.0,1125.0,1125.0,1125.0,1125.0,1125.0,90,December 1,Rennes
0.0031931695827410863,1.3091520030664652,0.9256163996446299,0.6309787752856688,0.6309787752856688,0.5732129702869735,0.8414181069766321,1.8027952687014899,1.8027952687014899,0.6487809797808577,1.096434383614602,2.026798803738038,2.026798803738038,0.4672284060276576,1.3335819372997704,3.9872825884499945,3.9872825884499945,0.6936156752344411,0.6752566440822526,14.405,0.0008505363010781568,0.0008505363010781568,151.9958347795904,4.02,3.42,2.7866666666666666,2.6950000000000003,2.7199999999999998,2.9866666666666664,3.2914285714285714,3.5575,3.6644444444444435,3.7399999999999993,3.7563636363636372,3.6950000000000003,3.7046153846153844,3.7771428571428567,3.8800000000000003,3.9637499999999997,4.114117647058824,4.297777777777778,4.388421052631578,4.465,4.534285714285714,4.588181818181817,4.680869565217391,4.724166666666666,4.723999999999999,4.696923076923077,4.668148148148148,4.6450000000000005,4.664827586206896,4.683333333333333,4.707096774193548,4.7325,4.744242424242424,4.734705882352941,4.757142857142857,4.795,4.860540540540541,4.891052631578947,4.935384615384615,4.95,4.954146341463415,4.96047619047619,4.982790697674418,5.02,5.046666666666667,5.052608695652173,5.047659574468085,5.0304166666666665,5.005714285714285,5.013999999999999,5.041568627450981,5.077692307692307,5.112452830188678,5.090370370370369,5.036363636363635,4.973571428571428,4.900701754385966,4.844137931034482,4.79457627118644,4.751666666666666,4.718360655737705,4.692580645161289,4.677142857142857,4.685625,4.713846153846154,4.7366666666666655,4.749850746268656,4.761176470588235,4.764927536231885,4.7714285714285705,4.779154929577465,4.77,4.752876712328767,4.720000000000001,4.682666666666666,4.637105263157895,4.601818181818182,4.553333333333333,4.4908860759493665,4.43125,4.3953086419753085,4.382195121951219,4.37421686746988,4.361666666666666,4.357647058823529,4.353720930232558,4.339540229885057,4.318863636363637,4.311011235955056,4.312222222222222,4.312307692307692,4.314565217391304,4.322150537634409,4.339148936170212,4.353684210526315,4.348125,4.32721649484536,4.294489795918367,4.2462626262626255,4.198999999999999,4.159603960396039,4.1150980392156855,4.07631067961165,4.044038461538461,4.02095238095238,4.006792452830188,4.001308411214953,3.984814814814814,3.9823853211009173,4.00090909090909,4.016396396396396,4.026249999999999,4.055398230088495,4.097192982456139,4.131304347826086,4.158793103448276,4.183247863247862,4.197118644067795,4.211596638655461,4.216666666666666,4.209256198347107,4.20606557377049,4.195609756097561,4.187741935483871,4.176,4.166825396825397,4.167244094488189,4.17703125,0.6666666666666666,8.0,0.0,0.0,0.0,0.0,0.0,0.0,0.0,0.0,0.0,0.0,0.0,0.0,0.0,0.0,0.0,9.0,61.0,148.0,256.0,370.0,475.0,557.0,605.0,613.0,613.0,613.0,613.0,613.0,613.0,613.0,613.0,613.0,613.0,613.0,613.0,613.0,613.0,613.0,613.0,622.0,623.0,623.0,623.0,623.0,623.0,623.0,623.0,623.0,623.0,623.0,623.0,623.0,623.0,623.0,623.0,623.0,623.0,623.0,623.0,623.0,623.0,623.0,623.0,632.0,653.0,688.0,730.0,772.0,806.0,825.0,829.0,829.0,829.0,829.0,829.0,829.0,829.0,829.0,829.0,829.0,829.0,829.0,829.0,829.0,829.0,829.0,829.0,837.0,837.0,837.0,837.0,837.0,837.0,837.0,837.0,837.0,837.0,837.0,837.0,837.0,837.0,837.0,837.0,837.0,837.0,837.0,837.0,837.0,837.0,837.0,837.0,847.0,879.0,930.0,992.0,1056.0,1112.0,1152.0,1171.0,1172.0,1172.0,1172.0,1172.0,1172.0,1172.0,1172.0,1172.0,1172.0,91,December 2,Rennes
0.0031931695827410863,1.3091520030664652,0.9256163996446299,0.6309787752856688,0.6309787752856688,0.5732129702869735,0.8414181069766321,1.8027952687014899,1.8027952687014899,0.6487809797808577,1.096434383614602,2.026798803738038,2.026798803738038,0.4672284060276576,1.3335819372997704,3.9872825884499945,3.9872825884499945,0.6936156752344411,0.6752566440822526,14.938333333333333,-0.03903296911691484,0.03903296911691484,145.93885975677787,6.8199999999999985,6.0699999999999985,5.353333333333332,4.694999999999999,4.339999999999999,4.353333333333333,4.448571428571428,4.557499999999999,4.586666666666666,4.55,4.510909090909091,4.495,4.466153846153846,4.42,4.38,4.407499999999999,4.50235294117647,4.5922222222222215,4.677894736842104,4.764999999999999,4.8723809523809525,4.96090909090909,5.024347826086955,5.044999999999999,5.004,4.919999999999999,4.794074074074074,4.709285714285714,4.644137931034482,4.633333333333334,4.649032258064516,4.673125,4.668484848484849,4.661176470588234,4.639999999999999,4.594999999999999,4.574054054054052,4.5778947368421035,4.596923076923075,4.6125,4.659024390243902,4.7247619047619045,4.754883720930232,4.781363636363636,4.806666666666666,4.826521739130434,4.866808510638297,4.884583333333333,4.881224489795918,4.864,4.845490196078431,4.8296153846153835,4.836981132075471,4.844074074074073,4.854545454545454,4.866428571428571,4.870877192982455,4.8631034482758615,4.874237288135593,4.8950000000000005,4.933114754098361,4.950645161290323,4.977142857142857,4.985625,4.987692307692307,4.99121212121212,5.005074626865671,5.028823529411764,5.04608695652174,5.050000000000001,5.046760563380283,5.035277777777777,5.0186301369863004,5.024054054054053,5.042666666666666,5.067368421052632,5.0914285714285725,5.076410256410258,5.0389873417721525,4.995,4.943456790123457,4.902926829268292,4.8669879518072285,4.83547619047619,4.810588235294118,4.79093023255814,4.778620689655172,4.783636363636364,4.80314606741573,4.818888888888889,4.827692307692308,4.835217391304347,4.8372043010752686,4.841276595744682,4.846315789473684,4.83875,4.825154639175258,4.7995918367346935,4.77050505050505,4.735,4.707128712871288,4.669019607843137,4.62,4.572884615384615,4.543809523809523,4.532264150943396,4.524672897196262,4.513518518518519,4.508990825688073,4.504545454545455,4.492072072072073,4.474464285714285,4.466902654867256,4.466491228070175,4.465217391304348,4.465689655172414,4.470427350427351,4.48271186440678,4.493109243697479,4.4875,4.469586776859504,4.442131147540984,4.402113821138212,4.362741935483872,4.3296,4.292222222222222,4.259370078740157,4.23171875,18.583333333333332,223.0,0.0,0.0,0.0,0.0,0.0,0.0,0.0,0.0,0.0,0.0,0.0,0.0,0.0,0.0,0.0,8.0,8.0,8.0,8.0,8.0,8.0,8.0,8.0,8.0,8.0,8.0,8.0,8.0,8.0,8.0,8.0,8.0,8.0,8.0,8.0,8.0,8.0,8.0,8.0,17.0,69.0,156.0,264.0,378.0,483.0,565.0,613.0,621.0,621.0,621.0,621.0,621.0,621.0,621.0,621.0,621.0,621.0,621.0,621.0,621.0,621.0,621.0,621.0,630.0,631.0,631.0,631.0,631.0,631.0,631.0,631.0,631.0,631.0,631.0,631.0,631.0,631.0,631.0,631.0,631.0,631.0,631.0,631.0,631.0,631.0,631.0,631.0,640.0,661.0,696.0,738.0,780.0,814.0,833.0,837.0,837.0,837.0,837.0,837.0,837.0,837.0,837.0,837.0,837.0,837.0,837.0,837.0,837.0,837.0,837.0,837.0,845.0,845.0,845.0,845.0,845.0,845.0,845.0,845.0,845.0,845.0,845.0,845.0,845.0,845.0,845.0,845.0,845.0,92,December 3,Rennes
0.0031931695827410863,1.3091520030664652,0.9256163996446299,0.6309787752856688,0.6309787752856688,0.5732129702869735,0.8414181069766321,1.8027952687014899,1.8027952687014899,0.6487809797808577,1.096434383614602,2.026798803738038,2.026798803738038,0.4672284060276576,1.3335819372997704,3.9872825884499945,3.9872825884499945,0.6936156752344411,0.6752566440822526,14.313333333333333,0.006110165357218688,0.006110165357218688,152.79459711224962,3.82,3.7199999999999998,3.953333333333333,3.995,4.0,3.8699999999999997,3.62,3.42,3.1533333333333333,3.02,2.9654545454545453,3.0116666666666667,3.073846153846154,3.1271428571428572,3.1666666666666665,3.21375,3.2376470588235295,3.32,3.451578947368421,3.5199999999999996,3.6199999999999997,3.77,3.8982608695652172,4.036666666666666,4.148,4.193076923076922,4.1829629629629625,4.130714285714285,4.0889655172413795,4.1,4.129677419354839,4.166875,4.1866666666666665,4.187647058823529,4.185714285714285,4.189444444444444,4.187567567567568,4.177894736842106,4.168717948717949,4.185,4.2297560975609745,4.274761904761904,4.319999999999999,4.367727272727272,4.426666666666667,4.478695652173912,4.52,4.540833333333333,4.530204081632653,4.4959999999999996,4.437647058823528,4.398846153846153,4.3690566037735845,4.368148148148148,4.381818181818181,4.4003571428571435,4.4024561403508775,4.402758620689656,4.394576271186441,4.371666666666667,4.362622950819672,4.368387096774194,4.3834920634920636,4.3965625,4.429230769230769,4.474545454545455,4.4976119402985075,4.518529411764706,4.538840579710144,4.555714285714286,4.586197183098592,4.601944444444444,4.603561643835617,4.595675675675675,4.586666666666667,4.579210526315789,4.587532467532467,4.595641025641026,4.606075949367089,4.6175,4.623703703703703,4.621219512195122,4.632048192771085,4.649761904761904,4.68,4.695581395348838,4.717701149425288,4.726818181818182,4.73123595505618,4.736666666666666,4.74967032967033,4.7700000000000005,4.785591397849462,4.791276595744681,4.791578947368421,4.785625,4.775670103092783,4.782244897959184,4.798787878787879,4.82,4.840792079207921,4.831764705882353,4.805436893203884,4.773846153846154,4.736190476190476,4.7067924528301885,4.6807476635514025,4.657962962962963,4.640183486238532,4.626363636363636,4.618198198198198,4.623571428571429,4.640353982300885,4.65421052631579,4.662608695652174,4.67,4.672991452991453,4.677627118644068,4.683025210084034,4.678333333333334,4.668760330578513,4.649508196721311,4.627317073170732,4.599838709677419,4.578399999999999,4.548571428571429,4.509763779527559,4.472343749999999,5.583333333333333,67.0,0.0,0.0,0.0,0.0,0.0,0.0,0.0,0.0,0.0,0.0,0.0,0.0,0.0,0.0,0.0,8.0,31.0,68.0,114.0,159.0,196.0,218.0,223.0,223.0,223.0,223.0,223.0,223.0,223.0,223.0,223.0,223.0,223.0,223.0,223.0,223.0,223.0,223.0,223.0,231.0,231.0,231.0,231.0,231.0,231.0,231.0,231.0,231.0,231.0,231.0,231.0,231.0,231.0,231.0,231.0,231.0,231.0,231.0,231.0,231.0,231.0,231.0,231.0,240.0,292.0,379.0,487.0,601.0,706.0,788.0,836.0,844.0,844.0,844.0,844.0,844.0,844.0,844.0,844.0,844.0,844.0,844.0,844.0,844.0,844.0,844.0,844.0,853.0,854.0,854.0,854.0,854.0,854.0,854.0,854.0,854.0,854.0,854.0,854.0,854.0,854.0,854.0,854.0,854.0,854.0,854.0,854.0,854.0,854.0,854.0,854.0,863.0,884.0,919.0,961.0,1003.0,1037.0,1056.0,1060.0,1060.0,1060.0,1060.0,1060.0,1060.0,1060.0,1060.0,1060.0,1060.0,93,December 4,Rennes
0.0031931695827410863,1.3091520030664652,0.9256163996446299,0.6309787752856688,0.6309787752856688,0.5732129702869735,0.8414181069766321,1.8027952687014899,1.8027952687014899,0.6487809797808577,1.096434383614602,2.026798803738038,2.026798803738038,0.4672284060276576,1.3335819372997704,3.9872825884499945,3.9872825884499945,0.6936156752344411,0.6752566440822526,12.955000000000002,-0.042788080168097604,0.042788080168097604,145.36858355847158,3.72,4.12,4.386666666666667,4.595,4.76,4.703333333333332,4.505714285714285,4.32,4.22,4.220000000000001,4.283636363636364,4.395,4.473846153846154,4.4557142857142855,4.513333333333334,4.63875,4.767058823529411,4.869999999999999,4.977894736842105,5.0249999999999995,5.048571428571428,5.074545454545454,5.080869565217391,5.040833333333333,4.991999999999999,4.939230769230769,4.92,4.8914285714285715,4.8613793103448275,4.806666666666667,4.72,4.635624999999999,4.5260606060606055,4.446470588235294,4.388571428571429,4.364444444444445,4.349729729729729,4.335789473684209,4.319999999999999,4.31,4.293170731707317,4.303333333333334,4.3386046511627905,4.349545454545455,4.377777777777777,4.433043478260869,4.481702127659573,4.53875,4.585306122448979,4.6,4.586666666666666,4.55076923076923,4.52,4.518148148148147,4.5272727272727264,4.541428571428571,4.5463157894736845,4.540689655172414,4.5335593220338986,4.53,4.5232786885245915,4.5119354838709675,4.5009523809523815,4.5059375,4.52923076923077,4.553333333333333,4.578208955223881,4.605294117647059,4.6402898550724645,4.671428571428573,4.69605633802817,4.7075,4.698082191780823,4.672702702702702,4.6306666666666665,4.601578947368421,4.578441558441559,4.575128205128206,4.582025316455696,4.592499999999999,4.5916049382716055,4.589512195121951,4.58144578313253,4.562857142857143,4.554117647058824,4.556046511627908,4.564827586206897,4.572272727272727,4.594157303370786,4.625555555555556,4.640879120879121,4.654782608695653,4.668387096774194,4.679574468085107,4.701052631578948,4.711666666666666,4.711752577319587,4.70469387755102,4.696767676767676,4.69,4.695247524752475,4.700392156862746,4.7073786407766995,4.715192307692307,4.719047619047619,4.716226415094339,4.723738317757009,4.736666666666666,4.759449541284403,4.770909090909091,4.787567567567567,4.7941071428571425,4.796991150442477,4.8007017543859645,4.810434782608695,4.826034482758621,4.837948717948717,4.8420338983050835,4.841848739495798,4.836666666666667,4.828264462809917,4.833114754098361,4.8460162601626005,4.8627419354838715,4.8792,4.8715873015873,4.84992125984252,4.82390625,31.416666666666668,377.0,0.0,0.0,0.0,0.0,0.0,0.0,0.0,0.0,0.0,0.0,0.0,0.0,0.0,0.0,0.0,8.0,18.0,33.0,49.0,62.0,67.0,67.0,67.0,67.0,67.0,67.0,67.0,67.0,67.0,67.0,67.0,67.0,67.0,67.0,67.0,67.0,67.0,67.0,67.0,75.0,98.0,135.0,181.0,226.0,263.0,285.0,290.0,290.0,290.0,290.0,290.0,290.0,290.0,290.0,290.0,290.0,290.0,290.0,290.0,290.0,290.0,290.0,290.0,298.0,298.0,298.0,298.0,298.0,298.0,298.0,298.0,298.0,298.0,298.0,298.0,298.0,298.0,298.0,298.0,298.0,298.0,298.0,298.0,298.0,298.0,298.0,298.0,307.0,359.0,446.0,554.0,668.0,773.0,855.0,903.0,911.0,911.0,911.0,911.0,911.0,911.0,911.0,911.0,911.0,911.0,911.0,911.0,911.0,911.0,911.0,911.0,920.0,921.0,921.0,921.0,921.0,921.0,921.0,921.0,921.0,921.0,921.0,921.0,921.0,921.0,921.0,921.0,921.0,94,December 5,Rennes
0.0031931695827410863,1.3091520030664652,0.9256163996446299,0.6309787752856688,0.6309787752856688,0.5732129702869735,0.8414181069766321,1.8027952687014899,1.8027952687014899,0.6487809797808577,1.096434383614602,2.026798803738038,2.026798803738038,0.4672284060276576,1.3335819372997704,3.9872825884499945,3.9872825884499945,0.6936156752344411,0.6752566440822526,12.13,0.004717694684523136,0.004717694684523136,152.58312723275625,5.72,5.82,5.9866666666666655,6.219999999999999,6.3,6.336666666666667,6.477142857142857,6.6075,6.742222222222221,6.779999999999999,6.729090909090909,6.719999999999999,6.7046153846153835,6.655714285714285,6.653333333333333,6.73875,6.8611764705882345,6.942222222222222,6.988421052631579,6.9799999999999995,7.019999999999998,7.0290909090909075,6.993913043478259,6.8825,6.755999999999999,6.67,6.605185185185184,6.555714285714285,6.51655172413793,6.446666666666666,6.345806451612902,6.241874999999999,6.156363636363636,6.099411764705882,6.065714285714284,6.053333333333332,6.036216216216215,5.988421052631578,5.97128205128205,5.984999999999999,6.005365853658536,6.02,6.040930232558139,6.038181818181818,6.026666666666667,6.017826086956523,6.000851063829788,5.961666666666666,5.91795918367347,5.872000000000001,5.843529411764705,5.810384615384616,5.776603773584906,5.72925925925926,5.663636363636364,5.598571428571428,5.518245614035087,5.454482758620691,5.403050847457627,5.371666666666667,5.346229508196722,5.321612903225807,5.296190476190476,5.2746875,5.24923076923077,5.241212121212121,5.249850746268657,5.2435294117647056,5.248985507246377,5.272857142857142,5.293239436619718,5.319999999999999,5.340547945205479,5.3402702702702705,5.321333333333333,5.287105263157895,5.256363636363637,5.245641025641026,5.242784810126582,5.24375,5.238518518518519,5.22609756097561,5.21277108433735,5.202142857142857,5.189411764705883,5.173488372093024,5.1579310344827585,5.154090909090908,5.163820224719101,5.174444444444444,5.185934065934066,5.199347826086957,5.218924731182796,5.235957446808511,5.2484210526315795,5.25125,5.2385567010309275,5.213877551020408,5.176565656565657,5.149,5.125940594059406,5.118039215686274,5.1180582524271845,5.120961538461538,5.115238095238095,5.108679245283017,5.097570093457945,5.078333333333332,5.066788990825688,5.063636363636363,5.065945945945947,5.067321428571428,5.080176991150442,5.100701754385964,5.108695652173913,5.115689655172414,5.122564102564102,5.127627118644067,5.1410084033613455,5.145833333333333,5.142314049586777,5.133114754098361,5.123252032520326,5.114354838709677,5.1152,5.116031746031746,5.118425196850394,5.1215625,0.5833333333333334,7.0,0.0,0.0,0.0,0.0,0.0,0.0,0.0,0.0,0.0,0.0,0.0,0.0,0.0,0.0,0.0,7.0,42.0,100.0,171.0,244.0,308.0,354.0,376.0,377.0,377.0,377.0,377.0,377.0,377.0,377.0,377.0,377.0,377.0,377.0,377.0,377.0,377.0,377.0,377.0,385.0,395.0,410.0,426.0,439.0,444.0,444.0,444.0,444.0,444.0,444.0,444.0,444.0,444.0,444.0,444.0,444.0,444.0,444.0,444.0,444.0,444.0,444.0,444.0,452.0,475.0,512.0,558.0,603.0,640.0,662.0,667.0,667.0,667.0,667.0,667.0,667.0,667.0,667.0,667.0,667.0,667.0,667.0,667.0,667.0,667.0,667.0,667.0,675.0,675.0,675.0,675.0,675.0,675.0,675.0,675.0,675.0,675.0,675.0,675.0,675.0,675.0,675.0,675.0,675.0,675.0,675.0,675.0,675.0,675.0,675.0,675.0,684.0,736.0,823.0,931.0,1045.0,1150.0,1232.0,1280.0,1288.0,1288.0,1288.0,1288.0,1288.0,1288.0,1288.0,1288.0,1288.0,95,December 6,Rennes
0.0031931695827410863,1.3091520030664652,0.9256163996446299,0.6309787752856688,0.6309787752856688,0.5732129702869735,0.8414181069766321,1.8027952687014899,1.8027952687014899,0.6487809797808577,1.096434383614602,2.026798803738038,2.026798803738038,0.4672284060276576,1.3335819372997704,3.9872825884499945,3.9872825884499945,0.6936156752344411,0.6752566440822526,11.905,-0.08663810920445326,0.08663810920445326,138.7092258154837,6.52,6.369999999999999,6.453333333333333,6.345,6.159999999999999,6.053333333333334,6.262857142857143,6.445,6.720000000000001,6.909999999999999,7.02,7.053333333333334,7.073846153846153,7.062857142857142,7.086666666666667,7.1075,7.214117647058823,7.2588888888888885,7.298947368421055,7.345000000000001,7.400952380952382,7.520000000000001,7.524347826086958,7.461666666666666,7.392,7.3353846153846165,7.297777777777778,7.284285714285716,7.261379310344828,7.236666666666667,7.239354838709679,7.248125,7.265454545454546,7.261176470588236,7.231428571428572,7.214444444444445,7.195675675675676,7.164736842105263,7.1507692307692325,7.172499999999999,7.212682926829269,7.239047619047618,7.252558139534884,7.242727272727271,7.255555555555556,7.254782608695652,7.232765957446809,7.172083333333333,7.101632653061223,7.05,7.008235294117648,6.973846153846154,6.944528301886793,6.897777777777778,6.832727272727272,6.764642857142857,6.705964912280702,6.663103448275863,6.633559322033898,6.616666666666666,6.597049180327869,6.558709677419356,6.5390476190476186,6.538749999999999,6.5430769230769235,6.544242424242425,6.549850746268657,6.540588235294117,6.5257971014492755,6.512857142857143,6.494647887323943,6.461666666666667,6.425479452054794,6.387567567567568,6.3613333333333335,6.331842105263158,6.301818181818182,6.262307692307692,6.209873417721519,6.157500000000001,6.094074074074074,6.041951219512196,5.998313253012048,5.968809523809524,5.943529411764706,5.918837209302326,5.893563218390804,5.8711363636363645,5.845842696629213,5.833333333333333,5.8331868131868125,5.822173913043478,5.8199999999999985,5.8317021276595735,5.841052631578946,5.855416666666666,5.865360824742267,5.859795918367347,5.840202020202019,5.809,5.78039603960396,5.7670588235294105,5.759805825242716,5.755576923076922,5.746666666666665,5.732264150943396,5.717196261682242,5.70425925925926,5.689724770642202,5.672727272727273,5.656036036036036,5.648571428571429,5.651858407079645,5.655964912280702,5.660869565217391,5.667413793103448,5.678974358974359,5.688644067796609,5.6947899159663855,5.6933333333333325,5.679504132231404,5.6560655737704915,5.622439024390244,5.596612903225806,5.574399999999999,5.564444444444444,5.560944881889763,5.55984375,39.333333333333336,472.0,0.0,0.0,0.0,0.0,0.0,0.0,0.0,0.0,0.0,0.0,0.0,0.0,0.0,0.0,0.0,7.0,7.0,7.0,7.0,7.0,7.0,7.0,7.0,7.0,7.0,7.0,7.0,7.0,7.0,7.0,7.0,7.0,7.0,7.0,7.0,7.0,7.0,7.0,7.0,14.0,49.0,107.0,178.0,251.0,315.0,361.0,383.0,384.0,384.0,384.0,384.0,384.0,384.0,384.0,384.0,384.0,384.0,384.0,384.0,384.0,384.0,384.0,384.0,392.0,402.0,417.0,433.0,446.0,451.0,451.0,451.0,451.0,451.0,451.0,451.0,451.0,451.0,451.0,451.0,451.0,451.0,451.0,451.0,451.0,451.0,451.0,451.0,459.0,482.0,519.0,565.0,610.0,647.0,669.0,674.0,674.0,674.0,674.0,674.0,674.0,674.0,674.0,674.0,674.0,674.0,674.0,674.0,674.0,674.0,674.0,674.0,682.0,682.0,682.0,682.0,682.0,682.0,682.0,682.0,682.0,682.0,682.0,682.0,682.0,682.0,682.0,682.0,682.0,96,December 7,Rennes
0.0031931695827410863,1.3091520030664652,0.9256163996446299,0.6309787752856688,0.6309787752856688,0.5732129702869735,0.8414181069766321,1.8027952687014899,1.8027952687014899,0.6487809797808577,1.096434383614602,2.026798803738038,2.026798803738038,0.4672284060276576,1.3335819372997704,3.9872825884499945,3.9872825884499945,0.6936156752344411,0.6752566440822526,10.58,-0.061147891145849585,0.061147891145849585,142.58034026465032,8.22,8.02,7.786666666666666,7.52,7.239999999999999,6.87,6.748571428571428,6.619999999999999,6.642222222222221,6.65,6.756363636363636,6.794999999999998,6.812307692307692,6.855714285714284,6.939999999999999,7.045,7.172941176470587,7.253333333333334,7.3726315789473675,7.43,7.462857142857142,7.488181818181817,7.463478260869565,7.445,7.4079999999999995,7.3623076923076916,7.3348148148148145,7.287857142857143,7.223448275862069,7.166666666666667,7.178064516129033,7.195,7.247272727272727,7.28764705882353,7.3114285714285705,7.314444444444444,7.314594594594595,7.304210526315791,7.307179487179489,7.31,7.349268292682928,7.3652380952380945,7.38046511627907,7.399545454545455,7.424444444444446,7.480869565217391,7.4838297872340425,7.453333333333333,7.41795918367347,7.388000000000001,7.367058823529412,7.3584615384615395,7.344528301886793,7.32925925925926,7.329090909090909,7.3325000000000005,7.341052631578949,7.337241379310345,7.318305084745763,7.3066666666666675,7.29377049180328,7.273225806451614,7.262857142857144,7.274687500000001,7.298461538461538,7.313939393939394,7.321492537313433,7.314117647058824,7.32144927536232,7.319999999999999,7.304507042253521,7.263055555555557,7.214520547945207,7.178108108108109,7.1480000000000015,7.122631578947369,7.100519480519482,7.066153846153848,7.018734177215191,6.96875,6.9249382716049395,6.891951219512195,6.868192771084339,6.853333333333335,6.836470588235297,6.806046511627907,6.7889655172413805,6.785909090909092,6.786292134831461,6.7844444444444445,6.785934065934067,6.776521739130437,6.7630107526881735,6.7508510638297885,6.734736842105264,6.7075,6.6777319587628865,6.646530612244898,6.624040404040405,6.599000000000001,6.573465346534656,6.540588235294119,6.497669902912622,6.454615384615384,6.402857142857142,6.359622641509434,6.322803738317758,6.296851851851853,6.274128440366973,6.251818181818183,6.229009009009011,6.208392857142856,6.185486725663717,6.172631578947368,6.169565217391305,6.157931034482759,6.153333333333335,6.159830508474577,6.16453781512605,6.173333333333333,6.1786776859504124,6.171639344262295,6.153333333333333,6.125645161290324,6.1000000000000005,6.086666666666667,6.078267716535433,6.07234375,30.333333333333332,364.0,0.0,0.0,0.0,0.0,0.0,0.0,0.0,0.0,0.0,0.0,0.0,0.0,0.0,0.0,0.0,7.0,49.0,119.0,206.0,297.0,378.0,438.0,469.0,472.0,472.0,472.0,472.0,472.0,472.0,472.0,472.0,472.0,472.0,472.0,472.0,472.0,472.0,472.0,472.0,479.0,479.0,479.0,479.0,479.0,479.0,479.0,479.0,479.0,479.0,479.0,479.0,479.0,479.0,479.0,479.0,479.0,479.0,479.0,479.0,479.0,479.0,479.0,479.0,486.0,521.0,579.0,650.0,723.0,787.0,833.0,855.0,856.0,856.0,856.0,856.0,856.0,856.0,856.0,856.0,856.0,856.0,856.0,856.0,856.0,856.0,856.0,856.0,864.0,874.0,889.0,905.0,918.0,923.0,923.0,923.0,923.0,923.0,923.0,923.0,923.0,923.0,923.0,923.0,923.0,923.0,923.0,923.0,923.0,923.0,923.0,923.0,931.0,954.0,991.0,1037.0,1082.0,1119.0,1141.0,1146.0,1146.0,1146.0,1146.0,1146.0,1146.0,1146.0,1146.0,1146.0,1146.0,97,December 8,Rennes
0.0031931695827410863,1.3091520030664652,0.9256163996446299,0.6309787752856688,0.6309787752856688,0.5732129702869735,0.8414181069766321,1.8027952687014899,1.8027952687014899,0.6487809797808577,1.096434383614602,2.026798803738038,2.026798803738038,0.4672284060276576,1.3335819372997704,3.9872825884499945,3.9872825884499945,0.6936156752344411,0.6752566440822526,8.471666666666666,-0.0499240267399622,0.0499240267399622,144.28487113909108,8.42,7.97,7.653333333333333,7.145,6.720000000000001,6.4366666666666665,6.22,6.17,6.342222222222222,6.539999999999999,6.71090909090909,6.9366666666666665,7.104615384615385,7.248571428571428,7.4399999999999995,7.657499999999999,7.82,7.8922222222222205,7.909473684210527,7.945,8.005714285714285,8.08818181818182,8.12,8.178333333333333,8.18,8.166153846153845,8.134814814814815,8.084285714285715,8.016551724137932,7.916666666666668,7.855483870967743,7.78875,7.75939393939394,7.7288235294117635,7.731428571428572,7.717222222222222,7.6983783783783775,7.691052631578946,7.70205128205128,7.725,7.761463414634146,7.781904761904761,7.822325581395348,7.838181818181818,7.844444444444443,7.848260869565216,7.828510638297871,7.8116666666666665,7.78530612244898,7.754,7.731764705882353,7.698846153846153,7.655849056603772,7.616296296296294,7.614545454545453,7.616428571428571,7.639298245614035,7.6562068965517245,7.664067796610168,7.659999999999999,7.654426229508196,7.64258064516129,7.639047619047618,7.635624999999999,7.655384615384616,7.660909090909091,7.666268656716418,7.674411764705881,7.686666666666665,7.719999999999998,7.718591549295774,7.694999999999999,7.667945205479452,7.644324324324324,7.626666666666665,7.617368421052629,7.604415584415584,7.590512820512818,7.587088607594934,7.58625,7.589135802469134,7.58341463414634,7.566987951807227,7.555714285714285,7.543529411764704,7.525813953488371,7.515402298850573,7.521136363636364,7.535730337078651,7.544444444444443,7.547472527472528,7.539565217391303,7.54258064516129,7.539148936170211,7.525263157894736,7.491875,7.452989690721649,7.423061224489795,7.397777777777777,7.3759999999999994,7.3566336633663365,7.3278431372549,7.28893203883495,7.247884615384615,7.211428571428571,7.18320754716981,7.162056074766354,7.147777777777776,7.131926605504586,7.105454545454545,7.089369369369368,7.084285714285714,7.081946902654866,7.077894736842105,7.076521739130435,7.06655172413793,7.053333333333334,7.041186440677965,7.025882352941175,7.001666666666666,6.975371900826446,6.947868852459016,6.927317073170731,6.9046774193548375,6.8816,6.852539682539681,6.81527559055118,6.7778125,37.75,453.0,0.0,0.0,0.0,0.0,0.0,0.0,0.0,0.0,0.0,0.0,0.0,0.0,0.0,0.0,0.0,7.0,42.0,99.0,168.0,239.0,301.0,344.0,363.0,364.0,364.0,364.0,364.0,364.0,364.0,364.0,364.0,364.0,364.0,364.0,364.0,364.0,364.0,364.0,364.0,371.0,413.0,483.0,570.0,661.0,742.0,802.0,833.0,836.0,836.0,836.0,836.0,836.0,836.0,836.0,836.0,836.0,836.0,836.0,836.0,836.0,836.0,836.0,836.0,843.0,843.0,843.0,843.0,843.0,843.0,843.0,843.0,843.0,843.0,843.0,843.0,843.0,843.0,843.0,843.0,843.0,843.0,843.0,843.0,843.0,843.0,843.0,843.0,850.0,885.0,943.0,1014.0,1087.0,1151.0,1197.0,1219.0,1220.0,1220.0,1220.0,1220.0,1220.0,1220.0,1220.0,1220.0,1220.0,1220.0,1220.0,1220.0,1220.0,1220.0,1220.0,1220.0,1228.0,1238.0,1253.0,1269.0,1282.0,1287.0,1287.0,1287.0,1287.0,1287.0,1287.0,1287.0,1287.0,1287.0,1287.0,1287.0,1287.0,98,December 9,Rennes
0.0031931695827410863,1.3091520030664652,0.9256163996446299,0.6309787752856688,0.6309787752856688,0.5732129702869735,0.8414181069766321,1.8027952687014899,1.8027952687014899,0.6487809797808577,1.096434383614602,2.026798803738038,2.026798803738038,0.4672284060276576,1.3335819372997704,3.9872825884499945,3.9872825884499945,0.6936156752344411,0.6752566440822526,5.488333333333335,-0.07257979586357553,0.07257979586357553,140.84421500151834,10.72,10.82,10.853333333333333,10.87,10.8,10.57,10.42,10.3825,10.297777777777776,10.290000000000001,10.292727272727273,10.353333333333333,10.543076923076923,10.719999999999999,10.85333333333333,11.0075,11.155294117647058,11.225555555555555,11.209473684210526,11.179999999999998,11.172380952380951,11.138181818181817,11.063478260869564,10.940833333333332,10.84,10.712307692307693,10.575555555555557,10.39857142857143,10.213103448275865,10.040000000000001,9.874838709677421,9.748124999999998,9.686666666666667,9.646470588235294,9.611428571428574,9.606111111111112,9.592972972972975,9.580526315789475,9.594358974358975,9.627500000000001,9.646829268292683,9.634285714285715,9.601395348837212,9.57909090909091,9.571111111111112,9.576521739130436,9.560425531914895,9.559583333333334,9.532244897959185,9.498000000000001,9.455294117647059,9.402692307692309,9.340754716981133,9.260740740740742,9.201818181818183,9.139642857142857,9.098947368421053,9.05793103448276,9.036949152542373,9.006666666666666,8.974098360655738,8.949032258064515,8.935873015873014,8.930937499999999,8.935384615384615,8.93060606060606,8.939402985074624,8.933235294117646,8.921449275362317,8.908571428571426,8.880563380281687,8.854722222222222,8.822739726027399,8.787567567567566,8.758666666666667,8.722631578947366,8.679740259740258,8.639230769230767,8.62506329113924,8.61375,8.617530864197532,8.617560975609756,8.61156626506024,8.597380952380952,8.582352941176469,8.563023255813953,8.549885057471263,8.537045454545455,8.541348314606742,8.535555555555554,8.52989010989011,8.526521739130434,8.526451612903225,8.542340425531913,8.532631578947367,8.506458333333333,8.477731958762886,8.451632653061223,8.430101010101009,8.415,8.397227722772275,8.378823529411763,8.368543689320385,8.360384615384614,8.355238095238095,8.343584905660377,8.323738317757009,8.307962962962963,8.291559633027521,8.27090909090909,8.256036036036035,8.253928571428572,8.258938053097346,8.259473684210526,8.255652173913044,8.243275862068964,8.239658119658118,8.231016949152542,8.214117647058822,8.181666666666667,8.144793388429752,8.115081967213115,8.08910569105691,8.065967741935484,8.044799999999999,8.016031746031745,7.979055118110233,7.940312499999999,39.083333333333336,469.0,0.0,0.0,0.0,0.0,0.0,0.0,0.0,0.0,0.0,0.0,0.0,0.0,0.0,0.0,0.0,7.0,49.0,117.0,201.0,288.0,366.0,423.0,451.0,453.0,453.0,453.0,453.0,453.0,453.0,453.0,453.0,453.0,453.0,453.0,453.0,453.0,453.0,453.0,453.0,460.0,495.0,552.0,621.0,692.0,754.0,797.0,816.0,817.0,817.0,817.0,817.0,817.0,817.0,817.0,817.0,817.0,817.0,817.0,817.0,817.0,817.0,817.0,817.0,824.0,866.0,936.0,1023.0,1114.0,1195.0,1255.0,1286.0,1289.0,1289.0,1289.0,1289.0,1289.0,1289.0,1289.0,1289.0,1289.0,1289.0,1289.0,1289.0,1289.0,1289.0,1289.0,1289.0,1296.0,1296.0,1296.0,1296.0,1296.0,1296.0,1296.0,1296.0,1296.0,1296.0,1296.0,1296.0,1296.0,1296.0,1296.0,1296.0,1296.0,1296.0,1296.0,1296.0,1296.0,1296.0,1296.0,1296.0,1303.0,1338.0,1396.0,1467.0,1540.0,1604.0,1650.0,1672.0,1673.0,1673.0,1673.0,1673.0,1673.0,1673.0,1673.0,1673.0,1673.0,99,December 10,Rennes
0.0031931695827410863,1.3091520030664652,0.9256163996446299,0.6309787752856688,0.6309787752856688,0.5732129702869735,0.8414181069766321,1.8027952687014899,1.8027952687014899,0.6487809797808577,1.096434383614602,2.026798803738038,2.026798803738038,0.4672284060276576,1.3335819372997704,3.9872825884499945,3.9872825884499945,0.6936156752344411,0.6752566440822526,6.0550000000000015,-0.11868379480167582,0.11868379480167582,133.8425543627855,10.52,10.370000000000001,10.42,10.495000000000001,10.62,10.753333333333332,10.962857142857143,11.2075,11.508888888888889,11.8,12.001818181818182,12.211666666666668,12.481538461538463,12.712857142857144,12.913333333333334,13.120000000000001,13.308235294117647,13.453333333333335,13.54105263157895,13.6,13.605714285714287,13.556363636363637,13.476521739130437,13.361666666666666,13.255999999999998,13.166153846153849,13.082962962962963,13.005714285714287,12.92,12.803333333333336,12.697419354838711,12.616875,12.526060606060605,12.458235294117648,12.397142857142857,12.35888888888889,12.371351351351352,12.38842105263158,12.396923076923079,12.419999999999998,12.446829268292682,12.446190476190477,12.410697674418603,12.37,12.34,12.298260869565217,12.237021276595744,12.15125,12.075102040816326,11.984000000000002,11.886666666666667,11.766153846153847,11.638867924528302,11.516296296296296,11.396363636363635,11.296785714285715,11.234035087719297,11.183793103448277,11.136949152542371,11.108333333333333,11.075737704918033,11.044193548387097,11.029523809523807,11.0278125,11.018461538461537,10.989696969696968,10.948358208955224,10.914117647058823,10.889565217391304,10.874285714285714,10.845352112676055,10.826944444444443,10.791232876712328,10.75108108108108,10.705333333333332,10.652894736842105,10.594025974025973,10.522564102564102,10.465569620253165,10.40625,10.361975308641975,10.317560975609757,10.287469879518072,10.25095238095238,10.212941176470588,10.18046511627907,10.156781609195402,10.139318181818181,10.128988764044943,10.112222222222222,10.105714285714285,10.088478260869564,10.067311827956988,10.045531914893617,10.012631578947369,9.981458333333334,9.945773195876288,9.907755102040817,9.874545454545455,9.836,9.792277227722773,9.750392156862745,9.728737864077669,9.709423076923077,9.701904761904762,9.691698113207549,9.677009345794392,9.65611111111111,9.63467889908257,9.61,9.59027027027027,9.570892857142857,9.565132743362831,9.55157894736842,9.538260869565216,9.526896551724137,9.518290598290598,9.522542372881354,9.50655462184874,9.477500000000001,9.446446280991735,9.417540983606559,9.392357723577236,9.37241935483871,9.350399999999997,9.327936507936508,9.312125984251969,9.298125,29.833333333333332,358.0,0.0,0.0,0.0,0.0,0.0,0.0,0.0,0.0,0.0,0.0,0.0,0.0,0.0,0.0,0.0,7.0,50.0,121.0,208.0,299.0,379.0,438.0,467.0,469.0,469.0,469.0,469.0,469.0,469.0,469.0,469.0,469.0,469.0,469.0,469.0,469.0,469.0,469.0,469.0,476.0,518.0,586.0,670.0,757.0,835.0,892.0,920.0,922.0,922.0,922.0,922.0,922.0,922.0,922.0,922.0,922.0,922.0,922.0,922.0,922.0,922.0,922.0,922.0,929.0,964.0,1021.0,1090.0,1161.0,1223.0,1266.0,1285.0,1286.0,1286.0,1286.0,1286.0,1286.0,1286.0,1286.0,1286.0,1286.0,1286.0,1286.0,1286.0,1286.0,1286.0,1286.0,1286.0,1293.0,1335.0,1405.0,1492.0,1583.0,1664.0,1724.0,1755.0,1758.0,1758.0,1758.0,1758.0,1758.0,1758.0,1758.0,1758.0,1758.0,1758.0,1758.0,1758.0,1758.0,1758.0,1758.0,1758.0,1765.0,1765.0,1765.0,1765.0,1765.0,1765.0,1765.0,1765.0,1765.0,1765.0,1765.0,1765.0,1765.0,1765.0,1765.0,1765.0,1765.0,100,December 11,Rennes
