Laine de verre¤TTP_TMateriau_Cond,North¤TTP_TOuverture_Uw,North¤TTP_TOuverture_Sw,North¤TTP_TOuverture_Largeur,North¤TTP_TOuverture_Hauteur,South¤TTP_TOuverture_Uw,South¤TTP_TOuverture_Sw,South¤TTP_TOuverture_Largeur,South¤TTP_TOuverture_Hauteur,East¤TTP_TOuverture_Uw,East¤TTP_TOuverture_Sw,East¤TTP_TOuverture_Largeur,East¤TTP_TOuverture_Hauteur,West¤TTP_TOuverture_Uw,West¤TTP_TOuverture_Sw,West¤TTP_TOuverture_Largeur,West¤TTP_TOuverture_Hauteur,Zone 1¤TTP_TinfiltrationZone,¤TMeteo,Text-average,Bias,Bias_Absolute,HLC,Text-1,Text-2,Text-3,Text-4,Text-5,Text-6,Text-7,Text-8,Text-9,Text-10,Text-11,Text-12,Text-13,Text-14,Text-15,Text-16,Text-17,Text-18,Text-19,Text-20,Text-21,Text-22,Text-23,Text-24,Text-25,Text-26,Text-27,Text-28,Text-29,Text-30,Text-31,Text-32,Text-33,Text-34,Text-35,Text-36,Text-37,Text-38,Text-39,Text-40,Text-41,Text-42,Text-43,Text-44,Text-45,Text-46,Text-47,Text-48,Text-49,Text-50,Text-51,Text-52,Text-53,Text-54,Text-55,Text-56,Text-57,Text-58,Text-59,Text-60,Text-61,Text-62,Text-63,Text-64,Text-65,Text-66,Text-67,Text-68,Text-69,Text-70,Text-71,Text-72,Text-73,Text-74,Text-75,Text-76,Text-77,Text-78,Text-79,Text-80,Text-81,Text-82,Text-83,Text-84,Text-85,Text-86,Text-87,Text-88,Text-89,Text-90,Text-91,Text-92,Text-93,Text-94,Text-95,Text-96,Text-97,Text-98,Text-99,Text-100,Text-101,Text-102,Text-103,Text-104,Text-105,Text-106,Text-107,Text-108,Text-109,Text-110,Text-111,Text-112,Text-113,Text-114,Text-115,Text-116,Text-117,Text-118,Text-119,Text-120,Text-121,Text-122,Text-123,Text-124,Text-125,Text-126,Text-127,Text-128,GHR_mean,GHR_sum,GHR-sum-1,GHR-sum-2,GHR-sum-3,GHR-sum-4,GHR-sum-5,GHR-sum-6,GHR-sum-7,GHR-sum-8,GHR-sum-9,GHR-sum-10,GHR-sum-11,GHR-sum-12,GHR-sum-13,GHR-sum-14,GHR-sum-15,GHR-sum-16,GHR-sum-17,GHR-sum-18,GHR-sum-19,GHR-sum-20,GHR-sum-21,GHR-sum-22,GHR-sum-23,GHR-sum-24,GHR-sum-25,GHR-sum-26,GHR-sum-27,GHR-sum-28,GHR-sum-29,GHR-sum-30,GHR-sum-31,GHR-sum-32,GHR-sum-33,GHR-sum-34,GHR-sum-35,GHR-sum-36,GHR-sum-37,GHR-sum-38,GHR-sum-39,GHR-sum-40,GHR-sum-41,GHR-sum-42,GHR-sum-43,GHR-sum-44,GHR-sum-45,GHR-sum-46,GHR-sum-47,GHR-sum-48,GHR-sum-49,GHR-sum-50,GHR-sum-51,GHR-sum-52,GHR-sum-53,GHR-sum-54,GHR-sum-55,GHR-sum-56,GHR-sum-57,GHR-sum-58,GHR-sum-59,GHR-sum-60,GHR-sum-61,GHR-sum-62,GHR-sum-63,GHR-sum-64,GHR-sum-65,GHR-sum-66,GHR-sum-67,GHR-sum-68,GHR-sum-69,GHR-sum-70,GHR-sum-71,GHR-sum-72,GHR-sum-73,GHR-sum-74,GHR-sum-75,GHR-sum-76,GHR-sum-77,GHR-sum-78,GHR-sum-79,GHR-sum-80,GHR-sum-81,GHR-sum-82,GHR-sum-83,GHR-sum-84,GHR-sum-85,GHR-sum-86,GHR-sum-87,GHR-sum-88,GHR-sum-89,GHR-sum-90,GHR-sum-91,GHR-sum-92,GHR-sum-93,GHR-sum-94,GHR-sum-95,GHR-sum-96,GHR-sum-97,GHR-sum-98,GHR-sum-99,GHR-sum-100,GHR-sum-101,GHR-sum-102,GHR-sum-103,GHR-sum-104,GHR-sum-105,GHR-sum-106,GHR-sum-107,GHR-sum-108,GHR-sum-109,GHR-sum-110,GHR-sum-111,GHR-sum-112,GHR-sum-113,GHR-sum-114,GHR-sum-115,GHR-sum-116,GHR-sum-117,GHR-sum-118,GHR-sum-119,GHR-sum-120,GHR-sum-121,GHR-sum-122,GHR-sum-123,GHR-sum-124,GHR-sum-125,GHR-sum-126,GHR-sum-127,GHR-sum-128,day_index,Date,Climate_zone
0.0072085834802671014,1.5065733044463827,0.7553170657529169,1.3620309900062244,1.3620309900062244,0.4944356099994842,1.1896603883409829,2.8600591235033037,2.8600591235033037,0.6891171148747346,0.5220041408632662,3.1640083721894894,3.1640083721894894,0.4858444120497605,0.7688505576870359,1.1742800669316793,1.1742800669316793,0.5354876429121813,0.9198522704852529,17.565,-0.08918688483512646,0.08918688483512646,203.3542081791441,0.6599999999999999,0.71,0.45999999999999996,0.034999999999999976,-0.2,-0.42333333333333334,-0.4114285714285714,-0.25249999999999995,-0.2244444444444444,-0.20199999999999996,-0.1836363636363636,-0.1683333333333333,-0.15538461538461543,-0.14428571428571432,-0.13466666666666668,-0.12624999999999997,-0.11882352941176468,-0.1122222222222222,-0.10631578947368418,-0.10099999999999998,-0.09619047619047622,-0.09181818181818184,-0.08782608695652176,-0.08416666666666665,-0.08079999999999998,-0.07769230769230767,-0.07481481481481479,-0.07214285714285713,-0.06965517241379313,-0.06733333333333334,-0.06516129032258065,-0.06312499999999999,-0.0612121212121212,-0.05941176470588234,-0.057714285714285704,-0.0561111111111111,-0.054594594594594606,-0.05315789473684212,-0.05179487179487181,-0.05049999999999999,-0.04926829268292682,-0.04809523809523809,-0.0469767441860465,-0.0459090909090909,-0.0448888888888889,-0.04391304347826088,-0.04297872340425533,-0.04208333333333333,-0.04122448979591836,-0.04039999999999999,-0.03960784313725489,-0.038846153846153836,-0.03811320754716982,-0.03740740740740742,-0.03672727272727273,-0.03607142857142857,-0.03543859649122806,-0.03482758620689654,-0.034237288135593215,-0.03366666666666666,-0.03311475409836066,-0.03258064516129033,-0.03206349206349207,-0.03156249999999999,-0.03107692307692307,-0.0306060606060606,-0.03014925373134328,-0.02970588235294117,-0.029275362318840585,-0.028857142857142862,-0.02845070422535212,-0.02805555555555555,-0.02767123287671232,-0.027297297297297293,-0.026933333333333326,-0.026578947368421046,-0.02623376623376624,-0.025897435897435903,-0.025569620253164563,-0.025249999999999995,-0.024938271604938268,-0.02463414634146341,-0.024337349397590358,-0.024047619047619043,-0.023764705882352948,-0.02348837209302326,-0.023218390804597706,-0.02295454545454545,-0.02269662921348314,-0.02244444444444444,-0.022197802197802194,-0.02195652173913043,-0.021720430107526886,-0.021489361702127664,-0.02126315789473685,-0.021041666666666663,-0.020824742268041232,-0.02061224489795918,-0.0204040404040404,-0.020199999999999996,-0.020000000000000004,-0.019803921568627456,-0.019611650485436897,-0.019423076923076918,-0.019238095238095235,-0.019056603773584903,-0.018878504672897194,-0.018703703703703698,-0.018532110091743124,-0.018363636363636367,-0.018198198198198203,-0.018035714285714283,-0.017876106194690263,-0.01771929824561403,-0.017565217391304344,-0.01741379310344827,-0.01726495726495727,-0.017118644067796614,-0.01697478991596639,-0.01683333333333333,-0.016694214876033054,-0.016557377049180325,-0.016422764227642273,-0.016290322580645156,-0.016160000000000004,-0.016031746031746036,-0.015905511811023627,-0.015781249999999997,56.833333333333336,682.0,0.0,0.0,0.0,0.0,0.0,0.0,0.0,0.0,0.0,0.0,0.0,0.0,0.0,0.0,0.0,0.0,0.0,0.0,0.0,0.0,0.0,0.0,0.0,0.0,0.0,0.0,0.0,0.0,0.0,0.0,0.0,0.0,0.0,0.0,0.0,0.0,0.0,0.0,0.0,0.0,0.0,0.0,0.0,0.0,0.0,0.0,0.0,0.0,0.0,0.0,0.0,0.0,0.0,0.0,0.0,0.0,0.0,0.0,0.0,0.0,0.0,0.0,0.0,0.0,0.0,0.0,0.0,0.0,0.0,0.0,0.0,0.0,0.0,0.0,0.0,0.0,0.0,0.0,0.0,0.0,0.0,0.0,0.0,0.0,0.0,0.0,0.0,0.0,0.0,0.0,0.0,0.0,0.0,0.0,0.0,0.0,0.0,0.0,0.0,0.0,0.0,0.0,0.0,0.0,0.0,0.0,0.0,0.0,0.0,0.0,0.0,0.0,0.0,0.0,0.0,0.0,0.0,0.0,0.0,0.0,0.0,0.0,0.0,0.0,0.0,0.0,0.0,0.0,1,January 1,Agen
0.0072085834802671014,1.5065733044463827,0.7553170657529169,1.3620309900062244,1.3620309900062244,0.4944356099994842,1.1896603883409829,2.8600591235033037,2.8600591235033037,0.6891171148747346,0.5220041408632662,3.1640083721894894,3.1640083721894894,0.4858444120497605,0.7688505576870359,1.1742800669316793,1.1742800669316793,0.5354876429121813,0.9198522704852529,13.731666666666666,-0.03859434393029293,0.03859434393029293,214.64983614516328,7.659999999999998,7.259999999999998,6.659999999999999,6.184999999999999,5.639999999999999,5.043333333333333,4.631428571428572,4.522499999999999,4.337777777777777,4.109999999999999,4.041818181818181,3.9849999999999994,3.921538461538461,3.96,4.073333333333333,4.0725,4.001176470588235,3.915555555555555,3.7915789473684205,3.589999999999999,3.421904761904761,3.355454545454545,3.281739130434782,3.2099999999999995,3.1079999999999997,3.0176923076923075,2.904444444444444,2.7564285714285712,2.622068965517241,2.483333333333333,2.3922580645161284,2.344375,2.273333333333333,2.2064705882352937,2.143428571428571,2.0838888888888882,2.027567567567567,1.974210526315789,1.923589743589743,1.8755,1.8297560975609752,1.7861904761904757,1.7446511627906973,1.7049999999999996,1.6671111111111108,1.630869565217391,1.5961702127659572,1.5629166666666665,1.531020408163265,1.5003999999999997,1.4709803921568625,1.4426923076923073,1.4154716981132072,1.389259259259259,1.3639999999999997,1.3396428571428571,1.3161403508771927,1.2934482758620687,1.2715254237288132,1.250333333333333,1.2298360655737701,1.2099999999999997,1.1907936507936505,1.1721875,1.1541538461538459,1.1366666666666665,1.1197014925373132,1.1032352941176469,1.0872463768115939,1.0717142857142854,1.056619718309859,1.0419444444444443,1.0276712328767121,1.0137837837837835,1.0002666666666664,0.9871052631578945,0.9742857142857141,0.9617948717948716,0.9496202531645568,0.93775,0.9261728395061726,0.9148780487804876,0.9038554216867468,0.8930952380952378,0.8825882352941175,0.8723255813953487,0.8622988505747124,0.8524999999999999,0.8429213483146065,0.8335555555555554,0.8243956043956042,0.8154347826086955,0.8066666666666664,0.7980851063829786,0.7896842105263155,0.7814583333333333,0.77340206185567,0.7655102040816325,0.7577777777777776,0.7501999999999999,0.7427722772277225,0.7354901960784312,0.7283495145631066,0.7213461538461539,0.7144761904761903,0.7077358490566036,0.7011214953271027,0.6946296296296295,0.6882568807339448,0.6819999999999998,0.6758558558558557,0.6698214285714286,0.6638938053097343,0.6580701754385964,0.6523478260869564,0.6467241379310343,0.6411965811965811,0.6357627118644066,0.6304201680672268,0.6251666666666666,0.6199999999999999,0.6149180327868851,0.6099186991869917,0.6049999999999999,0.6001599999999998,0.5953968253968253,0.5907086614173227,0.58609375,41.5,498.0,0.0,0.0,0.0,0.0,0.0,0.0,0.0,0.0,0.0,0.0,0.0,0.0,0.0,0.0,0.0,25.0,92.0,192.0,311.0,434.0,543.0,625.0,670.0,682.0,682.0,682.0,682.0,682.0,682.0,682.0,682.0,682.0,682.0,682.0,682.0,682.0,682.0,682.0,682.0,682.0,682.0,682.0,682.0,682.0,682.0,682.0,682.0,682.0,682.0,682.0,682.0,682.0,682.0,682.0,682.0,682.0,682.0,682.0,682.0,682.0,682.0,682.0,682.0,682.0,682.0,682.0,682.0,682.0,682.0,682.0,682.0,682.0,682.0,682.0,682.0,682.0,682.0,682.0,682.0,682.0,682.0,682.0,682.0,682.0,682.0,682.0,682.0,682.0,682.0,682.0,682.0,682.0,682.0,682.0,682.0,682.0,682.0,682.0,682.0,682.0,682.0,682.0,682.0,682.0,682.0,682.0,682.0,682.0,682.0,682.0,682.0,682.0,682.0,682.0,682.0,682.0,682.0,682.0,682.0,682.0,682.0,682.0,682.0,682.0,682.0,682.0,682.0,682.0,2,January 2,Agen
0.0072085834802671014,1.5065733044463827,0.7553170657529169,1.3620309900062244,1.3620309900062244,0.4944356099994842,1.1896603883409829,2.8600591235033037,2.8600591235033037,0.6891171148747346,0.5220041408632662,3.1640083721894894,3.1640083721894894,0.4858444120497605,0.7688505576870359,1.1742800669316793,1.1742800669316793,0.5354876429121813,0.9198522704852529,13.206666666666667,0.0529543201471005,0.0529543201471005,235.08960121150932,4.159999999999998,3.6099999999999994,3.4599999999999995,3.0849999999999995,2.9199999999999995,2.81,2.8314285714285714,2.8975,2.9044444444444446,3.0199999999999996,3.1327272727272724,3.2266666666666666,3.329230769230769,3.4385714285714286,3.533333333333333,3.6475,3.7482352941176464,3.8988888888888886,4.038947368421051,4.159999999999998,4.279047619047619,4.428181818181818,4.594782608695652,4.7475,4.864,4.94076923076923,4.96,4.952857142857143,4.9013793103448275,4.806666666666666,4.721290322580644,4.691249999999999,4.635757575757576,4.56,4.525714285714285,4.493333333333333,4.457297297297297,4.457368421052631,4.488205128205127,4.477499999999999,4.438048780487804,4.39095238095238,4.325116279069767,4.221363636363636,4.128888888888889,4.081739130434782,4.0302127659574465,3.97875,3.911020408163265,3.8480000000000003,3.7717647058823527,3.675384615384615,3.584528301886792,3.489629629629629,3.4199999999999995,3.374285714285714,3.315087719298245,3.2579310344827586,3.2027118644067794,3.149333333333333,3.0977049180327865,3.04774193548387,2.999365079365079,2.9524999999999997,2.907076923076923,2.8630303030303033,2.8202985074626863,2.7788235294117642,2.738550724637681,2.699428571428571,2.6614084507042253,2.6244444444444444,2.5884931506849314,2.5535135135135136,2.5194666666666663,2.486315789473684,2.4540259740259738,2.422564102564102,2.391898734177215,2.3619999999999997,2.332839506172839,2.3043902439024393,2.276626506024096,2.2495238095238093,2.2230588235294113,2.197209302325581,2.1719540229885057,2.147272727272727,2.12314606741573,2.099555555555556,2.0764835164835165,2.0539130434782606,2.0318279569892472,2.0102127659574465,1.9890526315789472,1.968333333333333,1.948041237113402,1.9281632653061225,1.9086868686868685,1.8895999999999997,1.8708910891089108,1.8525490196078427,1.8345631067961163,1.8169230769230766,1.7996190476190475,1.7826415094339623,1.7659813084112148,1.7496296296296294,1.7335779816513759,1.7178181818181815,1.702342342342342,1.687142857142857,1.6722123893805307,1.657543859649123,1.6431304347826086,1.628965517241379,1.6150427350427348,1.6013559322033895,1.5878991596638654,1.5746666666666664,1.5616528925619833,1.5488524590163935,1.536260162601626,1.5238709677419353,1.51168,1.4996825396825393,1.4878740157480312,1.4762499999999998,17.083333333333332,205.0,0.0,0.0,0.0,0.0,0.0,0.0,0.0,0.0,0.0,0.0,0.0,0.0,0.0,0.0,0.0,23.0,77.0,156.0,248.0,339.0,416.0,469.0,493.0,498.0,498.0,498.0,498.0,498.0,498.0,498.0,498.0,498.0,498.0,498.0,498.0,498.0,498.0,498.0,498.0,523.0,590.0,690.0,809.0,932.0,1041.0,1123.0,1168.0,1180.0,1180.0,1180.0,1180.0,1180.0,1180.0,1180.0,1180.0,1180.0,1180.0,1180.0,1180.0,1180.0,1180.0,1180.0,1180.0,1180.0,1180.0,1180.0,1180.0,1180.0,1180.0,1180.0,1180.0,1180.0,1180.0,1180.0,1180.0,1180.0,1180.0,1180.0,1180.0,1180.0,1180.0,1180.0,1180.0,1180.0,1180.0,1180.0,1180.0,1180.0,1180.0,1180.0,1180.0,1180.0,1180.0,1180.0,1180.0,1180.0,1180.0,1180.0,1180.0,1180.0,1180.0,1180.0,1180.0,1180.0,1180.0,1180.0,1180.0,1180.0,1180.0,1180.0,1180.0,1180.0,1180.0,1180.0,1180.0,1180.0,1180.0,1180.0,1180.0,1180.0,1180.0,1180.0,1180.0,1180.0,1180.0,1180.0,1180.0,1180.0,3,January 3,Agen
0.0072085834802671014,1.5065733044463827,0.7553170657529169,1.3620309900062244,1.3620309900062244,0.4944356099994842,1.1896603883409829,2.8600591235033037,2.8600591235033037,0.6891171148747346,0.5220041408632662,3.1640083721894894,3.1640083721894894,0.4858444120497605,0.7688505576870359,1.1742800669316793,1.1742800669316793,0.5354876429121813,0.9198522704852529,14.948333333333334,-0.09894174157022254,0.09894174157022254,201.17627383208833,4.76,5.059999999999999,5.593333333333331,5.635,5.839999999999999,5.759999999999998,5.63142857142857,5.472499999999998,5.3599999999999985,5.239999999999998,5.214545454545453,5.159999999999999,5.213846153846153,5.3671428571428565,5.52,5.684999999999999,5.824705882352941,5.982222222222222,6.065263157894736,6.095,6.079047619047619,6.023636363636363,6.0034782608695645,5.976666666666666,5.903999999999999,5.7946153846153825,5.697037037037036,5.563571428571427,5.449655172413791,5.343333333333331,5.266451612903223,5.206874999999999,5.138787878787879,5.10705882352941,5.082857142857141,5.059999999999999,5.046486486486485,5.041578947368419,5.036923076923075,5.045,5.0526829268292675,5.086190476190476,5.120465116279068,5.1509090909090895,5.184444444444443,5.236086956521738,5.300425531914892,5.362083333333332,5.408979591836734,5.438,5.438431372549019,5.425384615384615,5.388301886792452,5.326666666666666,5.269090909090909,5.2421428571428565,5.200350877192982,5.146206896551724,5.11593220338983,5.086666666666667,5.055081967213115,5.045483870967742,5.055238095238096,5.039687499999999,5.006153846153846,4.967575757575757,4.916716417910448,4.840882352941176,4.771594202898551,4.731428571428572,4.688169014084507,4.644722222222222,4.590136986301369,4.538378378378377,4.477333333333333,4.402105263157895,4.330129870129871,4.254871794871795,4.196708860759495,4.154999999999999,4.103703703703704,4.053658536585365,4.004819277108434,3.957142857142857,3.910588235294118,3.8651162790697673,3.8206896551724143,3.777272727272727,3.734831460674157,3.6933333333333325,3.652747252747253,3.6130434782608694,3.5741935483870972,3.536170212765957,3.498947368421053,3.4625,3.42680412371134,3.391836734693877,3.357575757575758,3.324,3.2910891089108913,3.2588235294117647,3.227184466019418,3.196153846153846,3.1657142857142855,3.1358490566037727,3.1065420560747667,3.0777777777777775,3.04954128440367,3.0218181818181815,2.994594594594595,2.9678571428571425,2.941592920353982,2.91578947368421,2.890434782608696,2.86551724137931,2.841025641025641,2.8169491525423727,2.79327731092437,2.77,2.7471074380165286,2.7245901639344257,2.702439024390244,2.6806451612903226,2.6592000000000002,2.638095238095238,2.6173228346456696,2.596875,51.583333333333336,619.0,0.0,0.0,0.0,0.0,0.0,0.0,0.0,0.0,0.0,0.0,0.0,0.0,0.0,0.0,0.0,20.0,52.0,95.0,141.0,180.0,203.0,205.0,205.0,205.0,205.0,205.0,205.0,205.0,205.0,205.0,205.0,205.0,205.0,205.0,205.0,205.0,205.0,205.0,205.0,228.0,282.0,361.0,453.0,544.0,621.0,674.0,698.0,703.0,703.0,703.0,703.0,703.0,703.0,703.0,703.0,703.0,703.0,703.0,703.0,703.0,703.0,703.0,703.0,728.0,795.0,895.0,1014.0,1137.0,1246.0,1328.0,1373.0,1385.0,1385.0,1385.0,1385.0,1385.0,1385.0,1385.0,1385.0,1385.0,1385.0,1385.0,1385.0,1385.0,1385.0,1385.0,1385.0,1385.0,1385.0,1385.0,1385.0,1385.0,1385.0,1385.0,1385.0,1385.0,1385.0,1385.0,1385.0,1385.0,1385.0,1385.0,1385.0,1385.0,1385.0,1385.0,1385.0,1385.0,1385.0,1385.0,1385.0,1385.0,1385.0,1385.0,1385.0,1385.0,1385.0,1385.0,1385.0,1385.0,1385.0,1385.0,1385.0,1385.0,1385.0,1385.0,1385.0,1385.0,4,January 4,Agen
0.0072085834802671014,1.5065733044463827,0.7553170657529169,1.3620309900062244,1.3620309900062244,0.4944356099994842,1.1896603883409829,2.8600591235033037,2.8600591235033037,0.6891171148747346,0.5220041408632662,3.1640083721894894,3.1640083721894894,0.4858444120497605,0.7688505576870359,1.1742800669316793,1.1742800669316793,0.5354876429121813,0.9198522704852529,19.156666666666666,-0.06898339939053472,0.06898339939053472,207.86497302940663,1.86,1.81,1.7266666666666668,1.5350000000000001,1.32,0.8933333333333334,0.5742857142857144,0.4225000000000001,0.5044444444444445,0.62,0.7599999999999999,0.9849999999999999,1.283076923076923,1.6814285714285713,2.0066666666666664,2.26,2.471764705882353,2.6599999999999997,2.781052631578947,2.8549999999999995,2.95047619047619,2.9872727272727273,2.999130434782608,3.018333333333333,3.088,3.1753846153846155,3.3044444444444445,3.392142857142857,3.504827586206896,3.566666666666666,3.6083870967741927,3.631874999999999,3.6569696969696963,3.671764705882352,3.708571428571428,3.7322222222222217,3.78972972972973,3.883684210526315,3.98051282051282,4.084999999999999,4.181951219512195,4.288571428571428,4.364651162790698,4.416818181818182,4.446666666666667,4.455652173913043,4.479148936170213,4.4975,4.490612244897959,4.462,4.436470588235294,4.388846153846154,4.348679245283019,4.31,4.285454545454545,4.268928571428571,4.2459649122807015,4.242758620689655,4.243050847457627,4.243333333333333,4.2485245901639335,4.258387096774192,4.267936507936507,4.284999999999999,4.301538461538461,4.334242424242423,4.367462686567164,4.398235294117646,4.431014492753622,4.475714285714284,4.5290140845070415,4.580833333333333,4.623013698630136,4.653243243243243,4.664,4.665263157894736,4.649610389610388,4.616410256410256,4.585316455696201,4.574999999999999,4.553827160493826,4.523414634146341,4.509397590361445,4.495714285714285,4.479999999999999,4.479767441860464,4.493333333333332,4.48840909090909,4.470112359550561,4.447777777777778,4.416043956043955,4.365434782608695,4.319139784946236,4.294042553191488,4.266315789473683,4.238124999999999,4.201237113402062,4.166122448979592,4.123636363636363,4.0699999999999985,4.018415841584158,3.9639215686274496,3.9221359223300962,3.892692307692307,3.855619047619047,3.819245283018867,3.7835514018691585,3.7485185185185177,3.714128440366972,3.680363636363635,3.6472072072072064,3.6146428571428566,3.5826548672566365,3.551228070175438,3.5203478260869563,3.4899999999999993,3.4601709401709395,3.4308474576271175,3.4020168067226884,3.373666666666666,3.3457851239669414,3.3183606557377043,3.291382113821138,3.2648387096774187,3.2387199999999994,3.213015873015872,3.1877165354330703,3.1628124999999994,24.083333333333332,289.0,0.0,0.0,0.0,0.0,0.0,0.0,0.0,0.0,0.0,0.0,0.0,0.0,0.0,0.0,0.0,26.0,89.0,183.0,294.0,406.0,503.0,573.0,610.0,619.0,619.0,619.0,619.0,619.0,619.0,619.0,619.0,619.0,619.0,619.0,619.0,619.0,619.0,619.0,619.0,639.0,671.0,714.0,760.0,799.0,822.0,824.0,824.0,824.0,824.0,824.0,824.0,824.0,824.0,824.0,824.0,824.0,824.0,824.0,824.0,824.0,824.0,824.0,824.0,847.0,901.0,980.0,1072.0,1163.0,1240.0,1293.0,1317.0,1322.0,1322.0,1322.0,1322.0,1322.0,1322.0,1322.0,1322.0,1322.0,1322.0,1322.0,1322.0,1322.0,1322.0,1322.0,1322.0,1347.0,1414.0,1514.0,1633.0,1756.0,1865.0,1947.0,1992.0,2004.0,2004.0,2004.0,2004.0,2004.0,2004.0,2004.0,2004.0,2004.0,2004.0,2004.0,2004.0,2004.0,2004.0,2004.0,2004.0,2004.0,2004.0,2004.0,2004.0,2004.0,2004.0,2004.0,2004.0,2004.0,2004.0,2004.0,2004.0,2004.0,2004.0,2004.0,2004.0,2004.0,5,January 5,Agen
0.0072085834802671014,1.5065733044463827,0.7553170657529169,1.3620309900062244,1.3620309900062244,0.4944356099994842,1.1896603883409829,2.8600591235033037,2.8600591235033037,0.6891171148747346,0.5220041408632662,3.1640083721894894,3.1640083721894894,0.4858444120497605,0.7688505576870359,1.1742800669316793,1.1742800669316793,0.5354876429121813,0.9198522704852529,13.540000000000004,0.10231542474152874,0.10231542474152874,246.110290497292,0.6599999999999999,0.51,0.3266666666666666,-0.14000000000000007,-0.4800000000000001,-0.8066666666666666,-0.8685714285714284,-0.8525,-0.64,-0.5,-0.44909090909090904,-0.4733333333333332,-0.5707692307692306,-0.7042857142857143,-0.7333333333333333,-0.7025,-0.6635294117647059,-0.6066666666666668,-0.5031578947368421,-0.40499999999999997,-0.24952380952380948,-0.05818181818181822,0.09913043478260866,0.18500000000000003,0.252,0.31,0.35629629629629633,0.37785714285714295,0.38068965517241377,0.3266666666666667,0.2729032258064516,0.24437499999999998,0.27212121212121215,0.3129411764705883,0.3657142857142857,0.4516666666666667,0.5708108108108108,0.736315789473684,0.8856410256410254,1.015,1.133170731707317,1.2457142857142856,1.332093023255814,1.3986363636363635,1.475555555555555,1.5252173913043474,1.5621276595744678,1.6016666666666666,1.6661224489795916,1.7399999999999998,1.8364705882352939,1.9119230769230764,2.0015094339622634,2.0637037037037027,2.114545454545454,2.1546428571428566,2.195087719298245,2.228965517241379,2.2752542372881353,2.313333333333333,2.3714754098360653,2.451935483870968,2.5346031746031743,2.6224999999999996,2.706153846153846,2.7963636363636364,2.867462686567164,2.923235294117647,2.9643478260869567,2.9914285714285715,3.027605633802817,3.06,3.0750684931506846,3.074864864864865,3.076,3.061315789473684,3.0509090909090912,3.040769230769231,3.039746835443038,3.04375,3.042716049382716,3.0551219512195122,3.0696385542168674,3.0838095238095242,3.1011764705882356,3.121627906976744,3.1416091954022987,3.166818181818181,3.1914606741573035,3.2277777777777783,3.2643956043956037,3.2991304347826085,3.3352688172043004,3.380212765957446,3.4315789473684206,3.481874999999999,3.524948453608247,3.558979591836735,3.5781818181818177,3.5899999999999994,3.588712871287128,3.5737254901960775,3.5599999999999996,3.5619230769230765,3.5552380952380953,3.5411320754716975,3.5394392523364484,3.537777777777777,3.5343119266055045,3.5427272727272725,3.5618018018018014,3.5662499999999997,3.56,3.5503508771929826,3.5330434782608693,3.5005172413793098,3.471111111111111,3.4583050847457626,3.443193277310924,3.4274999999999998,3.4046280991735536,3.3829508196721307,3.3551219512195116,3.3180645161290316,3.2823999999999995,3.2441269841269835,3.215905511811023,3.1975,45.083333333333336,541.0,0.0,0.0,0.0,0.0,0.0,0.0,0.0,0.0,0.0,0.0,0.0,0.0,0.0,0.0,0.0,21.0,59.0,113.0,175.0,232.0,272.0,289.0,289.0,289.0,289.0,289.0,289.0,289.0,289.0,289.0,289.0,289.0,289.0,289.0,289.0,289.0,289.0,289.0,289.0,315.0,378.0,472.0,583.0,695.0,792.0,862.0,899.0,908.0,908.0,908.0,908.0,908.0,908.0,908.0,908.0,908.0,908.0,908.0,908.0,908.0,908.0,908.0,908.0,928.0,960.0,1003.0,1049.0,1088.0,1111.0,1113.0,1113.0,1113.0,1113.0,1113.0,1113.0,1113.0,1113.0,1113.0,1113.0,1113.0,1113.0,1113.0,1113.0,1113.0,1113.0,1113.0,1113.0,1136.0,1190.0,1269.0,1361.0,1452.0,1529.0,1582.0,1606.0,1611.0,1611.0,1611.0,1611.0,1611.0,1611.0,1611.0,1611.0,1611.0,1611.0,1611.0,1611.0,1611.0,1611.0,1611.0,1611.0,1636.0,1703.0,1803.0,1922.0,2045.0,2154.0,2236.0,2281.0,2293.0,2293.0,2293.0,2293.0,2293.0,2293.0,2293.0,2293.0,2293.0,6,January 6,Agen
0.0072085834802671014,1.5065733044463827,0.7553170657529169,1.3620309900062244,1.3620309900062244,0.4944356099994842,1.1896603883409829,2.8600591235033037,2.8600591235033037,0.6891171148747346,0.5220041408632662,3.1640083721894894,3.1640083721894894,0.4858444120497605,0.7688505576870359,1.1742800669316793,1.1742800669316793,0.5354876429121813,0.9198522704852529,12.815,0.08327186841431672,0.08327186841431672,241.85849915463646,0.36,-0.34,-0.8066666666666668,-1.315,-1.9800000000000004,-2.5066666666666673,-2.4400000000000004,-2.0900000000000003,-1.5177777777777781,-0.8200000000000003,-0.08545454545454574,0.6099999999999998,1.175384615384615,1.717142857142857,2.2133333333333334,2.6224999999999996,2.9247058823529413,3.1322222222222216,3.317894736842104,3.454999999999999,3.5599999999999987,3.6054545454545446,3.607826086956521,3.5349999999999997,3.42,3.302307692307692,3.1785185185185187,3.0099999999999993,2.842758620689655,2.666666666666666,2.5406451612903225,2.4381249999999994,2.3963636363636365,2.3482352941176465,2.2828571428571425,2.1988888888888884,2.092432432432432,1.9731578947368418,1.8933333333333326,1.8399999999999999,1.7941463414634147,1.7599999999999998,1.7506976744186042,1.7440909090909087,1.7688888888888887,1.8165217391304345,1.8536170212765952,1.86,1.86,1.8579999999999999,1.852156862745098,1.835,1.809056603773585,1.7525925925925927,1.696363636363636,1.654642857142857,1.6459649122807016,1.646206896551724,1.6549152542372878,1.6849999999999996,1.7370491803278685,1.8196774193548384,1.8949206349206345,1.9599999999999997,2.0199999999999996,2.078181818181818,2.1211940298507463,2.152647058823529,2.1918840579710137,2.2142857142857135,2.2290140845070416,2.2461111111111105,2.280547945205479,2.3221621621621624,2.3799999999999994,2.4244736842105263,2.4794805194805187,2.516410256410256,2.546075949367088,2.5687499999999996,2.5920987654320986,2.6112195121951216,2.6395180722891562,2.662380952380952,2.6999999999999997,2.7541860465116272,2.8105747126436778,2.8713636363636366,2.9296629213483145,2.993333333333333,3.043516483516483,3.082826086956522,3.111612903225806,3.130212765957447,3.1557894736842105,3.1787499999999995,3.1888659793814433,3.1875510204081627,3.187272727272727,3.175,3.1659405940594056,3.1570588235294115,3.1551456310679615,3.1571153846153837,3.155238095238095,3.16377358490566,3.1740186915887847,3.1840740740740734,3.1966972477064215,3.2118181818181815,3.2266666666666666,3.245714285714285,3.264424778761062,3.292456140350877,3.3208695652173907,3.347931034482758,3.376239316239316,3.4116949152542366,3.452436974789916,3.4924999999999997,3.52694214876033,3.554262295081967,3.5697560975609743,3.5793548387096767,3.5783999999999994,3.566349206349206,3.5552755905511804,3.5568749999999993,48.0,576.0,0.0,0.0,0.0,0.0,0.0,0.0,0.0,0.0,0.0,0.0,0.0,0.0,0.0,0.0,0.0,26.0,84.0,168.0,267.0,366.0,451.0,509.0,535.0,541.0,541.0,541.0,541.0,541.0,541.0,541.0,541.0,541.0,541.0,541.0,541.0,541.0,541.0,541.0,541.0,562.0,600.0,654.0,716.0,773.0,813.0,830.0,830.0,830.0,830.0,830.0,830.0,830.0,830.0,830.0,830.0,830.0,830.0,830.0,830.0,830.0,830.0,830.0,830.0,856.0,919.0,1013.0,1124.0,1236.0,1333.0,1403.0,1440.0,1449.0,1449.0,1449.0,1449.0,1449.0,1449.0,1449.0,1449.0,1449.0,1449.0,1449.0,1449.0,1449.0,1449.0,1449.0,1449.0,1469.0,1501.0,1544.0,1590.0,1629.0,1652.0,1654.0,1654.0,1654.0,1654.0,1654.0,1654.0,1654.0,1654.0,1654.0,1654.0,1654.0,1654.0,1654.0,1654.0,1654.0,1654.0,1654.0,1654.0,1677.0,1731.0,1810.0,1902.0,1993.0,2070.0,2123.0,2147.0,2152.0,2152.0,2152.0,2152.0,2152.0,2152.0,2152.0,2152.0,2152.0,7,January 7,Agen
0.0072085834802671014,1.5065733044463827,0.7553170657529169,1.3620309900062244,1.3620309900062244,0.4944356099994842,1.1896603883409829,2.8600591235033037,2.8600591235033037,0.6891171148747346,0.5220041408632662,3.1640083721894894,3.1640083721894894,0.4858444120497605,0.7688505576870359,1.1742800669316793,1.1742800669316793,0.5354876429121813,0.9198522704852529,12.606666666666666,0.10117363778922296,0.10117363778922296,245.8553675304072,1.56,1.1099999999999999,1.4600000000000002,1.3850000000000002,1.42,1.4100000000000001,1.5885714285714287,1.9224999999999999,2.326666666666666,2.75,3.1781818181818178,3.6099999999999994,3.9600000000000004,4.3028571428571425,4.666666666666667,5.00375,5.265882352941176,5.454444444444444,5.565263157894736,5.6049999999999995,5.64095238095238,5.582727272727272,5.525217391304347,5.3975,5.195999999999999,4.956153846153845,4.7081481481481475,4.438571428571428,4.12551724137931,3.816666666666666,3.6277419354838707,3.525625,3.5115151515151513,3.5688235294117643,3.6742857142857135,3.8016666666666663,3.914054054054054,4.041578947368421,4.172820512820512,4.2875,4.372195121951219,4.426666666666667,4.47860465116279,4.514545454545455,4.54,4.540434782608696,4.521702127659574,4.46625,4.388571428571429,4.308,4.222745098039216,4.111923076923076,3.9996226415094336,3.88037037037037,3.787272727272727,3.706428571428571,3.66,3.6099999999999994,3.5498305084745763,3.4783333333333326,3.392786885245901,3.2987096774193545,3.228253968253968,3.1740625,3.124615384615384,3.082727272727273,3.0570149253731342,3.033529411764706,3.031014492753623,3.044285714285714,3.0515492957746475,3.0391666666666666,3.0230136986301366,3.0059459459459457,2.9866666666666664,2.9599999999999995,2.927532467532467,2.874102564102564,2.8207594936708857,2.7775,2.757530864197531,2.7441463414634146,2.73710843373494,2.7457142857142856,2.7705882352941176,2.818139534883721,2.8611494252873566,2.8975,2.9307865168539324,2.9633333333333334,2.9852747252747256,2.9991304347826095,3.019139784946237,3.027021276595745,3.0294736842105277,3.033958333333333,3.0517525773195873,3.0753061224489797,3.111515151515152,3.138000000000001,3.172871287128714,3.1943137254901965,3.210485436893205,3.221538461538461,3.233333333333333,3.242075471698113,3.258130841121496,3.270185185185186,3.2939449541284405,3.330909090909091,3.3699099099099104,3.4126785714285712,3.453805309734513,3.4994736842105265,3.534782608695653,3.5617241379310354,3.580512820512821,3.59135593220339,3.6078991596638663,3.6224999999999996,3.6269421487603304,3.622295081967213,3.618536585365854,3.6051612903225814,3.5944000000000003,3.5838095238095242,3.578897637795276,3.5771875,6.0,72.0,0.0,0.0,0.0,0.0,0.0,0.0,0.0,0.0,0.0,0.0,0.0,0.0,0.0,0.0,0.0,28.0,90.0,179.0,282.0,386.0,476.0,539.0,569.0,576.0,576.0,576.0,576.0,576.0,576.0,576.0,576.0,576.0,576.0,576.0,576.0,576.0,576.0,576.0,576.0,602.0,660.0,744.0,843.0,942.0,1027.0,1085.0,1111.0,1117.0,1117.0,1117.0,1117.0,1117.0,1117.0,1117.0,1117.0,1117.0,1117.0,1117.0,1117.0,1117.0,1117.0,1117.0,1117.0,1138.0,1176.0,1230.0,1292.0,1349.0,1389.0,1406.0,1406.0,1406.0,1406.0,1406.0,1406.0,1406.0,1406.0,1406.0,1406.0,1406.0,1406.0,1406.0,1406.0,1406.0,1406.0,1406.0,1406.0,1432.0,1495.0,1589.0,1700.0,1812.0,1909.0,1979.0,2016.0,2025.0,2025.0,2025.0,2025.0,2025.0,2025.0,2025.0,2025.0,2025.0,2025.0,2025.0,2025.0,2025.0,2025.0,2025.0,2025.0,2045.0,2077.0,2120.0,2166.0,2205.0,2228.0,2230.0,2230.0,2230.0,2230.0,2230.0,2230.0,2230.0,2230.0,2230.0,2230.0,2230.0,8,January 8,Agen
0.0072085834802671014,1.5065733044463827,0.7553170657529169,1.3620309900062244,1.3620309900062244,0.4944356099994842,1.1896603883409829,2.8600591235033037,2.8600591235033037,0.6891171148747346,0.5220041408632662,3.1640083721894894,3.1640083721894894,0.4858444120497605,0.7688505576870359,1.1742800669316793,1.1742800669316793,0.5354876429121813,0.9198522704852529,14.181666666666665,-0.08015474525576546,0.08015474525576546,205.3707838758961,0.16,0.8099999999999999,0.9266666666666667,1.135,1.34,1.3933333333333333,1.502857142857143,1.6475,1.7266666666666666,2.0000000000000004,2.2963636363636364,2.5850000000000004,2.8599999999999994,3.2742857142857136,3.606666666666665,4.0225,4.430588235294117,4.76,5.033684210526315,5.175,5.269523809523808,5.232727272727272,5.1295652173913036,4.989166666666667,4.851999999999999,4.690769230769231,4.597037037037037,4.474285714285714,4.373793103448276,4.2733333333333325,4.221290322580645,4.2225,4.263030303030303,4.330588235294118,4.42,4.529444444444445,4.627567567567567,4.736315789473684,4.8651282051282045,4.995,5.10390243902439,5.188571428571429,5.243720930232558,5.2690909090909095,5.293333333333333,5.273043478260869,5.251489361702127,5.1933333333333325,5.09469387755102,4.9719999999999995,4.840392156862745,4.692692307692307,4.516603773584905,4.337777777777777,4.221818181818181,4.152857142857143,4.133684210526315,4.15655172413793,4.209152542372881,4.276666666666667,4.337049180327869,4.408387096774194,4.483809523809525,4.550625,4.6000000000000005,4.631212121212121,4.661492537313433,4.682058823529411,4.696231884057971,4.694285714285716,4.6797183098591555,4.640555555555554,4.586027397260274,4.528918918918919,4.468,4.388947368421053,4.308051948051949,4.221538461538462,4.15240506329114,4.09125,4.053827160493826,4.013658536585365,3.966024096385542,3.91,3.8435294117647065,3.77046511627907,3.714022988505748,3.669090909090909,3.6274157303370784,3.591111111111111,3.5665934065934066,3.5436956521739127,3.536344086021505,3.540851063829788,3.5410526315789483,3.526666666666666,3.5094845360824745,3.4916326530612247,3.472121212121212,3.447,3.417425742574258,3.371764705882353,3.3260194174757287,3.287884615384615,3.267619047619047,3.252452830188679,3.242242990654206,3.2442592592592594,3.2590825688073397,3.2918181818181824,3.321261261261262,3.3457142857142856,3.3679646017699114,3.389824561403508,3.4034782608695657,3.410862068965517,3.423247863247863,3.4261016949152543,3.4247058823529417,3.425,3.4360330578512395,3.451803278688524,3.4778861788617887,3.4962903225806454,3.5216,3.5361904761904763,3.546614173228347,3.55296875,79.08333333333333,949.0,0.0,0.0,0.0,0.0,0.0,0.0,0.0,0.0,0.0,0.0,0.0,0.0,0.0,0.0,0.0,19.0,37.0,56.0,70.0,72.0,72.0,72.0,72.0,72.0,72.0,72.0,72.0,72.0,72.0,72.0,72.0,72.0,72.0,72.0,72.0,72.0,72.0,72.0,72.0,100.0,162.0,251.0,354.0,458.0,548.0,611.0,641.0,648.0,648.0,648.0,648.0,648.0,648.0,648.0,648.0,648.0,648.0,648.0,648.0,648.0,648.0,648.0,648.0,674.0,732.0,816.0,915.0,1014.0,1099.0,1157.0,1183.0,1189.0,1189.0,1189.0,1189.0,1189.0,1189.0,1189.0,1189.0,1189.0,1189.0,1189.0,1189.0,1189.0,1189.0,1189.0,1189.0,1210.0,1248.0,1302.0,1364.0,1421.0,1461.0,1478.0,1478.0,1478.0,1478.0,1478.0,1478.0,1478.0,1478.0,1478.0,1478.0,1478.0,1478.0,1478.0,1478.0,1478.0,1478.0,1478.0,1478.0,1504.0,1567.0,1661.0,1772.0,1884.0,1981.0,2051.0,2088.0,2097.0,2097.0,2097.0,2097.0,2097.0,2097.0,2097.0,2097.0,2097.0,9,January 9,Agen
0.0072085834802671014,1.5065733044463827,0.7553170657529169,1.3620309900062244,1.3620309900062244,0.4944356099994842,1.1896603883409829,2.8600591235033037,2.8600591235033037,0.6891171148747346,0.5220041408632662,3.1640083721894894,3.1640083721894894,0.4858444120497605,0.7688505576870359,1.1742800669316793,1.1742800669316793,0.5354876429121813,0.9198522704852529,11.69,0.16874768996324632,0.16874768996324632,260.9424009124608,0.06,0.06,-0.17333333333333326,-0.5149999999999999,-0.7399999999999999,-0.8566666666666668,-0.6828571428571429,-0.48999999999999994,-0.10666666666666662,0.3000000000000001,0.7599999999999999,1.1933333333333334,1.4907692307692304,1.9528571428571424,2.3200000000000003,2.635,2.9541176470588235,3.2433333333333336,3.4599999999999995,3.6,3.7076190476190467,3.7327272727272724,3.677391304347826,3.505833333333333,3.372,3.298461538461538,3.2192592592592595,3.1671428571428564,3.132413793103448,3.083333333333333,3.053548387096774,3.04125,3.0206060606060605,3.062941176470588,3.1257142857142854,3.1988888888888884,3.2789189189189183,3.4205263157894747,3.5446153846153856,3.7125,3.8892682926829263,4.043333333333333,4.18093023255814,4.264545454545455,4.32888888888889,4.331739130434784,4.300425531914894,4.2475,4.192653061224489,4.122,4.083529411764706,4.0273076923076925,3.980754716981133,3.9322222222222227,3.90909090909091,3.9153571428571428,3.944210526315789,3.989310344827586,4.04813559322034,4.12,4.186229508196722,4.26,4.3473015873015886,4.436562499999999,4.513846153846154,4.576666666666666,4.621194029850746,4.646764705882353,4.67159420289855,4.667142857142856,4.661408450704226,4.6308333333333325,4.572328767123288,4.496486486486487,4.413333333333333,4.3178947368421055,4.201558441558442,4.081794871794871,4.004303797468355,3.9587499999999998,3.9476543209876533,3.96609756097561,4.00578313253012,4.056428571428571,4.102352941176471,4.156511627906976,4.214022988505747,4.265681818181818,4.304943820224719,4.3311111111111105,4.356703296703297,4.375217391304347,4.389032258064516,4.390851063829786,4.383157894736842,4.356875,4.318762886597938,4.278367346938775,4.234747474747475,4.177,4.117425742574257,4.05313725490196,4.001747572815534,3.9561538461538457,3.928571428571428,3.898679245283019,3.8628037383177576,3.820185185185185,3.7691743119266055,3.7127272727272724,3.6690090090090095,3.6341071428571428,3.601592920353982,3.5731578947368425,3.553913043478261,3.535862068965517,3.5300854700854702,3.533728813559322,3.533949579831933,3.5225,3.508760330578512,3.4944262295081967,3.4786991869918698,3.458387096774193,3.4344,3.397301587301587,3.3600000000000003,3.3287499999999994,23.083333333333332,277.0,0.0,0.0,0.0,0.0,0.0,0.0,0.0,0.0,0.0,0.0,0.0,0.0,0.0,0.0,0.0,34.0,123.0,254.0,410.0,574.0,728.0,851.0,927.0,949.0,949.0,949.0,949.0,949.0,949.0,949.0,949.0,949.0,949.0,949.0,949.0,949.0,949.0,949.0,949.0,968.0,986.0,1005.0,1019.0,1021.0,1021.0,1021.0,1021.0,1021.0,1021.0,1021.0,1021.0,1021.0,1021.0,1021.0,1021.0,1021.0,1021.0,1021.0,1021.0,1021.0,1021.0,1021.0,1021.0,1049.0,1111.0,1200.0,1303.0,1407.0,1497.0,1560.0,1590.0,1597.0,1597.0,1597.0,1597.0,1597.0,1597.0,1597.0,1597.0,1597.0,1597.0,1597.0,1597.0,1597.0,1597.0,1597.0,1597.0,1623.0,1681.0,1765.0,1864.0,1963.0,2048.0,2106.0,2132.0,2138.0,2138.0,2138.0,2138.0,2138.0,2138.0,2138.0,2138.0,2138.0,2138.0,2138.0,2138.0,2138.0,2138.0,2138.0,2138.0,2159.0,2197.0,2251.0,2313.0,2370.0,2410.0,2427.0,2427.0,2427.0,2427.0,2427.0,2427.0,2427.0,2427.0,2427.0,2427.0,2427.0,10,January 10,Agen
0.0072085834802671014,1.5065733044463827,0.7553170657529169,1.3620309900062244,1.3620309900062244,0.4944356099994842,1.1896603883409829,2.8600591235033037,2.8600591235033037,0.6891171148747346,0.5220041408632662,3.1640083721894894,3.1640083721894894,0.4858444120497605,0.7688505576870359,1.1742800669316793,1.1742800669316793,0.5354876429121813,0.9198522704852529,13.406666666666665,0.04749163268787851,0.04749163268787851,233.86996519144702,1.86,1.46,1.36,1.46,1.52,1.6433333333333333,1.917142857142857,2.2849999999999997,2.7266666666666666,3.1799999999999993,3.76,4.385,4.875384615384615,5.3742857142857146,5.800000000000001,6.109999999999999,6.383529411764705,6.571111111111111,6.717894736842105,6.8100000000000005,6.779047619047619,6.678181818181818,6.533913043478261,6.3475,6.096000000000001,5.863846153846155,5.622962962962964,5.367142857142857,5.125517241379311,4.906666666666665,4.76,4.6381250000000005,4.587272727272727,4.568823529411766,4.591428571428572,4.629444444444444,4.641081081081081,4.728421052631578,4.798461538461537,4.8625,4.940487804878049,5.017142857142857,5.071627906976745,5.098636363636364,5.115555555555555,5.09695652173913,5.040851063829787,4.926666666666667,4.829387755102041,4.7620000000000005,4.691372549019608,4.635,4.588301886792452,4.5340740740740735,4.49090909090909,4.458214285714286,4.421403508771929,4.422068965517241,4.4362711864406785,4.458333333333333,4.486229508196721,4.553548387096774,4.612380952380952,4.700624999999999,4.796923076923076,4.881212121212121,4.957014925373135,4.999705882352941,5.031014492753623,5.022857142857143,4.992394366197183,4.947499999999999,4.901095890410959,4.843783783783784,4.808000000000001,4.76,4.718441558441559,4.6753846153846155,4.649873417721519,4.645,4.656296296296296,4.6795121951219505,4.7130120481927715,4.756428571428572,4.7964705882352945,4.8425581395348845,4.899080459770115,4.957727272727272,5.008314606741573,5.0488888888888885,5.076483516483517,5.090434782608695,5.104086021505376,5.096170212765957,5.0873684210526315,5.06,5.011546391752577,4.949795918367347,4.8822222222222225,4.805,4.711485148514852,4.614901960784314,4.550291262135922,4.51,4.496190476190476,4.5052830188679245,4.5310280373831775,4.565555555555556,4.596697247706422,4.634545454545454,4.675315315315315,4.711785714285715,4.738761061946903,4.755614035087719,4.772173913043478,4.783275862068964,4.79076923076923,4.788813559322033,4.779327731092435,4.754999999999999,4.7211570247933885,4.685409836065573,4.646991869918699,4.597096774193548,4.5455999999999985,4.490158730158729,4.445039370078738,4.40453125,17.0,204.0,0.0,0.0,0.0,0.0,0.0,0.0,0.0,0.0,0.0,0.0,0.0,0.0,0.0,0.0,0.0,22.0,60.0,114.0,175.0,230.0,266.0,277.0,277.0,277.0,277.0,277.0,277.0,277.0,277.0,277.0,277.0,277.0,277.0,277.0,277.0,277.0,277.0,277.0,277.0,311.0,400.0,531.0,687.0,851.0,1005.0,1128.0,1204.0,1226.0,1226.0,1226.0,1226.0,1226.0,1226.0,1226.0,1226.0,1226.0,1226.0,1226.0,1226.0,1226.0,1226.0,1226.0,1226.0,1245.0,1263.0,1282.0,1296.0,1298.0,1298.0,1298.0,1298.0,1298.0,1298.0,1298.0,1298.0,1298.0,1298.0,1298.0,1298.0,1298.0,1298.0,1298.0,1298.0,1298.0,1298.0,1298.0,1298.0,1326.0,1388.0,1477.0,1580.0,1684.0,1774.0,1837.0,1867.0,1874.0,1874.0,1874.0,1874.0,1874.0,1874.0,1874.0,1874.0,1874.0,1874.0,1874.0,1874.0,1874.0,1874.0,1874.0,1874.0,1900.0,1958.0,2042.0,2141.0,2240.0,2325.0,2383.0,2409.0,2415.0,2415.0,2415.0,2415.0,2415.0,2415.0,2415.0,2415.0,2415.0,11,January 11,Agen
0.0072085834802671014,1.5065733044463827,0.7553170657529169,1.3620309900062244,1.3620309900062244,0.4944356099994842,1.1896603883409829,2.8600591235033037,2.8600591235033037,0.6891171148747346,0.5220041408632662,3.1640083721894894,3.1640083721894894,0.4858444120497605,0.7688505576870359,1.1742800669316793,1.1742800669316793,0.5354876429121813,0.9198522704852529,16.381666666666668,-0.09625847133793201,0.09625847133793201,201.77535863261772,4.46,4.0600000000000005,3.86,3.5600000000000005,3.3,3.0766666666666667,2.9600000000000004,2.8725,2.7933333333333334,2.8,2.978181818181818,3.235,3.6138461538461537,4.024285714285714,4.333333333333332,4.6537500000000005,4.901176470588235,5.043333333333333,5.1021052631578945,5.114999999999999,5.098095238095238,5.069090909090908,5.012173913043478,4.914166666666667,4.792,4.648461538461539,4.519259259259258,4.4207142857142845,4.328965517241379,4.26,4.23741935483871,4.256875,4.317575757575758,4.404117647058824,4.5514285714285725,4.737777777777778,4.900540540540541,5.083684210526316,5.254871794871795,5.3925,5.5234146341463415,5.6242857142857146,5.711162790697674,5.77590909090909,5.7844444444444445,5.757826086956521,5.7068085106382975,5.630833333333334,5.517142857142857,5.4079999999999995,5.289411764705881,5.158076923076924,5.029811320754717,4.91,4.827272727272727,4.756428571428572,4.724912280701754,4.711724137931035,4.722711864406779,4.743333333333334,4.7485245901639335,4.800322580645162,4.842539682539682,4.881874999999999,4.93076923076923,4.9796969696969695,5.015223880597014,5.033529411764706,5.045507246376811,5.034285714285713,4.998028169014084,4.922499999999999,4.857260273972603,4.811351351351351,4.762666666666666,4.7231578947368416,4.68987012987013,4.65102564102564,4.619493670886075,4.595,4.567407407407407,4.566097560975609,4.574457831325301,4.588571428571428,4.607058823529411,4.654186046511627,4.695632183908045,4.758863636363636,4.828539325842696,4.89,4.945714285714285,4.977391304347826,5.000860215053763,4.995106382978722,4.972631578947367,4.939166666666666,4.904329896907216,4.861020408163265,4.833737373737374,4.797,4.764950495049505,4.73156862745098,4.711456310679611,4.707115384615384,4.715238095238095,4.732641509433962,4.758130841121495,4.7914814814814815,4.822385321100917,4.858181818181818,4.902342342342342,4.948392857142856,4.988318584070797,5.020526315789474,5.042608695652174,5.053965517241379,5.065128205128206,5.059152542372882,5.052436974789916,5.030833333333333,4.992231404958678,4.942786885245901,4.888455284552846,4.8261290322580646,4.7504,4.671904761904763,4.619055118110236,4.585781249999999,49.75,597.0,0.0,0.0,0.0,0.0,0.0,0.0,0.0,0.0,0.0,0.0,0.0,0.0,0.0,0.0,0.0,23.0,54.0,95.0,141.0,181.0,204.0,204.0,204.0,204.0,204.0,204.0,204.0,204.0,204.0,204.0,204.0,204.0,204.0,204.0,204.0,204.0,204.0,204.0,204.0,226.0,264.0,318.0,379.0,434.0,470.0,481.0,481.0,481.0,481.0,481.0,481.0,481.0,481.0,481.0,481.0,481.0,481.0,481.0,481.0,481.0,481.0,481.0,481.0,515.0,604.0,735.0,891.0,1055.0,1209.0,1332.0,1408.0,1430.0,1430.0,1430.0,1430.0,1430.0,1430.0,1430.0,1430.0,1430.0,1430.0,1430.0,1430.0,1430.0,1430.0,1430.0,1430.0,1449.0,1467.0,1486.0,1500.0,1502.0,1502.0,1502.0,1502.0,1502.0,1502.0,1502.0,1502.0,1502.0,1502.0,1502.0,1502.0,1502.0,1502.0,1502.0,1502.0,1502.0,1502.0,1502.0,1502.0,1530.0,1592.0,1681.0,1784.0,1888.0,1978.0,2041.0,2071.0,2078.0,2078.0,2078.0,2078.0,2078.0,2078.0,2078.0,2078.0,2078.0,12,January 12,Agen
0.0072085834802671014,1.5065733044463827,0.7553170657529169,1.3620309900062244,1.3620309900062244,0.4944356099994842,1.1896603883409829,2.8600591235033037,2.8600591235033037,0.6891171148747346,0.5220041408632662,3.1640083721894894,3.1640083721894894,0.4858444120497605,0.7688505576870359,1.1742800669316793,1.1742800669316793,0.5354876429121813,0.9198522704852529,13.94,0.03145952902277494,0.03145952902277494,230.2905308464849,4.06,3.76,3.693333333333333,3.41,3.0199999999999996,2.643333333333333,2.36,2.2350000000000003,2.2155555555555555,2.2,2.187272727272727,2.143333333333333,2.152307692307692,2.1457142857142855,2.14,2.2162499999999996,2.283529411764706,2.321111111111111,2.365263157894737,2.4350000000000005,2.540952380952381,2.6645454545454546,2.781739130434783,2.880833333333333,2.944,2.971538461538461,2.989629629629629,2.9778571428571428,2.953103448275862,2.92,2.898709677419355,2.87875,2.856969696969697,2.8570588235294117,2.911428571428571,2.9988888888888887,3.138378378378378,3.3021052631578947,3.439487179487179,3.59,3.718536585365853,3.807619047619048,3.862325581395349,3.8963636363636365,3.9155555555555552,3.927391304347826,3.9238297872340424,3.8974999999999995,3.855918367346938,3.8,3.748235294117647,3.7100000000000004,3.6732075471698113,3.647037037037037,3.645454545454545,3.667142857142857,3.7126315789473683,3.7737931034482757,3.871864406779661,3.995,4.105901639344262,4.230967741935483,4.350476190476189,4.4506250000000005,4.547692307692307,4.626666666666667,4.697313432835821,4.754117647058823,4.774492753623188,4.7714285714285705,4.751549295774648,4.714166666666666,4.65041095890411,4.588378378378378,4.518666666666666,4.4389473684210525,4.359999999999999,4.285641025641025,4.235949367088607,4.19375,4.178518518518518,4.175853658536585,4.19012048192771,4.211190476190477,4.221176470588235,4.264651162790697,4.301379310344827,4.336136363636364,4.377977528089888,4.42,4.452307692307691,4.47195652173913,4.486881720430107,4.484468085106382,4.463157894736842,4.4120833333333325,4.368247422680412,4.338571428571428,4.306464646464646,4.280999999999999,4.26,4.234509803921568,4.214368932038834,4.199423076923076,4.181904761904762,4.184528301886792,4.194579439252335,4.209074074074073,4.226972477064219,4.267272727272727,4.303243243243243,4.356428571428571,4.414867256637168,4.467017543859648,4.5147826086956515,4.54362068965517,4.565982905982905,4.565084745762711,4.550756302521007,4.5275,4.50297520661157,4.471475409836065,4.452682926829267,4.426129032258063,4.403199999999999,4.379047619047618,4.3655118110236195,4.3646875000000005,31.916666666666668,383.0,0.0,0.0,0.0,0.0,0.0,0.0,0.0,0.0,0.0,0.0,0.0,0.0,0.0,0.0,0.0,33.0,99.0,191.0,297.0,404.0,496.0,560.0,590.0,597.0,597.0,597.0,597.0,597.0,597.0,597.0,597.0,597.0,597.0,597.0,597.0,597.0,597.0,597.0,597.0,620.0,651.0,692.0,738.0,778.0,801.0,801.0,801.0,801.0,801.0,801.0,801.0,801.0,801.0,801.0,801.0,801.0,801.0,801.0,801.0,801.0,801.0,801.0,801.0,823.0,861.0,915.0,976.0,1031.0,1067.0,1078.0,1078.0,1078.0,1078.0,1078.0,1078.0,1078.0,1078.0,1078.0,1078.0,1078.0,1078.0,1078.0,1078.0,1078.0,1078.0,1078.0,1078.0,1112.0,1201.0,1332.0,1488.0,1652.0,1806.0,1929.0,2005.0,2027.0,2027.0,2027.0,2027.0,2027.0,2027.0,2027.0,2027.0,2027.0,2027.0,2027.0,2027.0,2027.0,2027.0,2027.0,2027.0,2046.0,2064.0,2083.0,2097.0,2099.0,2099.0,2099.0,2099.0,2099.0,2099.0,2099.0,2099.0,2099.0,2099.0,2099.0,2099.0,2099.0,13,January 13,Agen
0.0072085834802671014,1.5065733044463827,0.7553170657529169,1.3620309900062244,1.3620309900062244,0.4944356099994842,1.1896603883409829,2.8600591235033037,2.8600591235033037,0.6891171148747346,0.5220041408632662,3.1640083721894894,3.1640083721894894,0.4858444120497605,0.7688505576870359,1.1742800669316793,1.1742800669316793,0.5354876429121813,0.9198522704852529,12.006666666666668,-0.003583076254540958,0.003583076254540958,222.46668517490284,1.06,1.01,1.0266666666666666,0.86,0.6,0.46,0.48857142857142855,0.6725,0.9822222222222222,1.41,1.8327272727272728,2.143333333333333,2.4138461538461535,2.738571428571429,2.9733333333333336,3.1912499999999997,3.4247058823529413,3.626666666666667,3.7810526315789468,3.8999999999999995,3.9933333333333327,4.0190909090909095,4.0382608695652165,4.101666666666667,4.1,4.075384615384615,4.0562962962962965,4.002857142857143,3.915172413793103,3.81,3.708387096774193,3.6349999999999993,3.587272727272727,3.5423529411764703,3.4999999999999996,3.4488888888888884,3.4167567567567563,3.3810526315789473,3.347179487179487,3.3474999999999993,3.3478048780487804,3.3385714285714285,3.3344186046511632,3.3440909090909092,3.3733333333333335,3.4143478260869564,3.455744680851064,3.4912499999999995,3.5110204081632657,3.5140000000000002,3.512941176470589,3.496538461538462,3.473207547169812,3.4451851851851854,3.423636363636364,3.402857142857143,3.3810526315789473,3.372068965517241,3.395593220338983,3.44,3.5173770491803285,3.611612903225806,3.6917460317460318,3.7818749999999994,3.8599999999999994,3.914545454545454,3.948059701492537,3.9688235294117638,3.9802898550724635,3.9871428571428567,3.9839436619718303,3.9655555555555555,3.9367123287671224,3.897837837837837,3.861333333333333,3.8336842105263154,3.8067532467532468,3.786923076923077,3.7840506329113923,3.7974999999999994,3.8279012345679013,3.8697560975609755,3.938313253012048,4.025476190476191,4.104705882352941,4.194883720930233,4.28183908045977,4.3554545454545455,4.427415730337079,4.486666666666666,4.540219780219781,4.583913043478261,4.600860215053763,4.600425531914893,4.5873684210526315,4.561041666666667,4.514639175257732,4.469183673469388,4.417575757575757,4.3580000000000005,4.298613861386138,4.24235294117647,4.204660194174757,4.1725,4.160952380952382,4.1590566037735845,4.170280373831775,4.186851851851852,4.194862385321101,4.229090909090909,4.2581981981981984,4.285892857142857,4.31929203539823,4.35298245614035,4.379130434782608,4.395344827586206,4.407863247863247,4.4066101694915245,4.390252100840335,4.35,4.315371900826446,4.291967213114753,4.26650406504065,4.246290322580645,4.2296,4.209206349206347,4.19307086614173,4.1810937500000005,83.16666666666667,998.0,0.0,0.0,0.0,0.0,0.0,0.0,0.0,0.0,0.0,0.0,0.0,0.0,0.0,0.0,0.0,28.0,79.0,148.0,223.0,293.0,347.0,377.0,383.0,383.0,383.0,383.0,383.0,383.0,383.0,383.0,383.0,383.0,383.0,383.0,383.0,383.0,383.0,383.0,383.0,416.0,482.0,574.0,680.0,787.0,879.0,943.0,973.0,980.0,980.0,980.0,980.0,980.0,980.0,980.0,980.0,980.0,980.0,980.0,980.0,980.0,980.0,980.0,980.0,1003.0,1034.0,1075.0,1121.0,1161.0,1184.0,1184.0,1184.0,1184.0,1184.0,1184.0,1184.0,1184.0,1184.0,1184.0,1184.0,1184.0,1184.0,1184.0,1184.0,1184.0,1184.0,1184.0,1184.0,1206.0,1244.0,1298.0,1359.0,1414.0,1450.0,1461.0,1461.0,1461.0,1461.0,1461.0,1461.0,1461.0,1461.0,1461.0,1461.0,1461.0,1461.0,1461.0,1461.0,1461.0,1461.0,1461.0,1461.0,1495.0,1584.0,1715.0,1871.0,2035.0,2189.0,2312.0,2388.0,2410.0,2410.0,2410.0,2410.0,2410.0,2410.0,2410.0,2410.0,2410.0,14,January 14,Agen
0.0072085834802671014,1.5065733044463827,0.7553170657529169,1.3620309900062244,1.3620309900062244,0.4944356099994842,1.1896603883409829,2.8600591235033037,2.8600591235033037,0.6891171148747346,0.5220041408632662,3.1640083721894894,3.1640083721894894,0.4858444120497605,0.7688505576870359,1.1742800669316793,1.1742800669316793,0.5354876429121813,0.9198522704852529,13.798333333333336,-0.008696450033075221,0.008696450033075221,221.32503925594875,1.36,1.26,1.4933333333333334,1.9100000000000001,2.2399999999999998,2.5933333333333333,3.1028571428571423,3.6724999999999994,4.271111111111111,4.92,5.459999999999999,5.909999999999999,6.306153846153846,6.717142857142856,7.026666666666666,7.22875,7.371764705882353,7.454444444444444,7.475789473684212,7.45,7.431428571428573,7.323636363636364,7.164347826086956,6.951666666666665,6.716,6.494615384615385,6.293333333333334,6.081428571428572,5.8565517241379315,5.653333333333334,5.49225806451613,5.381875,5.323636363636364,5.321764705882353,5.3428571428571425,5.348888888888889,5.357297297297297,5.399473684210527,5.421538461538462,5.4475,5.489268292682927,5.526666666666666,5.550697674418605,5.5645454545454545,5.571111111111112,5.549130434782609,5.525957446808511,5.526666666666666,5.496734693877552,5.456,5.418823529411765,5.363846153846154,5.290188679245283,5.206296296296296,5.123636363636365,5.056428571428571,5.0038596491228065,4.953103448275862,4.904067796610169,4.85,4.8075409836065575,4.763225806451613,4.720317460317461,4.699062499999999,4.678461538461539,4.652424242424242,4.630149253731344,4.61735294117647,4.6179710144927535,4.627142857142857,4.637464788732395,4.644722222222222,4.642191780821918,4.628918918918919,4.613333333333333,4.587631578947369,4.557402597402598,4.524102564102564,4.495443037974685,4.467499999999999,4.439012345679012,4.419756097560976,4.4238554216867465,4.443333333333333,4.487058823529411,4.543720930232558,4.591034482758621,4.646363636363636,4.693707865168539,4.724444444444444,4.74021978021978,4.74695652173913,4.747096774193548,4.744042553191489,4.733684210526317,4.712083333333333,4.682680412371134,4.645714285714286,4.610505050505051,4.582,4.5540594059405946,4.531568627450981,4.522135922330097,4.525384615384615,4.541904761904762,4.567547169811321,4.614205607476635,4.67574074074074,4.731559633027523,4.796363636363636,4.859099099099098,4.911785714285713,4.963539823008849,5.005614035087718,5.043478260869566,5.073793103448275,5.0830769230769235,5.07864406779661,5.0642016806722685,5.0391666666666675,4.9980165289256195,4.957540983606557,4.912032520325204,4.86,4.808,4.758412698412698,4.723779527559055,4.693593750000001,24.5,294.0,0.0,0.0,0.0,0.0,0.0,0.0,0.0,0.0,0.0,0.0,0.0,0.0,0.0,0.0,0.0,40.0,135.0,271.0,433.0,602.0,760.0,888.0,972.0,998.0,998.0,998.0,998.0,998.0,998.0,998.0,998.0,998.0,998.0,998.0,998.0,998.0,998.0,998.0,998.0,1026.0,1077.0,1146.0,1221.0,1291.0,1345.0,1375.0,1381.0,1381.0,1381.0,1381.0,1381.0,1381.0,1381.0,1381.0,1381.0,1381.0,1381.0,1381.0,1381.0,1381.0,1381.0,1381.0,1381.0,1414.0,1480.0,1572.0,1678.0,1785.0,1877.0,1941.0,1971.0,1978.0,1978.0,1978.0,1978.0,1978.0,1978.0,1978.0,1978.0,1978.0,1978.0,1978.0,1978.0,1978.0,1978.0,1978.0,1978.0,2001.0,2032.0,2073.0,2119.0,2159.0,2182.0,2182.0,2182.0,2182.0,2182.0,2182.0,2182.0,2182.0,2182.0,2182.0,2182.0,2182.0,2182.0,2182.0,2182.0,2182.0,2182.0,2182.0,2182.0,2204.0,2242.0,2296.0,2357.0,2412.0,2448.0,2459.0,2459.0,2459.0,2459.0,2459.0,2459.0,2459.0,2459.0,2459.0,2459.0,2459.0,15,January 15,Agen
0.0072085834802671014,1.5065733044463827,0.7553170657529169,1.3620309900062244,1.3620309900062244,0.4944356099994842,1.1896603883409829,2.8600591235033037,2.8600591235033037,0.6891171148747346,0.5220041408632662,3.1640083721894894,3.1640083721894894,0.4858444120497605,0.7688505576870359,1.1742800669316793,1.1742800669316793,0.5354876429121813,0.9198522704852529,15.273333333333332,-0.12160988270015242,0.12160988270015242,196.11523352247931,6.159999999999998,6.159999999999998,6.259999999999998,6.234999999999998,6.259999999999998,6.093333333333331,5.8599999999999985,5.809999999999999,5.6822222222222205,5.559999999999999,5.578181818181817,5.6933333333333325,5.806153846153846,5.974285714285713,6.233333333333332,6.353749999999999,6.489411764705882,6.526666666666666,6.538947368421051,6.484999999999999,6.417142857142856,6.278181818181817,6.14695652173913,5.947500000000001,5.763999999999999,5.586923076923076,5.452592592592593,5.3707142857142856,5.308275862068965,5.276666666666666,5.30516129032258,5.37875,5.490303030303029,5.645294117647059,5.794285714285714,5.935,6.073513513513513,6.2310526315789465,6.362564102564101,6.459999999999999,6.538048780487805,6.5933333333333355,6.622790697674418,6.630454545454546,6.640000000000001,6.605652173913045,6.542978723404256,6.449583333333334,6.339591836734694,6.232000000000002,6.130588235294118,6.019615384615387,5.8977358490566045,5.784074074074076,5.690909090909092,5.624285714285713,5.586315789473685,5.580689655172414,5.588813559322034,5.588333333333335,5.5895081967213125,5.611612903225807,5.621904761904762,5.635,5.658461538461538,5.67969696969697,5.692835820895523,5.699705882352942,5.702028985507247,5.685714285714287,5.668450704225354,5.666944444444444,5.644931506849315,5.615405405405406,5.587999999999999,5.548157894736843,5.495064935064935,5.434358974358974,5.373924050632912,5.3237499999999995,5.283456790123457,5.244146341463415,5.2057831325301205,5.163571428571428,5.129411764705883,5.093720930232558,5.058850574712643,5.039545454545453,5.020674157303371,4.997777777777778,4.9775824175824175,4.964347826086957,4.961075268817205,4.964255319148936,4.968421052631579,4.970416666666666,4.965154639175258,4.951836734693877,4.936767676767676,4.914000000000001,4.887722772277228,4.859019607843138,4.83378640776699,4.80903846153846,4.7838095238095235,4.765660377358491,4.765607476635513,4.777592592592591,4.808623853211008,4.849999999999999,4.884324324324323,4.92517857142857,4.959999999999999,4.981929824561403,4.9921739130434775,4.995344827586206,4.993333333333332,4.9888135593220335,4.978487394957983,4.959166666666666,4.9335537190082634,4.901803278688524,4.871382113821137,4.846290322580645,4.821599999999999,4.80126984126984,4.791496062992126,4.792031249999999,48.75,585.0,0.0,0.0,0.0,0.0,0.0,0.0,0.0,0.0,0.0,0.0,0.0,0.0,0.0,0.0,0.0,24.0,65.0,122.0,187.0,245.0,283.0,294.0,294.0,294.0,294.0,294.0,294.0,294.0,294.0,294.0,294.0,294.0,294.0,294.0,294.0,294.0,294.0,294.0,294.0,334.0,429.0,565.0,727.0,896.0,1054.0,1182.0,1266.0,1292.0,1292.0,1292.0,1292.0,1292.0,1292.0,1292.0,1292.0,1292.0,1292.0,1292.0,1292.0,1292.0,1292.0,1292.0,1292.0,1320.0,1371.0,1440.0,1515.0,1585.0,1639.0,1669.0,1675.0,1675.0,1675.0,1675.0,1675.0,1675.0,1675.0,1675.0,1675.0,1675.0,1675.0,1675.0,1675.0,1675.0,1675.0,1675.0,1675.0,1708.0,1774.0,1866.0,1972.0,2079.0,2171.0,2235.0,2265.0,2272.0,2272.0,2272.0,2272.0,2272.0,2272.0,2272.0,2272.0,2272.0,2272.0,2272.0,2272.0,2272.0,2272.0,2272.0,2272.0,2295.0,2326.0,2367.0,2413.0,2453.0,2476.0,2476.0,2476.0,2476.0,2476.0,2476.0,2476.0,2476.0,2476.0,2476.0,2476.0,2476.0,16,January 16,Agen
0.0072085834802671014,1.5065733044463827,0.7553170657529169,1.3620309900062244,1.3620309900062244,0.4944356099994842,1.1896603883409829,2.8600591235033037,2.8600591235033037,0.6891171148747346,0.5220041408632662,3.1640083721894894,3.1640083721894894,0.4858444120497605,0.7688505576870359,1.1742800669316793,1.1742800669316793,0.5354876429121813,0.9198522704852529,15.489999999999998,-0.07399393284101839,0.07399393284101839,206.7462879276953,4.3599999999999985,4.159999999999999,3.826666666666666,3.8599999999999994,4.14,4.343333333333333,4.288571428571428,4.135,3.8599999999999994,3.7099999999999995,3.5872727272727265,3.5183333333333326,3.5138461538461536,3.5099999999999993,3.566666666666666,3.5349999999999997,3.5188235294117645,3.4488888888888884,3.4547368421052624,3.539999999999999,3.7123809523809514,3.8872727272727263,4.033913043478259,4.1225,4.203999999999999,4.279230769230769,4.359999999999999,4.4242857142857135,4.49103448275862,4.516666666666666,4.514838709677418,4.544375,4.547878787878787,4.545294117647058,4.579999999999998,4.646111111111111,4.714054054054053,4.804736842105262,4.934358974358973,5.014999999999999,5.103902439024389,5.152857142857142,5.1902325581395345,5.196363636363635,5.1933333333333325,5.153478260869564,5.113191489361701,5.034999999999999,4.959999999999999,4.8839999999999995,4.826666666666665,4.794615384615384,4.77132075471698,4.763703703703703,4.789090909090909,4.840357142857142,4.914385964912281,5.015172413793103,5.114237288135594,5.209999999999999,5.3059016393442615,5.414838709677419,5.509206349206348,5.583437499999999,5.6461538461538465,5.694848484848484,5.727164179104478,5.745294117647058,5.764347826086956,5.754285714285714,5.724788732394365,5.6738888888888885,5.610684931506849,5.547837837837838,5.488,5.420526315789473,5.344415584415583,5.272820512820513,5.214430379746835,5.17375,5.152592592592592,5.15390243902439,5.164819277108433,5.169523809523809,5.1752941176470575,5.196046511627906,5.208275862068964,5.2225,5.244269662921348,5.264444444444444,5.278681318681318,5.2882608695652165,5.294408602150537,5.2865957446808505,5.277894736842105,5.280833333333333,5.268247422680412,5.249795918367346,5.2327272727272724,5.2059999999999995,5.168910891089109,5.125686274509803,5.082330097087378,5.046538461538461,5.0180952380952375,4.990188679245282,4.962803738317757,4.932222222222221,4.907706422018348,4.881818181818182,4.856396396396396,4.843035714285713,4.8299115044247785,4.813508771929824,4.799130434782609,4.790172413793103,4.78905982905983,4.793050847457627,4.79781512605042,4.800833333333332,4.7980165289256185,4.788688524590163,4.777886178861787,4.760806451612902,4.740799999999999,4.7187301587301596,4.6993700787401576,4.680312499999999,48.333333333333336,580.0,0.0,0.0,0.0,0.0,0.0,0.0,0.0,0.0,0.0,0.0,0.0,0.0,0.0,0.0,0.0,34.0,100.0,192.0,299.0,405.0,494.0,553.0,579.0,585.0,585.0,585.0,585.0,585.0,585.0,585.0,585.0,585.0,585.0,585.0,585.0,585.0,585.0,585.0,585.0,609.0,650.0,707.0,772.0,830.0,868.0,879.0,879.0,879.0,879.0,879.0,879.0,879.0,879.0,879.0,879.0,879.0,879.0,879.0,879.0,879.0,879.0,879.0,879.0,919.0,1014.0,1150.0,1312.0,1481.0,1639.0,1767.0,1851.0,1877.0,1877.0,1877.0,1877.0,1877.0,1877.0,1877.0,1877.0,1877.0,1877.0,1877.0,1877.0,1877.0,1877.0,1877.0,1877.0,1905.0,1956.0,2025.0,2100.0,2170.0,2224.0,2254.0,2260.0,2260.0,2260.0,2260.0,2260.0,2260.0,2260.0,2260.0,2260.0,2260.0,2260.0,2260.0,2260.0,2260.0,2260.0,2260.0,2260.0,2293.0,2359.0,2451.0,2557.0,2664.0,2756.0,2820.0,2850.0,2857.0,2857.0,2857.0,2857.0,2857.0,2857.0,2857.0,2857.0,2857.0,17,January 17,Agen
0.0072085834802671014,1.5065733044463827,0.7553170657529169,1.3620309900062244,1.3620309900062244,0.4944356099994842,1.1896603883409829,2.8600591235033037,2.8600591235033037,0.6891171148747346,0.5220041408632662,3.1640083721894894,3.1640083721894894,0.4858444120497605,0.7688505576870359,1.1742800669316793,1.1742800669316793,0.5354876429121813,0.9198522704852529,14.69,-0.03296575529998827,0.03296575529998827,215.9065123666893,0.6599999999999999,0.6599999999999999,0.7933333333333333,1.01,1.3,1.76,2.1314285714285712,2.3974999999999995,2.682222222222222,2.9099999999999997,3.0872727272727265,3.2183333333333324,3.3984615384615373,3.5171428571428565,3.613333333333333,3.6725,3.6835294117647055,3.6099999999999994,3.5705263157894733,3.575,3.5980952380952376,3.6736363636363625,3.781739130434782,3.8641666666666663,3.883999999999999,3.8869230769230763,3.8599999999999994,3.863571428571428,3.9117241379310332,3.959999999999999,3.959999999999999,3.931875,3.863030303030303,3.818823529411764,3.7771428571428567,3.7488888888888883,3.741081081081081,3.7336842105263157,3.749743589743589,3.7324999999999995,3.720975609756097,3.6861904761904762,3.683255813953488,3.716818181818182,3.7933333333333326,3.8752173913043477,3.9472340425531907,3.9933333333333327,4.037551020408163,4.079999999999999,4.126666666666666,4.1657692307692304,4.207169811320754,4.226666666666666,4.2309090909090905,4.252857142857143,4.26,4.263448275862069,4.288813559322033,4.333333333333334,4.379672131147541,4.440645161290323,4.526666666666667,4.5834375,4.6461538461538465,4.684242424242424,4.715223880597015,4.726176470588236,4.731014492753623,4.711428571428572,4.690985915492958,4.644722222222222,4.59972602739726,4.5532432432432435,4.518666666666667,4.500789473684211,4.488571428571428,4.486923076923077,4.508101265822786,4.547499999999999,4.603209876543209,4.67829268292683,4.752771084337349,4.8254761904761905,4.898823529411765,4.982093023255814,5.055402298850575,5.114545454545453,5.16561797752809,5.206666666666667,5.235824175824176,5.254565217391305,5.273978494623655,5.271702127659574,5.254736842105264,5.2214583333333335,5.178556701030928,5.1355102040816325,5.094343434343434,5.047000000000001,4.992673267326733,4.941372549019608,4.899805825242719,4.871538461538462,4.858095238095237,4.861886792452829,4.873084112149531,4.8794444444444425,4.886605504587154,4.9054545454545435,4.917657657657656,4.931428571428571,4.951150442477875,4.9696491228070165,4.983478260869564,4.99362068965517,5.001025641025639,4.997288135593218,4.992773109243696,4.9975000000000005,4.9897520661157015,4.977213114754097,4.9656910569105674,4.946290322580643,4.918399999999998,4.885396825396823,4.852125984251967,4.824843749999999,49.166666666666664,590.0,0.0,0.0,0.0,0.0,0.0,0.0,0.0,0.0,0.0,0.0,0.0,0.0,0.0,0.0,0.0,35.0,102.0,193.0,298.0,402.0,490.0,549.0,574.0,580.0,580.0,580.0,580.0,580.0,580.0,580.0,580.0,580.0,580.0,580.0,580.0,580.0,580.0,580.0,580.0,614.0,680.0,772.0,879.0,985.0,1074.0,1133.0,1159.0,1165.0,1165.0,1165.0,1165.0,1165.0,1165.0,1165.0,1165.0,1165.0,1165.0,1165.0,1165.0,1165.0,1165.0,1165.0,1165.0,1189.0,1230.0,1287.0,1352.0,1410.0,1448.0,1459.0,1459.0,1459.0,1459.0,1459.0,1459.0,1459.0,1459.0,1459.0,1459.0,1459.0,1459.0,1459.0,1459.0,1459.0,1459.0,1459.0,1459.0,1499.0,1594.0,1730.0,1892.0,2061.0,2219.0,2347.0,2431.0,2457.0,2457.0,2457.0,2457.0,2457.0,2457.0,2457.0,2457.0,2457.0,2457.0,2457.0,2457.0,2457.0,2457.0,2457.0,2457.0,2485.0,2536.0,2605.0,2680.0,2750.0,2804.0,2834.0,2840.0,2840.0,2840.0,2840.0,2840.0,2840.0,2840.0,2840.0,2840.0,2840.0,18,January 18,Agen
0.0072085834802671014,1.5065733044463827,0.7553170657529169,1.3620309900062244,1.3620309900062244,0.4944356099994842,1.1896603883409829,2.8600591235033037,2.8600591235033037,0.6891171148747346,0.5220041408632662,3.1640083721894894,3.1640083721894894,0.4858444120497605,0.7688505576870359,1.1742800669316793,1.1742800669316793,0.5354876429121813,0.9198522704852529,17.706666666666667,-0.04069800776710921,0.04069800776710921,214.1801581325301,0.46,0.31,0.026666666666666672,-0.08999999999999998,-0.07999999999999999,-0.4066666666666667,-0.5685714285714286,-0.6525000000000001,-0.74,-0.8,-0.7309090909090908,-0.6233333333333334,-0.32461538461538464,-0.011428571428571474,0.3400000000000001,0.7974999999999997,1.224705882352941,1.593333333333333,1.891578947368421,2.0949999999999998,2.2647619047619045,2.355454545454545,2.3730434782608696,2.3433333333333333,2.276,2.213846153846154,2.171111111111111,2.152857142857143,2.163448275862069,2.2266666666666657,2.2954838709677405,2.356875,2.435757575757575,2.51,2.577142857142857,2.635,2.714054054054053,2.7757894736842097,2.8317948717948704,2.875,2.899024390243902,2.886190476190476,2.885581395348837,2.903181818181818,2.9288888888888893,2.979565217391305,3.047234042553192,3.1037499999999993,3.1293877551020404,3.1459999999999995,3.1462745098039218,3.1619230769230766,3.201509433962264,3.241481481481482,3.254545454545455,3.2510714285714286,3.223157894736842,3.208275862068965,3.193898305084746,3.186666666666667,3.1911475409836063,3.1954838709677422,3.2139682539682544,3.2115624999999994,3.212307692307692,3.197878787878787,3.203283582089552,3.232058823529411,3.2889855072463767,3.35,3.4050704225352115,3.443333333333333,3.480547945205479,3.516756756756757,3.555999999999999,3.590263157894736,3.626233766233765,3.647179487179486,3.657468354430378,3.6799999999999997,3.6920987654320983,3.7014634146341456,3.726265060240963,3.7647619047619036,3.8047058823529403,3.855348837209301,3.924367816091953,3.9724999999999993,4.0251685393258425,4.06,4.089670329670328,4.104565217391303,4.114838709677418,4.106808510638297,4.097894736842104,4.069375,4.041443298969071,4.01204081632653,3.9913131313131305,3.9829999999999997,3.9788118811881183,3.982549019607842,4.003689320388348,4.038846153846153,4.086666666666666,4.149622641509434,4.212336448598131,4.273888888888888,4.336146788990825,4.406363636363635,4.469009009009008,4.520714285714285,4.566194690265487,4.603859649122806,4.632173913043478,4.652241379310345,4.672820512820512,4.676101694915254,4.667563025210084,4.645833333333333,4.616198347107438,4.586229508196721,4.557560975609755,4.523709677419355,4.484,4.4465079365079365,4.416692913385828,4.397499999999999,42.75,513.0,0.0,0.0,0.0,0.0,0.0,0.0,0.0,0.0,0.0,0.0,0.0,0.0,0.0,0.0,0.0,36.0,105.0,199.0,305.0,409.0,497.0,557.0,584.0,590.0,590.0,590.0,590.0,590.0,590.0,590.0,590.0,590.0,590.0,590.0,590.0,590.0,590.0,590.0,590.0,625.0,692.0,783.0,888.0,992.0,1080.0,1139.0,1164.0,1170.0,1170.0,1170.0,1170.0,1170.0,1170.0,1170.0,1170.0,1170.0,1170.0,1170.0,1170.0,1170.0,1170.0,1170.0,1170.0,1204.0,1270.0,1362.0,1469.0,1575.0,1664.0,1723.0,1749.0,1755.0,1755.0,1755.0,1755.0,1755.0,1755.0,1755.0,1755.0,1755.0,1755.0,1755.0,1755.0,1755.0,1755.0,1755.0,1755.0,1779.0,1820.0,1877.0,1942.0,2000.0,2038.0,2049.0,2049.0,2049.0,2049.0,2049.0,2049.0,2049.0,2049.0,2049.0,2049.0,2049.0,2049.0,2049.0,2049.0,2049.0,2049.0,2049.0,2049.0,2089.0,2184.0,2320.0,2482.0,2651.0,2809.0,2937.0,3021.0,3047.0,3047.0,3047.0,3047.0,3047.0,3047.0,3047.0,3047.0,3047.0,19,January 19,Agen
0.0072085834802671014,1.5065733044463827,0.7553170657529169,1.3620309900062244,1.3620309900062244,0.4944356099994842,1.1896603883409829,2.8600591235033037,2.8600591235033037,0.6891171148747346,0.5220041408632662,3.1640083721894894,3.1640083721894894,0.4858444120497605,0.7688505576870359,1.1742800669316793,1.1742800669316793,0.5354876429121813,0.9198522704852529,17.015,0.0962215465654063,0.0962215465654063,244.7497306298364,-0.34,-1.39,-2.5066666666666664,-3.3649999999999998,-4.140000000000001,-4.8066666666666675,-5.025714285714286,-5.04,-4.884444444444445,-4.7,-4.458181818181819,-4.206666666666667,-3.916923076923077,-3.6185714285714288,-3.293333333333334,-2.9400000000000004,-2.6400000000000006,-2.3066666666666666,-2.018947368421053,-1.735,-1.4828571428571433,-1.2581818181818185,-1.0660869565217392,-0.9566666666666669,-0.9000000000000001,-0.8592307692307694,-0.8474074074074075,-0.8328571428571431,-0.8055172413793106,-0.8466666666666669,-0.8690322580645163,-0.8806250000000001,-0.8975757575757577,-0.9105882352941177,-0.8857142857142859,-0.8455555555555557,-0.7345945945945948,-0.6084210526315791,-0.457948717948718,-0.25500000000000017,-0.052195121951219656,0.1361904761904761,0.3018604651162789,0.43045454545454526,0.5466666666666664,0.6273913043478258,0.672765957446808,0.6933333333333332,0.6926530612244896,0.6919999999999998,0.6992156862745096,0.7176923076923074,0.750566037735849,0.8118518518518516,0.8763636363636361,0.9367857142857142,1.0073684210526315,1.0755172413793104,1.1396610169491526,1.1983333333333333,1.2698360655737704,1.3309677419354837,1.3885714285714283,1.4381249999999999,1.475384615384615,1.4887878787878785,1.5092537313432834,1.5408823529411766,1.577391304347826,1.6300000000000003,1.693802816901408,1.7502777777777774,1.7860273972602736,1.815405405405405,1.833333333333333,1.8613157894736836,1.905454545454545,1.949743589743589,1.9751898734177211,1.9887499999999996,1.984691358024691,1.9892682926829266,1.9937349397590356,2.0028571428571427,2.0199999999999996,2.0367441860465116,2.0634482758620685,2.0747727272727268,2.088089887640449,2.0899999999999994,2.1061538461538456,2.139347826086956,2.1933333333333325,2.2504255319148934,2.3031578947368416,2.3433333333333333,2.3826804123711334,2.421224489795918,2.4620202020202013,2.499,2.5372277227722764,2.563921568627451,2.582330097087379,2.6099999999999994,2.629523809523809,2.646792452830188,2.675887850467289,2.7155555555555555,2.7563302752293577,2.805454545454545,2.8690090090090092,2.9162499999999993,2.967079646017699,3.0038596491228065,3.0365217391304347,3.057413793103448,3.074529914529914,3.076949152542373,3.0784873949579836,3.064166666666666,3.050082644628099,3.034590163934426,3.0258536585365854,3.0269354838709677,3.0311999999999997,3.041746031746032,3.066299212598426,3.1021875,6.083333333333333,73.0,0.0,0.0,0.0,0.0,0.0,0.0,0.0,0.0,0.0,0.0,0.0,0.0,0.0,0.0,0.0,34.0,97.0,183.0,280.0,372.0,446.0,493.0,511.0,513.0,513.0,513.0,513.0,513.0,513.0,513.0,513.0,513.0,513.0,513.0,513.0,513.0,513.0,513.0,513.0,549.0,618.0,712.0,818.0,922.0,1010.0,1070.0,1097.0,1103.0,1103.0,1103.0,1103.0,1103.0,1103.0,1103.0,1103.0,1103.0,1103.0,1103.0,1103.0,1103.0,1103.0,1103.0,1103.0,1138.0,1205.0,1296.0,1401.0,1505.0,1593.0,1652.0,1677.0,1683.0,1683.0,1683.0,1683.0,1683.0,1683.0,1683.0,1683.0,1683.0,1683.0,1683.0,1683.0,1683.0,1683.0,1683.0,1683.0,1717.0,1783.0,1875.0,1982.0,2088.0,2177.0,2236.0,2262.0,2268.0,2268.0,2268.0,2268.0,2268.0,2268.0,2268.0,2268.0,2268.0,2268.0,2268.0,2268.0,2268.0,2268.0,2268.0,2268.0,2292.0,2333.0,2390.0,2455.0,2513.0,2551.0,2562.0,2562.0,2562.0,2562.0,2562.0,2562.0,2562.0,2562.0,2562.0,2562.0,2562.0,20,January 20,Agen
0.0072085834802671014,1.5065733044463827,0.7553170657529169,1.3620309900062244,1.3620309900062244,0.4944356099994842,1.1896603883409829,2.8600591235033037,2.8600591235033037,0.6891171148747346,0.5220041408632662,3.1640083721894894,3.1640083721894894,0.4858444120497605,0.7688505576870359,1.1742800669316793,1.1742800669316793,0.5354876429121813,0.9198522704852529,15.265,0.08645931433106194,0.08645931433106194,242.57014957964844,-1.24,-2.29,-2.7066666666666666,-2.8400000000000003,-2.88,-3.023333333333333,-2.9114285714285715,-2.7775,-2.662222222222222,-2.62,-2.5854545454545454,-2.4899999999999998,-2.3015384615384615,-2.0685714285714285,-1.8466666666666665,-1.5587500000000003,-1.2399999999999998,-0.9344444444444444,-0.6189473684210526,-0.4000000000000002,-0.13523809523809543,0.06909090909090888,0.19913043478260856,0.2474999999999998,0.22399999999999984,0.12153846153846135,-0.05851851851851868,-0.2685714285714288,-0.5089655172413795,-0.7633333333333334,-0.9432258064516129,-1.0743750000000003,-1.1521212121212123,-1.2076470588235297,-1.2314285714285715,-1.2372222222222227,-1.215675675675676,-1.1768421052631581,-1.1143589743589748,-1.0275000000000003,-0.9497560975609757,-0.8471428571428573,-0.7539534883720931,-0.6536363636363638,-0.56,-0.47260869565217406,-0.3953191489361703,-0.3545833333333335,-0.3379591836734695,-0.3280000000000001,-0.33215686274509815,-0.33423076923076933,-0.32867924528301895,-0.3603703703703705,-0.38181818181818195,-0.3971428571428573,-0.4154385964912281,-0.4313793103448276,-0.4247457627118645,-0.40833333333333344,-0.34819672131147555,-0.2770967741935485,-0.18920634920634932,-0.06656250000000016,0.05846153846153828,0.17666666666666647,0.2823880597014924,0.3658823529411763,0.4426086956521738,0.497142857142857,0.529014084507042,0.5447222222222221,0.5463013698630136,0.5478378378378377,0.5546666666666666,0.5692105263157893,0.5937662337662336,0.6382051282051281,0.6853164556962025,0.7299999999999999,0.7822222222222222,0.833170731707317,0.8816867469879516,0.9266666666666665,0.981176470588235,1.0286046511627907,1.0737931034482757,1.1134090909090908,1.1442696629213482,1.1577777777777778,1.1764835164835163,1.203478260869565,1.2341935483870965,1.2770212765957445,1.3284210526315787,1.374583333333333,1.4053608247422678,1.4314285714285708,1.4488888888888887,1.4739999999999998,1.5114851485148513,1.5492156862745095,1.5726213592233005,1.5869230769230767,1.5876190476190473,1.594905660377358,1.6020560747663548,1.6127777777777774,1.6297247706422016,1.6463636363636358,1.6708108108108104,1.6832142857142856,1.6971681415929198,1.7021052631578941,1.7182608695652168,1.747931034482758,1.7941880341880336,1.8430508474576266,1.888571428571428,1.9241666666666666,1.9591735537190078,1.9936065573770487,2.0299186991869913,2.0632258064516127,2.097599999999999,2.1226984126984116,2.1411023622047236,2.1670312499999995,51.416666666666664,617.0,0.0,0.0,0.0,0.0,0.0,0.0,0.0,0.0,0.0,0.0,0.0,0.0,0.0,0.0,0.0,16.0,33.0,53.0,70.0,73.0,73.0,73.0,73.0,73.0,73.0,73.0,73.0,73.0,73.0,73.0,73.0,73.0,73.0,73.0,73.0,73.0,73.0,73.0,73.0,107.0,170.0,256.0,353.0,445.0,519.0,566.0,584.0,586.0,586.0,586.0,586.0,586.0,586.0,586.0,586.0,586.0,586.0,586.0,586.0,586.0,586.0,586.0,586.0,622.0,691.0,785.0,891.0,995.0,1083.0,1143.0,1170.0,1176.0,1176.0,1176.0,1176.0,1176.0,1176.0,1176.0,1176.0,1176.0,1176.0,1176.0,1176.0,1176.0,1176.0,1176.0,1176.0,1211.0,1278.0,1369.0,1474.0,1578.0,1666.0,1725.0,1750.0,1756.0,1756.0,1756.0,1756.0,1756.0,1756.0,1756.0,1756.0,1756.0,1756.0,1756.0,1756.0,1756.0,1756.0,1756.0,1756.0,1790.0,1856.0,1948.0,2055.0,2161.0,2250.0,2309.0,2335.0,2341.0,2341.0,2341.0,2341.0,2341.0,2341.0,2341.0,2341.0,2341.0,21,January 21,Agen
0.0072085834802671014,1.5065733044463827,0.7553170657529169,1.3620309900062244,1.3620309900062244,0.4944356099994842,1.1896603883409829,2.8600591235033037,2.8600591235033037,0.6891171148747346,0.5220041408632662,3.1640083721894894,3.1640083721894894,0.4858444120497605,0.7688505576870359,1.1742800669316793,1.1742800669316793,0.5354876429121813,0.9198522704852529,14.181666666666667,0.01196137467570271,0.01196137467570271,225.9372429192619,5.26,4.709999999999999,4.159999999999999,3.8349999999999995,3.4799999999999995,3.3266666666666667,3.317142857142857,3.535,3.671111111111111,3.789999999999999,3.8599999999999994,4.001666666666666,4.236923076923077,4.4957142857142856,4.746666666666667,4.94125,5.089411764705882,5.16,5.128421052631578,4.984999999999999,4.845714285714285,4.705454545454545,4.551304347826087,4.368333333333333,4.144,3.8561538461538465,3.582222222222222,3.338571428571428,3.1186206896551725,2.89,2.724516129032258,2.581875,2.4509090909090903,2.3129411764705883,2.182857142857143,2.082222222222222,2.0248648648648646,1.9968421052631578,1.977948717948718,1.9974999999999998,2.0429268292682923,2.0957142857142856,2.1646511627906975,2.200909090909091,2.266666666666666,2.3121739130434777,2.3280851063829786,2.3079166666666664,2.2538775510204077,2.1599999999999997,2.024705882352941,1.8715384615384614,1.6996226415094338,1.5174074074074073,1.3745454545454545,1.2582142857142853,1.172280701754386,1.0996551724137928,1.0464406779661013,1.0049999999999997,0.9813114754098359,0.9696774193548384,0.974285714285714,0.9959374999999996,1.0138461538461534,1.049393939393939,1.0808955223880594,1.1188235294117646,1.1542028985507244,1.187142857142857,1.2149295774647886,1.2197222222222222,1.2093150684931504,1.195135135135135,1.172,1.1507894736842104,1.135324675324675,1.0946153846153845,1.0612658227848097,1.0324999999999998,1.0019753086419751,0.9734146341463413,0.9612048192771083,0.9564285714285713,0.9835294117647058,1.0193023255813953,1.068045977011494,1.1429545454545453,1.2206741573033706,1.2944444444444443,1.3599999999999997,1.4099999999999997,1.4556989247311825,1.4855319148936166,1.4989473684210524,1.5006249999999997,1.4919587628865976,1.4834693877551017,1.479191919191919,1.4809999999999999,1.4906930693069305,1.5158823529411765,1.543495145631068,1.5696153846153844,1.6019047619047617,1.633584905660377,1.6637383177570089,1.6914814814814814,1.72697247706422,1.757272727272727,1.7861261261261259,1.8108928571428569,1.8290265486725659,1.8336842105263151,1.8426086956521734,1.8582758620689652,1.877094017094017,1.9057627118644065,1.9415126050420162,1.973333333333333,1.9930578512396688,2.009180327868852,2.0185365853658532,2.0341935483870968,2.06,2.086190476190476,2.1009448818897636,2.1084375,20.5,246.0,0.0,0.0,0.0,0.0,0.0,0.0,0.0,0.0,0.0,0.0,0.0,0.0,0.0,0.0,0.0,37.0,108.0,206.0,319.0,430.0,522.0,583.0,610.0,617.0,617.0,617.0,617.0,617.0,617.0,617.0,617.0,617.0,617.0,617.0,617.0,617.0,617.0,617.0,617.0,633.0,650.0,670.0,687.0,690.0,690.0,690.0,690.0,690.0,690.0,690.0,690.0,690.0,690.0,690.0,690.0,690.0,690.0,690.0,690.0,690.0,690.0,690.0,690.0,724.0,787.0,873.0,970.0,1062.0,1136.0,1183.0,1201.0,1203.0,1203.0,1203.0,1203.0,1203.0,1203.0,1203.0,1203.0,1203.0,1203.0,1203.0,1203.0,1203.0,1203.0,1203.0,1203.0,1239.0,1308.0,1402.0,1508.0,1612.0,1700.0,1760.0,1787.0,1793.0,1793.0,1793.0,1793.0,1793.0,1793.0,1793.0,1793.0,1793.0,1793.0,1793.0,1793.0,1793.0,1793.0,1793.0,1793.0,1828.0,1895.0,1986.0,2091.0,2195.0,2283.0,2342.0,2367.0,2373.0,2373.0,2373.0,2373.0,2373.0,2373.0,2373.0,2373.0,2373.0,22,January 22,Agen
0.0072085834802671014,1.5065733044463827,0.7553170657529169,1.3620309900062244,1.3620309900062244,0.4944356099994842,1.1896603883409829,2.8600591235033037,2.8600591235033037,0.6891171148747346,0.5220041408632662,3.1640083721894894,3.1640083721894894,0.4858444120497605,0.7688505576870359,1.1742800669316793,1.1742800669316793,0.5354876429121813,0.9198522704852529,11.748333333333333,0.05235284925497612,0.05235284925497612,234.95531281032768,2.96,1.9100000000000001,1.7933333333333332,1.46,1.34,1.1766666666666667,1.1885714285714286,1.285,1.5822222222222224,1.9600000000000002,2.2145454545454544,2.468333333333333,2.6984615384615385,2.96,3.0999999999999996,3.21,3.2952941176470585,3.332222222222222,3.3863157894736835,3.4999999999999987,3.683809523809523,3.873636363636362,4.0382608695652165,4.143333333333333,4.187999999999999,4.186923076923076,4.145185185185185,4.099285714285713,4.028965517241378,3.979999999999999,3.956774193548386,3.9912499999999995,4.014545454545455,4.039411764705882,4.054285714285714,4.09611111111111,4.1762162162162175,4.273157894736843,4.3753846153846165,4.4625,4.535609756097561,4.5790476190476195,4.578604651162791,4.525909090909091,4.471111111111112,4.412173913043479,4.342978723404255,4.2558333333333325,4.143673469387754,3.994,3.8462745098039215,3.7100000000000004,3.5826415094339628,3.447037037037038,3.343636363636364,3.2510714285714286,3.1635087719298243,3.070344827586207,2.9803389830508475,2.906666666666667,2.8583606557377053,2.8277419354838718,2.8028571428571434,2.8021874999999996,2.8184615384615377,2.8403030303030303,2.873432835820896,2.8864705882352943,2.9194202898550725,2.94,2.9416901408450706,2.9197222222222217,2.8750684931506845,2.803243243243243,2.702666666666667,2.588947368421053,2.4612987012987015,2.3253846153846163,2.215696202531646,2.12375,2.052592592592592,1.9904878048780488,1.9419277108433732,1.9016666666666668,1.8741176470588237,1.8553488372093028,1.8485057471264368,1.8543181818181813,1.8577528089887638,1.874444444444444,1.8885714285714283,1.9078260869565216,1.9255913978494625,1.9419148936170214,1.9547368421052633,1.9506249999999996,1.935257731958763,1.9171428571428568,1.8923232323232324,1.869,1.8500990099009902,1.811960784313726,1.7794174757281556,1.750384615384615,1.7199999999999998,1.691132075471698,1.6749532710280375,1.6646296296296297,1.6792660550458718,1.7009090909090911,1.732972972972973,1.785892857142857,1.8414159292035395,1.8942105263157891,1.940869565217391,1.9755172413793103,2.007008547008547,2.0261016949152544,2.0322689075630254,2.0291666666666663,2.0178512396694215,2.0067213114754097,1.9990243902439027,1.9962903225806454,2.0000000000000004,2.0163492063492066,2.0348031496062995,2.0521874999999996,55.916666666666664,671.0,0.0,0.0,0.0,0.0,0.0,0.0,0.0,0.0,0.0,0.0,0.0,0.0,0.0,0.0,0.0,27.0,65.0,114.0,168.0,216.0,245.0,246.0,246.0,246.0,246.0,246.0,246.0,246.0,246.0,246.0,246.0,246.0,246.0,246.0,246.0,246.0,246.0,246.0,246.0,283.0,354.0,452.0,565.0,676.0,768.0,829.0,856.0,863.0,863.0,863.0,863.0,863.0,863.0,863.0,863.0,863.0,863.0,863.0,863.0,863.0,863.0,863.0,863.0,879.0,896.0,916.0,933.0,936.0,936.0,936.0,936.0,936.0,936.0,936.0,936.0,936.0,936.0,936.0,936.0,936.0,936.0,936.0,936.0,936.0,936.0,936.0,936.0,970.0,1033.0,1119.0,1216.0,1308.0,1382.0,1429.0,1447.0,1449.0,1449.0,1449.0,1449.0,1449.0,1449.0,1449.0,1449.0,1449.0,1449.0,1449.0,1449.0,1449.0,1449.0,1449.0,1449.0,1485.0,1554.0,1648.0,1754.0,1858.0,1946.0,2006.0,2033.0,2039.0,2039.0,2039.0,2039.0,2039.0,2039.0,2039.0,2039.0,2039.0,23,January 23,Agen
0.0072085834802671014,1.5065733044463827,0.7553170657529169,1.3620309900062244,1.3620309900062244,0.4944356099994842,1.1896603883409829,2.8600591235033037,2.8600591235033037,0.6891171148747346,0.5220041408632662,3.1640083721894894,3.1640083721894894,0.4858444120497605,0.7688505576870359,1.1742800669316793,1.1742800669316793,0.5354876429121813,0.9198522704852529,15.09,-0.04737000511116632,0.04737000511116632,212.6905235255136,1.96,1.56,1.46,1.485,1.56,1.61,1.6457142857142857,1.7475,1.9044444444444446,2.2500000000000004,2.505454545454546,2.81,3.1138461538461533,3.481428571428571,3.92,4.35375,4.74235294117647,5.06,5.323157894736841,5.515,5.626666666666667,5.628181818181818,5.607826086956522,5.530833333333334,5.428000000000001,5.252307692307692,5.115555555555556,4.949285714285714,4.808275862068966,4.66,4.550322580645163,4.469374999999999,4.453939393939393,4.480588235294117,4.488571428571428,4.51,4.535675675675676,4.583684210526316,4.595897435897437,4.6025,4.60390243902439,4.588571428571429,4.583255813953488,4.6077272727272724,4.668888888888888,4.7382608695652175,4.800425531914894,4.837083333333333,4.845714285714285,4.831999999999999,4.797254901960784,4.76,4.709056603773584,4.669259259259259,4.6436363636363645,4.651071428571428,4.65298245614035,4.65655172413793,4.654915254237288,4.67,4.709180327868852,4.76,4.815555555555556,4.863124999999999,4.903076923076922,4.925151515151514,4.919701492537313,4.880588235294117,4.839710144927535,4.795714285714285,4.74450704225352,4.680833333333333,4.59972602739726,4.492432432432432,4.385333333333333,4.285,4.18987012987013,4.088205128205128,4.008101265822785,3.9349999999999996,3.8649382716049376,3.790487804878049,3.7178313253012045,3.656428571428571,3.6129411764705877,3.582093023255814,3.5554022988505745,3.5463636363636355,3.5498876404494375,3.5577777777777775,3.5742857142857134,3.576304347826087,3.593333333333333,3.6014893617021277,3.59578947368421,3.5725,3.5321649484536075,3.471224489795918,3.388282828282828,3.295,3.19069306930693,3.079607843137255,2.9881553398058256,2.9099999999999997,2.8476190476190473,2.792075471698113,2.746915887850467,2.708148148148148,2.679266055045871,2.6572727272727272,2.6446846846846848,2.642142857142857,2.6378761061946903,2.644210526315789,2.6486956521739127,2.6574137931034483,2.6651282051282053,2.671864406779661,2.675966386554622,2.6666666666666665,2.648429752066115,2.628032786885246,2.6022764227642274,2.577741935483871,2.5567999999999995,2.5203174603174605,2.4883464566929137,2.45921875,48.416666666666664,581.0,0.0,0.0,0.0,0.0,0.0,0.0,0.0,0.0,0.0,0.0,0.0,0.0,0.0,0.0,0.0,42.0,119.0,223.0,341.0,458.0,558.0,628.0,662.0,671.0,671.0,671.0,671.0,671.0,671.0,671.0,671.0,671.0,671.0,671.0,671.0,671.0,671.0,671.0,671.0,698.0,736.0,785.0,839.0,887.0,916.0,917.0,917.0,917.0,917.0,917.0,917.0,917.0,917.0,917.0,917.0,917.0,917.0,917.0,917.0,917.0,917.0,917.0,917.0,954.0,1025.0,1123.0,1236.0,1347.0,1439.0,1500.0,1527.0,1534.0,1534.0,1534.0,1534.0,1534.0,1534.0,1534.0,1534.0,1534.0,1534.0,1534.0,1534.0,1534.0,1534.0,1534.0,1534.0,1550.0,1567.0,1587.0,1604.0,1607.0,1607.0,1607.0,1607.0,1607.0,1607.0,1607.0,1607.0,1607.0,1607.0,1607.0,1607.0,1607.0,1607.0,1607.0,1607.0,1607.0,1607.0,1607.0,1607.0,1641.0,1704.0,1790.0,1887.0,1979.0,2053.0,2100.0,2118.0,2120.0,2120.0,2120.0,2120.0,2120.0,2120.0,2120.0,2120.0,2120.0,24,January 24,Agen
0.0072085834802671014,1.5065733044463827,0.7553170657529169,1.3620309900062244,1.3620309900062244,0.4944356099994842,1.1896603883409829,2.8600591235033037,2.8600591235033037,0.6891171148747346,0.5220041408632662,3.1640083721894894,3.1640083721894894,0.4858444120497605,0.7688505576870359,1.1742800669316793,1.1742800669316793,0.5354876429121813,0.9198522704852529,15.656666666666665,-0.051715824278223674,0.051715824278223674,211.7202469661486,4.159999999999998,4.009999999999999,3.9933333333333327,3.9349999999999996,3.78,3.543333333333333,3.3885714285714283,3.0475,2.704444444444444,2.5599999999999996,2.505454545454545,2.5349999999999997,2.598461538461538,2.7885714285714287,2.9933333333333327,3.1599999999999993,3.401176470588235,3.576666666666666,3.665263157894737,3.689999999999999,3.7409523809523804,3.764545454545454,3.7469565217391296,3.7224999999999997,3.6519999999999992,3.5561538461538453,3.47111111111111,3.4028571428571426,3.349655172413793,3.2999999999999994,3.253548387096773,3.22875,3.2266666666666666,3.289411764705882,3.3399999999999994,3.418333333333333,3.5086486486486486,3.633684210526316,3.798461538461538,3.975,4.145365853658537,4.295714285714286,4.429767441860466,4.537272727272728,4.611111111111112,4.633913043478261,4.6451063829787245,4.626666666666666,4.59265306122449,4.518,4.46,4.383076923076922,4.316603773584906,4.243333333333333,4.189090909090909,4.149285714285715,4.145964912280702,4.166896551724138,4.176949152542373,4.194999999999999,4.215737704918033,4.250322580645162,4.263174603174604,4.272499999999999,4.278461538461538,4.2736363636363635,4.2749253731343275,4.295294117647059,4.339710144927536,4.390000000000001,4.436056338028169,4.4655555555555555,4.476438356164384,4.472162162162162,4.453333333333333,4.432368421052631,4.401558441558442,4.377948717948718,4.363797468354431,4.3725,4.377283950617284,4.383170731707318,4.385301204819276,4.399285714285714,4.430588235294117,4.47046511627907,4.514022988505746,4.552045454545453,4.584719101123595,4.604444444444444,4.603956043956043,4.578478260869565,4.551397849462365,4.521702127659575,4.486315789473683,4.441249999999999,4.382680412371133,4.303877551020408,4.224646464646464,4.1499999999999995,4.078811881188119,4.002156862745098,3.9415533980582524,3.8859615384615385,3.832380952380953,3.7750943396226417,3.718878504672897,3.671111111111111,3.637064220183486,3.6127272727272732,3.591531531531531,3.584107142857142,3.586548672566371,3.592456140350877,3.6052173913043477,3.6065517241379306,3.6198290598290592,3.626101694915254,3.6213445378151254,3.6024999999999996,3.5699173553719006,3.5206557377049177,3.4534959349593493,3.3777419354838703,3.2927999999999997,3.202063492063492,3.1269291338582677,3.0623437499999997,43.333333333333336,520.0,0.0,0.0,0.0,0.0,0.0,0.0,0.0,0.0,0.0,0.0,0.0,0.0,0.0,0.0,0.0,39.0,110.0,205.0,311.0,413.0,497.0,553.0,577.0,581.0,581.0,581.0,581.0,581.0,581.0,581.0,581.0,581.0,581.0,581.0,581.0,581.0,581.0,581.0,581.0,623.0,700.0,804.0,922.0,1039.0,1139.0,1209.0,1243.0,1252.0,1252.0,1252.0,1252.0,1252.0,1252.0,1252.0,1252.0,1252.0,1252.0,1252.0,1252.0,1252.0,1252.0,1252.0,1252.0,1279.0,1317.0,1366.0,1420.0,1468.0,1497.0,1498.0,1498.0,1498.0,1498.0,1498.0,1498.0,1498.0,1498.0,1498.0,1498.0,1498.0,1498.0,1498.0,1498.0,1498.0,1498.0,1498.0,1498.0,1535.0,1606.0,1704.0,1817.0,1928.0,2020.0,2081.0,2108.0,2115.0,2115.0,2115.0,2115.0,2115.0,2115.0,2115.0,2115.0,2115.0,2115.0,2115.0,2115.0,2115.0,2115.0,2115.0,2115.0,2131.0,2148.0,2168.0,2185.0,2188.0,2188.0,2188.0,2188.0,2188.0,2188.0,2188.0,2188.0,2188.0,2188.0,2188.0,2188.0,2188.0,25,January 25,Agen
0.0072085834802671014,1.5065733044463827,0.7553170657529169,1.3620309900062244,1.3620309900062244,0.4944356099994842,1.1896603883409829,2.8600591235033037,2.8600591235033037,0.6891171148747346,0.5220041408632662,3.1640083721894894,3.1640083721894894,0.4858444120497605,0.7688505576870359,1.1742800669316793,1.1742800669316793,0.5354876429121813,0.9198522704852529,16.756666666666668,-0.09648097348073763,0.09648097348073763,201.72568132086732,2.56,2.91,2.9933333333333336,2.7600000000000002,2.8,2.8266666666666667,2.8885714285714283,2.8225,2.726666666666666,2.6999999999999997,2.6418181818181816,2.468333333333333,2.3061538461538458,2.3742857142857146,2.533333333333333,2.7849999999999997,2.930588235294118,3.004444444444444,3.054736842105263,3.115,3.2647619047619054,3.36,3.3817391304347826,3.4058333333333333,3.4360000000000004,3.4523076923076923,3.471111111111111,3.4814285714285718,3.470344827586207,3.4333333333333327,3.4019354838709677,3.31625,3.2145454545454544,3.157058823529412,3.1228571428571428,3.115555555555556,3.1221621621621622,3.178421052631579,3.247179487179487,3.3074999999999997,3.40390243902439,3.4790476190476185,3.520465116279069,3.5349999999999997,3.5622222222222217,3.5773913043478256,3.572765957446808,3.5641666666666665,3.531428571428571,3.484,3.4403921568627447,3.404230769230769,3.3750943396226414,3.347037037037037,3.32,3.304642857142857,3.302105263157894,3.3375862068965514,3.3667796610169485,3.413333333333333,3.468196721311475,3.545483870967742,3.648888888888888,3.7615624999999997,3.8723076923076927,3.9721212121212117,4.062985074626866,4.137941176470589,4.191884057971015,4.212857142857143,4.2261971830985905,4.219722222222221,4.202465753424657,4.157297297297296,4.122666666666667,4.074473684210527,4.032727272727272,3.985641025641025,3.951139240506328,3.9262499999999996,3.9266666666666667,3.944146341463415,3.9539759036144577,3.9695238095238095,3.9870588235294115,4.014651162790697,4.0266666666666655,4.036136363636363,4.04314606741573,4.042222222222223,4.045714285714285,4.063260869565218,4.098709677419354,4.138723404255319,4.175789473684209,4.200625,4.211546391752577,4.2110204081632645,4.199393939393939,4.186,4.164950495049505,4.149215686274509,4.140582524271844,4.149423076923076,4.1552380952380945,4.1618867924528296,4.165607476635513,4.178518518518518,4.204954128440367,4.238181818181817,4.274414414414413,4.306428571428571,4.3343362831858405,4.3521052631578945,4.3539130434782605,4.335862068965517,4.316410256410256,4.294745762711863,4.268403361344537,4.234166666666666,4.18892561983471,4.127213114754098,4.064878048780487,4.005967741935484,3.9495999999999998,3.8885714285714275,3.8403149606299207,3.7959375,58.833333333333336,706.0,0.0,0.0,0.0,0.0,0.0,0.0,0.0,0.0,0.0,0.0,0.0,0.0,0.0,0.0,0.0,36.0,102.0,191.0,290.0,384.0,458.0,503.0,519.0,520.0,520.0,520.0,520.0,520.0,520.0,520.0,520.0,520.0,520.0,520.0,520.0,520.0,520.0,520.0,520.0,559.0,630.0,725.0,831.0,933.0,1017.0,1073.0,1097.0,1101.0,1101.0,1101.0,1101.0,1101.0,1101.0,1101.0,1101.0,1101.0,1101.0,1101.0,1101.0,1101.0,1101.0,1101.0,1101.0,1143.0,1220.0,1324.0,1442.0,1559.0,1659.0,1729.0,1763.0,1772.0,1772.0,1772.0,1772.0,1772.0,1772.0,1772.0,1772.0,1772.0,1772.0,1772.0,1772.0,1772.0,1772.0,1772.0,1772.0,1799.0,1837.0,1886.0,1940.0,1988.0,2017.0,2018.0,2018.0,2018.0,2018.0,2018.0,2018.0,2018.0,2018.0,2018.0,2018.0,2018.0,2018.0,2018.0,2018.0,2018.0,2018.0,2018.0,2018.0,2055.0,2126.0,2224.0,2337.0,2448.0,2540.0,2601.0,2628.0,2635.0,2635.0,2635.0,2635.0,2635.0,2635.0,2635.0,2635.0,2635.0,26,January 26,Agen
0.0072085834802671014,1.5065733044463827,0.7553170657529169,1.3620309900062244,1.3620309900062244,0.4944356099994842,1.1896603883409829,2.8600591235033037,2.8600591235033037,0.6891171148747346,0.5220041408632662,3.1640083721894894,3.1640083721894894,0.4858444120497605,0.7688505576870359,1.1742800669316793,1.1742800669316793,0.5354876429121813,0.9198522704852529,18.731666666666666,-0.03293518594114025,0.03293518594114025,215.91333748554143,0.76,0.41000000000000003,0.09333333333333332,-0.16499999999999998,-0.44000000000000006,-0.7400000000000002,-1.0114285714285718,-1.1525,-1.2733333333333337,-1.25,-1.1490909090909092,-1.0816666666666668,-0.9400000000000002,-0.7257142857142858,-0.52,-0.35875,-0.19882352941176476,-0.028888888888888926,0.1757894736842104,0.3949999999999999,0.6361904761904762,0.8690909090909088,1.003478260869565,1.0808333333333333,1.14,1.2215384615384615,1.2933333333333334,1.320714285714286,1.377241379310345,1.4300000000000002,1.4890322580645161,1.5162499999999999,1.5296969696969696,1.5570588235294116,1.5714285714285714,1.5433333333333334,1.5113513513513515,1.5573684210526315,1.6394871794871797,1.7625,1.8478048780487806,1.9052380952380952,1.9530232558139533,2.005454545454546,2.0999999999999996,2.170869565217391,2.206808510638298,2.243333333333333,2.282448979591837,2.314,2.3462745098039215,2.3734615384615383,2.3883018867924526,2.3877777777777776,2.389090909090909,2.358214285714286,2.3161403508771925,2.2979310344827586,2.292203389830508,2.3016666666666667,2.319016393442623,2.3664516129032256,2.4219047619047616,2.4725,2.546153846153846,2.6069696969696965,2.646567164179104,2.6688235294117644,2.6991304347826084,2.721428571428571,2.7304225352112677,2.7363888888888885,2.7257534246575337,2.7045945945945946,2.685333333333333,2.6705263157894734,2.6599999999999997,2.6497435897435895,2.639746835443038,2.6375,2.6439506172839504,2.677073170731707,2.70578313253012,2.7469047619047617,2.7941176470588234,2.857674418604651,2.940459770114942,3.0304545454545457,3.1195505617977526,3.2011111111111106,3.276483516483516,3.3404347826086958,3.389032258064516,3.4131914893617012,3.4315789473684206,3.435,3.4301030927835052,3.403877551020408,3.385252525252525,3.356,3.3312871287128707,3.3021568627450972,3.282330097087378,3.269615384615385,3.276190476190476,3.2958490566037737,3.309532710280374,3.327592592592592,3.3471559633027517,3.374545454545454,3.389729729729729,3.402857142857143,3.4139823008849555,3.418771929824561,3.42695652173913,3.4462068965517236,3.4796581196581187,3.5167796610169484,3.5515966386554614,3.576666666666666,3.590578512396694,3.595245901639344,3.590894308943089,3.584999999999999,3.572799999999999,3.564761904761904,3.5623622047244092,3.5740625,39.083333333333336,469.0,0.0,0.0,0.0,0.0,0.0,0.0,0.0,0.0,0.0,0.0,0.0,0.0,0.0,0.0,0.0,43.0,123.0,233.0,359.0,483.0,588.0,660.0,696.0,706.0,706.0,706.0,706.0,706.0,706.0,706.0,706.0,706.0,706.0,706.0,706.0,706.0,706.0,706.0,706.0,742.0,808.0,897.0,996.0,1090.0,1164.0,1209.0,1225.0,1226.0,1226.0,1226.0,1226.0,1226.0,1226.0,1226.0,1226.0,1226.0,1226.0,1226.0,1226.0,1226.0,1226.0,1226.0,1226.0,1265.0,1336.0,1431.0,1537.0,1639.0,1723.0,1779.0,1803.0,1807.0,1807.0,1807.0,1807.0,1807.0,1807.0,1807.0,1807.0,1807.0,1807.0,1807.0,1807.0,1807.0,1807.0,1807.0,1807.0,1849.0,1926.0,2030.0,2148.0,2265.0,2365.0,2435.0,2469.0,2478.0,2478.0,2478.0,2478.0,2478.0,2478.0,2478.0,2478.0,2478.0,2478.0,2478.0,2478.0,2478.0,2478.0,2478.0,2478.0,2505.0,2543.0,2592.0,2646.0,2694.0,2723.0,2724.0,2724.0,2724.0,2724.0,2724.0,2724.0,2724.0,2724.0,2724.0,2724.0,2724.0,27,January 27,Agen
0.0072085834802671014,1.5065733044463827,0.7553170657529169,1.3620309900062244,1.3620309900062244,0.4944356099994842,1.1896603883409829,2.8600591235033037,2.8600591235033037,0.6891171148747346,0.5220041408632662,3.1640083721894894,3.1640083721894894,0.4858444120497605,0.7688505576870359,1.1742800669316793,1.1742800669316793,0.5354876429121813,0.9198522704852529,18.656666666666666,-0.011882405330288035,0.011882405330288035,220.61372163659104,2.46,1.56,0.9266666666666666,0.735,0.76,0.91,1.102857142857143,1.1849999999999998,1.1488888888888888,1.1800000000000002,1.1418181818181816,0.9766666666666666,0.9061538461538462,0.8528571428571426,0.7933333333333332,0.81,0.8835294117647059,0.9044444444444445,0.9284210526315789,0.925,0.9266666666666667,1.0190909090909093,1.1121739130434782,1.1224999999999998,1.108,1.0676923076923077,1.0081481481481482,0.9385714285714286,0.8531034482758622,0.75,0.6406451612903226,0.5537500000000001,0.4690909090909091,0.4247058823529411,0.4085714285714286,0.3877777777777778,0.3978378378378378,0.441578947368421,0.4907692307692308,0.53,0.5746341463414634,0.629047619047619,0.7041860465116279,0.7918181818181818,0.8955555555555553,1.0013043478260866,1.0642553191489357,1.1016666666666666,1.1314285714285712,1.1739999999999997,1.2129411764705882,1.229230769230769,1.2618867924528299,1.2933333333333328,1.3290909090909087,1.3475000000000001,1.3582456140350878,1.3772413793103448,1.3888135593220337,1.3749999999999998,1.3583606557377046,1.3890322580645158,1.4425396825396823,1.5225,1.5799999999999996,1.6206060606060604,1.6555223880597012,1.6938235294117643,1.7599999999999996,1.811428571428571,1.840281690140845,1.8697222222222223,1.901095890410959,1.9275675675675674,1.9546666666666666,1.9784210526315789,1.9937662337662339,1.9984615384615387,2.0043037974683546,1.9875,1.9624691358024693,1.9539024390243902,1.953975903614458,1.9647619047619047,1.9811764705882353,2.0193023255813953,2.063448275862069,2.1043181818181815,2.1622471910112355,2.2111111111111112,2.2446153846153845,2.265434782608695,2.2922580645161292,2.3131914893617016,2.3242105263157895,2.3329166666666663,2.3290721649484536,2.317142857142857,2.3064646464646463,2.299,2.2946534653465345,2.2903921568627448,2.2862135922330094,2.287884615384615,2.296190476190476,2.325094339622641,2.3506542056074764,2.3859259259259256,2.42605504587156,2.47909090909091,2.547387387387388,2.6216071428571426,2.6953982300884953,2.7635087719298244,2.8269565217391306,2.881551724137931,2.9241025641025646,2.9472881355932206,2.9658823529411773,2.9724999999999993,2.9723966942148756,2.955081967213115,2.9437398373983745,2.923709677419355,2.907200000000001,2.886984126984127,2.8741732283464576,2.86703125,11.333333333333334,136.0,0.0,0.0,0.0,0.0,0.0,0.0,0.0,0.0,0.0,0.0,0.0,0.0,0.0,0.0,0.0,37.0,98.0,179.0,270.0,357.0,425.0,462.0,469.0,469.0,469.0,469.0,469.0,469.0,469.0,469.0,469.0,469.0,469.0,469.0,469.0,469.0,469.0,469.0,469.0,512.0,592.0,702.0,828.0,952.0,1057.0,1129.0,1165.0,1175.0,1175.0,1175.0,1175.0,1175.0,1175.0,1175.0,1175.0,1175.0,1175.0,1175.0,1175.0,1175.0,1175.0,1175.0,1175.0,1211.0,1277.0,1366.0,1465.0,1559.0,1633.0,1678.0,1694.0,1695.0,1695.0,1695.0,1695.0,1695.0,1695.0,1695.0,1695.0,1695.0,1695.0,1695.0,1695.0,1695.0,1695.0,1695.0,1695.0,1734.0,1805.0,1900.0,2006.0,2108.0,2192.0,2248.0,2272.0,2276.0,2276.0,2276.0,2276.0,2276.0,2276.0,2276.0,2276.0,2276.0,2276.0,2276.0,2276.0,2276.0,2276.0,2276.0,2276.0,2318.0,2395.0,2499.0,2617.0,2734.0,2834.0,2904.0,2938.0,2947.0,2947.0,2947.0,2947.0,2947.0,2947.0,2947.0,2947.0,2947.0,28,January 28,Agen
0.0072085834802671014,1.5065733044463827,0.7553170657529169,1.3620309900062244,1.3620309900062244,0.4944356099994842,1.1896603883409829,2.8600591235033037,2.8600591235033037,0.6891171148747346,0.5220041408632662,3.1640083721894894,3.1640083721894894,0.4858444120497605,0.7688505576870359,1.1742800669316793,1.1742800669316793,0.5354876429121813,0.9198522704852529,17.531666666666666,0.05154599317233163,0.05154599317233163,234.77516874227592,-2.14,-2.64,-2.9066666666666667,-2.665,-2.4400000000000004,-2.3400000000000003,-2.097142857142857,-1.9024999999999999,-1.7955555555555556,-1.6800000000000002,-1.530909090909091,-1.4066666666666665,-1.263076923076923,-1.1757142857142857,-1.0333333333333334,-0.89625,-0.8223529411764706,-0.7177777777777777,-0.6873684210526316,-0.6,-0.4828571428571429,-0.37636363636363634,-0.19217391304347833,-0.031666666666666655,0.06800000000000002,0.09076923076923084,0.07481481481481488,0.07785714285714286,0.10482758620689654,0.15666666666666676,0.2245161290322581,0.2725000000000001,0.29030303030303023,0.3247058823529412,0.3371428571428572,0.30444444444444435,0.29783783783783774,0.2942105263157895,0.28564102564102556,0.305,0.3478048780487805,0.36952380952380953,0.3925581395348837,0.40318181818181814,0.41555555555555557,0.4708695652173912,0.5280851063829788,0.5454166666666667,0.549795918367347,0.54,0.5188235294117648,0.4907692307692309,0.4524528301886794,0.4025925925925925,0.34727272727272723,0.3028571428571429,0.2582456140350877,0.23586206896551723,0.22949152542372875,0.21999999999999992,0.22885245901639334,0.2583870967741935,0.29174603174603164,0.31937499999999996,0.35076923076923067,0.38878787878787874,0.44059701492537306,0.5011764705882352,0.5730434782608695,0.6471428571428571,0.6938028169014084,0.7238888888888888,0.7490410958904109,0.782972972972973,0.8146666666666665,0.8310526315789474,0.8587012987012985,0.8856410256410256,0.9156962025316454,0.9337500000000001,0.9464197530864197,0.9648780487804879,0.9780722891566266,0.9730952380952382,0.9658823529411764,0.9925581395348837,1.035862068965517,1.0986363636363636,1.1453932584269664,1.18,1.2105494505494505,1.243695652173913,1.2976344086021505,1.3408510638297872,1.367368421052632,1.3943750000000001,1.4228865979381444,1.4477551020408166,1.4731313131313135,1.4960000000000002,1.5124752475247527,1.5207843137254906,1.5299029126213597,1.5215384615384617,1.5066666666666668,1.5043396226415098,1.5085981308411218,1.5211111111111113,1.5379816513761473,1.5718181818181822,1.6104504504504509,1.6466071428571427,1.696283185840708,1.7389473684210528,1.7695652173913043,1.7901724137931034,1.8155555555555556,1.836271186440678,1.849075630252101,1.8599999999999997,1.8608264462809914,1.8550819672131147,1.8502439024390243,1.8479032258064516,1.8480000000000003,1.8480952380952382,1.8481889763779527,1.8529687499999998,29.25,351.0,0.0,0.0,0.0,0.0,0.0,0.0,0.0,0.0,0.0,0.0,0.0,0.0,0.0,0.0,0.0,23.0,51.0,83.0,114.0,135.0,136.0,136.0,136.0,136.0,136.0,136.0,136.0,136.0,136.0,136.0,136.0,136.0,136.0,136.0,136.0,136.0,136.0,136.0,136.0,173.0,234.0,315.0,406.0,493.0,561.0,598.0,605.0,605.0,605.0,605.0,605.0,605.0,605.0,605.0,605.0,605.0,605.0,605.0,605.0,605.0,605.0,605.0,605.0,648.0,728.0,838.0,964.0,1088.0,1193.0,1265.0,1301.0,1311.0,1311.0,1311.0,1311.0,1311.0,1311.0,1311.0,1311.0,1311.0,1311.0,1311.0,1311.0,1311.0,1311.0,1311.0,1311.0,1347.0,1413.0,1502.0,1601.0,1695.0,1769.0,1814.0,1830.0,1831.0,1831.0,1831.0,1831.0,1831.0,1831.0,1831.0,1831.0,1831.0,1831.0,1831.0,1831.0,1831.0,1831.0,1831.0,1831.0,1870.0,1941.0,2036.0,2142.0,2244.0,2328.0,2384.0,2408.0,2412.0,2412.0,2412.0,2412.0,2412.0,2412.0,2412.0,2412.0,2412.0,29,January 29,Agen
0.0072085834802671014,1.5065733044463827,0.7553170657529169,1.3620309900062244,1.3620309900062244,0.4944356099994842,1.1896603883409829,2.8600591235033037,2.8600591235033037,0.6891171148747346,0.5220041408632662,3.1640083721894894,3.1640083721894894,0.4858444120497605,0.7688505576870359,1.1742800669316793,1.1742800669316793,0.5354876429121813,0.9198522704852529,15.69,-0.016382086411837554,0.016382086411837554,219.60909284045042,-2.44,-2.54,-2.1733333333333333,-1.69,-1.36,-1.0899999999999999,-0.7828571428571429,-0.5525,-0.3622222222222222,-0.17,0.08727272727272735,0.3016666666666666,0.4753846153846155,0.6314285714285716,0.9133333333333334,1.2287499999999998,1.4599999999999997,1.6599999999999995,1.7442105263157894,1.77,1.7028571428571428,1.6145454545454543,1.512173913043478,1.3849999999999998,1.2439999999999996,1.075384615384615,0.9081481481481478,0.8064285714285713,0.7255172413793102,0.6399999999999999,0.5987096774193547,0.5631249999999999,0.5175757575757575,0.4835294117647057,0.4685714285714283,0.4544444444444443,0.4545945945945945,0.441578947368421,0.45487179487179474,0.47249999999999986,0.46975609756097547,0.48380952380952363,0.4693023255813952,0.4827272727272725,0.5133333333333332,0.5426086956521737,0.6131914893617021,0.6766666666666666,0.7130612244897959,0.7119999999999999,0.6913725490196078,0.681153846153846,0.6845283018867925,0.7025925925925925,0.7309090909090908,0.7492857142857142,0.7512280701754386,0.763448275862069,0.7633898305084746,0.7366666666666666,0.7255737704918033,0.7164516129032257,0.7044444444444445,0.71,0.7307692307692307,0.7387878787878789,0.7480597014925374,0.7497058823529411,0.7527536231884058,0.7842857142857144,0.8177464788732395,0.8252777777777777,0.8243835616438356,0.814054054054054,0.796,0.7731578947368422,0.7431168831168831,0.7048717948717949,0.6625316455696203,0.6274999999999998,0.5920987654320987,0.5721951219512195,0.5636144578313254,0.5528571428571427,0.5552941176470588,0.5727906976744186,0.5933333333333333,0.6099999999999999,0.6296629213483146,0.6544444444444444,0.6896703296703297,0.7317391304347826,0.7825806451612903,0.8355319148936169,0.868421052631579,0.8891666666666665,0.9063917525773194,0.9304081632653061,0.9529292929292928,0.9640000000000001,0.9837623762376237,1.0031372549019608,1.0250485436893204,1.0378846153846153,1.0466666666666666,1.0599999999999998,1.0693457943925233,1.0646296296296296,1.0581651376146788,1.0781818181818181,1.111351351351351,1.1600000000000001,1.196283185840708,1.223157894736842,1.2469565217391307,1.272931034482759,1.315555555555556,1.3498305084745763,1.3709243697478992,1.3924999999999998,1.4153719008264463,1.4354098360655738,1.4559349593495936,1.474516129032258,1.488,1.4949206349206348,1.50251968503937,1.4959375,67.58333333333333,811.0,0.0,0.0,0.0,0.0,0.0,0.0,0.0,0.0,0.0,0.0,0.0,0.0,0.0,0.0,0.0,32.0,85.0,153.0,225.0,289.0,334.0,351.0,351.0,351.0,351.0,351.0,351.0,351.0,351.0,351.0,351.0,351.0,351.0,351.0,351.0,351.0,351.0,351.0,351.0,374.0,402.0,434.0,465.0,486.0,487.0,487.0,487.0,487.0,487.0,487.0,487.0,487.0,487.0,487.0,487.0,487.0,487.0,487.0,487.0,487.0,487.0,487.0,487.0,524.0,585.0,666.0,757.0,844.0,912.0,949.0,956.0,956.0,956.0,956.0,956.0,956.0,956.0,956.0,956.0,956.0,956.0,956.0,956.0,956.0,956.0,956.0,956.0,999.0,1079.0,1189.0,1315.0,1439.0,1544.0,1616.0,1652.0,1662.0,1662.0,1662.0,1662.0,1662.0,1662.0,1662.0,1662.0,1662.0,1662.0,1662.0,1662.0,1662.0,1662.0,1662.0,1662.0,1698.0,1764.0,1853.0,1952.0,2046.0,2120.0,2165.0,2181.0,2182.0,2182.0,2182.0,2182.0,2182.0,2182.0,2182.0,2182.0,2182.0,30,January 30,Agen
0.0072085834802671014,1.5065733044463827,0.7553170657529169,1.3620309900062244,1.3620309900062244,0.4944356099994842,1.1896603883409829,2.8600591235033037,2.8600591235033037,0.6891171148747346,0.5220041408632662,3.1640083721894894,3.1640083721894894,0.4858444120497605,0.7688505576870359,1.1742800669316793,1.1742800669316793,0.5354876429121813,0.9198522704852529,17.398333333333333,0.014102861106873747,0.014102861106873747,226.41536545646136,-1.04,-1.44,-1.3733333333333333,-1.315,-1.3599999999999999,-1.4066666666666665,-1.497142857142857,-1.5274999999999999,-1.4066666666666667,-1.2,-0.9581818181818181,-0.7483333333333334,-0.5246153846153846,-0.29000000000000004,0.046666666666666724,0.41625,0.7423529411764704,1.0933333333333333,1.4652631578947368,1.8099999999999998,1.9790476190476187,2.0418181818181815,1.9686956521739127,1.7808333333333335,1.612,1.4484615384615382,1.3414814814814815,1.2849999999999997,1.2393103448275862,1.2066666666666666,1.2019354838709675,1.1975,1.1963636363636363,1.2070588235294117,1.2485714285714284,1.2877777777777777,1.322162162162162,1.3573684210526313,1.447179487179487,1.5599999999999998,1.6478048780487802,1.7290476190476187,1.7646511627906976,1.7759090909090907,1.744444444444444,1.7013043478260865,1.6493617021276592,1.5829166666666665,1.506938775510204,1.4139999999999997,1.3188235294117645,1.256153846153846,1.2033962264150941,1.1470370370370369,1.1145454545454543,1.0849999999999997,1.0494736842105263,1.0203448275862068,1.002372881355932,0.9849999999999999,0.9763934426229506,0.96,0.9599999999999999,0.963125,0.9538461538461538,0.9554545454545453,0.9391044776119404,0.9408823529411764,0.9542028985507245,0.967142857142857,1.0078873239436617,1.044722222222222,1.0641095890410959,1.0586486486486486,1.04,1.028421052631579,1.026233766233766,1.0343589743589743,1.0498734177215188,1.0587499999999999,1.0562962962962963,1.061219512195122,1.0575903614457831,1.0349999999999997,1.0235294117647058,1.013488372093023,1.0013793103448274,1.0020454545454545,1.013932584269663,1.0166666666666666,1.0204395604395602,1.018695652173913,1.0180645161290323,1.038723404255319,1.0610526315789472,1.0641666666666667,1.0610309278350514,1.050816326530612,1.0347474747474747,1.015,0.9897029702970295,0.9580392156862744,0.9231067961165047,0.8936538461538461,0.8638095238095237,0.8458490566037734,0.8366355140186917,0.8257407407407407,0.825137614678899,0.8363636363636362,0.85009009009009,0.860892857142857,0.8741592920353981,0.8915789473684209,0.917391304347826,0.9487931034482757,0.9873504273504272,1.0277966101694915,1.0524369747899163,1.0675,1.0798347107438016,1.0977049180327867,1.114471544715447,1.1220967741935484,1.1368,1.1512698412698412,1.1678740157480318,1.1771875,26.583333333333332,319.0,0.0,0.0,0.0,0.0,0.0,0.0,0.0,0.0,0.0,0.0,0.0,0.0,0.0,0.0,0.0,50.0,142.0,265.0,405.0,543.0,662.0,748.0,796.0,811.0,811.0,811.0,811.0,811.0,811.0,811.0,811.0,811.0,811.0,811.0,811.0,811.0,811.0,811.0,811.0,843.0,896.0,964.0,1036.0,1100.0,1145.0,1162.0,1162.0,1162.0,1162.0,1162.0,1162.0,1162.0,1162.0,1162.0,1162.0,1162.0,1162.0,1162.0,1162.0,1162.0,1162.0,1162.0,1162.0,1185.0,1213.0,1245.0,1276.0,1297.0,1298.0,1298.0,1298.0,1298.0,1298.0,1298.0,1298.0,1298.0,1298.0,1298.0,1298.0,1298.0,1298.0,1298.0,1298.0,1298.0,1298.0,1298.0,1298.0,1335.0,1396.0,1477.0,1568.0,1655.0,1723.0,1760.0,1767.0,1767.0,1767.0,1767.0,1767.0,1767.0,1767.0,1767.0,1767.0,1767.0,1767.0,1767.0,1767.0,1767.0,1767.0,1767.0,1767.0,1810.0,1890.0,2000.0,2126.0,2250.0,2355.0,2427.0,2463.0,2473.0,2473.0,2473.0,2473.0,2473.0,2473.0,2473.0,2473.0,2473.0,31,January 31,Agen
0.0072085834802671014,1.5065733044463827,0.7553170657529169,1.3620309900062244,1.3620309900062244,0.4944356099994842,1.1896603883409829,2.8600591235033037,2.8600591235033037,0.6891171148747346,0.5220041408632662,3.1640083721894894,3.1640083721894894,0.4858444120497605,0.7688505576870359,1.1742800669316793,1.1742800669316793,0.5354876429121813,0.9198522704852529,20.04,-0.021813047538842886,0.021813047538842886,218.3965402528277,-2.24,-1.69,-1.14,-0.74,-0.4800000000000001,-0.29000000000000004,-0.18285714285714286,-0.165,-0.14,-0.12000000000000004,-0.14000000000000004,-0.12333333333333335,-0.05538461538461538,0.06714285714285717,0.22666666666666674,0.3975000000000001,0.6011764705882353,0.8044444444444444,1.0389473684210524,1.2100000000000002,1.2885714285714287,1.3145454545454542,1.2947826086956522,1.2391666666666665,1.148,1.033076923076923,0.9488888888888888,0.8742857142857142,0.7910344827586206,0.7099999999999999,0.6212903225806451,0.5475,0.5175757575757576,0.521764705882353,0.5485714285714286,0.5766666666666667,0.6194594594594595,0.6757894736842105,0.7805128205128204,0.9100000000000001,1.0331707317073169,1.1766666666666667,1.3390697674418603,1.4986363636363635,1.5844444444444443,1.6230434782608696,1.5961702127659572,1.51,1.4293877551020409,1.348,1.2933333333333332,1.2638461538461538,1.2392452830188676,1.221111111111111,1.218181818181818,1.2153571428571428,1.214385964912281,1.220344827586207,1.2447457627118643,1.2683333333333333,1.2895081967213113,1.3116129032258064,1.3679365079365076,1.4396875,1.4969230769230768,1.550909090909091,1.5764179104477611,1.586470588235294,1.568695652173913,1.542857142857143,1.5107042253521124,1.4683333333333333,1.4189041095890413,1.3572972972972972,1.2933333333333332,1.2507894736842102,1.2145454545454546,1.175384615384615,1.152405063291139,1.13125,1.105679012345679,1.084390243902439,1.070843373493976,1.0576190476190477,1.0505882352941174,1.037906976744186,1.0370114942528734,1.0384090909090908,1.0307865168539327,1.031111111111111,1.0182417582417584,1.0186956521739128,1.0277419354838708,1.036595744680851,1.066315789473684,1.0933333333333335,1.1074226804123712,1.1028571428571428,1.0882828282828283,1.0789999999999997,1.0768316831683167,1.082549019607843,1.0939805825242714,1.1003846153846153,1.098095238095238,1.101509433962264,1.0983177570093459,1.0803703703703702,1.0710091743119263,1.0627272727272725,1.0527927927927925,1.0528571428571427,1.0617699115044248,1.0635087719298246,1.066086956521739,1.0643103448275861,1.0634188034188032,1.0794915254237292,1.0969747899159665,1.0991666666666666,1.0963636363636364,1.0878688524590163,1.0746341463414635,1.0583870967741935,1.0376,1.0115873015873018,0.9828346456692912,0.9584375,13.25,159.0,0.0,0.0,0.0,0.0,0.0,0.0,0.0,0.0,0.0,0.0,0.0,0.0,0.0,0.0,0.0,30.0,78.0,141.0,210.0,271.0,310.0,319.0,319.0,319.0,319.0,319.0,319.0,319.0,319.0,319.0,319.0,319.0,319.0,319.0,319.0,319.0,319.0,319.0,319.0,369.0,461.0,584.0,724.0,862.0,981.0,1067.0,1115.0,1130.0,1130.0,1130.0,1130.0,1130.0,1130.0,1130.0,1130.0,1130.0,1130.0,1130.0,1130.0,1130.0,1130.0,1130.0,1130.0,1162.0,1215.0,1283.0,1355.0,1419.0,1464.0,1481.0,1481.0,1481.0,1481.0,1481.0,1481.0,1481.0,1481.0,1481.0,1481.0,1481.0,1481.0,1481.0,1481.0,1481.0,1481.0,1481.0,1481.0,1504.0,1532.0,1564.0,1595.0,1616.0,1617.0,1617.0,1617.0,1617.0,1617.0,1617.0,1617.0,1617.0,1617.0,1617.0,1617.0,1617.0,1617.0,1617.0,1617.0,1617.0,1617.0,1617.0,1617.0,1654.0,1715.0,1796.0,1887.0,1974.0,2042.0,2079.0,2086.0,2086.0,2086.0,2086.0,2086.0,2086.0,2086.0,2086.0,2086.0,2086.0,32,February 1,Agen
0.0072085834802671014,1.5065733044463827,0.7553170657529169,1.3620309900062244,1.3620309900062244,0.4944356099994842,1.1896603883409829,2.8600591235033037,2.8600591235033037,0.6891171148747346,0.5220041408632662,3.1640083721894894,3.1640083721894894,0.4858444120497605,0.7688505576870359,1.1742800669316793,1.1742800669316793,0.5354876429121813,0.9198522704852529,19.506666666666668,0.027510073808261645,0.027510073808261645,229.40874914559123,1.16,-0.29000000000000004,-1.3066666666666666,-1.7399999999999998,-2.1,-2.473333333333333,-2.8114285714285714,-3.040000000000001,-3.3177777777777786,-3.5600000000000014,-3.7400000000000007,-3.7566666666666673,-3.6246153846153857,-3.532857142857144,-3.4066666666666676,-3.2525000000000004,-3.0458823529411774,-2.7900000000000005,-2.461052631578948,-2.1900000000000004,-1.9971428571428573,-1.912727272727273,-1.8878260869565222,-1.8983333333333334,-1.9120000000000004,-1.8823076923076927,-1.8140740740740744,-1.7328571428571429,-1.6537931034482765,-1.5766666666666669,-1.510967741935484,-1.4650000000000003,-1.418787878787879,-1.3752941176470592,-1.345714285714286,-1.306666666666667,-1.2508108108108111,-1.1742105263157898,-1.0810256410256411,-0.9800000000000001,-0.8619512195121953,-0.7400000000000002,-0.6004651162790698,-0.4854545454545455,-0.4111111111111111,-0.3617391304347827,-0.3357446808510639,-0.32958333333333345,-0.3440816326530613,-0.37400000000000005,-0.39098039215686275,-0.4053846153846154,-0.4267924528301887,-0.4492592592592593,-0.4781818181818182,-0.5007142857142858,-0.49964912280701756,-0.4796551724137932,-0.4467796610169492,-0.41333333333333333,-0.3711475409836066,-0.32064516129032267,-0.24000000000000002,-0.14312500000000009,-0.049230769230769314,0.058484848484848424,0.17940298507462682,0.2997058823529413,0.37304347826086953,0.41571428571428576,0.4149295774647887,0.3738888888888888,0.3353424657534247,0.29513513513513506,0.2719999999999999,0.26526315789473676,0.2612987012987013,0.2612820512820512,0.27139240506329104,0.2812499999999999,0.2920987654320987,0.30756097560975604,0.3359036144578313,0.36357142857142855,0.38941176470588246,0.4158139534883719,0.46689655172413774,0.5293181818181818,0.5813483146067415,0.631111111111111,0.6599999999999999,0.6773913043478259,0.6739784946236558,0.6642553191489359,0.649473684210526,0.6266666666666666,0.5981443298969071,0.5599999999999998,0.5195959595959595,0.49499999999999994,0.4748514851485147,0.45215686274509787,0.4415533980582523,0.43211538461538457,0.419047619047619,0.4090566037735848,0.404859813084112,0.4007407407407407,0.4012844036697247,0.3972727272727272,0.40234234234234223,0.4091071428571428,0.4086725663716813,0.4143859649122806,0.40956521739130425,0.4151724137931034,0.42752136752136743,0.43966101694915244,0.4684033613445376,0.49499999999999994,0.5112396694214876,0.5124590163934425,0.5055284552845527,0.5027419354838708,0.5055999999999997,0.5147619047619046,0.5285039370078738,0.538125,18.0,216.0,0.0,0.0,0.0,0.0,0.0,0.0,0.0,0.0,0.0,0.0,0.0,0.0,0.0,0.0,0.0,22.0,52.0,89.0,127.0,154.0,159.0,159.0,159.0,159.0,159.0,159.0,159.0,159.0,159.0,159.0,159.0,159.0,159.0,159.0,159.0,159.0,159.0,159.0,159.0,189.0,237.0,300.0,369.0,430.0,469.0,478.0,478.0,478.0,478.0,478.0,478.0,478.0,478.0,478.0,478.0,478.0,478.0,478.0,478.0,478.0,478.0,478.0,478.0,528.0,620.0,743.0,883.0,1021.0,1140.0,1226.0,1274.0,1289.0,1289.0,1289.0,1289.0,1289.0,1289.0,1289.0,1289.0,1289.0,1289.0,1289.0,1289.0,1289.0,1289.0,1289.0,1289.0,1321.0,1374.0,1442.0,1514.0,1578.0,1623.0,1640.0,1640.0,1640.0,1640.0,1640.0,1640.0,1640.0,1640.0,1640.0,1640.0,1640.0,1640.0,1640.0,1640.0,1640.0,1640.0,1640.0,1640.0,1663.0,1691.0,1723.0,1754.0,1775.0,1776.0,1776.0,1776.0,1776.0,1776.0,1776.0,1776.0,1776.0,1776.0,1776.0,1776.0,1776.0,33,February 2,Agen
0.0072085834802671014,1.5065733044463827,0.7553170657529169,1.3620309900062244,1.3620309900062244,0.4944356099994842,1.1896603883409829,2.8600591235033037,2.8600591235033037,0.6891171148747346,0.5220041408632662,3.1640083721894894,3.1640083721894894,0.4858444120497605,0.7688505576870359,1.1742800669316793,1.1742800669316793,0.5354876429121813,0.9198522704852529,20.598333333333333,0.020039941250956633,0.020039941250956633,227.7409175499636,-4.44,-5.040000000000001,-5.006666666666668,-4.740000000000001,-4.58,-4.456666666666667,-4.382857142857143,-4.165,-3.9177777777777774,-3.6,-3.4036363636363642,-3.2983333333333333,-3.1707692307692312,-3.09,-2.8733333333333335,-2.68375,-2.54,-2.451111111111111,-2.334736842105263,-2.17,-1.9780952380952384,-1.7763636363636366,-1.5747826086956522,-1.4024999999999999,-1.3,-1.3169230769230766,-1.391851851851852,-1.4507142857142858,-1.522758620689655,-1.6166666666666667,-1.7206451612903224,-1.8118750000000001,-1.9248484848484853,-2.037058823529412,-2.137142857142857,-2.187222222222222,-2.183243243243243,-2.1873684210526316,-2.173333333333333,-2.1425,-2.0839024390243903,-1.9971428571428573,-1.870232558139535,-1.7604545454545453,-1.68,-1.6465217391304348,-1.64,-1.6504166666666666,-1.662448979591837,-1.6520000000000001,-1.620392156862745,-1.5803846153846155,-1.54,-1.499259259259259,-1.4636363636363636,-1.438214285714286,-1.4119298245614038,-1.386551724137931,-1.368813559322034,-1.345,-1.3104918032786885,-1.2625806451612904,-1.2034920634920636,-1.1384375000000002,-1.0615384615384615,-0.9809090909090911,-0.8877611940298508,-0.8091176470588235,-0.7559420289855072,-0.7185714285714286,-0.6963380281690141,-0.6872222222222223,-0.692054794520548,-0.7075675675675676,-0.7146666666666667,-0.7202631578947368,-0.7309090909090908,-0.7425641025641024,-0.7589873417721518,-0.77125,-0.7671604938271605,-0.7497560975609756,-0.7231325301204818,-0.695952380952381,-0.6623529411764706,-0.6225581395348837,-0.5606896551724138,-0.4865909090909092,-0.4141573033707866,-0.33111111111111113,-0.2378021978021978,-0.14434782608695648,-0.08516129032258066,-0.048510638297872354,-0.04421052631578953,-0.07020833333333336,-0.094639175257732,-0.1206122448979592,-0.133939393939394,-0.13500000000000006,-0.13405940594059412,-0.1301960784313726,-0.11864077669902919,-0.10730769230769235,-0.0952380952380953,-0.07962264150943404,-0.05401869158878512,-0.028888888888888957,-0.005137614678899136,0.019090909090908974,0.06270270270270262,0.11535714285714282,0.15999999999999995,0.20298245614035085,0.22956521739130437,0.2470689655172414,0.24803418803418809,0.24389830508474575,0.23563025210084035,0.2208333333333333,0.20132231404958675,0.17393442622950814,0.14455284552845524,0.12774193548387086,0.11439999999999995,0.09888888888888872,0.09307086614173223,0.08812499999999995,34.166666666666664,410.0,0.0,0.0,0.0,0.0,0.0,0.0,0.0,0.0,0.0,0.0,0.0,0.0,0.0,0.0,2.0,27.0,64.0,111.0,160.0,199.0,216.0,216.0,216.0,216.0,216.0,216.0,216.0,216.0,216.0,216.0,216.0,216.0,216.0,216.0,216.0,216.0,216.0,216.0,216.0,238.0,268.0,305.0,343.0,370.0,375.0,375.0,375.0,375.0,375.0,375.0,375.0,375.0,375.0,375.0,375.0,375.0,375.0,375.0,375.0,375.0,375.0,375.0,375.0,405.0,453.0,516.0,585.0,646.0,685.0,694.0,694.0,694.0,694.0,694.0,694.0,694.0,694.0,694.0,694.0,694.0,694.0,694.0,694.0,694.0,694.0,694.0,694.0,744.0,836.0,959.0,1099.0,1237.0,1356.0,1442.0,1490.0,1505.0,1505.0,1505.0,1505.0,1505.0,1505.0,1505.0,1505.0,1505.0,1505.0,1505.0,1505.0,1505.0,1505.0,1505.0,1505.0,1537.0,1590.0,1658.0,1730.0,1794.0,1839.0,1856.0,1856.0,1856.0,1856.0,1856.0,1856.0,1856.0,1856.0,1856.0,1856.0,1856.0,34,February 3,Agen
0.0072085834802671014,1.5065733044463827,0.7553170657529169,1.3620309900062244,1.3620309900062244,0.4944356099994842,1.1896603883409829,2.8600591235033037,2.8600591235033037,0.6891171148747346,0.5220041408632662,3.1640083721894894,3.1640083721894894,0.4858444120497605,0.7688505576870359,1.1742800669316793,1.1742800669316793,0.5354876429121813,0.9198522704852529,14.823333333333334,0.10304315388911157,0.10304315388911157,246.272768158309,0.46,0.66,0.9933333333333333,0.885,0.6599999999999999,0.36000000000000004,-0.025714285714285665,-0.40249999999999997,-0.6622222222222223,-0.6699999999999999,-0.6127272727272726,-0.49833333333333324,-0.32461538461538453,-0.2757142857142857,-0.20666666666666664,-0.15874999999999997,-0.0929411764705882,-0.07333333333333333,-0.09263157894736841,-0.13999999999999996,-0.20190476190476184,-0.32181818181818184,-0.44869565217391305,-0.5483333333333333,-0.7040000000000001,-0.893846153846154,-1.043703703703704,-1.1471428571428572,-1.2434482758620693,-1.3300000000000003,-1.4141935483870969,-1.4525000000000001,-1.4672727272727275,-1.4458823529411766,-1.445714285714286,-1.465,-1.46972972972973,-1.4847368421052634,-1.4425641025641027,-1.4025,-1.3741463414634145,-1.3638095238095238,-1.3376744186046512,-1.2854545454545454,-1.2155555555555557,-1.1356521739130436,-1.0506382978723405,-0.9754166666666668,-0.9318367346938776,-0.9480000000000001,-0.9949019607843139,-1.0342307692307693,-1.0815094339622642,-1.141851851851852,-1.2090909090909094,-1.2703571428571432,-1.345263157894737,-1.421034482758621,-1.4908474576271187,-1.531666666666667,-1.5400000000000003,-1.552903225806452,-1.5542857142857145,-1.5446875000000002,-1.516923076923077,-1.4703030303030304,-1.3967164179104479,-1.3326470588235295,-1.286376811594203,-1.27,-1.270985915492958,-1.2830555555555556,-1.2961643835616439,-1.2940540540540544,-1.2773333333333334,-1.2544736842105266,-1.230909090909091,-1.2066666666666668,-1.1855696202531647,-1.1712500000000001,-1.1560493827160498,-1.141219512195122,-1.1315662650602412,-1.1173809523809526,-1.095294117647059,-1.0632558139534884,-1.0227586206896553,-0.9775000000000001,-0.9231460674157305,-0.8655555555555556,-0.7982417582417584,-0.7410869565217394,-0.7023655913978495,-0.6751063829787234,-0.6589473684210526,-0.6525000000000001,-0.6564948453608249,-0.6685714285714287,-0.6743434343434346,-0.679,-0.6875247524752477,-0.6968627450980394,-0.7099029126213593,-0.7198076923076925,-0.7171428571428573,-0.7041509433962265,-0.6839252336448599,-0.6631481481481484,-0.6372477064220184,-0.6063636363636364,-0.5580180180180181,-0.4998214285714286,-0.4426548672566372,-0.376842105263158,-0.30260869565217396,-0.2279310344827586,-0.18017094017094018,-0.15016949152542375,-0.1458823529411765,-0.16583333333333336,-0.18462809917355374,-0.20475409836065575,-0.21479674796747972,-0.21500000000000005,-0.21360000000000004,-0.20984126984126988,-0.1998425196850394,-0.19000000000000006,38.75,465.0,0.0,0.0,0.0,0.0,0.0,0.0,0.0,0.0,0.0,0.0,0.0,0.0,0.0,0.0,3.0,39.0,97.0,173.0,256.0,332.0,386.0,410.0,410.0,410.0,410.0,410.0,410.0,410.0,410.0,410.0,410.0,410.0,410.0,410.0,410.0,410.0,410.0,410.0,412.0,437.0,474.0,521.0,570.0,609.0,626.0,626.0,626.0,626.0,626.0,626.0,626.0,626.0,626.0,626.0,626.0,626.0,626.0,626.0,626.0,626.0,626.0,626.0,626.0,648.0,678.0,715.0,753.0,780.0,785.0,785.0,785.0,785.0,785.0,785.0,785.0,785.0,785.0,785.0,785.0,785.0,785.0,785.0,785.0,785.0,785.0,785.0,785.0,815.0,863.0,926.0,995.0,1056.0,1095.0,1104.0,1104.0,1104.0,1104.0,1104.0,1104.0,1104.0,1104.0,1104.0,1104.0,1104.0,1104.0,1104.0,1104.0,1104.0,1104.0,1104.0,1104.0,1154.0,1246.0,1369.0,1509.0,1647.0,1766.0,1852.0,1900.0,1915.0,1915.0,1915.0,1915.0,1915.0,1915.0,1915.0,1915.0,1915.0,35,February 4,Agen
0.0072085834802671014,1.5065733044463827,0.7553170657529169,1.3620309900062244,1.3620309900062244,0.4944356099994842,1.1896603883409829,2.8600591235033037,2.8600591235033037,0.6891171148747346,0.5220041408632662,3.1640083721894894,3.1640083721894894,0.4858444120497605,0.7688505576870359,1.1742800669316793,1.1742800669316793,0.5354876429121813,0.9198522704852529,13.815,0.007722985356446748,0.007722985356446748,224.99095186391602,1.76,1.6600000000000001,1.6933333333333334,1.71,1.9,2.1266666666666665,2.6314285714285712,3.235,3.626666666666666,3.9099999999999993,4.214545454545454,4.476666666666666,4.744615384615384,5.024285714285716,5.193333333333334,5.3225,5.454117647058824,5.543333333333334,5.554736842105264,5.53,5.3933333333333335,5.1827272727272735,5.003478260869565,4.826666666666667,4.652,4.506153846153847,4.400740740740741,4.263571428571429,4.1082758620689654,3.933333333333333,3.730967741935484,3.5193749999999997,3.3296969696969696,3.21,3.117142857142857,3.051666666666667,3.016756756756757,2.9468421052631584,2.890769230769231,2.8325000000000005,2.786829268292683,2.7266666666666666,2.6530232558139537,2.5690909090909098,2.48,2.364347826086957,2.2451063829787237,2.1391666666666667,2.0048979591836735,1.852,1.7188235294117646,1.6099999999999999,1.5052830188679245,1.4062962962962966,1.3090909090909093,1.2385714285714282,1.1828070175438596,1.149655172413793,1.1057627118644067,1.0516666666666665,1.0075409836065572,0.9583870967741934,0.9457142857142856,0.9334374999999998,0.9153846153846152,0.8872727272727272,0.8704477611940298,0.8717647058823529,0.8860869565217391,0.9085714285714284,0.9360563380281689,0.9586111111111111,0.9613698630136985,0.9248648648648649,0.8679999999999999,0.816578947368421,0.7599999999999999,0.6946153846153844,0.6245569620253162,0.5587499999999999,0.48345679012345666,0.40756097560975596,0.33590361445783123,0.2849999999999999,0.2576470588235293,0.22744186046511614,0.20597701149425277,0.19295454545454535,0.19370786516853922,0.2088888888888888,0.24461538461538457,0.2741304347826086,0.2911827956989247,0.28659574468085103,0.2694736842105262,0.24437499999999987,0.21876288659793802,0.20489795918367334,0.20242424242424228,0.2049999999999999,0.20851485148514837,0.2129411764705881,0.21533980582524262,0.21288461538461528,0.2114285714285713,0.20999999999999988,0.20485981308411205,0.20351851851851846,0.20862385321100912,0.22181818181818175,0.24198198198198193,0.26624999999999993,0.29805309734513263,0.33280701754385955,0.37565217391304334,0.4108620689655171,0.4317948717948716,0.44389830508474554,0.44739495798319306,0.4433333333333332,0.4310743801652891,0.41245901639344246,0.3990243902439023,0.3866129032258063,0.37119999999999986,0.35523809523809513,0.3363779527559053,0.3201562499999999,44.666666666666664,536.0,0.0,0.0,0.0,0.0,0.0,0.0,0.0,0.0,0.0,0.0,0.0,0.0,0.0,0.0,5.0,44.0,107.0,190.0,281.0,365.0,428.0,461.0,465.0,465.0,465.0,465.0,465.0,465.0,465.0,465.0,465.0,465.0,465.0,465.0,465.0,465.0,465.0,465.0,468.0,504.0,562.0,638.0,721.0,797.0,851.0,875.0,875.0,875.0,875.0,875.0,875.0,875.0,875.0,875.0,875.0,875.0,875.0,875.0,875.0,875.0,875.0,875.0,877.0,902.0,939.0,986.0,1035.0,1074.0,1091.0,1091.0,1091.0,1091.0,1091.0,1091.0,1091.0,1091.0,1091.0,1091.0,1091.0,1091.0,1091.0,1091.0,1091.0,1091.0,1091.0,1091.0,1091.0,1113.0,1143.0,1180.0,1218.0,1245.0,1250.0,1250.0,1250.0,1250.0,1250.0,1250.0,1250.0,1250.0,1250.0,1250.0,1250.0,1250.0,1250.0,1250.0,1250.0,1250.0,1250.0,1250.0,1250.0,1280.0,1328.0,1391.0,1460.0,1521.0,1560.0,1569.0,1569.0,1569.0,1569.0,1569.0,1569.0,1569.0,1569.0,1569.0,1569.0,1569.0,36,February 5,Agen
0.0072085834802671014,1.5065733044463827,0.7553170657529169,1.3620309900062244,1.3620309900062244,0.4944356099994842,1.1896603883409829,2.8600591235033037,2.8600591235033037,0.6891171148747346,0.5220041408632662,3.1640083721894894,3.1640083721894894,0.4858444120497605,0.7688505576870359,1.1742800669316793,1.1742800669316793,0.5354876429121813,0.9198522704852529,14.131666666666668,-0.008889261865622668,0.008889261865622668,221.281990800802,-1.04,-1.6400000000000001,-1.8733333333333333,-1.715,-1.48,-1.19,-1.0257142857142858,-0.89,-0.6511111111111112,-0.2800000000000001,0.1963636363636363,0.7349999999999998,1.229230769230769,1.7457142857142856,2.126666666666666,2.5287499999999996,2.848235294117647,3.0488888888888885,3.202105263157894,3.3600000000000003,3.46,3.51,3.486086956521738,3.4599999999999995,3.392,3.3215384615384616,3.2637037037037033,3.21,3.1910344827586203,3.1933333333333334,3.2729032258064508,3.40375,3.5054545454545454,3.5923529411764705,3.6971428571428575,3.7988888888888885,3.9113513513513514,4.036315789473684,4.126666666666667,4.205,4.286829268292683,4.352857142857143,4.3855813953488365,4.40090909090909,4.362222222222222,4.28391304347826,4.21531914893617,4.1433333333333335,4.068163265306122,4.004,3.958039215686274,3.892692307692307,3.814716981132075,3.722962962962963,3.6127272727272723,3.493928571428571,3.384561403508772,3.3134482758620685,3.256610169491525,3.2149999999999994,3.1911475409836063,3.1454838709677415,3.1076190476190475,3.0678125,3.0353846153846153,2.993333333333333,2.942089552238806,2.8835294117647057,2.820869565217391,2.7399999999999998,2.6557746478873234,2.579444444444444,2.483287671232876,2.3735135135135135,2.2759999999999994,2.194210526315789,2.1145454545454543,2.038205128205128,1.9625316455696198,1.9049999999999998,1.857530864197531,1.8258536585365854,1.7865060240963853,1.7397619047619046,1.6999999999999997,1.6565116279069763,1.6393103448275859,1.6224999999999996,1.601573033707865,1.5733333333333333,1.5534065934065933,1.5469565217391301,1.550322580645161,1.5599999999999996,1.5736842105263158,1.5839583333333334,1.5795876288659794,1.5457142857142856,1.4963636363636361,1.4509999999999996,1.4015841584158413,1.3452941176470585,1.2852427184466015,1.2282692307692307,1.1638095238095236,1.0986792452830187,1.0366355140186914,0.9905555555555553,0.9627522935779814,0.9327272727272725,0.9095495495495494,0.8930357142857142,0.8874336283185839,0.8933333333333331,0.9156521739130433,0.9332758620689654,0.941196581196581,0.9320338983050845,0.912941176470588,0.8874999999999998,0.8616528925619833,0.8452459016393441,0.8380487804878047,0.8349999999999999,0.8327999999999999,0.8314285714285713,0.8285039370078738,0.8217187499999998,74.25,891.0,0.0,0.0,0.0,0.0,0.0,0.0,0.0,0.0,0.0,0.0,0.0,0.0,0.0,0.0,7.0,49.0,119.0,211.0,312.0,407.0,481.0,524.0,536.0,536.0,536.0,536.0,536.0,536.0,536.0,536.0,536.0,536.0,536.0,536.0,536.0,536.0,536.0,536.0,541.0,580.0,643.0,726.0,817.0,901.0,964.0,997.0,1001.0,1001.0,1001.0,1001.0,1001.0,1001.0,1001.0,1001.0,1001.0,1001.0,1001.0,1001.0,1001.0,1001.0,1001.0,1001.0,1004.0,1040.0,1098.0,1174.0,1257.0,1333.0,1387.0,1411.0,1411.0,1411.0,1411.0,1411.0,1411.0,1411.0,1411.0,1411.0,1411.0,1411.0,1411.0,1411.0,1411.0,1411.0,1411.0,1411.0,1413.0,1438.0,1475.0,1522.0,1571.0,1610.0,1627.0,1627.0,1627.0,1627.0,1627.0,1627.0,1627.0,1627.0,1627.0,1627.0,1627.0,1627.0,1627.0,1627.0,1627.0,1627.0,1627.0,1627.0,1627.0,1649.0,1679.0,1716.0,1754.0,1781.0,1786.0,1786.0,1786.0,1786.0,1786.0,1786.0,1786.0,1786.0,1786.0,1786.0,1786.0,1786.0,37,February 6,Agen
0.0072085834802671014,1.5065733044463827,0.7553170657529169,1.3620309900062244,1.3620309900062244,0.4944356099994842,1.1896603883409829,2.8600591235033037,2.8600591235033037,0.6891171148747346,0.5220041408632662,3.1640083721894894,3.1640083721894894,0.4858444120497605,0.7688505576870359,1.1742800669316793,1.1742800669316793,0.5354876429121813,0.9198522704852529,9.098333333333334,0.22057307026274875,0.22057307026274875,272.51328082066306,1.66,1.31,1.16,0.885,0.72,0.9766666666666667,1.16,1.3224999999999998,1.5488888888888888,1.78,2.0418181818181815,2.418333333333333,2.7600000000000002,3.0957142857142856,3.3933333333333326,3.6787499999999995,3.9894117647058818,4.254444444444443,4.428421052631578,4.494999999999999,4.493333333333332,4.446363636363636,4.316521739130435,4.1433333333333335,3.9359999999999995,3.6984615384615376,3.4748148148148146,3.306428571428571,3.1737931034482756,3.0766666666666667,2.976129032258064,2.885,2.8357575757575755,2.84235294117647,2.902857142857142,3.007222222222222,3.119459459459459,3.26,3.367692307692308,3.4974999999999996,3.606341463414634,3.674285714285714,3.727441860465117,3.787272727272727,3.824444444444445,3.8404347826086958,3.8217021276595746,3.8016666666666663,3.76,3.716,3.6776470588235295,3.6407692307692305,3.6222641509433964,3.615555555555556,3.652727272727273,3.720714285714286,3.7740350877192985,3.8203448275862066,3.8786440677966105,3.936666666666667,4.0026229508196725,4.077741935483871,4.133015873015874,4.181875,4.233846153846154,4.276666666666666,4.298805970149254,4.3100000000000005,4.286086956521739,4.235714285714286,4.190985915492958,4.1433333333333335,4.092876712328768,4.049189189189189,4.017333333333334,3.9718421052631574,3.917142857142858,3.8523076923076927,3.773924050632912,3.68875,3.6093827160493834,3.5563414634146344,3.513012048192772,3.4802380952380956,3.4600000000000004,3.4239534883720935,3.3933333333333335,3.361136363636364,3.3341573033707874,3.3,3.2589010989010996,3.2121739130434785,3.162150537634409,3.0982978723404258,3.031578947368421,2.970416666666667,2.894020618556701,2.8069387755102047,2.7286868686868684,2.662,2.5966336633663367,2.533529411764706,2.4706796116504854,2.421538461538461,2.38,2.350566037735849,2.315140186915888,2.273888888888889,2.237981651376147,2.199090909090909,2.180720720720721,2.1626785714285712,2.1414159292035397,2.1143859649122807,2.093913043478261,2.0841379310344825,2.082222222222222,2.0854237288135593,2.0919327731092436,2.095833333333333,2.088099173553719,2.05672131147541,2.012845528455285,1.9720967741935485,1.928,1.8782539682539683,1.8253543307086613,1.7748437499999998,54.916666666666664,659.0,0.0,0.0,0.0,0.0,0.0,0.0,0.0,0.0,0.0,0.0,0.0,0.0,0.0,0.0,8.0,67.0,168.0,301.0,450.0,598.0,726.0,820.0,874.0,891.0,891.0,891.0,891.0,891.0,891.0,891.0,891.0,891.0,891.0,891.0,891.0,891.0,891.0,891.0,898.0,940.0,1010.0,1102.0,1203.0,1298.0,1372.0,1415.0,1427.0,1427.0,1427.0,1427.0,1427.0,1427.0,1427.0,1427.0,1427.0,1427.0,1427.0,1427.0,1427.0,1427.0,1427.0,1427.0,1432.0,1471.0,1534.0,1617.0,1708.0,1792.0,1855.0,1888.0,1892.0,1892.0,1892.0,1892.0,1892.0,1892.0,1892.0,1892.0,1892.0,1892.0,1892.0,1892.0,1892.0,1892.0,1892.0,1892.0,1895.0,1931.0,1989.0,2065.0,2148.0,2224.0,2278.0,2302.0,2302.0,2302.0,2302.0,2302.0,2302.0,2302.0,2302.0,2302.0,2302.0,2302.0,2302.0,2302.0,2302.0,2302.0,2302.0,2302.0,2304.0,2329.0,2366.0,2413.0,2462.0,2501.0,2518.0,2518.0,2518.0,2518.0,2518.0,2518.0,2518.0,2518.0,2518.0,2518.0,2518.0,2518.0,38,February 7,Agen
0.0072085834802671014,1.5065733044463827,0.7553170657529169,1.3620309900062244,1.3620309900062244,0.4944356099994842,1.1896603883409829,2.8600591235033037,2.8600591235033037,0.6891171148747346,0.5220041408632662,3.1640083721894894,3.1640083721894894,0.4858444120497605,0.7688505576870359,1.1742800669316793,1.1742800669316793,0.5354876429121813,0.9198522704852529,9.406666666666668,0.009350665620696839,0.009350665620696839,225.35435861091426,6.3599999999999985,5.209999999999999,5.259999999999999,5.185,5.079999999999999,5.076666666666666,5.06,5.097499999999999,5.2044444444444435,5.5,5.841818181818181,6.243333333333333,6.821538461538461,7.388571428571427,7.9399999999999995,8.397499999999999,8.748235294117645,8.982222222222221,9.091578947368419,9.099999999999998,9.055238095238094,8.946363636363635,8.790434782608695,8.5725,8.296,8.013846153846153,7.748888888888888,7.474285714285713,7.218620689655172,7.053333333333332,6.898709677419355,6.76,6.656969696969696,6.574705882352941,6.52,6.52111111111111,6.53027027027027,6.554736842105262,6.58051282051282,6.615,6.672195121951219,6.721904761904762,6.7413953488372105,6.719090909090909,6.6688888888888895,6.599130434782609,6.489787234042554,6.357916666666667,6.206938775510204,6.037999999999999,5.873725490196079,5.736923076923077,5.618490566037736,5.519259259259259,5.418181818181818,5.3225,5.251228070175438,5.21344827586207,5.209152542372881,5.233333333333333,5.264918032786886,5.316451612903226,5.35047619047619,5.400625,5.44,5.455454545454545,5.462985074626866,5.476176470588236,5.475942028985509,5.4628571428571435,5.427605633802817,5.391944444444444,5.342191780821918,5.2910810810810815,5.244,5.198157894736841,5.165194805194806,5.140769230769231,5.1473417721519,5.1762500000000005,5.195802469135803,5.211219512195122,5.235903614457832,5.261190476190476,5.292941176470588,5.332093023255815,5.357701149425288,5.379318181818182,5.403820224719102,5.4222222222222225,5.425934065934066,5.421956521739131,5.39225806451613,5.342978723404256,5.297894736842105,5.250625,5.201237113402062,5.156938775510205,5.121616161616162,5.0760000000000005,5.023366336633663,4.962941176470588,4.892038834951456,4.815769230769231,4.743809523809524,4.692075471698113,4.64785046728972,4.611851851851852,4.585688073394496,4.547272727272728,4.513153153153153,4.477857142857142,4.446725663716815,4.41,4.367826086956522,4.321206896551724,4.271965811965812,4.211694915254237,4.149075630252101,4.090833333333333,4.020330578512397,3.9411475409836063,3.8689430894308945,3.8059677419354836,3.744,3.683809523809524,3.623779527559055,3.5748437500000003,59.416666666666664,713.0,0.0,0.0,0.0,0.0,0.0,0.0,0.0,0.0,0.0,0.0,0.0,0.0,0.0,0.0,10.0,58.0,139.0,245.0,364.0,478.0,571.0,631.0,657.0,659.0,659.0,659.0,659.0,659.0,659.0,659.0,659.0,659.0,659.0,659.0,659.0,659.0,659.0,659.0,667.0,726.0,827.0,960.0,1109.0,1257.0,1385.0,1479.0,1533.0,1550.0,1550.0,1550.0,1550.0,1550.0,1550.0,1550.0,1550.0,1550.0,1550.0,1550.0,1550.0,1550.0,1550.0,1550.0,1557.0,1599.0,1669.0,1761.0,1862.0,1957.0,2031.0,2074.0,2086.0,2086.0,2086.0,2086.0,2086.0,2086.0,2086.0,2086.0,2086.0,2086.0,2086.0,2086.0,2086.0,2086.0,2086.0,2086.0,2091.0,2130.0,2193.0,2276.0,2367.0,2451.0,2514.0,2547.0,2551.0,2551.0,2551.0,2551.0,2551.0,2551.0,2551.0,2551.0,2551.0,2551.0,2551.0,2551.0,2551.0,2551.0,2551.0,2551.0,2554.0,2590.0,2648.0,2724.0,2807.0,2883.0,2937.0,2961.0,2961.0,2961.0,2961.0,2961.0,2961.0,2961.0,2961.0,2961.0,2961.0,2961.0,39,February 8,Agen
0.0072085834802671014,1.5065733044463827,0.7553170657529169,1.3620309900062244,1.3620309900062244,0.4944356099994842,1.1896603883409829,2.8600591235033037,2.8600591235033037,0.6891171148747346,0.5220041408632662,3.1640083721894894,3.1640083721894894,0.4858444120497605,0.7688505576870359,1.1742800669316793,1.1742800669316793,0.5354876429121813,0.9198522704852529,12.831666666666667,-0.26663683157015006,0.26663683157015006,163.73555007143784,7.06,6.66,6.426666666666666,6.009999999999999,5.979999999999999,5.926666666666666,5.96,5.872499999999999,5.982222222222221,6.27,6.6872727272727275,7.076666666666667,7.436923076923078,7.738571428571428,8.046666666666667,8.303749999999999,8.501176470588236,8.704444444444444,8.765263157894736,8.809999999999999,8.855238095238095,8.89181818181818,8.899130434782608,8.834999999999999,8.736,8.556153846153846,8.437777777777777,8.313571428571429,8.187586206896551,8.083333333333332,7.982580645161288,7.900625,7.844848484848485,7.854117647058824,7.894285714285713,7.971111111111109,8.127567567567567,8.302105263157895,8.49076923076923,8.66,8.799024390243902,8.898095238095237,8.948372093023256,8.955454545454545,8.937777777777777,8.888260869565217,8.813191489361703,8.70375,8.56,8.408,8.259999999999998,8.102307692307692,7.950566037735848,7.845185185185185,7.743636363636363,7.649285714285713,7.574035087719298,7.51,7.461694915254236,7.4466666666666645,7.437049180327868,7.437419354838709,7.4393650793650785,7.4475,7.47076923076923,7.490303030303029,7.491343283582089,7.4658823529411755,7.422318840579709,7.365714285714285,7.2825352112676045,7.183611111111111,7.070958904109588,6.945135135135133,6.8213333333333335,6.715263157894736,6.62103896103896,6.539487179487179,6.45620253164557,6.376250000000001,6.313086419753086,6.273414634146341,6.257590361445781,6.262380952380952,6.272941176470588,6.298372093023255,6.311724137931034,6.337272727272728,6.355505617977528,6.356666666666666,6.352307692307692,6.352391304347826,6.342795698924731,6.323829787234042,6.288421052631579,6.2527083333333335,6.20639175257732,6.158979591836734,6.114545454545453,6.070999999999999,6.037227722772277,6.01,6.006601941747572,6.020576923076923,6.027619047619046,6.031698113207546,6.043177570093458,6.055370370370371,6.072844036697247,6.096363636363636,6.109549549549549,6.119821428571429,6.132566371681415,6.140701754385964,6.137391304347826,6.128103448275861,6.098461538461537,6.053220338983051,6.01126050420168,5.967499999999999,5.9219834710743795,5.880491803278688,5.8461788617886175,5.8035483870967735,5.755199999999999,5.7004761904761905,5.637165354330707,5.569374999999999,107.0,1284.0,0.0,0.0,0.0,0.0,0.0,0.0,0.0,0.0,0.0,0.0,0.0,0.0,0.0,0.0,11.0,62.0,148.0,260.0,385.0,507.0,608.0,676.0,708.0,713.0,713.0,713.0,713.0,713.0,713.0,713.0,713.0,713.0,713.0,713.0,713.0,713.0,713.0,713.0,723.0,771.0,852.0,958.0,1077.0,1191.0,1284.0,1344.0,1370.0,1372.0,1372.0,1372.0,1372.0,1372.0,1372.0,1372.0,1372.0,1372.0,1372.0,1372.0,1372.0,1372.0,1372.0,1372.0,1380.0,1439.0,1540.0,1673.0,1822.0,1970.0,2098.0,2192.0,2246.0,2263.0,2263.0,2263.0,2263.0,2263.0,2263.0,2263.0,2263.0,2263.0,2263.0,2263.0,2263.0,2263.0,2263.0,2263.0,2270.0,2312.0,2382.0,2474.0,2575.0,2670.0,2744.0,2787.0,2799.0,2799.0,2799.0,2799.0,2799.0,2799.0,2799.0,2799.0,2799.0,2799.0,2799.0,2799.0,2799.0,2799.0,2799.0,2799.0,2804.0,2843.0,2906.0,2989.0,3080.0,3164.0,3227.0,3260.0,3264.0,3264.0,3264.0,3264.0,3264.0,3264.0,3264.0,3264.0,3264.0,3264.0,40,February 9,Agen
0.0072085834802671014,1.5065733044463827,0.7553170657529169,1.3620309900062244,1.3620309900062244,0.4944356099994842,1.1896603883409829,2.8600591235033037,2.8600591235033037,0.6891171148747346,0.5220041408632662,3.1640083721894894,3.1640083721894894,0.4858444120497605,0.7688505576870359,1.1742800669316793,1.1742800669316793,0.5354876429121813,0.9198522704852529,16.406666666666666,-0.0760234091966051,0.0760234091966051,206.29317350670465,0.36,0.81,1.4933333333333334,1.985,2.4599999999999995,2.7099999999999995,2.86,2.835,2.86,2.83,2.769090909090909,2.776666666666667,2.8446153846153845,2.931428571428571,3.113333333333333,3.2974999999999994,3.44235294117647,3.6599999999999997,3.928421052631579,4.205,4.445714285714286,4.669090909090908,4.864347826086956,4.972499999999999,5.056,5.102307692307692,5.134074074074074,5.120714285714286,5.146206896551725,5.163333333333333,5.195483870967742,5.1975,5.247878787878787,5.354117647058823,5.511428571428572,5.673888888888889,5.838378378378378,5.991578947368421,6.154871794871795,6.305,6.435609756097561,6.5719047619047615,6.648372093023256,6.716818181818181,6.7844444444444445,6.846956521739129,6.894042553191489,6.90375,6.89265306122449,6.836,6.807058823529411,6.771538461538461,6.731698113207548,6.700740740740741,6.669090909090908,6.645714285714286,6.635438596491229,6.661724137931034,6.7057627118644065,6.7716666666666665,6.886229508196721,7.013225806451612,7.15047619047619,7.2771875,7.386153846153846,7.470606060606061,7.524179104477612,7.549705882352941,7.558550724637683,7.545714285714286,7.514929577464789,7.46,7.380547945205481,7.293783783783782,7.207999999999998,7.113947368421054,7.022337662337662,6.961282051282053,6.901772151898736,6.8462499999999995,6.803209876543209,6.767317073170731,6.741927710843373,6.739761904761904,6.741176470588235,6.749534883720931,6.7588505747126435,6.772499999999999,6.797078651685393,6.818888888888888,6.827032967032967,6.815434782608696,6.790107526881722,6.7546808510638305,6.698947368421053,6.6308333333333325,6.551752577319587,6.46204081632653,6.373131313131314,6.297000000000001,6.229306930693069,6.170784313725491,6.110485436893205,6.052307692307692,6.006666666666666,5.978867924528302,5.969345794392524,5.975740740740742,5.986605504587157,6.00909090909091,6.0221621621621635,6.044821428571429,6.061769911504425,6.065263157894736,6.064347826086958,6.066896551724138,6.061709401709402,6.0489830508474585,6.023025210084034,5.996666666666667,5.961652892561983,5.925573770491803,5.8917073170731715,5.858387096774194,5.8328,5.812380952380953,5.811181102362205,5.8240625,46.583333333333336,559.0,0.0,0.0,0.0,0.0,0.0,0.0,0.0,0.0,0.0,0.0,0.0,0.0,0.0,0.0,13.0,92.0,227.0,403.0,604.0,808.0,994.0,1143.0,1242.0,1284.0,1284.0,1284.0,1284.0,1284.0,1284.0,1284.0,1284.0,1284.0,1284.0,1284.0,1284.0,1284.0,1284.0,1284.0,1295.0,1346.0,1432.0,1544.0,1669.0,1791.0,1892.0,1960.0,1992.0,1997.0,1997.0,1997.0,1997.0,1997.0,1997.0,1997.0,1997.0,1997.0,1997.0,1997.0,1997.0,1997.0,1997.0,1997.0,2007.0,2055.0,2136.0,2242.0,2361.0,2475.0,2568.0,2628.0,2654.0,2656.0,2656.0,2656.0,2656.0,2656.0,2656.0,2656.0,2656.0,2656.0,2656.0,2656.0,2656.0,2656.0,2656.0,2656.0,2664.0,2723.0,2824.0,2957.0,3106.0,3254.0,3382.0,3476.0,3530.0,3547.0,3547.0,3547.0,3547.0,3547.0,3547.0,3547.0,3547.0,3547.0,3547.0,3547.0,3547.0,3547.0,3547.0,3547.0,3554.0,3596.0,3666.0,3758.0,3859.0,3954.0,4028.0,4071.0,4083.0,4083.0,4083.0,4083.0,4083.0,4083.0,4083.0,4083.0,4083.0,4083.0,41,February 10,Agen
0.0072085834802671014,1.5065733044463827,0.7553170657529169,1.3620309900062244,1.3620309900062244,0.4944356099994842,1.1896603883409829,2.8600591235033037,2.8600591235033037,0.6891171148747346,0.5220041408632662,3.1640083721894894,3.1640083721894894,0.4858444120497605,0.7688505576870359,1.1742800669316793,1.1742800669316793,0.5354876429121813,0.9198522704852529,17.098333333333336,-0.025013278802223652,0.025013278802223652,217.6820352860902,3.36,2.56,2.1266666666666665,1.7349999999999999,1.4,1.0433333333333332,0.7171428571428571,0.28500000000000003,-0.006666666666666722,-0.18000000000000002,-0.2581818181818183,-0.1483333333333334,-0.02461538461538474,0.2599999999999999,0.5799999999999998,0.8162499999999999,1.0423529411764703,1.2988888888888885,1.5494736842105261,1.7100000000000002,1.783809523809523,1.8009090909090906,1.773043478260869,1.7224999999999995,1.6679999999999995,1.652307692307692,1.6970370370370367,1.7599999999999996,1.8496551724137928,1.9199999999999995,1.979354838709677,2.000625,2.0327272727272727,2.0482352941176467,2.051428571428571,2.0738888888888893,2.116756756756757,2.167894736842106,2.2574358974358977,2.3525,2.4356097560975605,2.552857142857143,2.6972093023255814,2.850909090909091,2.993333333333333,3.1317391304347826,3.2599999999999993,3.3475,3.423265306122449,3.48,3.528627450980392,3.5523076923076924,3.595849056603773,3.6340740740740745,3.6799999999999997,3.708214285714285,3.763508771929825,3.8513793103448277,3.9701694915254238,4.093333333333334,4.219016393442623,4.339032258064516,4.466349206349205,4.586562499999999,4.695384615384615,4.808484848484849,4.883880597014925,4.954117647058823,5.023768115942029,5.089999999999999,5.145915492957745,5.176666666666666,5.192876712328767,5.177567567567567,5.18,5.177105263157895,5.17038961038961,5.168974358974358,5.166329113924051,5.16875,5.179753086419752,5.2160975609756095,5.264819277108433,5.329047619047619,5.428235294117647,5.53674418604651,5.653103448275862,5.762272727272727,5.858876404494382,5.937777777777778,5.994065934065935,6.029565217391303,6.052473118279568,6.058936170212764,6.051578947368419,6.025625000000001,5.980618556701031,5.9293877551020415,5.878181818181818,5.8199999999999985,5.762970297029701,5.72862745098039,5.694951456310678,5.663846153846155,5.641904761904762,5.625094339622642,5.61607476635514,5.624814814814814,5.636146788990824,5.6527272727272715,5.669909909909908,5.690357142857143,5.719292035398231,5.745964912280702,5.7617391304347825,5.761724137931034,5.75059829059829,5.731186440677965,5.695294117647058,5.649166666666667,5.5938842975206615,5.529672131147541,5.465691056910569,5.411612903225805,5.363999999999999,5.323492063492062,5.281259842519684,5.24046875,34.0,408.0,0.0,0.0,0.0,0.0,0.0,0.0,0.0,0.0,0.0,0.0,0.0,0.0,0.0,0.0,15.0,59.0,131.0,225.0,329.0,427.0,503.0,547.0,559.0,559.0,559.0,559.0,559.0,559.0,559.0,559.0,559.0,559.0,559.0,559.0,559.0,559.0,559.0,559.0,572.0,651.0,786.0,962.0,1163.0,1367.0,1553.0,1702.0,1801.0,1843.0,1843.0,1843.0,1843.0,1843.0,1843.0,1843.0,1843.0,1843.0,1843.0,1843.0,1843.0,1843.0,1843.0,1843.0,1854.0,1905.0,1991.0,2103.0,2228.0,2350.0,2451.0,2519.0,2551.0,2556.0,2556.0,2556.0,2556.0,2556.0,2556.0,2556.0,2556.0,2556.0,2556.0,2556.0,2556.0,2556.0,2556.0,2556.0,2566.0,2614.0,2695.0,2801.0,2920.0,3034.0,3127.0,3187.0,3213.0,3215.0,3215.0,3215.0,3215.0,3215.0,3215.0,3215.0,3215.0,3215.0,3215.0,3215.0,3215.0,3215.0,3215.0,3215.0,3223.0,3282.0,3383.0,3516.0,3665.0,3813.0,3941.0,4035.0,4089.0,4106.0,4106.0,4106.0,4106.0,4106.0,4106.0,4106.0,4106.0,4106.0,42,February 11,Agen
0.0072085834802671014,1.5065733044463827,0.7553170657529169,1.3620309900062244,1.3620309900062244,0.4944356099994842,1.1896603883409829,2.8600591235033037,2.8600591235033037,0.6891171148747346,0.5220041408632662,3.1640083721894894,3.1640083721894894,0.4858444120497605,0.7688505576870359,1.1742800669316793,1.1742800669316793,0.5354876429121813,0.9198522704852529,16.315,-0.009062859662253649,0.009062859662253649,221.24323219940752,4.159999999999998,3.9099999999999993,3.06,2.2849999999999997,1.4199999999999997,0.8266666666666665,0.45999999999999985,0.3849999999999999,0.5599999999999999,0.82,0.9599999999999999,1.1183333333333334,1.0138461538461536,0.96,0.9799999999999999,1.0037499999999997,1.0658823529411763,1.1488888888888888,1.2810526315789472,1.475,1.6314285714285712,1.7781818181818176,1.9121739130434778,2.01,2.0639999999999996,2.052307692307692,2.0229629629629624,1.9707142857142854,1.904827586206896,1.8166666666666662,1.718064516129032,1.5787499999999999,1.4599999999999997,1.3658823529411759,1.297142857142857,1.2905555555555555,1.2951351351351348,1.3652631578947367,1.4599999999999995,1.5324999999999998,1.608780487804878,1.7052380952380948,1.8065116279069762,1.8736363636363629,1.9044444444444435,1.909999999999999,1.8940425531914886,1.8662499999999997,1.8355102040816327,1.8239999999999998,1.8443137254901958,1.875384615384615,1.922264150943396,1.9599999999999995,1.9927272727272725,2.004642857142857,2.023157894736842,2.032413793103448,2.0345762711864404,2.048333333333333,2.074754098360655,2.106774193548387,2.163174603174603,2.2240624999999996,2.2784615384615385,2.355454545454545,2.451044776119403,2.554117647058823,2.6513043478260867,2.7471428571428573,2.8374647887323943,2.9016666666666664,2.9586301369863013,3.003243243243243,3.0426666666666664,3.065263157894737,3.1015584415584416,3.1343589743589746,3.1726582278481015,3.1987499999999995,3.2439506172839505,3.312439024390244,3.403373493975904,3.498095238095238,3.5952941176470583,3.68906976744186,3.7887356321839083,3.883863636363636,3.9712359550561795,4.062222222222222,4.125934065934066,4.18608695652174,4.246021505376344,4.303617021276596,4.353684210526316,4.384999999999999,4.405360824742268,4.401836734693878,4.411515151515151,4.417,4.41940594059406,4.425686274509804,4.4308737864077665,4.439807692307692,4.455238095238095,4.490188679245283,4.534766355140187,4.591481481481481,4.675596330275229,4.767272727272727,4.865405405405405,4.958214285714285,5.04141592920354,5.110877192982455,5.162608695652174,5.197931034482758,5.223247863247863,5.235423728813559,5.236470588235295,5.2225,5.1930578512396695,5.158360655737704,5.123414634146341,5.08258064516129,5.042400000000001,5.02031746031746,4.998582677165355,4.97875,45.833333333333336,550.0,0.0,0.0,0.0,0.0,0.0,0.0,0.0,0.0,0.0,0.0,0.0,0.0,0.0,0.0,16.0,52.0,109.0,184.0,265.0,338.0,389.0,408.0,408.0,408.0,408.0,408.0,408.0,408.0,408.0,408.0,408.0,408.0,408.0,408.0,408.0,408.0,408.0,408.0,423.0,467.0,539.0,633.0,737.0,835.0,911.0,955.0,967.0,967.0,967.0,967.0,967.0,967.0,967.0,967.0,967.0,967.0,967.0,967.0,967.0,967.0,967.0,967.0,980.0,1059.0,1194.0,1370.0,1571.0,1775.0,1961.0,2110.0,2209.0,2251.0,2251.0,2251.0,2251.0,2251.0,2251.0,2251.0,2251.0,2251.0,2251.0,2251.0,2251.0,2251.0,2251.0,2251.0,2262.0,2313.0,2399.0,2511.0,2636.0,2758.0,2859.0,2927.0,2959.0,2964.0,2964.0,2964.0,2964.0,2964.0,2964.0,2964.0,2964.0,2964.0,2964.0,2964.0,2964.0,2964.0,2964.0,2964.0,2974.0,3022.0,3103.0,3209.0,3328.0,3442.0,3535.0,3595.0,3621.0,3623.0,3623.0,3623.0,3623.0,3623.0,3623.0,3623.0,3623.0,3623.0,43,February 12,Agen
0.0072085834802671014,1.5065733044463827,0.7553170657529169,1.3620309900062244,1.3620309900062244,0.4944356099994842,1.1896603883409829,2.8600591235033037,2.8600591235033037,0.6891171148747346,0.5220041408632662,3.1640083721894894,3.1640083721894894,0.4858444120497605,0.7688505576870359,1.1742800669316793,1.1742800669316793,0.5354876429121813,0.9198522704852529,12.156666666666665,0.1294086698467299,0.1294086698467299,252.15930902111324,2.16,2.0100000000000002,1.36,1.36,1.1400000000000001,1.06,1.002857142857143,0.9225000000000001,0.9266666666666666,1.0,1.1236363636363635,1.3766666666666663,1.552307692307692,1.6671428571428568,1.833333333333333,1.9787499999999998,2.083529411764705,2.1877777777777774,2.249473684210526,2.3199999999999994,2.3504761904761904,2.3827272727272724,2.438260869565217,2.5308333333333333,2.5959999999999996,2.6369230769230763,2.5896296296296293,2.4957142857142856,2.339310344827586,2.1899999999999995,2.0632258064516122,1.9943749999999996,1.993333333333333,2.027647058823529,2.037142857142857,2.06,1.9978378378378379,1.9521052631578946,1.934358974358974,1.9199999999999995,1.9234146341463412,1.9385714285714286,1.9786046511627906,2.0509090909090903,2.111111111111111,2.170869565217391,2.2280851063829785,2.2704166666666663,2.292653061224489,2.2819999999999996,2.2619607843137253,2.229230769230769,2.188301886792453,2.134074074074074,2.0727272727272723,1.9867857142857142,1.910877192982456,1.8479310344827584,1.7989830508474574,1.7866666666666664,1.7813114754098358,1.8164516129032255,1.8679365079365076,1.9068749999999997,1.949230769230769,2.0054545454545454,2.0659701492537312,2.1055882352941175,2.1223188405797107,2.122857142857143,2.1092957746478875,2.0877777777777777,2.0641095890410956,2.053243243243243,2.0639999999999996,2.0823684210526316,2.111948051948052,2.1356410256410254,2.1562025316455697,2.1625,2.17358024691358,2.178292682926829,2.1780722891566264,2.1861904761904762,2.203529411764706,2.2251162790697676,2.264597701149425,2.3077272727272726,2.346516853932584,2.4022222222222216,2.472087912087912,2.54804347826087,2.6202150537634408,2.6919148936170214,2.7600000000000007,2.808958333333333,2.852783505154639,2.8875510204081634,2.9185858585858586,2.9370000000000003,2.965940594059406,2.9923529411764713,3.0231067961165055,3.044615384615384,3.08095238095238,3.1354716981132076,3.2076635514018688,3.283148148148148,3.3609174311926604,3.436363636363637,3.516756756756757,3.5939285714285707,3.6653097345132744,3.7398245614035086,3.7930434782608695,3.8436206896551726,3.8941880341880344,3.9430508474576276,3.9860504201680675,4.014166666666666,4.033553719008264,4.033770491803279,4.044552845528455,4.051935483870968,4.0568,4.064761904761904,4.071811023622046,4.081874999999999,23.916666666666668,287.0,0.0,0.0,0.0,0.0,0.0,0.0,0.0,0.0,0.0,0.0,0.0,0.0,0.0,0.0,18.0,62.0,134.0,227.0,329.0,424.0,498.0,540.0,550.0,550.0,550.0,550.0,550.0,550.0,550.0,550.0,550.0,550.0,550.0,550.0,550.0,550.0,550.0,550.0,566.0,602.0,659.0,734.0,815.0,888.0,939.0,958.0,958.0,958.0,958.0,958.0,958.0,958.0,958.0,958.0,958.0,958.0,958.0,958.0,958.0,958.0,958.0,958.0,973.0,1017.0,1089.0,1183.0,1287.0,1385.0,1461.0,1505.0,1517.0,1517.0,1517.0,1517.0,1517.0,1517.0,1517.0,1517.0,1517.0,1517.0,1517.0,1517.0,1517.0,1517.0,1517.0,1517.0,1530.0,1609.0,1744.0,1920.0,2121.0,2325.0,2511.0,2660.0,2759.0,2801.0,2801.0,2801.0,2801.0,2801.0,2801.0,2801.0,2801.0,2801.0,2801.0,2801.0,2801.0,2801.0,2801.0,2801.0,2812.0,2863.0,2949.0,3061.0,3186.0,3308.0,3409.0,3477.0,3509.0,3514.0,3514.0,3514.0,3514.0,3514.0,3514.0,3514.0,3514.0,3514.0,44,February 13,Agen
0.0072085834802671014,1.5065733044463827,0.7553170657529169,1.3620309900062244,1.3620309900062244,0.4944356099994842,1.1896603883409829,2.8600591235033037,2.8600591235033037,0.6891171148747346,0.5220041408632662,3.1640083721894894,3.1640083721894894,0.4858444120497605,0.7688505576870359,1.1742800669316793,1.1742800669316793,0.5354876429121813,0.9198522704852529,15.34,0.0859893961224485,0.0859893961224485,242.46523250760535,-2.94,-2.94,-3.2066666666666666,-3.1149999999999998,-3.0,-3.0066666666666664,-3.097142857142857,-3.265,-3.151111111111111,-2.91,-2.5400000000000005,-2.24,-1.9092307692307693,-1.432857142857143,-0.8666666666666667,-0.21499999999999997,0.47764705882352937,1.1544444444444444,1.7442105263157892,2.2,2.4742857142857138,2.6463636363636356,2.7556521739130426,2.8016666666666663,2.776,2.7407692307692306,2.6414814814814815,2.5957142857142856,2.5151724137931035,2.4533333333333327,2.3954838709677415,2.331875,2.29030303030303,2.271764705882353,2.2742857142857145,2.3266666666666667,2.3627027027027023,2.383684210526315,2.429230769230769,2.4724999999999997,2.5039024390243902,2.5385714285714287,2.5576744186046514,2.5827272727272725,2.591111111111111,2.6013043478260873,2.623829787234043,2.66625,2.6967346938775507,2.7159999999999997,2.689411764705882,2.6369230769230763,2.5486792452830187,2.461851851851852,2.3854545454545457,2.3403571428571426,2.3336842105263154,2.347931034482759,2.3481355932203383,2.3566666666666665,2.3140983606557373,2.2809677419354837,2.264761904761905,2.250625,2.2476923076923074,2.2524242424242424,2.2734328358208953,2.3158823529411765,2.351304347826087,2.387142857142857,2.4219718309859157,2.4475,2.46,2.45054054054054,2.4346666666666663,2.41,2.379480519480519,2.3394871794871794,2.2941772151898734,2.2312499999999997,2.1748148148148148,2.127073170731707,2.0889156626506025,2.076666666666666,2.0694117647058823,2.0913953488372092,2.12551724137931,2.1509090909090904,2.1791011235955056,2.2177777777777776,2.26,2.2871739130434783,2.2976344086021503,2.2961702127659573,2.2842105263157895,2.26625,2.2465979381443293,2.2365306122448976,2.2428282828282824,2.255,2.275841584158415,2.2923529411764703,2.306601941747573,2.3099999999999996,2.3171428571428567,2.3194339622641507,2.317943925233645,2.322962962962963,2.335229357798165,2.3509090909090906,2.38072072072072,2.413571428571428,2.4431858407079643,2.4863157894736836,2.5408695652173905,2.6005172413793107,2.657435897435897,2.714237288135593,2.768403361344537,2.8074999999999997,2.8426446280991735,2.8706557377049178,2.895772357723577,2.910806451612903,2.9343999999999997,2.956031746031746,2.981259842519685,2.9990625,29.666666666666668,356.0,0.0,0.0,0.0,0.0,0.0,0.0,0.0,0.0,0.0,0.0,0.0,0.0,0.0,0.0,20.0,47.0,91.0,149.0,210.0,260.0,287.0,287.0,287.0,287.0,287.0,287.0,287.0,287.0,287.0,287.0,287.0,287.0,287.0,287.0,287.0,287.0,287.0,287.0,305.0,349.0,421.0,514.0,616.0,711.0,785.0,827.0,837.0,837.0,837.0,837.0,837.0,837.0,837.0,837.0,837.0,837.0,837.0,837.0,837.0,837.0,837.0,837.0,853.0,889.0,946.0,1021.0,1102.0,1175.0,1226.0,1245.0,1245.0,1245.0,1245.0,1245.0,1245.0,1245.0,1245.0,1245.0,1245.0,1245.0,1245.0,1245.0,1245.0,1245.0,1245.0,1245.0,1260.0,1304.0,1376.0,1470.0,1574.0,1672.0,1748.0,1792.0,1804.0,1804.0,1804.0,1804.0,1804.0,1804.0,1804.0,1804.0,1804.0,1804.0,1804.0,1804.0,1804.0,1804.0,1804.0,1804.0,1817.0,1896.0,2031.0,2207.0,2408.0,2612.0,2798.0,2947.0,3046.0,3088.0,3088.0,3088.0,3088.0,3088.0,3088.0,3088.0,3088.0,3088.0,45,February 14,Agen
0.0072085834802671014,1.5065733044463827,0.7553170657529169,1.3620309900062244,1.3620309900062244,0.4944356099994842,1.1896603883409829,2.8600591235033037,2.8600591235033037,0.6891171148747346,0.5220041408632662,3.1640083721894894,3.1640083721894894,0.4858444120497605,0.7688505576870359,1.1742800669316793,1.1742800669316793,0.5354876429121813,0.9198522704852529,14.715000000000002,0.040547753793662926,0.040547753793662926,232.3196284969985,0.56,0.16000000000000003,-0.13999999999999999,-0.4900000000000001,-0.5400000000000001,-0.49,-0.3257142857142857,-0.15250000000000002,0.0822222222222222,0.31,0.5509090909090908,0.7766666666666665,1.0292307692307694,1.3171428571428574,1.6333333333333335,1.9412499999999997,2.171764705882353,2.4266666666666667,2.6968421052631575,2.8849999999999993,3.012380952380952,2.996363636363637,2.8860869565217397,2.7183333333333333,2.492,2.2830769230769232,2.06,1.8849999999999998,1.732413793103448,1.5733333333333333,1.4051612903225803,1.2224999999999997,1.1175757575757574,1.062941176470588,1.0657142857142854,1.0655555555555554,1.0924324324324322,1.1889473684210523,1.339487179487179,1.545,1.7892682926829269,2.048095238095238,2.2879069767441864,2.4827272727272724,2.6044444444444443,2.683913043478261,2.7365957446808498,2.76,2.747755102040816,2.73,2.6776470588235295,2.652307692307692,2.6071698113207544,2.5711111111111102,2.5363636363636353,2.4974999999999996,2.4705263157894737,2.45655172413793,2.454915254237288,2.483333333333333,2.502622950819672,2.5132258064516124,2.5393650793650786,2.5646875,2.5830769230769226,2.6039393939393936,2.6152238805970143,2.630588235294117,2.635362318840579,2.6414285714285706,2.655774647887323,2.6836111111111105,2.703835616438356,2.716756756756756,2.698666666666666,2.662631578947368,2.601558441558441,2.5407692307692296,2.486582278481012,2.45375,2.4476543209876542,2.4563414634146334,2.455180722891566,2.4599999999999995,2.4282352941176466,2.403023255813953,2.389885057471264,2.378181818181818,2.3746067415730336,2.3766666666666665,2.39076923076923,2.420869565217391,2.4460215053763434,2.471702127659574,2.4968421052631573,2.515208333333333,2.5239175257731956,2.5161224489795915,2.5034343434343427,2.4839999999999995,2.4599999999999995,2.428627450980392,2.3930097087378632,2.343653846153846,2.2990476190476183,2.260943396226415,2.2300934579439247,2.2192592592592586,2.212293577981651,2.2281818181818176,2.2536936936936933,2.2724999999999995,2.2936283185840702,2.323157894736842,2.3556521739130427,2.3763793103448267,2.3839316239316233,2.382033898305084,2.3717647058823523,2.3566666666666665,2.340165289256198,2.331311475409836,2.3356097560975604,2.344677419354838,2.3607999999999993,2.3734920634920624,2.3844094488188974,2.3865624999999997,36.666666666666664,440.0,0.0,0.0,0.0,0.0,0.0,0.0,0.0,0.0,0.0,0.0,0.0,0.0,0.0,0.0,21.0,52.0,103.0,171.0,244.0,308.0,348.0,356.0,356.0,356.0,356.0,356.0,356.0,356.0,356.0,356.0,356.0,356.0,356.0,356.0,356.0,356.0,356.0,356.0,376.0,403.0,447.0,505.0,566.0,616.0,643.0,643.0,643.0,643.0,643.0,643.0,643.0,643.0,643.0,643.0,643.0,643.0,643.0,643.0,643.0,643.0,643.0,643.0,661.0,705.0,777.0,870.0,972.0,1067.0,1141.0,1183.0,1193.0,1193.0,1193.0,1193.0,1193.0,1193.0,1193.0,1193.0,1193.0,1193.0,1193.0,1193.0,1193.0,1193.0,1193.0,1193.0,1209.0,1245.0,1302.0,1377.0,1458.0,1531.0,1582.0,1601.0,1601.0,1601.0,1601.0,1601.0,1601.0,1601.0,1601.0,1601.0,1601.0,1601.0,1601.0,1601.0,1601.0,1601.0,1601.0,1601.0,1616.0,1660.0,1732.0,1826.0,1930.0,2028.0,2104.0,2148.0,2160.0,2160.0,2160.0,2160.0,2160.0,2160.0,2160.0,2160.0,2160.0,2160.0,46,February 15,Agen
0.0072085834802671014,1.5065733044463827,0.7553170657529169,1.3620309900062244,1.3620309900062244,0.4944356099994842,1.1896603883409829,2.8600591235033037,2.8600591235033037,0.6891171148747346,0.5220041408632662,3.1640083721894894,3.1640083721894894,0.4858444120497605,0.7688505576870359,1.1742800669316793,1.1742800669316793,0.5354876429121813,0.9198522704852529,15.173333333333336,0.006705763229167507,0.006705763229167507,224.7638400702988,-1.94,-2.04,-2.0733333333333337,-1.915,-1.72,-1.6566666666666665,-1.497142857142857,-1.3025,-1.04,-0.7700000000000001,-0.5036363636363635,-0.29000000000000004,-0.13999999999999999,0.07428571428571436,0.34666666666666673,0.6787499999999997,1.0129411764705878,1.3099999999999996,1.6599999999999997,1.955,2.2076190476190476,2.3645454545454543,2.4686956521739125,2.4974999999999996,2.42,2.3176923076923077,2.2044444444444444,2.0707142857142853,1.9737931034482756,1.9,1.8599999999999994,1.8349999999999997,1.8387878787878789,1.8541176470588232,1.8857142857142857,1.9238888888888885,1.9816216216216214,2.0626315789473684,2.165128205128205,2.275,2.3624390243902433,2.467142857142857,2.585581395348837,2.6736363636363634,2.7377777777777776,2.736086956521739,2.6876595744680856,2.607916666666666,2.49469387755102,2.3859999999999997,2.2658823529411767,2.167692307692308,2.078867924528302,1.9840740740740739,1.8818181818181816,1.7689285714285712,1.69859649122807,1.656551724137931,1.648135593220339,1.6383333333333332,1.6452459016393441,1.6954838709677418,1.7806349206349206,1.9021875,2.050769230769231,2.2115151515151514,2.362985074626866,2.4879411764705885,2.5672463768115947,2.62,2.6557746478873243,2.6724999999999994,2.6654794520547944,2.6545945945945943,2.62,2.603421052631579,2.572987012987013,2.5484615384615386,2.5245569620253168,2.4974999999999996,2.4785185185185186,2.468536585365854,2.4672289156626506,2.4873809523809522,2.5011764705882356,2.508837209302326,2.527816091954023,2.5463636363636364,2.5599999999999996,2.575555555555556,2.5841758241758246,2.595869565217391,2.5997849462365594,2.60468085106383,2.6157894736842104,2.637083333333333,2.652783505154639,2.6630612244897955,2.6498989898989898,2.623,2.5768316831683173,2.530588235294118,2.4891262135922334,2.463846153846154,2.459047619047619,2.465660377358491,2.464672897196262,2.4683333333333337,2.4434862385321106,2.423636363636364,2.413153153153153,2.40375,2.4007079646017697,2.4021052631578943,2.4130434782608696,2.4367241379310345,2.4565811965811966,2.4769491525423732,2.4969747899159667,2.5116666666666663,2.5186776859504127,2.512459016393442,2.502276422764228,2.4866129032258066,2.4671999999999996,2.4417460317460313,2.412755905511811,2.3724999999999996,66.25,795.0,0.0,0.0,0.0,0.0,0.0,0.0,0.0,0.0,0.0,0.0,0.0,0.0,0.0,0.0,22.0,59.0,119.0,198.0,284.0,363.0,418.0,440.0,440.0,440.0,440.0,440.0,440.0,440.0,440.0,440.0,440.0,440.0,440.0,440.0,440.0,440.0,440.0,440.0,461.0,492.0,543.0,611.0,684.0,748.0,788.0,796.0,796.0,796.0,796.0,796.0,796.0,796.0,796.0,796.0,796.0,796.0,796.0,796.0,796.0,796.0,796.0,796.0,816.0,843.0,887.0,945.0,1006.0,1056.0,1083.0,1083.0,1083.0,1083.0,1083.0,1083.0,1083.0,1083.0,1083.0,1083.0,1083.0,1083.0,1083.0,1083.0,1083.0,1083.0,1083.0,1083.0,1101.0,1145.0,1217.0,1310.0,1412.0,1507.0,1581.0,1623.0,1633.0,1633.0,1633.0,1633.0,1633.0,1633.0,1633.0,1633.0,1633.0,1633.0,1633.0,1633.0,1633.0,1633.0,1633.0,1633.0,1649.0,1685.0,1742.0,1817.0,1898.0,1971.0,2022.0,2041.0,2041.0,2041.0,2041.0,2041.0,2041.0,2041.0,2041.0,2041.0,2041.0,2041.0,47,February 16,Agen
0.0072085834802671014,1.5065733044463827,0.7553170657529169,1.3620309900062244,1.3620309900062244,0.4944356099994842,1.1896603883409829,2.8600591235033037,2.8600591235033037,0.6891171148747346,0.5220041408632662,3.1640083721894894,3.1640083721894894,0.4858444120497605,0.7688505576870359,1.1742800669316793,1.1742800669316793,0.5354876429121813,0.9198522704852529,14.465,0.052725883473839726,0.052725883473839726,235.03859891692596,-0.040000000000000015,-0.040000000000000015,0.06,0.41,0.5599999999999999,0.49333333333333335,0.28857142857142853,-0.015000000000000041,-0.2288888888888889,-0.4,-0.44909090909090904,-0.4233333333333334,-0.24769230769230768,0.002857142857142863,0.32,0.67875,0.9894117647058823,1.332222222222222,1.6442105263157893,1.92,2.136190476190476,2.264545454545454,2.2991304347826085,2.2016666666666667,2.036,1.8753846153846156,1.7266666666666666,1.6135714285714282,1.52551724137931,1.4299999999999997,1.3664516129032256,1.3256249999999998,1.3175757575757574,1.3276470588235292,1.3514285714285712,1.3711111111111112,1.3789189189189188,1.4178947368421049,1.488205128205128,1.5924999999999998,1.7087804878048778,1.8195238095238089,1.9623255813953484,2.089545454545454,2.204444444444444,2.2795652173913035,2.3323404255319145,2.349583333333333,2.313061224489796,2.2619999999999996,2.2031372549019603,2.131153846153846,2.0769811320754714,2.0340740740740735,2.0090909090909084,1.9921428571428572,1.9915789473684207,1.9979310344827585,2.014237288135593,2.0349999999999997,2.068196721311475,2.1164516129032256,2.179047619047619,2.2474999999999996,2.303076923076923,2.37060606060606,2.448059701492537,2.5070588235294116,2.5513043478260866,2.5528571428571425,2.523380281690141,2.4724999999999997,2.3983561643835616,2.326216216216216,2.245333333333333,2.178421052631579,2.117142857142857,2.051025641025641,1.978987341772152,1.8987499999999997,1.8476543209876544,1.81609756097561,1.808192771084337,1.7992857142857144,1.8023529411764705,1.8367441860465115,1.8967816091954022,1.9838636363636362,2.0914606741573034,2.208888888888889,2.3204395604395605,2.4132608695652173,2.4729032258064514,2.513191489361702,2.5410526315789475,2.554791666666666,2.5507216494845357,2.543673469387755,2.5185858585858583,2.5069999999999997,2.4847524752475247,2.466862745098039,2.4493203883495145,2.4292307692307693,2.415238095238095,2.40811320754717,2.407663551401868,2.423888888888888,2.4352293577981645,2.4418181818181814,2.4572972972972966,2.4724999999999997,2.4838938053097337,2.496842105263157,2.5043478260869554,2.5143103448275856,2.518119658119657,2.522711864406779,2.5322689075630245,2.5499999999999994,2.563305785123966,2.572295081967212,2.562439024390243,2.541451612903225,2.5047999999999995,2.4679365079365074,2.4348031496062985,2.4146874999999994,44.666666666666664,536.0,0.0,0.0,0.0,0.0,0.0,0.0,0.0,0.0,0.0,0.0,0.0,0.0,0.0,0.0,24.0,82.0,176.0,297.0,431.0,562.0,672.0,748.0,786.0,795.0,795.0,795.0,795.0,795.0,795.0,795.0,795.0,795.0,795.0,795.0,795.0,795.0,795.0,795.0,817.0,854.0,914.0,993.0,1079.0,1158.0,1213.0,1235.0,1235.0,1235.0,1235.0,1235.0,1235.0,1235.0,1235.0,1235.0,1235.0,1235.0,1235.0,1235.0,1235.0,1235.0,1235.0,1235.0,1256.0,1287.0,1338.0,1406.0,1479.0,1543.0,1583.0,1591.0,1591.0,1591.0,1591.0,1591.0,1591.0,1591.0,1591.0,1591.0,1591.0,1591.0,1591.0,1591.0,1591.0,1591.0,1591.0,1591.0,1611.0,1638.0,1682.0,1740.0,1801.0,1851.0,1878.0,1878.0,1878.0,1878.0,1878.0,1878.0,1878.0,1878.0,1878.0,1878.0,1878.0,1878.0,1878.0,1878.0,1878.0,1878.0,1878.0,1878.0,1896.0,1940.0,2012.0,2105.0,2207.0,2302.0,2376.0,2418.0,2428.0,2428.0,2428.0,2428.0,2428.0,2428.0,2428.0,2428.0,2428.0,2428.0,48,February 17,Agen
0.0072085834802671014,1.5065733044463827,0.7553170657529169,1.3620309900062244,1.3620309900062244,0.4944356099994842,1.1896603883409829,2.8600591235033037,2.8600591235033037,0.6891171148747346,0.5220041408632662,3.1640083721894894,3.1640083721894894,0.4858444120497605,0.7688505576870359,1.1742800669316793,1.1742800669316793,0.5354876429121813,0.9198522704852529,16.165,0.1788700746454551,0.1788700746454551,263.2023919991753,-5.24,-6.34,-7.239999999999999,-8.015,-8.72,-9.256666666666666,-9.540000000000001,-9.5275,-9.24,-8.849999999999998,-8.276363636363637,-7.631666666666667,-6.90153846153846,-6.047142857142856,-5.139999999999999,-4.2837499999999995,-3.54,-2.9233333333333333,-2.4189473684210525,-1.95,-1.5542857142857143,-1.2763636363636366,-1.1139130434782611,-1.0483333333333336,-1.008,-0.9707692307692308,-0.9251851851851853,-0.8400000000000001,-0.771034482758621,-0.7400000000000001,-0.7464516129032258,-0.79,-0.8248484848484848,-0.8576470588235295,-0.86,-0.8400000000000001,-0.7670270270270271,-0.6610526315789474,-0.522051282051282,-0.35750000000000004,-0.2034146341463415,-0.028095238095238194,0.14139534883720914,0.30090909090909074,0.43777777777777754,0.5360869565217391,0.5897872340425532,0.5766666666666665,0.5253061224489795,0.47199999999999986,0.4207843137254901,0.3849999999999999,0.36,0.3285185185185187,0.3127272727272728,0.3082142857142856,0.3214035087719298,0.3444827586206896,0.3752542372881356,0.40333333333333315,0.42393442622950817,0.4632258064516129,0.5219047619047619,0.6021874999999998,0.6907692307692306,0.7766666666666664,0.883880597014925,0.9820588235294115,1.0730434782608698,1.138571428571429,1.1895774647887323,1.2169444444444442,1.207945205479452,1.1883783783783783,1.1626666666666667,1.1271052631578946,1.102857142857143,1.0856410256410256,1.080253164556962,1.0799999999999998,1.0908641975308642,1.1063414634146342,1.128674698795181,1.1540476190476192,1.1882352941176473,1.2332558139534886,1.2887356321839079,1.3486363636363634,1.399325842696629,1.4588888888888887,1.5259340659340654,1.579565217391304,1.6223655913978492,1.6334042553191488,1.621052631578947,1.5922916666666662,1.545567010309278,1.4997959183673466,1.4468686868686866,1.4039999999999997,1.3649504950495048,1.3217647058823525,1.2735922330097085,1.2186538461538459,1.1857142857142855,1.1675471698113205,1.1674766355140187,1.1664814814814812,1.1746788990825687,1.207272727272727,1.2599999999999998,1.3341071428571427,1.4246017699115041,1.523157894736842,1.6173913043478259,1.6970689655172413,1.7505982905982906,1.788813559322034,1.817142857142857,1.8341666666666663,1.836859504132231,1.8370491803278686,1.8226016260162599,1.8188709677419352,1.8063999999999996,1.7973015873015872,1.788346456692913,1.7771874999999997,20.166666666666668,242.0,0.0,0.0,0.0,0.0,0.0,0.0,0.0,0.0,0.0,0.0,0.0,0.0,0.0,0.0,22.0,66.0,137.0,229.0,329.0,421.0,491.0,529.0,536.0,536.0,536.0,536.0,536.0,536.0,536.0,536.0,536.0,536.0,536.0,536.0,536.0,536.0,536.0,536.0,560.0,618.0,712.0,833.0,967.0,1098.0,1208.0,1284.0,1322.0,1331.0,1331.0,1331.0,1331.0,1331.0,1331.0,1331.0,1331.0,1331.0,1331.0,1331.0,1331.0,1331.0,1331.0,1331.0,1353.0,1390.0,1450.0,1529.0,1615.0,1694.0,1749.0,1771.0,1771.0,1771.0,1771.0,1771.0,1771.0,1771.0,1771.0,1771.0,1771.0,1771.0,1771.0,1771.0,1771.0,1771.0,1771.0,1771.0,1792.0,1823.0,1874.0,1942.0,2015.0,2079.0,2119.0,2127.0,2127.0,2127.0,2127.0,2127.0,2127.0,2127.0,2127.0,2127.0,2127.0,2127.0,2127.0,2127.0,2127.0,2127.0,2127.0,2127.0,2147.0,2174.0,2218.0,2276.0,2337.0,2387.0,2414.0,2414.0,2414.0,2414.0,2414.0,2414.0,2414.0,2414.0,2414.0,2414.0,2414.0,2414.0,49,February 18,Agen
0.0072085834802671014,1.5065733044463827,0.7553170657529169,1.3620309900062244,1.3620309900062244,0.4944356099994842,1.1896603883409829,2.8600591235033037,2.8600591235033037,0.6891171148747346,0.5220041408632662,3.1640083721894894,3.1640083721894894,0.4858444120497605,0.7688505576870359,1.1742800669316793,1.1742800669316793,0.5354876429121813,0.9198522704852529,13.706666666666667,0.056234627213187616,0.056234627213187616,235.8219844357977,0.6599999999999999,0.10999999999999996,-0.34,-1.0150000000000001,-1.6800000000000002,-2.24,-2.5685714285714285,-2.6400000000000006,-2.5844444444444448,-2.4200000000000004,-2.067272727272727,-1.6066666666666667,-1.063076923076923,-0.5257142857142858,-0.02666666666666684,0.4037499999999997,0.7599999999999999,1.032222222222222,1.2442105263157892,1.3499999999999999,1.431428571428571,1.4009090909090907,1.3121739130434782,1.1141666666666665,0.8599999999999998,0.5407692307692306,0.1859259259259257,-0.19000000000000025,-0.5813793103448277,-0.9600000000000001,-1.2916129032258066,-1.5462500000000001,-1.7096969696969697,-1.8164705882352943,-1.837142857142857,-1.801111111111111,-1.7021621621621623,-1.5242105263157897,-1.2912820512820515,-1.0450000000000002,-0.8156097560975611,-0.6161904761904763,-0.44697674418604666,-0.27863636363636374,-0.1311111111111113,-0.0291304347826089,0.02382978723404251,0.032916666666666504,0.031428571428571285,0.029999999999999857,0.03450980392156849,0.06192307692307676,0.08264150943396212,0.08407407407407393,0.06545454545454535,0.026071428571428443,-0.0084210526315791,-0.04172413793103462,-0.05694915254237301,-0.058333333333333466,-0.02688524590163948,0.02612903225806437,0.1012698412698412,0.19437499999999985,0.2830769230769229,0.3872727272727271,0.4898507462686565,0.5879411764705881,0.6730434782608693,0.7342857142857141,0.7670422535211264,0.7558333333333331,0.7189041095890408,0.6802702702702701,0.6426666666666665,0.6152631578947367,0.5950649350649347,0.57025641025641,0.5562025316455695,0.5499999999999998,0.5562962962962962,0.5697560975609754,0.5889156626506022,0.6064285714285712,0.6188235294117644,0.6448837209302323,0.6852873563218387,0.7418181818181817,0.8049438202247188,0.8666666666666664,0.9446153846153844,1.0165217391304346,1.0836559139784943,1.1323404255319145,1.1705263157894732,1.19125,1.184742268041237,1.1702040816326529,1.1509090909090909,1.1239999999999997,1.1055445544554454,1.0923529411764703,1.088155339805825,1.0878846153846153,1.0961904761904762,1.1081132075471696,1.1254205607476635,1.145185185185185,1.1719266055045872,1.207272727272727,1.2509909909909909,1.2983928571428571,1.3387610619469024,1.386315789473684,1.4399999999999995,1.483275862068965,1.5181196581196577,1.5277966101694913,1.5188235294117645,1.4966666666666664,1.4599999999999995,1.423934426229508,1.3819512195121948,1.3479032258064516,1.3168,1.2822222222222222,1.2434645669291338,1.1990625,92.16666666666667,1106.0,0.0,0.0,0.0,0.0,0.0,0.0,0.0,0.0,0.0,0.0,0.0,0.0,0.0,0.0,19.0,41.0,79.0,131.0,185.0,226.0,242.0,242.0,242.0,242.0,242.0,242.0,242.0,242.0,242.0,242.0,242.0,242.0,242.0,242.0,242.0,242.0,242.0,242.0,264.0,308.0,379.0,471.0,571.0,663.0,733.0,771.0,778.0,778.0,778.0,778.0,778.0,778.0,778.0,778.0,778.0,778.0,778.0,778.0,778.0,778.0,778.0,778.0,802.0,860.0,954.0,1075.0,1209.0,1340.0,1450.0,1526.0,1564.0,1573.0,1573.0,1573.0,1573.0,1573.0,1573.0,1573.0,1573.0,1573.0,1573.0,1573.0,1573.0,1573.0,1573.0,1573.0,1595.0,1632.0,1692.0,1771.0,1857.0,1936.0,1991.0,2013.0,2013.0,2013.0,2013.0,2013.0,2013.0,2013.0,2013.0,2013.0,2013.0,2013.0,2013.0,2013.0,2013.0,2013.0,2013.0,2013.0,2034.0,2065.0,2116.0,2184.0,2257.0,2321.0,2361.0,2369.0,2369.0,2369.0,2369.0,2369.0,2369.0,2369.0,2369.0,2369.0,2369.0,2369.0,50,February 19,Agen
0.0072085834802671014,1.5065733044463827,0.7553170657529169,1.3620309900062244,1.3620309900062244,0.4944356099994842,1.1896603883409829,2.8600591235033037,2.8600591235033037,0.6891171148747346,0.5220041408632662,3.1640083721894894,3.1640083721894894,0.4858444120497605,0.7688505576870359,1.1742800669316793,1.1742800669316793,0.5354876429121813,0.9198522704852529,15.29,-0.1375069547228743,0.1375069547228743,192.56594724220628,6.159999999999998,5.959999999999999,5.926666666666665,5.634999999999998,5.3199999999999985,4.993333333333332,4.631428571428571,4.422499999999999,4.437777777777778,4.709999999999999,5.069090909090908,5.484999999999999,5.859999999999999,6.1242857142857146,6.366666666666666,6.5725,6.707058823529412,6.832222222222222,6.833684210526316,6.744999999999999,6.5980952380952385,6.419090909090908,6.1817391304347815,5.889166666666667,5.68,5.444615384615384,5.197037037037036,4.902857142857143,4.584137931034483,4.263333333333334,3.9793548387096775,3.756875,3.578181818181818,3.445294117647059,3.3885714285714283,3.3905555555555558,3.446486486486487,3.525789473684211,3.6138461538461533,3.6950000000000003,3.7624390243902437,3.8076190476190472,3.8367441860465106,3.8259090909090903,3.808888888888888,3.7426086956521734,3.649361702127659,3.5016666666666665,3.3232653061224484,3.1079999999999997,2.8698039215686264,2.6157692307692306,2.348679245283019,2.084074074074074,1.8418181818181818,1.6403571428571426,1.4898245614035086,1.3720689655172413,1.3057627118644066,1.2749999999999997,1.2845901639344262,1.345483870967742,1.4441269841269841,1.5553124999999999,1.66,1.7493939393939393,1.8226865671641792,1.8982352941176472,1.9628985507246377,1.9999999999999996,2.0064788732394363,1.9849999999999999,1.9572602739726024,1.9302702702702699,1.9079999999999995,1.9021052631578943,1.8924675324675322,1.8702564102564099,1.834683544303797,1.7849999999999997,1.739012345679012,1.6941463414634141,1.6624096385542166,1.6409523809523807,1.6435294117647057,1.6623255813953486,1.697931034482758,1.7474999999999996,1.794831460674157,1.854444444444444,1.9138461538461535,1.9708695652173909,2.0191397849462365,2.0504255319148936,2.061052631578947,2.0391666666666666,1.9981443298969068,1.9559183673469385,1.914545454545454,1.8809999999999996,1.8530693069306927,1.8217647058823525,1.7988349514563107,1.7821153846153843,1.775238095238095,1.7741509433962261,1.7777570093457942,1.7803703703703702,1.779266055045871,1.7890909090909086,1.8104504504504502,1.8448214285714284,1.8847787610619466,1.9240350877192978,1.9765217391304344,2.0246551724137927,2.069401709401709,2.099830508474576,2.1221848739495797,2.1308333333333334,2.1178512396694216,2.0985245901639344,2.0754471544715445,2.046290322580645,2.0239999999999996,2.006031746031746,1.9954330708661416,1.9881249999999997,81.58333333333333,979.0,1.0,1.0,1.0,1.0,1.0,1.0,1.0,1.0,1.0,1.0,1.0,1.0,1.0,1.0,29.0,104.0,225.0,381.0,556.0,730.0,883.0,1000.0,1074.0,1107.0,1107.0,1107.0,1107.0,1107.0,1107.0,1107.0,1107.0,1107.0,1107.0,1107.0,1107.0,1107.0,1107.0,1107.0,1126.0,1148.0,1186.0,1238.0,1292.0,1333.0,1349.0,1349.0,1349.0,1349.0,1349.0,1349.0,1349.0,1349.0,1349.0,1349.0,1349.0,1349.0,1349.0,1349.0,1349.0,1349.0,1349.0,1349.0,1371.0,1415.0,1486.0,1578.0,1678.0,1770.0,1840.0,1878.0,1885.0,1885.0,1885.0,1885.0,1885.0,1885.0,1885.0,1885.0,1885.0,1885.0,1885.0,1885.0,1885.0,1885.0,1885.0,1885.0,1909.0,1967.0,2061.0,2182.0,2316.0,2447.0,2557.0,2633.0,2671.0,2680.0,2680.0,2680.0,2680.0,2680.0,2680.0,2680.0,2680.0,2680.0,2680.0,2680.0,2680.0,2680.0,2680.0,2680.0,2702.0,2739.0,2799.0,2878.0,2964.0,3043.0,3098.0,3120.0,3120.0,3120.0,3120.0,3120.0,3120.0,3120.0,3120.0,3120.0,3120.0,3120.0,51,February 20,Agen
0.0072085834802671014,1.5065733044463827,0.7553170657529169,1.3620309900062244,1.3620309900062244,0.4944356099994842,1.1896603883409829,2.8600591235033037,2.8600591235033037,0.6891171148747346,0.5220041408632662,3.1640083721894894,3.1640083721894894,0.4858444120497605,0.7688505576870359,1.1742800669316793,1.1742800669316793,0.5354876429121813,0.9198522704852529,13.823333333333334,-0.133263437584851,0.133263437584851,193.5133831685556,3.46,3.26,2.893333333333333,2.6850000000000005,2.6,2.5433333333333334,2.4314285714285715,2.3600000000000003,2.46,2.7499999999999996,3.0236363636363635,3.276666666666667,3.4523076923076923,3.5885714285714285,3.6999999999999997,3.7537499999999993,3.7541176470588233,3.7322222222222217,3.7178947368421045,3.679999999999999,3.6933333333333334,3.7872727272727276,3.925217391304348,3.9933333333333327,4.079999999999999,4.144615384615384,4.2081481481481475,4.227857142857142,4.222068965517241,4.193333333333333,4.137419354838709,4.100624999999999,4.114545454545454,4.2041176470588235,4.33142857142857,4.490555555555556,4.6491891891891886,4.778421052631579,4.906153846153845,5.0249999999999995,5.118536585365853,5.209999999999999,5.248372093023256,5.244090909090908,5.208888888888889,5.153478260869565,5.064255319148935,4.94125,4.853877551020409,4.748,4.630588235294118,4.483076923076923,4.316603773584905,4.1433333333333335,3.985454545454545,3.858214285714286,3.7529824561403506,3.672068965517241,3.6345762711864404,3.6316666666666664,3.6616393442622948,3.7067741935483864,3.7584126984126978,3.806875,3.8476923076923075,3.8751515151515155,3.8928358208955216,3.8849999999999993,3.8730434782608687,3.8285714285714287,3.7656338028169007,3.665555555555555,3.543561643835616,3.395135135135135,3.2293333333333334,3.0507894736842105,2.861298701298701,2.671538461538461,2.4954430379746833,2.34625,2.2316049382716043,2.1392682926829267,2.0828915662650602,2.0516666666666667,2.0494117647058823,2.084418604651163,2.14735632183908,2.2202272727272727,2.2892134831460673,2.3477777777777775,2.395164835164835,2.444782608695652,2.486881720430107,2.5089361702127655,2.5084210526315784,2.487083333333333,2.461030927835051,2.4355102040816323,2.4135353535353534,2.404,2.3916831683168316,2.3698039215686273,2.3376699029126207,2.2946153846153843,2.254285714285714,2.2147169811320753,2.185233644859813,2.1637037037037037,2.16091743119266,2.1709090909090905,2.1942342342342336,2.2287499999999993,2.261769911504425,2.3047368421052625,2.347826086956521,2.389310344827586,2.424102564102564,2.4455932203389827,2.4507563025210084,2.43,2.3938842975206605,2.3567213114754093,2.3201626016260164,2.2898387096774195,2.2639999999999993,2.2353968253968253,2.213543307086614,2.1967187499999996,117.25,1407.0,3.0,3.0,3.0,3.0,3.0,3.0,3.0,3.0,3.0,3.0,3.0,3.0,3.0,3.0,31.0,100.0,210.0,352.0,510.0,666.0,801.0,900.0,958.0,981.0,982.0,982.0,982.0,982.0,982.0,982.0,982.0,982.0,982.0,982.0,982.0,982.0,982.0,982.0,1010.0,1085.0,1206.0,1362.0,1537.0,1711.0,1864.0,1981.0,2055.0,2088.0,2088.0,2088.0,2088.0,2088.0,2088.0,2088.0,2088.0,2088.0,2088.0,2088.0,2088.0,2088.0,2088.0,2088.0,2107.0,2129.0,2167.0,2219.0,2273.0,2314.0,2330.0,2330.0,2330.0,2330.0,2330.0,2330.0,2330.0,2330.0,2330.0,2330.0,2330.0,2330.0,2330.0,2330.0,2330.0,2330.0,2330.0,2330.0,2352.0,2396.0,2467.0,2559.0,2659.0,2751.0,2821.0,2859.0,2866.0,2866.0,2866.0,2866.0,2866.0,2866.0,2866.0,2866.0,2866.0,2866.0,2866.0,2866.0,2866.0,2866.0,2866.0,2866.0,2890.0,2948.0,3042.0,3163.0,3297.0,3428.0,3538.0,3614.0,3652.0,3661.0,3661.0,3661.0,3661.0,3661.0,3661.0,3661.0,3661.0,3661.0,52,February 21,Agen
0.0072085834802671014,1.5065733044463827,0.7553170657529169,1.3620309900062244,1.3620309900062244,0.4944356099994842,1.1896603883409829,2.8600591235033037,2.8600591235033037,0.6891171148747346,0.5220041408632662,3.1640083721894894,3.1640083721894894,0.4858444120497605,0.7688505576870359,1.1742800669316793,1.1742800669316793,0.5354876429121813,0.9198522704852529,15.565,-0.05754550144996324,0.05754550144996324,210.41867437627155,2.86,2.61,2.16,1.5099999999999998,1.06,0.44333333333333336,0.18857142857142836,0.12249999999999994,0.28222222222222215,0.6200000000000001,0.978181818181818,1.485,1.983076923076923,2.4600000000000004,2.866666666666666,3.135,3.3305882352941176,3.515555555555555,3.6442105263157893,3.7399999999999998,3.807619047619048,3.819090909090909,3.829565217391304,3.830833333333333,3.816,3.7869230769230766,3.726666666666666,3.667142857142857,3.6186206896551725,3.5733333333333333,3.5148387096774196,3.463125,3.456969696969697,3.512941176470588,3.5771428571428574,3.6461111111111117,3.6978378378378376,3.741578947368421,3.780512820512821,3.7999999999999994,3.7990243902439023,3.7885714285714287,3.78093023255814,3.762272727272727,3.7666666666666666,3.8100000000000005,3.8770212765957446,3.912083333333333,3.9579591836734695,3.994,4.030588235294117,4.044615384615384,4.044905660377358,4.032222222222223,4.003636363636364,3.9849999999999994,3.9950877192982452,4.049655172413793,4.127796610169491,4.2266666666666675,4.327213114754098,4.411612903225806,4.496507936507937,4.577187499999999,4.643076923076922,4.708484848484848,4.740597014925373,4.745294117647059,4.729565217391304,4.700000000000001,4.647323943661973,4.571111111111112,4.517534246575342,4.450540540540541,4.374666666666667,4.277105263157895,4.165194805194805,4.047179487179487,3.9384810126582286,3.85,3.7760493827160495,3.718536585365854,3.6913253012048193,3.688571428571428,3.7094117647058824,3.741395348837209,3.7783908045977013,3.8134090909090905,3.84314606741573,3.8633333333333333,3.8764835164835163,3.8708695652173915,3.8621505376344087,3.829148936170213,3.7821052631578955,3.706875,3.614639175257732,3.5018367346938777,3.375151515151515,3.238,3.091683168316831,2.944313725490196,2.8066019417475734,2.688846153846154,2.5971428571428565,2.5222641509433963,2.4749532710280366,2.4470370370370373,2.441651376146788,2.4654545454545453,2.5113513513513515,2.5653571428571422,2.6166371681415925,2.66,2.694782608695652,2.731551724137931,2.7625641025641023,2.7777966101694918,2.7751260504201682,2.7558333333333334,2.7327272727272724,2.71,2.690081300813008,2.6801612903225807,2.6679999999999997,2.6480952380952383,2.6198425196850397,2.58265625,61.25,735.0,0.0,0.0,0.0,0.0,0.0,0.0,0.0,0.0,0.0,0.0,0.0,0.0,0.0,0.0,33.0,126.0,274.0,463.0,675.0,889.0,1084.0,1242.0,1350.0,1404.0,1407.0,1407.0,1407.0,1407.0,1407.0,1407.0,1407.0,1407.0,1407.0,1407.0,1407.0,1407.0,1407.0,1407.0,1435.0,1504.0,1614.0,1756.0,1914.0,2070.0,2205.0,2304.0,2362.0,2385.0,2386.0,2386.0,2386.0,2386.0,2386.0,2386.0,2386.0,2386.0,2386.0,2386.0,2386.0,2386.0,2386.0,2386.0,2414.0,2489.0,2610.0,2766.0,2941.0,3115.0,3268.0,3385.0,3459.0,3492.0,3492.0,3492.0,3492.0,3492.0,3492.0,3492.0,3492.0,3492.0,3492.0,3492.0,3492.0,3492.0,3492.0,3492.0,3511.0,3533.0,3571.0,3623.0,3677.0,3718.0,3734.0,3734.0,3734.0,3734.0,3734.0,3734.0,3734.0,3734.0,3734.0,3734.0,3734.0,3734.0,3734.0,3734.0,3734.0,3734.0,3734.0,3734.0,3756.0,3800.0,3871.0,3963.0,4063.0,4155.0,4225.0,4263.0,4270.0,4270.0,4270.0,4270.0,4270.0,4270.0,4270.0,4270.0,4270.0,4270.0,53,February 22,Agen
0.0072085834802671014,1.5065733044463827,0.7553170657529169,1.3620309900062244,1.3620309900062244,0.4944356099994842,1.1896603883409829,2.8600591235033037,2.8600591235033037,0.6891171148747346,0.5220041408632662,3.1640083721894894,3.1640083721894894,0.4858444120497605,0.7688505576870359,1.1742800669316793,1.1742800669316793,0.5354876429121813,0.9198522704852529,11.906666666666668,-0.018255018880466697,0.018255018880466697,219.19092945128781,3.46,2.61,1.4933333333333334,0.585,-0.020000000000000108,-0.19000000000000009,0.017142857142857158,0.3475,0.5044444444444444,0.7000000000000001,0.769090909090909,0.9266666666666664,1.0753846153846152,1.2100000000000002,1.3333333333333333,1.41625,1.612941176470588,1.8155555555555556,2.023157894736842,2.26,2.4219047619047616,2.5509090909090903,2.6252173913043477,2.6808333333333336,2.688,2.675384615384615,2.6229629629629634,2.5135714285714283,2.4013793103448275,2.2333333333333325,2.118064516129032,2.04125,2.0266666666666664,2.0747058823529407,2.145714285714286,2.282222222222222,2.4356756756756757,2.599473684210526,2.7523076923076926,2.8625,2.9502439024390243,3.038571428571428,3.1065116279069764,3.162272727272727,3.206666666666666,3.2252173913043474,3.2429787234042555,3.255833333333333,3.26,3.2560000000000002,3.234509803921568,3.2119230769230773,3.1939622641509433,3.176666666666667,3.1509090909090913,3.1278571428571427,3.130175438596491,3.1686206896551723,3.2125423728813556,3.26,3.2977049180327866,3.330967741935484,3.361587301587301,3.3803124999999996,3.386153846153846,3.3857575757575757,3.386865671641791,3.380588235294118,3.388985507246377,3.422857142857143,3.4726760563380283,3.501666666666667,3.5380821917808216,3.5681081081081074,3.5986666666666656,3.6139473684210524,3.6197402597402593,3.6164102564102554,3.601772151898733,3.59375,3.6056790123456786,3.6490243902439015,3.709397590361445,3.7849999999999993,3.86235294117647,3.9286046511627903,3.9956321839080453,4.06,4.113932584269662,4.1677777777777765,4.1973626373626365,4.206739130434782,4.200860215053763,4.184468085106382,4.150526315789473,4.098541666666666,4.063092783505154,4.017142857142856,3.9640404040404036,3.8939999999999992,3.812475247524752,3.7256862745098034,3.6454368932038825,3.580192307692307,3.525714285714285,3.483584905660377,3.464672897196261,3.4646296296296293,3.482935779816513,3.5099999999999993,3.54108108108108,3.5707142857142853,3.5962831858407074,3.61438596491228,3.6269565217391295,3.6246551724137923,3.6198290598290592,3.595593220338982,3.5599999999999996,3.501666666666666,3.4294214876033053,3.3403278688524582,3.2396747967479667,3.13016129032258,3.0127999999999995,2.8941269841269834,2.7828346456692907,2.68734375,100.0,1200.0,3.0,3.0,3.0,3.0,3.0,3.0,3.0,3.0,3.0,3.0,3.0,3.0,3.0,3.0,29.0,84.0,173.0,288.0,415.0,537.0,637.0,702.0,732.0,738.0,738.0,738.0,738.0,738.0,738.0,738.0,738.0,738.0,738.0,738.0,738.0,738.0,738.0,738.0,771.0,864.0,1012.0,1201.0,1413.0,1627.0,1822.0,1980.0,2088.0,2142.0,2145.0,2145.0,2145.0,2145.0,2145.0,2145.0,2145.0,2145.0,2145.0,2145.0,2145.0,2145.0,2145.0,2145.0,2173.0,2242.0,2352.0,2494.0,2652.0,2808.0,2943.0,3042.0,3100.0,3123.0,3124.0,3124.0,3124.0,3124.0,3124.0,3124.0,3124.0,3124.0,3124.0,3124.0,3124.0,3124.0,3124.0,3124.0,3152.0,3227.0,3348.0,3504.0,3679.0,3853.0,4006.0,4123.0,4197.0,4230.0,4230.0,4230.0,4230.0,4230.0,4230.0,4230.0,4230.0,4230.0,4230.0,4230.0,4230.0,4230.0,4230.0,4230.0,4249.0,4271.0,4309.0,4361.0,4415.0,4456.0,4472.0,4472.0,4472.0,4472.0,4472.0,4472.0,4472.0,4472.0,4472.0,4472.0,4472.0,4472.0,54,February 23,Agen
0.0072085834802671014,1.5065733044463827,0.7553170657529169,1.3620309900062244,1.3620309900062244,0.4944356099994842,1.1896603883409829,2.8600591235033037,2.8600591235033037,0.6891171148747346,0.5220041408632662,3.1640083721894894,3.1640083721894894,0.4858444120497605,0.7688505576870359,1.1742800669316793,1.1742800669316793,0.5354876429121813,0.9198522704852529,14.773333333333332,-0.06674247013764555,0.06674247013764555,208.36529783393502,2.76,3.01,2.6599999999999997,2.485,2.48,2.4433333333333334,2.4885714285714284,2.5599999999999996,2.704444444444444,2.8699999999999997,2.9599999999999995,3.068333333333333,3.2676923076923075,3.495714285714285,3.766666666666666,4.02875,4.271764705882353,4.571111111111112,4.891578947368421,5.124999999999999,5.345714285714285,5.514545454545455,5.568695652173912,5.5808333333333335,5.495999999999999,5.352307692307691,5.126666666666666,4.8671428571428565,4.615172413793102,4.426666666666666,4.324516129032257,4.2725,4.196363636363636,4.145294117647058,4.068571428571428,4.029444444444445,3.9978378378378374,3.970526315789473,3.9471794871794863,3.915,3.9356097560975614,3.9671428571428566,4.008837209302325,4.071363636363636,4.106666666666667,4.131739130434782,4.134468085106382,4.1308333333333325,4.104897959183673,4.069999999999999,4.014901960784313,3.9292307692307693,3.8411320754716978,3.7211111111111106,3.6290909090909085,3.5582142857142856,3.523157894736842,3.5255172413793097,3.5430508474576263,3.6016666666666666,3.6731147540983606,3.753548387096774,3.8298412698412694,3.8818749999999995,3.921538461538461,3.963030303030303,3.9928358208955212,4.015882352941175,4.032463768115941,4.032857142857141,4.033239436619717,4.030833333333334,4.0230136986301375,4.01,3.985333333333333,3.959999999999999,3.9379220779220776,3.916410256410256,3.8891139240506316,3.8637500000000005,3.8562962962962963,3.8746341463414637,3.897349397590361,3.9230952380952377,3.9423529411764697,3.958837209302324,3.973793103448275,3.980454545454545,3.977977528089887,3.971111111111111,3.965494505494505,3.9545652173913037,3.9546236559139776,3.9738297872340413,4.005263157894736,4.0214583333333325,4.043505154639176,4.061020408163266,4.079191919191919,4.085999999999999,4.0857425742574245,4.078627450980392,4.062912621359222,4.052307692307692,4.057142857142857,4.086415094339622,4.129158878504672,4.184074074074073,4.240733944954128,4.289090909090908,4.338378378378377,4.385892857142857,4.425486725663716,4.465263157894736,4.4860869565217385,4.491034482758621,4.483931623931625,4.468474576271187,4.438991596638656,4.395,4.364132231404958,4.324754098360655,4.279512195121951,4.220483870967742,4.151999999999999,4.079047619047619,4.011181102362204,3.9553124999999993,72.0,864.0,0.0,0.0,0.0,0.0,0.0,0.0,0.0,0.0,0.0,0.0,0.0,0.0,0.0,0.0,32.0,114.0,244.0,410.0,595.0,780.0,945.0,1073.0,1157.0,1197.0,1200.0,1200.0,1200.0,1200.0,1200.0,1200.0,1200.0,1200.0,1200.0,1200.0,1200.0,1200.0,1200.0,1200.0,1226.0,1281.0,1370.0,1485.0,1612.0,1734.0,1834.0,1899.0,1929.0,1935.0,1935.0,1935.0,1935.0,1935.0,1935.0,1935.0,1935.0,1935.0,1935.0,1935.0,1935.0,1935.0,1935.0,1935.0,1968.0,2061.0,2209.0,2398.0,2610.0,2824.0,3019.0,3177.0,3285.0,3339.0,3342.0,3342.0,3342.0,3342.0,3342.0,3342.0,3342.0,3342.0,3342.0,3342.0,3342.0,3342.0,3342.0,3342.0,3370.0,3439.0,3549.0,3691.0,3849.0,4005.0,4140.0,4239.0,4297.0,4320.0,4321.0,4321.0,4321.0,4321.0,4321.0,4321.0,4321.0,4321.0,4321.0,4321.0,4321.0,4321.0,4321.0,4321.0,4349.0,4424.0,4545.0,4701.0,4876.0,5050.0,5203.0,5320.0,5394.0,5427.0,5427.0,5427.0,5427.0,5427.0,5427.0,5427.0,5427.0,5427.0,55,February 24,Agen
0.0072085834802671014,1.5065733044463827,0.7553170657529169,1.3620309900062244,1.3620309900062244,0.4944356099994842,1.1896603883409829,2.8600591235033037,2.8600591235033037,0.6891171148747346,0.5220041408632662,3.1640083721894894,3.1640083721894894,0.4858444120497605,0.7688505576870359,1.1742800669316793,1.1742800669316793,0.5354876429121813,0.9198522704852529,9.398333333333332,0.10555932427044919,0.10555932427044919,246.83454513211564,4.8599999999999985,3.959999999999999,3.2266666666666666,2.7849999999999993,2.54,2.4766666666666666,2.4314285714285715,2.3599999999999994,2.371111111111111,2.5300000000000002,2.7327272727272724,3.0100000000000002,3.313846153846154,3.617142857142857,3.82,3.9912499999999995,4.089411764705882,4.165555555555556,4.196842105263158,4.2299999999999995,4.226666666666667,4.182727272727273,4.151304347826086,4.118333333333332,4.063999999999999,4.033076923076923,3.956296296296296,3.8849999999999993,3.835862068965517,3.7833333333333328,3.7503225806451606,3.72875,3.7327272727272724,3.751176470588235,3.7542857142857136,3.7683333333333326,3.819459459459459,3.888947368421052,3.9830769230769225,4.0825,4.181951219512195,4.312380952380952,4.459999999999999,4.57590909090909,4.691111111111111,4.786086956521739,4.828085106382979,4.8495833333333325,4.821224489795918,4.76,4.652156862745097,4.52153846153846,4.390188679245282,4.289629629629629,4.234545454545454,4.206428571428571,4.163508771929824,4.134137931034482,4.088813559322033,4.0649999999999995,4.045245901639344,4.027741935483871,4.012380952380952,3.99125,4.0030769230769225,4.0221212121212115,4.048059701492537,4.087941176470588,4.110724637681159,4.127142857142857,4.129014084507043,4.126666666666667,4.109315068493151,4.085675675675676,4.047999999999999,3.9889473684210524,3.9275324675324677,3.843333333333333,3.7777215189873417,3.7262499999999994,3.6995061728395067,3.699024390243902,3.7093975903614465,3.7492857142857137,3.798823529411765,3.8553488372093025,3.9094252873563224,3.946363636363636,3.9746067415730337,4.004444444444445,4.025934065934066,4.042608695652174,4.0546236559139786,4.0546808510638295,4.054736842105263,4.0527083333333325,4.0465979381443296,4.036530612244897,4.017575757575758,3.9979999999999993,3.9807920792079208,3.9639215686274514,3.9425242718446607,3.9225,3.9161904761904767,3.929811320754717,3.946915887850467,3.966481481481481,3.9811009174311924,3.993636363636363,4.005045045045046,4.01,4.007787610619469,4.002105263157894,3.997391304347826,3.9884482758620687,3.9882051282051276,4.003220338983051,4.028067226890757,4.0408333333333335,4.058347107438017,4.072295081967213,4.086829268292683,4.092258064516129,4.092,4.086190476190477,4.073385826771653,4.0646875,71.75,861.0,1.0,1.0,1.0,1.0,1.0,1.0,1.0,1.0,1.0,1.0,1.0,1.0,1.0,1.0,29.0,92.0,193.0,323.0,466.0,605.0,722.0,805.0,850.0,865.0,865.0,865.0,865.0,865.0,865.0,865.0,865.0,865.0,865.0,865.0,865.0,865.0,865.0,865.0,897.0,979.0,1109.0,1275.0,1460.0,1645.0,1810.0,1938.0,2022.0,2062.0,2065.0,2065.0,2065.0,2065.0,2065.0,2065.0,2065.0,2065.0,2065.0,2065.0,2065.0,2065.0,2065.0,2065.0,2091.0,2146.0,2235.0,2350.0,2477.0,2599.0,2699.0,2764.0,2794.0,2800.0,2800.0,2800.0,2800.0,2800.0,2800.0,2800.0,2800.0,2800.0,2800.0,2800.0,2800.0,2800.0,2800.0,2800.0,2833.0,2926.0,3074.0,3263.0,3475.0,3689.0,3884.0,4042.0,4150.0,4204.0,4207.0,4207.0,4207.0,4207.0,4207.0,4207.0,4207.0,4207.0,4207.0,4207.0,4207.0,4207.0,4207.0,4207.0,4235.0,4304.0,4414.0,4556.0,4714.0,4870.0,5005.0,5104.0,5162.0,5185.0,5186.0,5186.0,5186.0,5186.0,5186.0,5186.0,5186.0,5186.0,56,February 25,Agen
0.0072085834802671014,1.5065733044463827,0.7553170657529169,1.3620309900062244,1.3620309900062244,0.4944356099994842,1.1896603883409829,2.8600591235033037,2.8600591235033037,0.6891171148747346,0.5220041408632662,3.1640083721894894,3.1640083721894894,0.4858444120497605,0.7688505576870359,1.1742800669316793,1.1742800669316793,0.5354876429121813,0.9198522704852529,7.5983333333333345,0.007984560741745349,0.007984560741745349,225.0493529282737,5.46,5.51,5.260000000000001,5.034999999999999,5.04,5.226666666666666,5.574285714285714,5.809999999999999,6.126666666666666,6.419999999999999,6.732727272727272,7.059999999999999,7.306153846153847,7.538571428571429,7.746666666666667,8.0975,8.348235294117647,8.51,8.628421052631579,8.715,8.821904761904761,8.905454545454544,8.916521739130435,8.830833333333333,8.671999999999999,8.456153846153846,8.208148148148148,7.967142857142856,7.7462068965517235,7.56,7.385806451612902,7.213125,7.069090909090909,6.97764705882353,6.914285714285715,6.890555555555555,6.8924324324324315,6.909999999999999,6.903589743589742,6.8950000000000005,6.864878048780487,6.83142857142857,6.783255813953487,6.739545454545455,6.682222222222222,6.607826086956521,6.540851063829788,6.4745833333333325,6.398775510204081,6.335999999999999,6.2501960784313715,6.167692307692306,6.097735849056603,6.0266666666666655,5.967272727272727,5.915357142857142,5.879298245614034,5.853103448275862,5.819322033898303,5.793333333333333,5.791147540983605,5.8019354838709685,5.82984126984127,5.863125,5.898461538461538,5.955454545454545,6.025671641791044,6.077647058823529,6.131014492753622,6.1728571428571435,6.18112676056338,6.176666666666666,6.1394520547945195,6.08027027027027,5.989333333333333,5.882368421052631,5.774285714285714,5.686923076923077,5.630886075949367,5.59375,5.546419753086419,5.508780487804878,5.459999999999999,5.426666666666667,5.396470588235294,5.3681395348837215,5.3416091954023,5.311136363636364,5.304943820224718,5.304444444444444,5.309450549450548,5.3252173913043475,5.3288172043010755,5.328085106382979,5.3168421052631585,5.3027083333333325,5.277525773195876,5.247755102040816,5.207474747474747,5.150999999999999,5.092673267326733,5.016862745098038,4.955145631067961,4.904230769230769,4.8723809523809525,4.860943396226415,4.858130841121494,4.8785185185185185,4.906788990825687,4.94090909090909,4.973513513513512,4.993035714285713,5.006017699115044,5.020526315789473,5.028695652173913,5.033275862068964,5.034358974358973,5.026101694915254,5.017983193277309,5.008333333333334,4.995537190082645,4.979672131147541,4.956747967479674,4.933387096774193,4.911999999999999,4.89095238095238,4.866299212598424,4.8428125,95.83333333333333,1150.0,5.0,5.0,5.0,5.0,5.0,5.0,5.0,5.0,5.0,5.0,5.0,5.0,5.0,5.0,33.0,96.0,196.0,326.0,469.0,607.0,723.0,805.0,849.0,865.0,866.0,866.0,866.0,866.0,866.0,866.0,866.0,866.0,866.0,866.0,866.0,866.0,866.0,866.0,894.0,957.0,1058.0,1188.0,1331.0,1470.0,1587.0,1670.0,1715.0,1730.0,1730.0,1730.0,1730.0,1730.0,1730.0,1730.0,1730.0,1730.0,1730.0,1730.0,1730.0,1730.0,1730.0,1730.0,1762.0,1844.0,1974.0,2140.0,2325.0,2510.0,2675.0,2803.0,2887.0,2927.0,2930.0,2930.0,2930.0,2930.0,2930.0,2930.0,2930.0,2930.0,2930.0,2930.0,2930.0,2930.0,2930.0,2930.0,2956.0,3011.0,3100.0,3215.0,3342.0,3464.0,3564.0,3629.0,3659.0,3665.0,3665.0,3665.0,3665.0,3665.0,3665.0,3665.0,3665.0,3665.0,3665.0,3665.0,3665.0,3665.0,3665.0,3665.0,3698.0,3791.0,3939.0,4128.0,4340.0,4554.0,4749.0,4907.0,5015.0,5069.0,5072.0,5072.0,5072.0,5072.0,5072.0,5072.0,5072.0,5072.0,57,February 26,Agen
0.0072085834802671014,1.5065733044463827,0.7553170657529169,1.3620309900062244,1.3620309900062244,0.4944356099994842,1.1896603883409829,2.8600591235033037,2.8600591235033037,0.6891171148747346,0.5220041408632662,3.1640083721894894,3.1640083721894894,0.4858444120497605,0.7688505576870359,1.1742800669316793,1.1742800669316793,0.5354876429121813,0.9198522704852529,10.848333333333334,-0.10159537009669568,0.10159537009669568,200.5838070364111,5.76,5.709999999999999,5.093333333333333,4.334999999999999,3.8199999999999994,3.5099999999999993,3.431428571428571,3.5974999999999993,3.826666666666666,4.239999999999999,4.96,5.7683333333333335,6.536923076923078,7.181428571428571,7.7,8.147499999999999,8.501176470588234,8.79888888888889,9.038947368421052,9.135000000000002,9.193333333333332,9.21,9.194782608695652,9.085,8.94,8.81,8.66,8.506428571428572,8.38758620689655,8.313333333333334,8.292258064516131,8.26625,8.278181818181817,8.301176470588237,8.345714285714287,8.410000000000002,8.459999999999999,8.515263157894736,8.57025641025641,8.690000000000001,8.779512195121951,8.838571428571427,8.88325581395349,8.916818181818183,8.962222222222222,8.999130434782609,9.002553191489362,8.957916666666668,8.874285714285714,8.758000000000001,8.62078431372549,8.483076923076924,8.35245283018868,8.237777777777778,8.127272727272727,8.015357142857143,7.917894736842105,7.849655172413794,7.797288135593221,7.7683333333333335,7.7550819672131155,7.751935483870968,7.7346031746031745,7.71625,7.684615384615385,7.65090909090909,7.607761194029851,7.5673529411764715,7.517971014492754,7.457142857142857,7.400845070422534,7.344722222222223,7.281917808219177,7.227567567567567,7.157333333333333,7.088947368421053,7.028831168831168,6.967692307692307,6.914430379746835,6.866249999999999,6.829135802469136,6.7990243902439005,6.763614457831325,6.733809523809522,6.721176470588235,6.718139534883721,6.727816091954022,6.741818181818181,6.757752808988765,6.789999999999999,6.832527472527472,6.862173913043478,6.893333333333333,6.916382978723403,6.914736842105264,6.90375,6.868247422680413,6.816122448979591,6.739797979797979,6.650999999999999,6.560990099009899,6.486470588235293,6.435728155339804,6.399423076923076,6.355238095238095,6.318490566037735,6.273084112149532,6.239629629629628,6.208623853211008,6.179090909090909,6.150990990990991,6.119821428571429,6.10778761061947,6.100350877192982,6.097391304347826,6.103103448275861,6.099316239316239,6.092203389830508,6.076806722689074,6.059166666666666,6.032727272727272,6.002622950819671,5.964065040650406,5.9124193548387085,5.859199999999999,5.7917460317460305,5.735590551181102,5.688124999999999,84.5,1014.0,4.0,4.0,4.0,4.0,4.0,4.0,4.0,4.0,4.0,4.0,4.0,4.0,4.0,4.0,38.0,118.0,243.0,403.0,582.0,759.0,915.0,1035.0,1112.0,1149.0,1154.0,1154.0,1154.0,1154.0,1154.0,1154.0,1154.0,1154.0,1154.0,1154.0,1154.0,1154.0,1154.0,1154.0,1182.0,1245.0,1345.0,1475.0,1618.0,1756.0,1872.0,1954.0,1998.0,2014.0,2015.0,2015.0,2015.0,2015.0,2015.0,2015.0,2015.0,2015.0,2015.0,2015.0,2015.0,2015.0,2015.0,2015.0,2043.0,2106.0,2207.0,2337.0,2480.0,2619.0,2736.0,2819.0,2864.0,2879.0,2879.0,2879.0,2879.0,2879.0,2879.0,2879.0,2879.0,2879.0,2879.0,2879.0,2879.0,2879.0,2879.0,2879.0,2911.0,2993.0,3123.0,3289.0,3474.0,3659.0,3824.0,3952.0,4036.0,4076.0,4079.0,4079.0,4079.0,4079.0,4079.0,4079.0,4079.0,4079.0,4079.0,4079.0,4079.0,4079.0,4079.0,4079.0,4105.0,4160.0,4249.0,4364.0,4491.0,4613.0,4713.0,4778.0,4808.0,4814.0,4814.0,4814.0,4814.0,4814.0,4814.0,4814.0,4814.0,4814.0,58,February 27,Agen
0.0072085834802671014,1.5065733044463827,0.7553170657529169,1.3620309900062244,1.3620309900062244,0.4944356099994842,1.1896603883409829,2.8600591235033037,2.8600591235033037,0.6891171148747346,0.5220041408632662,3.1640083721894894,3.1640083721894894,0.4858444120497605,0.7688505576870359,1.1742800669316793,1.1742800669316793,0.5354876429121813,0.9198522704852529,8.106666666666664,-0.1484103660165641,0.1484103660165641,190.13157894736847,10.36,9.41,8.459999999999999,7.76,7.4,7.06,6.83142857142857,6.734999999999999,6.759999999999999,6.959999999999999,7.241818181818183,7.443333333333332,7.667692307692307,7.817142857142856,7.859999999999999,7.834999999999999,7.84235294117647,7.904444444444443,8.02842105263158,8.14,8.255238095238095,8.323636363636364,8.342608695652174,8.2975,8.196000000000002,8.098461538461539,7.941481481481482,7.731428571428572,7.525517241379311,7.34,7.1987096774193535,7.1225,7.078181818181818,7.104117647058822,7.248571428571428,7.454444444444444,7.678918918918919,7.886315789473683,8.067692307692308,8.2375,8.381951219512194,8.512380952380951,8.625116279069767,8.67818181818182,8.715555555555557,8.73391304347826,8.736595744680852,8.69125,8.62530612244898,8.564,8.489411764705881,8.41,8.346792452830188,8.306296296296297,8.294545454545455,8.279642857142857,8.286315789473685,8.299655172413793,8.326101694915254,8.365,8.39606557377049,8.430967741935484,8.466349206349205,8.5428125,8.601538461538462,8.641818181818183,8.673432835820895,8.698235294117648,8.731014492753625,8.758571428571429,8.764225352112677,8.737777777777776,8.684657534246575,8.608648648648648,8.517333333333335,8.424473684210525,8.335324675324674,8.256153846153847,8.178987341772153,8.1,8.030370370370369,7.980731707317074,7.941927710843373,7.91952380952381,7.908235294117648,7.904186046511629,7.889885057471266,7.8747727272727275,7.849887640449438,7.823333333333333,7.78967032967033,7.757826086956522,7.719139784946236,7.671702127659575,7.627368421052632,7.582916666666667,7.533195876288659,7.489591836734694,7.433737373737373,7.379,7.330297029702971,7.280588235294117,7.236699029126213,7.196538461538462,7.164761904761906,7.138301886792454,7.1076635514018704,7.081296296296296,7.068256880733945,7.0627272727272725,7.0672072072072085,7.075178571428572,7.084778761061948,7.107368421052633,7.138260869565217,7.159137931034483,7.181367521367521,7.1972881355932214,7.193613445378152,7.182499999999999,7.151735537190083,7.107540983606557,7.043739837398374,6.969677419354838,6.894399999999999,6.831428571428571,6.787559055118111,6.7553125000000005,108.5,1302.0,8.0,8.0,8.0,8.0,8.0,8.0,8.0,8.0,8.0,8.0,8.0,8.0,8.0,8.0,41.0,113.0,226.0,371.0,532.0,691.0,829.0,931.0,992.0,1018.0,1022.0,1022.0,1022.0,1022.0,1022.0,1022.0,1022.0,1022.0,1022.0,1022.0,1022.0,1022.0,1022.0,1022.0,1056.0,1136.0,1261.0,1421.0,1600.0,1777.0,1933.0,2053.0,2130.0,2167.0,2172.0,2172.0,2172.0,2172.0,2172.0,2172.0,2172.0,2172.0,2172.0,2172.0,2172.0,2172.0,2172.0,2172.0,2200.0,2263.0,2363.0,2493.0,2636.0,2774.0,2890.0,2972.0,3016.0,3032.0,3033.0,3033.0,3033.0,3033.0,3033.0,3033.0,3033.0,3033.0,3033.0,3033.0,3033.0,3033.0,3033.0,3033.0,3061.0,3124.0,3225.0,3355.0,3498.0,3637.0,3754.0,3837.0,3882.0,3897.0,3897.0,3897.0,3897.0,3897.0,3897.0,3897.0,3897.0,3897.0,3897.0,3897.0,3897.0,3897.0,3897.0,3897.0,3929.0,4011.0,4141.0,4307.0,4492.0,4677.0,4842.0,4970.0,5054.0,5094.0,5097.0,5097.0,5097.0,5097.0,5097.0,5097.0,5097.0,5097.0,59,February 28,Agen
0.0072085834802671014,1.5065733044463827,0.7553170657529169,1.3620309900062244,1.3620309900062244,0.4944356099994842,1.1896603883409829,2.8600591235033037,2.8600591235033037,0.6891171148747346,0.5220041408632662,3.1640083721894894,3.1640083721894894,0.4858444120497605,0.7688505576870359,1.1742800669316793,1.1742800669316793,0.5354876429121813,0.9198522704852529,12.723333333333333,-0.12169418874074142,0.12169418874074142,196.09641079381714,2.26,2.06,1.9933333333333334,1.86,1.7,1.626666666666667,1.7457142857142856,1.8725,2.171111111111111,2.6100000000000003,3.105454545454545,3.6099999999999994,4.2215384615384615,4.745714285714286,5.14,5.4725,5.795294117647059,6.165555555555557,6.602105263157895,6.950000000000001,7.212380952380954,7.441818181818183,7.638260869565219,7.751666666666666,7.856,7.8792307692307695,7.830370370370371,7.752857142857144,7.691034482758623,7.613333333333333,7.5438709677419356,7.4975000000000005,7.481212121212121,7.518823529411766,7.5914285714285725,7.648888888888889,7.722162162162163,7.775789473684211,7.793333333333333,7.784999999999999,7.7892682926829275,7.8171428571428585,7.873953488372094,7.928181818181818,7.986666666666667,8.025217391304349,8.040851063829786,8.024583333333334,7.978367346938775,7.932,7.852156862745098,7.7407692307692315,7.627924528301886,7.522962962962963,7.4399999999999995,7.392142857142858,7.361754385964912,7.372068965517241,7.453220338983051,7.573333333333334,7.707540983606558,7.834193548387097,7.947301587301587,8.0553125,8.149230769230769,8.235757575757576,8.31223880597015,8.351176470588237,8.380289855072464,8.397142857142857,8.403661971830987,8.378055555555555,8.338082191780822,8.30054054054054,8.253333333333334,8.202105263157897,8.161298701298703,8.135641025641025,8.129620253164557,8.12125,8.1279012345679,8.139268292682926,8.160000000000002,8.189761904761907,8.214117647058824,8.241395348837209,8.269195402298852,8.327045454545454,8.372359550561798,8.404444444444444,8.43032967032967,8.451304347826087,8.478279569892473,8.501489361702127,8.50842105263158,8.49125,8.45381443298969,8.398775510204082,8.331717171717171,8.263000000000002,8.196633663366336,8.137450980392158,8.079417475728157,8.019615384615385,7.966666666666667,7.928867924528302,7.8992523364485985,7.882222222222223,7.873761467889908,7.87090909090909,7.86,7.848392857142857,7.829026548672567,7.808245614035088,7.781739130434784,7.756551724137932,7.725811965811967,7.687966101694916,7.652436974789917,7.616666666666666,7.576528925619835,7.541147540983608,7.4957723577235775,7.4511290322580646,7.411200000000001,7.370317460317461,7.334015748031496,7.300625,102.33333333333333,1228.0,8.0,8.0,8.0,8.0,8.0,8.0,8.0,8.0,8.0,8.0,8.0,8.0,8.0,8.0,46.0,136.0,275.0,451.0,647.0,843.0,1020.0,1160.0,1254.0,1302.0,1310.0,1310.0,1310.0,1310.0,1310.0,1310.0,1310.0,1310.0,1310.0,1310.0,1310.0,1310.0,1310.0,1310.0,1343.0,1415.0,1528.0,1673.0,1834.0,1993.0,2131.0,2233.0,2294.0,2320.0,2324.0,2324.0,2324.0,2324.0,2324.0,2324.0,2324.0,2324.0,2324.0,2324.0,2324.0,2324.0,2324.0,2324.0,2358.0,2438.0,2563.0,2723.0,2902.0,3079.0,3235.0,3355.0,3432.0,3469.0,3474.0,3474.0,3474.0,3474.0,3474.0,3474.0,3474.0,3474.0,3474.0,3474.0,3474.0,3474.0,3474.0,3474.0,3502.0,3565.0,3665.0,3795.0,3938.0,4076.0,4192.0,4274.0,4318.0,4334.0,4335.0,4335.0,4335.0,4335.0,4335.0,4335.0,4335.0,4335.0,4335.0,4335.0,4335.0,4335.0,4335.0,4335.0,4363.0,4426.0,4527.0,4657.0,4800.0,4939.0,5056.0,5139.0,5184.0,5199.0,5199.0,5199.0,5199.0,5199.0,5199.0,5199.0,5199.0,5199.0,60,March 1,Agen
0.0072085834802671014,1.5065733044463827,0.7553170657529169,1.3620309900062244,1.3620309900062244,0.4944356099994842,1.1896603883409829,2.8600591235033037,2.8600591235033037,0.6891171148747346,0.5220041408632662,3.1640083721894894,3.1640083721894894,0.4858444120497605,0.7688505576870359,1.1742800669316793,1.1742800669316793,0.5354876429121813,0.9198522704852529,4.106666666666672,0.027486155976002753,0.027486155976002753,229.4034090909089,11.56,10.260000000000002,9.426666666666668,8.66,8.059999999999999,7.6933333333333325,7.602857142857142,7.422499999999999,6.882222222222222,6.679999999999998,6.659999999999999,6.685,6.813846153846155,6.924285714285714,7.066666666666666,7.1725,7.248235294117647,7.3322222222222235,7.365263157894737,7.365,7.307619047619048,7.25090909090909,7.14695652173913,6.980833333333333,6.792000000000001,6.602307692307692,6.426666666666667,6.249285714285714,6.070344827586206,5.909999999999998,5.798709677419354,5.703749999999999,5.669090909090909,5.695294117647059,5.762857142857142,5.857222222222222,6.011351351351351,6.157368421052631,6.272820512820512,6.3775,6.489268292682927,6.631428571428571,6.8134883720930235,6.966818181818183,7.088888888888889,7.201304347826088,7.302553191489363,7.366250000000001,7.42734693877551,7.4479999999999995,7.430588235294117,7.396538461538461,7.369433962264151,7.332222222222222,7.298181818181818,7.276071428571429,7.270526315789474,7.296206896551723,7.3430508474576275,7.381666666666666,7.43049180327869,7.468064516129033,7.483809523809525,7.483437500000001,7.4907692307692315,7.513030303030304,7.554029850746269,7.593823529411765,7.636811594202899,7.667142857142858,7.682535211267606,7.676666666666666,7.650410958904108,7.623513513513512,7.573333333333333,7.50078947368421,7.426233766233765,7.356153846153845,7.300506329113923,7.26875,7.248888888888889,7.257560975609757,7.316626506024096,7.404047619047619,7.50235294117647,7.596046511627907,7.680689655172412,7.762272727272727,7.834157303370786,7.90111111111111,7.961098901098901,7.993695652173913,8.019139784946237,8.035531914893616,8.044210526315789,8.02875,8.002268041237114,7.97734693877551,7.944848484848484,7.909,7.880792079207922,7.863921568627451,7.861941747572814,7.858076923076923,7.865714285714285,7.876981132075472,7.895514018691589,7.921111111111111,7.94256880733945,7.966363636363637,7.99063063063063,8.038571428571428,8.076814159292034,8.104736842105263,8.12782608695652,8.14706896551724,8.171111111111111,8.192203389830508,8.20033613445378,8.189166666666667,8.161652892561984,8.11983606557377,8.068130081300813,8.01483870967742,7.9632,7.917142857142857,7.871811023622047,7.824843749999999,93.25,1119.0,13.0,13.0,13.0,13.0,13.0,13.0,13.0,13.0,13.0,13.0,13.0,13.0,13.0,13.0,50.0,136.0,269.0,437.0,623.0,808.0,974.0,1104.0,1190.0,1233.0,1241.0,1241.0,1241.0,1241.0,1241.0,1241.0,1241.0,1241.0,1241.0,1241.0,1241.0,1241.0,1241.0,1241.0,1279.0,1369.0,1508.0,1684.0,1880.0,2076.0,2253.0,2393.0,2487.0,2535.0,2543.0,2543.0,2543.0,2543.0,2543.0,2543.0,2543.0,2543.0,2543.0,2543.0,2543.0,2543.0,2543.0,2543.0,2576.0,2648.0,2761.0,2906.0,3067.0,3226.0,3364.0,3466.0,3527.0,3553.0,3557.0,3557.0,3557.0,3557.0,3557.0,3557.0,3557.0,3557.0,3557.0,3557.0,3557.0,3557.0,3557.0,3557.0,3591.0,3671.0,3796.0,3956.0,4135.0,4312.0,4468.0,4588.0,4665.0,4702.0,4707.0,4707.0,4707.0,4707.0,4707.0,4707.0,4707.0,4707.0,4707.0,4707.0,4707.0,4707.0,4707.0,4707.0,4735.0,4798.0,4898.0,5028.0,5171.0,5309.0,5425.0,5507.0,5551.0,5567.0,5568.0,5568.0,5568.0,5568.0,5568.0,5568.0,5568.0,5568.0,61,November 2,Agen
0.0072085834802671014,1.5065733044463827,0.7553170657529169,1.3620309900062244,1.3620309900062244,0.4944356099994842,1.1896603883409829,2.8600591235033037,2.8600591235033037,0.6891171148747346,0.5220041408632662,3.1640083721894894,3.1640083721894894,0.4858444120497605,0.7688505576870359,1.1742800669316793,1.1742800669316793,0.5354876429121813,0.9198522704852529,3.5316666666666663,0.032863803455519425,0.032863803455519425,230.60405851816898,9.16,9.11,9.06,8.96,8.820000000000002,8.776666666666666,8.874285714285715,9.035,9.115555555555556,9.18,9.414545454545454,9.676666666666668,10.021538461538462,10.36,10.72,11.06625,11.34235294117647,11.58222222222222,11.844210526315791,12.09,12.350476190476192,12.596363636363636,12.751304347826089,12.785000000000002,12.736,12.590769230769231,12.411851851851853,12.195714285714287,11.970344827586208,11.76666666666667,11.61483870967742,11.444374999999999,11.175151515151516,10.989411764705881,10.86,10.751666666666667,10.687027027027028,10.625789473684211,10.585641025641026,10.54,10.489268292682928,10.448095238095238,10.390232558139534,10.321363636363635,10.22888888888889,10.138260869565217,10.02595744680851,9.882916666666667,9.72734693877551,9.57,9.418823529411764,9.265769230769232,9.110943396226414,8.965555555555556,8.847272727272726,8.738571428571428,8.665263157894737,8.62896551724138,8.619322033898305,8.628333333333332,8.676393442622949,8.722903225806451,8.753650793650792,8.7803125,8.813846153846153,8.869090909090907,8.952537313432837,9.020294117647056,9.07014492753623,9.115714285714283,9.155774647887323,9.172500000000001,9.18876712328767,9.178918918918917,9.143999999999998,9.098157894736842,9.057402597402595,9.009999999999998,8.96506329113924,8.92875,8.904444444444444,8.902682926829266,8.916626506024096,8.925476190476191,8.94235294117647,8.951860465116278,8.946206896551724,8.929318181818182,8.918426966292134,8.918888888888889,8.933626373626373,8.94804347826087,8.965376344086021,8.973829787234042,8.971578947368421,8.953750000000001,8.92082474226804,8.887551020408162,8.836767676767677,8.768999999999998,8.699603960396038,8.633529411764703,8.578446601941748,8.541730769230771,8.514285714285714,8.509056603773583,8.543177570093459,8.599814814814815,8.665504587155962,8.728181818181817,8.784324324324324,8.838571428571429,8.88566371681416,8.929298245614035,8.96782608695652,8.985,8.996752136752136,9.001525423728815,9.000336134453784,8.979999999999999,8.950909090909093,8.92311475409836,8.889268292682926,8.852741935483873,8.822400000000002,8.801269841269841,8.79228346456693,8.781875,76.91666666666667,923.0,9.0,9.0,9.0,9.0,9.0,9.0,9.0,9.0,9.0,9.0,9.0,9.0,9.0,9.0,9.0,48.0,141.0,279.0,447.0,626.0,798.0,946.0,1054.0,1115.0,1128.0,1128.0,1128.0,1128.0,1128.0,1128.0,1128.0,1128.0,1128.0,1128.0,1128.0,1128.0,1128.0,1128.0,1165.0,1251.0,1384.0,1552.0,1738.0,1923.0,2089.0,2219.0,2305.0,2348.0,2356.0,2356.0,2356.0,2356.0,2356.0,2356.0,2356.0,2356.0,2356.0,2356.0,2356.0,2356.0,2356.0,2356.0,2394.0,2484.0,2623.0,2799.0,2995.0,3191.0,3368.0,3508.0,3602.0,3650.0,3658.0,3658.0,3658.0,3658.0,3658.0,3658.0,3658.0,3658.0,3658.0,3658.0,3658.0,3658.0,3658.0,3658.0,3691.0,3763.0,3876.0,4021.0,4182.0,4341.0,4479.0,4581.0,4642.0,4668.0,4672.0,4672.0,4672.0,4672.0,4672.0,4672.0,4672.0,4672.0,4672.0,4672.0,4672.0,4672.0,4672.0,4672.0,4706.0,4786.0,4911.0,5071.0,5250.0,5427.0,5583.0,5703.0,5780.0,5817.0,5822.0,5822.0,5822.0,5822.0,5822.0,5822.0,5822.0,5822.0,62,November 3,Agen
0.0072085834802671014,1.5065733044463827,0.7553170657529169,1.3620309900062244,1.3620309900062244,0.4944356099994842,1.1896603883409829,2.8600591235033037,2.8600591235033037,0.6891171148747346,0.5220041408632662,3.1640083721894894,3.1640083721894894,0.4858444120497605,0.7688505576870359,1.1742800669316793,1.1742800669316793,0.5354876429121813,0.9198522704852529,2.490000000000005,-0.6592820970355002,0.6592820970355002,76.07095046854066,18.86,18.61,18.526666666666667,18.334999999999997,18.259999999999998,18.06,17.66,17.197499999999998,16.74888888888889,16.339999999999996,16.041818181818186,15.785000000000002,15.73692307692308,15.774285714285716,15.953333333333335,16.16,16.30705882352941,16.443333333333335,16.54947368421053,16.635,16.63142857142857,16.55545454545455,16.37304347826087,16.126666666666665,15.848000000000003,15.586923076923078,15.341481481481482,15.102857142857145,14.866896551724139,14.656666666666668,14.489032258064517,14.353750000000002,14.214545454545455,14.083529411764706,14.017142857142858,13.976666666666667,13.98162162162162,14.002105263157896,14.047179487179488,14.102499999999997,14.142926829268292,14.17904761904762,14.234418604651164,14.291818181818183,14.364444444444446,14.438260869565216,14.474893617021275,14.455833333333333,14.39673469387755,14.288,14.16,14.01,13.85245283018868,13.704444444444444,13.583636363636364,13.451071428571428,13.260000000000002,13.115172413793102,13.002372881355932,12.901666666666667,12.8272131147541,12.75516129032258,12.696507936507937,12.635,12.57076923076923,12.513030303030302,12.44507462686567,12.370294117647058,12.280289855072464,12.19142857142857,12.088169014084505,11.964166666666664,11.831232876712328,11.696486486486487,11.565333333333333,11.432368421052631,11.297662337662338,11.168974358974358,11.05873417721519,10.954999999999998,10.87604938271605,10.82341463414634,10.790120481927712,10.770714285714284,10.780000000000001,10.78906976744186,10.787586206896552,10.783863636363636,10.785842696629214,10.804444444444446,10.844615384615384,10.874130434782609,10.891182795698926,10.905744680851063,10.916842105263157,10.911041666666668,10.905360824742267,10.880408163265303,10.836767676767673,10.784999999999998,10.737227722772275,10.684509803921566,10.633786407766987,10.58980769230769,10.555238095238094,10.538301886792452,10.533831775700932,10.525740740740739,10.524220183486236,10.517272727272724,10.498738738738737,10.471607142857144,10.449380530973452,10.436315789473682,10.43478260869565,10.433275862068964,10.434358974358972,10.428644067796608,10.414621848739495,10.388333333333332,10.350082644628099,10.311639344262293,10.259186991869916,10.193064516129029,10.125599999999997,10.06079365079365,10.004881889763777,9.96390625,79.0,948.0,9.0,9.0,9.0,9.0,9.0,9.0,9.0,9.0,9.0,9.0,9.0,9.0,9.0,9.0,9.0,42.0,121.0,239.0,382.0,533.0,675.0,794.0,878.0,923.0,932.0,932.0,932.0,932.0,932.0,932.0,932.0,932.0,932.0,932.0,932.0,932.0,932.0,932.0,932.0,971.0,1064.0,1202.0,1370.0,1549.0,1721.0,1869.0,1977.0,2038.0,2051.0,2051.0,2051.0,2051.0,2051.0,2051.0,2051.0,2051.0,2051.0,2051.0,2051.0,2051.0,2051.0,2051.0,2088.0,2174.0,2307.0,2475.0,2661.0,2846.0,3012.0,3142.0,3228.0,3271.0,3279.0,3279.0,3279.0,3279.0,3279.0,3279.0,3279.0,3279.0,3279.0,3279.0,3279.0,3279.0,3279.0,3279.0,3317.0,3407.0,3546.0,3722.0,3918.0,4114.0,4291.0,4431.0,4525.0,4573.0,4581.0,4581.0,4581.0,4581.0,4581.0,4581.0,4581.0,4581.0,4581.0,4581.0,4581.0,4581.0,4581.0,4581.0,4614.0,4686.0,4799.0,4944.0,5105.0,5264.0,5402.0,5504.0,5565.0,5591.0,5595.0,5595.0,5595.0,5595.0,5595.0,5595.0,5595.0,5595.0,63,November 4,Agen
0.0072085834802671014,1.5065733044463827,0.7553170657529169,1.3620309900062244,1.3620309900062244,0.4944356099994842,1.1896603883409829,2.8600591235033037,2.8600591235033037,0.6891171148747346,0.5220041408632662,3.1640083721894894,3.1640083721894894,0.4858444120497605,0.7688505576870359,1.1742800669316793,1.1742800669316793,0.5354876429121813,0.9198522704852529,8.389999999999999,-0.2466130284207727,0.2466130284207727,168.20619785458882,9.96,10.010000000000002,9.660000000000002,9.085,8.72,8.31,8.231428571428571,8.385,8.604444444444445,8.9,9.305454545454547,9.660000000000002,10.090769230769233,10.545714285714286,11.086666666666668,11.603749999999998,12.012941176470589,12.326666666666666,12.565263157894737,12.775,12.940952380952378,13.128181818181815,13.34260869565217,13.584999999999999,13.796,13.971538461538461,14.134074074074071,14.263571428571426,14.391034482758618,14.479999999999997,14.505161290322578,14.488125,14.447878787878786,14.395294117647056,14.357142857142856,14.318333333333335,14.34108108108108,14.391578947368421,14.495897435897433,14.614999999999998,14.713658536585365,14.809999999999999,14.894883720930233,14.971363636363636,15.006666666666668,15.005652173913044,14.949361702127659,14.855833333333335,14.739591836734695,14.626,14.514901960784314,14.402307692307694,14.286415094339624,14.18037037037037,14.094545454545456,14.024285714285714,13.949473684210528,13.877241379310345,13.84135593220339,13.819999999999999,13.825573770491804,13.840645161290322,13.87111111111111,13.9084375,13.936923076923076,13.963030303030303,14.00179104477612,14.042352941176471,14.093333333333332,14.145714285714286,14.174084507042254,14.165555555555557,14.12986301369863,14.06,13.975999999999997,13.87578947368421,13.769090909090906,13.667692307692306,13.58405063291139,13.491249999999997,13.356296296296298,13.25268292682927,13.170843373493973,13.096904761904764,13.041176470588235,12.98674418604651,12.941609195402295,12.894090909090908,12.844269662921347,12.798888888888888,12.745714285714284,12.687173913043477,12.616989247311825,12.547234042553189,12.466315789473681,12.369374999999998,12.265154639175258,12.158979591836735,12.054949494949495,11.948999999999998,11.841188118811882,11.737450980392158,11.647378640776697,11.561923076923078,11.495238095238095,11.448679245283019,11.41700934579439,11.39611111111111,11.39761467889908,11.399090909090908,11.392432432432432,11.384107142857143,11.380353982300885,11.38982456140351,11.416521739130436,11.435,11.443760683760685,11.450677966101695,11.454957983193276,11.445833333333333,11.436859504132233,11.41245901639344,11.3730081300813,11.326935483870965,11.284,11.236984126984126,11.191496062992124,11.151406249999999,70.58333333333333,847.0,7.0,7.0,7.0,7.0,7.0,7.0,7.0,7.0,7.0,7.0,7.0,7.0,7.0,7.0,7.0,39.0,119.0,240.0,387.0,542.0,689.0,812.0,899.0,946.0,955.0,955.0,955.0,955.0,955.0,955.0,955.0,955.0,955.0,955.0,955.0,955.0,955.0,955.0,955.0,988.0,1067.0,1185.0,1328.0,1479.0,1621.0,1740.0,1824.0,1869.0,1878.0,1878.0,1878.0,1878.0,1878.0,1878.0,1878.0,1878.0,1878.0,1878.0,1878.0,1878.0,1878.0,1878.0,1878.0,1917.0,2010.0,2148.0,2316.0,2495.0,2667.0,2815.0,2923.0,2984.0,2997.0,2997.0,2997.0,2997.0,2997.0,2997.0,2997.0,2997.0,2997.0,2997.0,2997.0,2997.0,2997.0,2997.0,3034.0,3120.0,3253.0,3421.0,3607.0,3792.0,3958.0,4088.0,4174.0,4217.0,4225.0,4225.0,4225.0,4225.0,4225.0,4225.0,4225.0,4225.0,4225.0,4225.0,4225.0,4225.0,4225.0,4225.0,4263.0,4353.0,4492.0,4668.0,4864.0,5060.0,5237.0,5377.0,5471.0,5519.0,5527.0,5527.0,5527.0,5527.0,5527.0,5527.0,5527.0,5527.0,64,November 5,Agen
0.0072085834802671014,1.5065733044463827,0.7553170657529169,1.3620309900062244,1.3620309900062244,0.4944356099994842,1.1896603883409829,2.8600591235033037,2.8600591235033037,0.6891171148747346,0.5220041408632662,3.1640083721894894,3.1640083721894894,0.4858444120497605,0.7688505576870359,1.1742800669316793,1.1742800669316793,0.5354876429121813,0.9198522704852529,10.581666666666663,0.04929731506211248,0.04929731506211248,234.273113876201,6.56,6.01,5.626666666666666,5.109999999999999,4.799999999999999,4.443333333333333,4.317142857142857,4.4475,4.671111111111111,4.93,5.0600000000000005,5.168333333333334,5.452307692307692,5.8028571428571425,6.2,6.60375,7.04235294117647,7.382222222222222,7.665263157894736,7.909999999999999,8.131428571428572,8.255454545454544,8.316521739130435,8.389166666666666,8.452,8.513846153846155,8.53037037037037,8.48857142857143,8.446206896551724,8.373333333333333,8.353548387096774,8.388124999999999,8.447878787878787,8.539411764705882,8.677142857142856,8.812777777777777,8.987027027027027,9.183684210526316,9.426666666666668,9.675,9.891707317073172,10.076666666666666,10.234418604651164,10.382727272727273,10.513333333333334,10.655652173913044,10.813191489361703,10.987083333333333,11.147755102040817,11.292,11.430588235294117,11.552307692307691,11.67320754716981,11.772962962962959,11.836363636363632,11.874285714285714,11.896842105263156,11.91,11.92949152542373,11.946666666666664,11.99934426229508,12.068064516129029,12.169523809523806,12.280312499999999,12.378461538461536,12.475151515151513,12.564477611940298,12.648235294117644,12.704927536231882,12.737142857142857,12.73183098591549,12.700277777777778,12.651780821917809,12.603243243243243,12.554666666666668,12.503421052631577,12.448311688311687,12.398461538461538,12.361265822784807,12.33375,12.301975308641975,12.270975609756096,12.264819277108433,12.268333333333333,12.290588235294116,12.319302325581393,12.358850574712642,12.40318181818182,12.440898876404493,12.476666666666668,12.521538461538459,12.567608695652172,12.62129032258064,12.67595744680851,12.712631578947367,12.721458333333333,12.709484536082474,12.671224489795918,12.621616161616158,12.559,12.490693069306928,12.4256862745098,12.373592233009704,12.313846153846153,12.22095238095238,12.151509433962264,12.098317757009344,12.05074074074074,12.016880733944951,11.983636363636363,11.957297297297295,11.928749999999997,11.89805309734513,11.870526315789471,11.836521739130431,11.797931034482756,11.749743589743586,11.701525423728812,11.644033613445377,11.57333333333333,11.496363636363634,11.41737704918033,11.339674796747966,11.259999999999996,11.178399999999996,11.09968253968254,11.031653543307085,10.967031249999998,6.666666666666667,80.0,0.0,0.0,0.0,0.0,0.0,0.0,0.0,0.0,0.0,0.0,0.0,0.0,0.0,0.0,0.0,30.0,102.0,211.0,344.0,485.0,618.0,727.0,802.0,840.0,847.0,847.0,847.0,847.0,847.0,847.0,847.0,847.0,847.0,847.0,847.0,847.0,847.0,847.0,847.0,879.0,959.0,1080.0,1227.0,1382.0,1529.0,1652.0,1739.0,1786.0,1795.0,1795.0,1795.0,1795.0,1795.0,1795.0,1795.0,1795.0,1795.0,1795.0,1795.0,1795.0,1795.0,1795.0,1795.0,1828.0,1907.0,2025.0,2168.0,2319.0,2461.0,2580.0,2664.0,2709.0,2718.0,2718.0,2718.0,2718.0,2718.0,2718.0,2718.0,2718.0,2718.0,2718.0,2718.0,2718.0,2718.0,2718.0,2718.0,2757.0,2850.0,2988.0,3156.0,3335.0,3507.0,3655.0,3763.0,3824.0,3837.0,3837.0,3837.0,3837.0,3837.0,3837.0,3837.0,3837.0,3837.0,3837.0,3837.0,3837.0,3837.0,3837.0,3874.0,3960.0,4093.0,4261.0,4447.0,4632.0,4798.0,4928.0,5014.0,5057.0,5065.0,5065.0,5065.0,5065.0,5065.0,5065.0,5065.0,5065.0,65,November 6,Agen
0.0072085834802671014,1.5065733044463827,0.7553170657529169,1.3620309900062244,1.3620309900062244,0.4944356099994842,1.1896603883409829,2.8600591235033037,2.8600591235033037,0.6891171148747346,0.5220041408632662,3.1640083721894894,3.1640083721894894,0.4858444120497605,0.7688505576870359,1.1742800669316793,1.1742800669316793,0.5354876429121813,0.9198522704852529,10.89,-0.03597033337254302,0.03597033337254302,215.23569023569024,7.3599999999999985,7.6099999999999985,7.8933333333333335,8.01,7.779999999999999,7.493333333333333,7.088571428571428,6.76,6.482222222222222,6.339999999999999,6.205454545454544,6.201666666666665,6.32923076923077,6.5600000000000005,6.7266666666666675,6.941249999999999,7.14235294117647,7.359999999999999,7.528421052631577,7.659999999999999,7.764761904761904,7.809999999999999,7.82086956521739,7.81,7.759999999999999,7.671538461538461,7.567407407407406,7.4242857142857135,7.2910344827586195,7.136666666666666,7.0212903225806444,6.969374999999999,6.953939393939393,6.962941176470586,6.945714285714285,6.929444444444444,6.981621621621621,7.070526315789474,7.190769230769231,7.327499999999999,7.49170731707317,7.626666666666668,7.746046511627907,7.8554545454545455,7.96,8.02304347826087,8.057872340425535,8.099583333333333,8.137551020408164,8.176000000000002,8.19137254901961,8.175384615384617,8.15811320754717,8.122962962962964,8.116363636363637,8.140357142857143,8.179298245614035,8.237586206896554,8.324406779661018,8.411666666666667,8.52393442622951,8.651935483870968,8.810793650793654,8.975625,9.123076923076923,9.252424242424244,9.365970149253732,9.474705882352943,9.573043478260871,9.68,9.798028169014085,9.928055555555554,10.050410958904111,10.162702702702703,10.272000000000002,10.370526315789474,10.46909090909091,10.553589743589745,10.613164556962024,10.655,10.685925925925927,10.71,10.738313253012048,10.764761904761906,10.816470588235296,10.879767441860466,10.966896551724139,11.061136363636363,11.146516853932583,11.23111111111111,11.31054945054945,11.386086956521737,11.441720430107521,11.479148936170208,11.488421052631574,11.477708333333332,11.45381443298969,11.429387755102038,11.404444444444444,11.376999999999995,11.346138613861381,11.31882352941176,11.300776699029123,11.289807692307692,11.275238095238095,11.260943396226414,11.26560747663551,11.27759259259259,11.304036697247701,11.335454545454542,11.375315315315312,11.418928571428571,11.457345132743361,11.494210526315786,11.538260869565214,11.583275862068962,11.63435897435897,11.686271186440674,11.723865546218484,11.739166666666666,11.737685950413221,11.714918032786882,11.682764227642274,11.639838709677417,11.591999999999997,11.546507936507933,11.5111811023622,11.469375,46.583333333333336,559.0,3.0,3.0,3.0,3.0,3.0,3.0,3.0,3.0,3.0,3.0,3.0,3.0,3.0,3.0,3.0,14.0,27.0,47.0,68.0,82.0,83.0,83.0,83.0,83.0,83.0,83.0,83.0,83.0,83.0,83.0,83.0,83.0,83.0,83.0,83.0,83.0,83.0,83.0,83.0,113.0,185.0,294.0,427.0,568.0,701.0,810.0,885.0,923.0,930.0,930.0,930.0,930.0,930.0,930.0,930.0,930.0,930.0,930.0,930.0,930.0,930.0,930.0,930.0,962.0,1042.0,1163.0,1310.0,1465.0,1612.0,1735.0,1822.0,1869.0,1878.0,1878.0,1878.0,1878.0,1878.0,1878.0,1878.0,1878.0,1878.0,1878.0,1878.0,1878.0,1878.0,1878.0,1878.0,1911.0,1990.0,2108.0,2251.0,2402.0,2544.0,2663.0,2747.0,2792.0,2801.0,2801.0,2801.0,2801.0,2801.0,2801.0,2801.0,2801.0,2801.0,2801.0,2801.0,2801.0,2801.0,2801.0,2801.0,2840.0,2933.0,3071.0,3239.0,3418.0,3590.0,3738.0,3846.0,3907.0,3920.0,3920.0,3920.0,3920.0,3920.0,3920.0,3920.0,3920.0,66,November 7,Agen
0.0072085834802671014,1.5065733044463827,0.7553170657529169,1.3620309900062244,1.3620309900062244,0.4944356099994842,1.1896603883409829,2.8600591235033037,2.8600591235033037,0.6891171148747346,0.5220041408632662,3.1640083721894894,3.1640083721894894,0.4858444120497605,0.7688505576870359,1.1742800669316793,1.1742800669316793,0.5354876429121813,0.9198522704852529,11.898333333333332,0.026224510593737628,0.026224510593737628,229.12172573189517,2.66,2.91,2.893333333333333,3.235,3.7599999999999993,4.076666666666666,4.231428571428571,4.222499999999999,4.271111111111109,4.359999999999998,4.34181818181818,4.376666666666665,4.529230769230768,4.724285714285713,5.059999999999999,5.472499999999999,5.812941176470587,6.048888888888888,6.302105263157893,6.51,6.631428571428571,6.70090909090909,6.72086956521739,6.743333333333332,6.767999999999998,6.809999999999999,6.8711111111111105,6.924285714285714,6.92206896551724,6.893333333333332,6.821290322580643,6.747499999999999,6.672121212121212,6.62470588235294,6.574285714285713,6.562777777777777,6.597837837837837,6.675789473684209,6.736923076923076,6.8225,6.9087804878048775,7.007619047619049,7.090232558139536,7.16,7.220000000000001,7.253478260869565,7.270638297872344,7.276666666666666,7.26204081632653,7.225999999999999,7.179607843137255,7.11,7.043018867924529,6.961851851851853,6.900000000000002,6.8725,6.865263157894737,6.872068965517242,6.863389830508475,6.855,6.887868852459016,6.943870967741936,7.020317460317462,7.108437499999999,7.215384615384615,7.305454545454545,7.386865671641792,7.462941176470588,7.536811594202898,7.584285714285713,7.6135211267605625,7.6475,7.679178082191782,7.711351351351349,7.728000000000001,7.723157894736841,7.717142857142857,7.698461538461538,7.6992405063291125,7.7212499999999995,7.7538271604938265,7.800243902439023,7.86722891566265,7.934999999999998,8.021176470588236,8.119302325581394,8.24045977011494,8.366818181818182,8.481348314606741,8.583333333333332,8.674285714285713,8.762173913043478,8.84279569892473,8.930212765957446,9.026315789473683,9.131874999999999,9.232164948453608,9.325306122448978,9.416565656565655,9.499999999999998,9.583762376237623,9.657058823529411,9.71145631067961,9.752307692307692,9.784761904761906,9.811886792452832,9.842242990654206,9.87111111111111,9.919633027522936,9.977272727272727,10.053693693693694,10.135892857142855,10.211327433628318,10.286315789473683,10.357391304347827,10.425517241379309,10.477948717948717,10.515932203389829,10.531428571428572,10.530833333333332,10.519504132231404,10.507540983606559,10.494959349593495,10.480161290322581,10.462399999999999,10.447301587301586,10.439527559055117,10.43734375,33.416666666666664,401.0,3.0,3.0,3.0,3.0,3.0,3.0,3.0,3.0,3.0,3.0,3.0,3.0,3.0,3.0,3.0,25.0,77.0,157.0,253.0,350.0,437.0,504.0,544.0,559.0,562.0,562.0,562.0,562.0,562.0,562.0,562.0,562.0,562.0,562.0,562.0,562.0,562.0,562.0,562.0,573.0,586.0,606.0,627.0,641.0,642.0,642.0,642.0,642.0,642.0,642.0,642.0,642.0,642.0,642.0,642.0,642.0,642.0,642.0,642.0,642.0,642.0,642.0,642.0,672.0,744.0,853.0,986.0,1127.0,1260.0,1369.0,1444.0,1482.0,1489.0,1489.0,1489.0,1489.0,1489.0,1489.0,1489.0,1489.0,1489.0,1489.0,1489.0,1489.0,1489.0,1489.0,1489.0,1521.0,1601.0,1722.0,1869.0,2024.0,2171.0,2294.0,2381.0,2428.0,2437.0,2437.0,2437.0,2437.0,2437.0,2437.0,2437.0,2437.0,2437.0,2437.0,2437.0,2437.0,2437.0,2437.0,2437.0,2470.0,2549.0,2667.0,2810.0,2961.0,3103.0,3222.0,3306.0,3351.0,3360.0,3360.0,3360.0,3360.0,3360.0,3360.0,3360.0,3360.0,67,November 8,Agen
0.0072085834802671014,1.5065733044463827,0.7553170657529169,1.3620309900062244,1.3620309900062244,0.4944356099994842,1.1896603883409829,2.8600591235033037,2.8600591235033037,0.6891171148747346,0.5220041408632662,3.1640083721894894,3.1640083721894894,0.4858444120497605,0.7688505576870359,1.1742800669316793,1.1742800669316793,0.5354876429121813,0.9198522704852529,12.565,0.1027458648292539,0.1027458648292539,246.2063934208781,-0.6399999999999999,-0.69,-1.1066666666666665,-1.065,-0.82,-0.7066666666666666,-0.45428571428571424,-0.32749999999999996,-0.25111111111111106,-0.07999999999999999,0.1690909090909091,0.5266666666666667,0.9907692307692307,1.4814285714285713,2.02,2.585,3.0835294117647054,3.4655555555555555,3.7968421052631585,4.1000000000000005,4.288571428571428,4.36909090909091,4.338260869565218,4.314166666666666,4.248,4.206153846153847,4.156296296296296,4.160000000000001,4.218620689655172,4.2666666666666675,4.295483870967741,4.29125,4.302424242424243,4.327647058823529,4.322857142857143,4.335,4.389729729729729,4.465263157894737,4.601025641025641,4.7775,4.935609756097561,5.057619047619046,5.192558139534884,5.3122727272727275,5.395555555555555,5.455652173913044,5.491914893617022,5.52875,5.566122448979592,5.611999999999999,5.667843137254902,5.719615384615384,5.741132075471699,5.747037037037036,5.7272727272727275,5.704642857142856,5.679298245614036,5.668620689655172,5.654915254237287,5.663333333333332,5.6993442622950825,5.7616129032258065,5.813968253968254,5.881874999999999,5.950769230769231,6.028181818181818,6.0958208955223885,6.155588235294117,6.2092753623188415,6.2457142857142856,6.2712676056338035,6.289166666666667,6.292876712328767,6.281621621621622,6.262666666666666,6.2271052631578945,6.192467532467532,6.147179487179487,6.114430379746835,6.104999999999999,6.1093827160493825,6.123414634146341,6.126265060240963,6.129047619047617,6.1611764705882335,6.209999999999998,6.2737931034482735,6.346363636363637,6.4330337078651665,6.507777777777778,6.576483516483516,6.641521739130433,6.705161290322579,6.749361702127659,6.779999999999998,6.814166666666668,6.84659793814433,6.87938775510204,6.90040404040404,6.9049999999999985,6.9085148514851475,6.902156862745096,6.910485436893203,6.9350000000000005,6.967619047619048,7.0109433962264145,7.070280373831775,7.130370370370368,7.204954128440367,7.289090909090907,7.3915315315315295,7.498392857142856,7.596283185840708,7.684561403508773,7.764347826086956,7.841896551724137,7.913846153846152,7.991355932203389,8.07596638655462,8.168333333333333,8.256694214876033,8.339508196721313,8.420975609756095,8.496290322580645,8.571999999999997,8.63936507936508,8.691496062992124,8.73265625,37.416666666666664,449.0,3.0,3.0,3.0,3.0,3.0,3.0,3.0,3.0,3.0,3.0,3.0,3.0,3.0,3.0,3.0,20.0,60.0,123.0,199.0,273.0,336.0,379.0,398.0,401.0,404.0,404.0,404.0,404.0,404.0,404.0,404.0,404.0,404.0,404.0,404.0,404.0,404.0,404.0,404.0,426.0,478.0,558.0,654.0,751.0,838.0,905.0,945.0,960.0,963.0,963.0,963.0,963.0,963.0,963.0,963.0,963.0,963.0,963.0,963.0,963.0,963.0,963.0,963.0,974.0,987.0,1007.0,1028.0,1042.0,1043.0,1043.0,1043.0,1043.0,1043.0,1043.0,1043.0,1043.0,1043.0,1043.0,1043.0,1043.0,1043.0,1043.0,1043.0,1043.0,1043.0,1043.0,1043.0,1073.0,1145.0,1254.0,1387.0,1528.0,1661.0,1770.0,1845.0,1883.0,1890.0,1890.0,1890.0,1890.0,1890.0,1890.0,1890.0,1890.0,1890.0,1890.0,1890.0,1890.0,1890.0,1890.0,1890.0,1922.0,2002.0,2123.0,2270.0,2425.0,2572.0,2695.0,2782.0,2829.0,2838.0,2838.0,2838.0,2838.0,2838.0,2838.0,2838.0,2838.0,68,November 9,Agen
0.0072085834802671014,1.5065733044463827,0.7553170657529169,1.3620309900062244,1.3620309900062244,0.4944356099994842,1.1896603883409829,2.8600591235033037,2.8600591235033037,0.6891171148747346,0.5220041408632662,3.1640083721894894,3.1640083721894894,0.4858444120497605,0.7688505576870359,1.1742800669316793,1.1742800669316793,0.5354876429121813,0.9198522704852529,14.531666666666665,0.04550760753509974,0.04550760753509974,233.42699850900328,0.46,0.46,0.36000000000000004,0.36,0.42000000000000004,0.4766666666666666,0.6457142857142858,1.035,1.5488888888888888,2.2,2.7600000000000002,3.2516666666666665,3.6446153846153844,4.031428571428571,4.346666666666666,4.6975,5.065882352941176,5.41,5.607368421052631,5.694999999999999,5.702857142857142,5.655454545454545,5.5208695652173905,5.343333333333334,5.104,4.879230769230769,4.626666666666666,4.427857142857142,4.280689655172413,4.133333333333332,4.034193548387096,3.9256249999999997,3.817575757575757,3.748235294117646,3.717142857142857,3.7377777777777785,3.814054054054054,3.9205263157894743,4.065128205128205,4.24,4.406341463414634,4.538571428571428,4.66,4.778181818181819,4.851111111111111,4.877391304347826,4.851489361702128,4.82875,4.784489795918368,4.752000000000001,4.714901960784314,4.706153846153847,4.727924528301887,4.745185185185186,4.752727272727273,4.742142857142857,4.740701754385964,4.747931034482758,4.737966101694915,4.738333333333333,4.764918032786885,4.805161290322581,4.883809523809524,4.9896875,5.086153846153846,5.16151515151515,5.246567164179103,5.323235294117646,5.377391304347825,5.417142857142856,5.44169014084507,5.466944444444445,5.4928767123287665,5.524864864864864,5.563999999999998,5.600789473684209,5.6171428571428565,5.622820512820512,5.610632911392404,5.5962499999999995,5.579753086419752,5.5734146341463395,5.564819277108432,5.571904761904761,5.5988235294117645,5.644883720930232,5.684137931034482,5.734999999999999,5.7869662921348315,5.845555555555557,5.897362637362637,5.943695652173914,5.985806451612903,6.01531914893617,6.036842105263158,6.0527083333333325,6.0579381443298965,6.051836734693878,6.039797979797979,6.015,5.990693069306931,5.958039215686274,5.934757281553398,5.929230769230769,5.934285714285713,5.94679245283019,5.950654205607477,5.954444444444444,5.981100917431192,6.020909090909091,6.0726126126126125,6.131428571428571,6.201592920353982,6.262631578947369,6.319130434782609,6.372931034482758,6.425811965811966,6.463389830508474,6.490252100840335,6.5200000000000005,6.548429752066116,6.577213114754099,6.596585365853659,6.602741935483871,6.608,6.605238095238096,6.614330708661417,6.6365625,5.583333333333333,67.0,0.0,0.0,0.0,0.0,0.0,0.0,0.0,0.0,0.0,0.0,0.0,0.0,0.0,0.0,0.0,19.0,62.0,129.0,210.0,293.0,365.0,415.0,440.0,446.0,449.0,449.0,449.0,449.0,449.0,449.0,449.0,449.0,449.0,449.0,449.0,449.0,449.0,449.0,449.0,466.0,506.0,569.0,645.0,719.0,782.0,825.0,844.0,847.0,850.0,850.0,850.0,850.0,850.0,850.0,850.0,850.0,850.0,850.0,850.0,850.0,850.0,850.0,850.0,872.0,924.0,1004.0,1100.0,1197.0,1284.0,1351.0,1391.0,1406.0,1409.0,1409.0,1409.0,1409.0,1409.0,1409.0,1409.0,1409.0,1409.0,1409.0,1409.0,1409.0,1409.0,1409.0,1409.0,1420.0,1433.0,1453.0,1474.0,1488.0,1489.0,1489.0,1489.0,1489.0,1489.0,1489.0,1489.0,1489.0,1489.0,1489.0,1489.0,1489.0,1489.0,1489.0,1489.0,1489.0,1489.0,1489.0,1489.0,1519.0,1591.0,1700.0,1833.0,1974.0,2107.0,2216.0,2291.0,2329.0,2336.0,2336.0,2336.0,2336.0,2336.0,2336.0,2336.0,2336.0,69,November 10,Agen
0.0072085834802671014,1.5065733044463827,0.7553170657529169,1.3620309900062244,1.3620309900062244,0.4944356099994842,1.1896603883409829,2.8600591235033037,2.8600591235033037,0.6891171148747346,0.5220041408632662,3.1640083721894894,3.1640083721894894,0.4858444120497605,0.7688505576870359,1.1742800669316793,1.1742800669316793,0.5354876429121813,0.9198522704852529,12.815,-0.06218183822029451,0.06218183822029451,209.3835349200156,3.16,3.6599999999999993,4.359999999999999,4.935,5.499999999999999,5.826666666666665,6.074285714285714,6.234999999999999,6.493333333333333,6.739999999999999,6.905454545454545,6.993333333333333,6.936923076923076,6.909999999999999,6.813333333333333,6.835,6.84235294117647,6.804444444444444,6.738947368421052,6.685,6.588571428571428,6.541818181818181,6.42086956521739,6.230833333333332,5.999999999999999,5.786923076923076,5.578518518518518,5.392142857142856,5.228965517241378,5.079999999999999,4.969677419354838,4.931875,4.953939393939393,5.045294117647058,5.14,5.237777777777777,5.3221621621621615,5.4205263157894725,5.506153846153846,5.6175,5.747804878048781,5.879047619047618,5.955348837209302,5.987272727272728,5.984444444444446,5.955652173913045,5.883404255319151,5.7870833333333325,5.655918367346939,5.5280000000000005,5.3815686274509815,5.260000000000001,5.163773584905661,5.065555555555556,4.992727272727273,4.913571428571428,4.833684210526316,4.775517241379311,4.739661016949152,4.735000000000001,4.764918032786887,4.81483870967742,4.89015873015873,4.9865625,5.08,5.153939393939394,5.222686567164179,5.2908823529411775,5.331014492753623,5.341428571428572,5.317746478873239,5.296111111111111,5.260000000000001,5.231621621621622,5.2,5.187631578947369,5.196363636363637,5.202307692307692,5.2017721518987345,5.18875,5.182222222222221,5.181951219512196,5.169638554216868,5.164761904761906,5.178823529411765,5.203023255813953,5.255402298850575,5.328181818181818,5.394831460674157,5.446666666666667,5.506153846153846,5.5600000000000005,5.59763440860215,5.624893617021275,5.641052631578946,5.657916666666666,5.6754639175257715,5.697755102040815,5.725656565656565,5.751999999999998,5.762970297029701,5.7658823529411745,5.755145631067959,5.742692307692308,5.728571428571428,5.722264150943396,5.714205607476634,5.718333333333332,5.7379816513761455,5.772727272727272,5.802342342342341,5.84125,5.881238938053096,5.926666666666666,5.96695652173913,6.00310344827586,6.036068376068374,6.059152542372881,6.0759663865546205,6.088333333333333,6.092231404958676,6.087049180327868,6.077073170731706,6.056774193548386,6.036799999999999,6.009999999999999,5.9907086614173215,5.985781249999999,57.166666666666664,686.0,2.0,2.0,2.0,2.0,2.0,2.0,2.0,2.0,2.0,2.0,2.0,2.0,2.0,2.0,2.0,14.0,25.0,42.0,59.0,69.0,69.0,69.0,69.0,69.0,69.0,69.0,69.0,69.0,69.0,69.0,69.0,69.0,69.0,69.0,69.0,69.0,69.0,69.0,69.0,88.0,131.0,198.0,279.0,362.0,434.0,484.0,509.0,515.0,518.0,518.0,518.0,518.0,518.0,518.0,518.0,518.0,518.0,518.0,518.0,518.0,518.0,518.0,518.0,535.0,575.0,638.0,714.0,788.0,851.0,894.0,913.0,916.0,919.0,919.0,919.0,919.0,919.0,919.0,919.0,919.0,919.0,919.0,919.0,919.0,919.0,919.0,919.0,941.0,993.0,1073.0,1169.0,1266.0,1353.0,1420.0,1460.0,1475.0,1478.0,1478.0,1478.0,1478.0,1478.0,1478.0,1478.0,1478.0,1478.0,1478.0,1478.0,1478.0,1478.0,1478.0,1478.0,1489.0,1502.0,1522.0,1543.0,1557.0,1558.0,1558.0,1558.0,1558.0,1558.0,1558.0,1558.0,1558.0,1558.0,1558.0,1558.0,1558.0,70,November 11,Agen
0.0072085834802671014,1.5065733044463827,0.7553170657529169,1.3620309900062244,1.3620309900062244,0.4944356099994842,1.1896603883409829,2.8600591235033037,2.8600591235033037,0.6891171148747346,0.5220041408632662,3.1640083721894894,3.1640083721894894,0.4858444120497605,0.7688505576870359,1.1742800669316793,1.1742800669316793,0.5354876429121813,0.9198522704852529,14.006666666666668,0.04896088810955938,0.04896088810955938,234.19800095192764,1.76,1.46,1.26,0.935,0.78,0.7599999999999999,0.8600000000000001,0.7975,1.0044444444444445,1.04,1.2145454545454546,1.4266666666666667,1.7830769230769232,2.1742857142857144,2.586666666666666,3.10375,3.5894117647058827,3.9822222222222217,4.26,4.3999999999999995,4.46,4.464545454545454,4.407826086956521,4.305833333333333,4.260000000000001,4.256153846153846,4.311851851851852,4.395714285714285,4.511724137931034,4.61,4.705161290322581,4.788125,4.9024242424242415,5.021764705882353,5.122857142857143,5.201666666666666,5.23027027027027,5.265263157894736,5.27025641025641,5.3175,5.357560975609756,5.376666666666666,5.380930232558139,5.387272727272727,5.3711111111111105,5.375217391304347,5.3408510638297875,5.2683333333333335,5.170204081632653,5.075999999999999,4.979607843137254,4.890769230769231,4.810943396226415,4.735925925925925,4.68,4.663571428571428,4.681052631578947,4.739310344827586,4.800677966101695,4.864999999999999,4.9222950819672135,4.989032258064517,5.0488888888888885,5.125624999999999,5.2153846153846155,5.306969696969697,5.364477611940298,5.3938235294117645,5.400579710144928,5.390000000000001,5.350140845070423,5.293333333333333,5.212054794520548,5.131621621621622,5.037333333333334,4.958684210526316,4.8963636363636365,4.831794871794871,4.784050632911392,4.731249999999999,4.677283950617283,4.638048780487805,4.614216867469879,4.612380952380953,4.635294117647059,4.672790697674419,4.728965517241379,4.800909090909091,4.8712359550561795,4.927777777777778,4.980879120879121,5.033913043478261,5.066451612903226,5.077021276595745,5.062105263157895,5.048541666666666,5.023917525773196,5.004897959183673,4.983232323232323,4.976,4.984752475247524,4.991372549019609,4.993009708737864,4.985,4.981904761904761,4.9835849056603765,4.975887850467288,4.973888888888888,4.986605504587156,5.007272727272727,5.05009009009009,5.109107142857142,5.163539823008849,5.206491228070174,5.255652173913043,5.30051724137931,5.332649572649572,5.356610169491525,5.371764705882353,5.3875,5.403801652892561,5.423934426229508,5.448617886178861,5.472096774193548,5.483199999999999,5.487777777777776,5.481259842519684,5.473281249999999,17.666666666666668,212.0,3.0,3.0,3.0,3.0,3.0,3.0,3.0,3.0,3.0,3.0,3.0,3.0,3.0,3.0,3.0,26.0,86.0,179.0,291.0,407.0,515.0,603.0,661.0,687.0,689.0,689.0,689.0,689.0,689.0,689.0,689.0,689.0,689.0,689.0,689.0,689.0,689.0,689.0,689.0,701.0,712.0,729.0,746.0,756.0,756.0,756.0,756.0,756.0,756.0,756.0,756.0,756.0,756.0,756.0,756.0,756.0,756.0,756.0,756.0,756.0,756.0,756.0,756.0,775.0,818.0,885.0,966.0,1049.0,1121.0,1171.0,1196.0,1202.0,1205.0,1205.0,1205.0,1205.0,1205.0,1205.0,1205.0,1205.0,1205.0,1205.0,1205.0,1205.0,1205.0,1205.0,1205.0,1222.0,1262.0,1325.0,1401.0,1475.0,1538.0,1581.0,1600.0,1603.0,1606.0,1606.0,1606.0,1606.0,1606.0,1606.0,1606.0,1606.0,1606.0,1606.0,1606.0,1606.0,1606.0,1606.0,1606.0,1628.0,1680.0,1760.0,1856.0,1953.0,2040.0,2107.0,2147.0,2162.0,2165.0,2165.0,2165.0,2165.0,2165.0,2165.0,2165.0,2165.0,71,November 12,Agen
0.0072085834802671014,1.5065733044463827,0.7553170657529169,1.3620309900062244,1.3620309900062244,0.4944356099994842,1.1896603883409829,2.8600591235033037,2.8600591235033037,0.6891171148747346,0.5220041408632662,3.1640083721894894,3.1640083721894894,0.4858444120497605,0.7688505576870359,1.1742800669316793,1.1742800669316793,0.5354876429121813,0.9198522704852529,15.473333333333333,0.047202769988379085,0.047202769988379085,233.80547177940545,-0.94,-1.0899999999999999,-0.6733333333333333,-0.31499999999999995,0.10000000000000005,0.6766666666666667,1.274285714285714,1.5224999999999997,1.6377777777777776,1.6099999999999999,1.5963636363636362,1.6849999999999998,1.9523076923076923,2.2599999999999993,2.5466666666666664,2.7725,2.995294117647059,3.2655555555555553,3.523157894736842,3.6650000000000005,3.788571428571429,3.891818181818182,3.8904347826086965,3.839166666666666,3.7560000000000002,3.6561538461538463,3.5525925925925925,3.424285714285714,3.3117241379310345,3.2233333333333336,3.1664516129032263,3.0787499999999994,3.0660606060606064,3.0158823529411762,3.0142857142857142,3.0349999999999997,3.116756756756757,3.2257894736842108,3.3574358974358964,3.5450000000000004,3.7356097560975607,3.90047619047619,4.025116279069766,4.094090909090908,4.128888888888888,4.138260869565216,4.117446808510636,4.0725,4.053877551020408,4.056,4.089411764705882,4.138846153846154,4.207169811320753,4.267407407407407,4.327272727272726,4.381428571428571,4.454736842105263,4.532413793103447,4.600677966101695,4.656666666666666,4.682950819672131,4.713225806451613,4.725079365079365,4.763125,4.796923076923076,4.817575757575757,4.82865671641791,4.8408823529411755,4.838260869565217,4.848571428571428,4.833239436619719,4.791944444444444,4.732602739726027,4.6748648648648645,4.614666666666667,4.558684210526316,4.508051948051947,4.459999999999999,4.424556962025317,4.41625,4.4316049382716045,4.475853658536584,4.522650602409638,4.5719047619047615,4.616470588235294,4.6681395348837205,4.715172413793103,4.774772727272727,4.844269662921348,4.915555555555556,4.962197802197802,4.988260869565217,4.99763440860215,4.994042553191489,4.968421052631579,4.929791666666667,4.872371134020618,4.815102040816326,4.7468686868686865,4.69,4.645148514851485,4.5982352941176465,4.563883495145631,4.525384615384615,4.485714285714285,4.457169811320755,4.440373831775701,4.440555555555555,4.46,4.49090909090909,4.536576576576577,4.594821428571429,4.652035398230088,4.698596491228069,4.742608695652174,4.786724137931033,4.814700854700853,4.825254237288133,4.815462184873947,4.806666666666667,4.7889256198347105,4.775573770491803,4.759999999999999,4.755967741935483,4.764799999999998,4.771904761904761,4.774960629921258,4.77015625,11.5,138.0,2.0,2.0,2.0,2.0,2.0,2.0,2.0,2.0,2.0,2.0,2.0,2.0,2.0,2.0,2.0,14.0,40.0,82.0,129.0,170.0,199.0,211.0,211.0,211.0,214.0,214.0,214.0,214.0,214.0,214.0,214.0,214.0,214.0,214.0,214.0,214.0,214.0,214.0,214.0,237.0,297.0,390.0,502.0,618.0,726.0,814.0,872.0,898.0,900.0,900.0,900.0,900.0,900.0,900.0,900.0,900.0,900.0,900.0,900.0,900.0,900.0,900.0,900.0,912.0,923.0,940.0,957.0,967.0,967.0,967.0,967.0,967.0,967.0,967.0,967.0,967.0,967.0,967.0,967.0,967.0,967.0,967.0,967.0,967.0,967.0,967.0,967.0,986.0,1029.0,1096.0,1177.0,1260.0,1332.0,1382.0,1407.0,1413.0,1416.0,1416.0,1416.0,1416.0,1416.0,1416.0,1416.0,1416.0,1416.0,1416.0,1416.0,1416.0,1416.0,1416.0,1416.0,1433.0,1473.0,1536.0,1612.0,1686.0,1749.0,1792.0,1811.0,1814.0,1817.0,1817.0,1817.0,1817.0,1817.0,1817.0,1817.0,1817.0,72,November 13,Agen
0.0072085834802671014,1.5065733044463827,0.7553170657529169,1.3620309900062244,1.3620309900062244,0.4944356099994842,1.1896603883409829,2.8600591235033037,2.8600591235033037,0.6891171148747346,0.5220041408632662,3.1640083721894894,3.1640083721894894,0.4858444120497605,0.7688505576870359,1.1742800669316793,1.1742800669316793,0.5354876429121813,0.9198522704852529,11.215000000000002,0.22180987876818423,0.22180987876818423,272.7894189329766,2.06,1.9100000000000001,1.4933333333333334,0.9099999999999999,0.43999999999999995,0.21000000000000008,0.0028571428571428597,-0.19,-0.34,-0.31,-0.3763636363636364,-0.2983333333333334,-0.016923076923076937,0.39571428571428563,0.8266666666666667,1.1724999999999999,1.5423529411764703,1.8988888888888888,2.1757894736842105,2.3449999999999998,2.3790476190476184,2.3281818181818177,2.2078260869565214,2.1141666666666663,1.992,1.8676923076923075,1.804444444444444,1.7671428571428565,1.7668965517241375,1.8266666666666664,1.9245161290322579,1.9662499999999998,1.984242424242424,1.9658823529411766,1.9514285714285713,1.971111111111111,2.057297297297297,2.167894736842105,2.2805128205128207,2.3775,2.479512195121951,2.6076190476190475,2.7367441860465114,2.819090909090909,2.895555555555555,2.9643478260869562,2.983404255319148,2.9766666666666666,2.9518367346938774,2.915999999999999,2.8756862745098033,2.8196153846153837,2.7694339622641504,2.73037037037037,2.707272727272727,2.6653571428571428,2.665263157894737,2.6427586206896545,2.6481355932203385,2.6666666666666665,2.7222950819672134,2.795483870967742,2.8838095238095236,3.0084375000000003,3.1369230769230767,3.2509090909090905,3.3405970149253728,3.3952941176470586,3.428115942028985,3.444285714285714,3.440281690140844,3.4197222222222217,3.416164383561644,3.4262162162162157,3.4573333333333336,3.499473684210527,3.554805194805195,3.6048717948717948,3.6549367088607596,3.7012499999999995,3.761234567901234,3.8246341463414626,3.8816867469879517,3.9302380952380958,3.9576470588235297,3.9879069767441857,4.004827586206897,4.040681818181818,4.073483146067416,4.096666666666667,4.112747252747253,4.129565217391304,4.1352688172043015,4.150425531914894,4.146315789473684,4.1225,4.084742268041237,4.047755102040816,4.008484848484848,3.972,3.939207920792079,3.908039215686275,3.88621359223301,3.885,3.901904761904762,3.9411320754716974,3.9824299065420563,4.025740740740741,4.065504587155963,4.11090909090909,4.152792792792793,4.204642857142857,4.264424778761061,4.3257894736842095,4.367826086956521,4.393620689655172,4.406153846153846,4.40830508474576,4.392773109243696,4.366666666666666,4.325289256198347,4.283770491803278,4.2331707317073155,4.191451612903224,4.159199999999999,4.125079365079364,4.100944881889761,4.07328125,21.833333333333332,262.0,0.0,0.0,0.0,0.0,0.0,0.0,0.0,0.0,0.0,0.0,0.0,0.0,0.0,0.0,0.0,11.0,28.0,57.0,92.0,121.0,136.0,136.0,136.0,136.0,138.0,138.0,138.0,138.0,138.0,138.0,138.0,138.0,138.0,138.0,138.0,138.0,138.0,138.0,138.0,150.0,176.0,218.0,265.0,306.0,335.0,347.0,347.0,347.0,350.0,350.0,350.0,350.0,350.0,350.0,350.0,350.0,350.0,350.0,350.0,350.0,350.0,350.0,350.0,373.0,433.0,526.0,638.0,754.0,862.0,950.0,1008.0,1034.0,1036.0,1036.0,1036.0,1036.0,1036.0,1036.0,1036.0,1036.0,1036.0,1036.0,1036.0,1036.0,1036.0,1036.0,1036.0,1048.0,1059.0,1076.0,1093.0,1103.0,1103.0,1103.0,1103.0,1103.0,1103.0,1103.0,1103.0,1103.0,1103.0,1103.0,1103.0,1103.0,1103.0,1103.0,1103.0,1103.0,1103.0,1103.0,1103.0,1122.0,1165.0,1232.0,1313.0,1396.0,1468.0,1518.0,1543.0,1549.0,1552.0,1552.0,1552.0,1552.0,1552.0,1552.0,1552.0,1552.0,73,November 14,Agen
0.0072085834802671014,1.5065733044463827,0.7553170657529169,1.3620309900062244,1.3620309900062244,0.4944356099994842,1.1896603883409829,2.8600591235033037,2.8600591235033037,0.6891171148747346,0.5220041408632662,3.1640083721894894,3.1640083721894894,0.4858444120497605,0.7688505576870359,1.1742800669316793,1.1742800669316793,0.5354876429121813,0.9198522704852529,13.29,-0.08778065889416806,0.08778065889416806,203.6681715575621,6.159999999999998,5.609999999999999,4.6933333333333325,4.209999999999999,3.8599999999999994,3.7599999999999993,3.6599999999999997,3.5849999999999995,3.4822222222222217,3.5699999999999994,3.6781818181818178,3.918333333333333,4.1523076923076925,4.524285714285714,4.966666666666666,5.4725,5.965882352941176,6.371111111111111,6.581052631578947,6.695,6.698095238095238,6.619090909090909,6.499130434782609,6.351666666666667,6.179999999999999,6.009999999999999,5.811851851851851,5.574285714285714,5.332413793103448,5.123333333333333,4.918064516129032,4.71625,4.526666666666666,4.392352941176471,4.2371428571428575,4.135,4.114054054054055,4.157368421052631,4.226666666666667,4.279999999999999,4.357560975609756,4.4433333333333325,4.506511627906977,4.530454545454545,4.497777777777778,4.427391304347825,4.323829787234042,4.232916666666666,4.12734693877551,4.02,3.944313725490196,3.883076923076923,3.843018867924528,3.8377777777777773,3.8563636363636364,3.8457142857142856,3.823157894736842,3.780689655172414,3.74135593220339,3.7233333333333336,3.7468852459016393,3.7874193548387094,3.8314285714285714,3.8678125000000003,3.9092307692307693,3.9690909090909097,4.031641791044777,4.065882352941177,4.09768115942029,4.1257142857142854,4.121971830985916,4.1016666666666675,4.06958904109589,4.03027027027027,3.9880000000000004,3.935000000000001,3.8859740259740256,3.8446153846153845,3.814430379746836,3.7712499999999998,3.757530864197532,3.7282926829268295,3.7190361445783133,3.7195238095238103,3.747058823529412,3.787906976744186,3.8404597701149426,3.920227272727273,4.003820224719101,4.0777777777777775,4.134725274725275,4.166521739130435,4.18258064516129,4.186595744680852,4.175789473684211,4.152708333333333,4.142474226804124,4.14265306122449,4.1589898989898995,4.184,4.21940594059406,4.251176470588235,4.283300970873786,4.312884615384615,4.353333333333334,4.396792452830189,4.435700934579439,4.468333333333334,4.484770642201835,4.503636363636363,4.512252252252252,4.535892857142857,4.557345132743363,4.571403508771929,4.579999999999999,4.589310344827585,4.589914529914529,4.598135593220339,4.591092436974789,4.568333333333333,4.534380165289256,4.500983606557377,4.465691056910569,4.4325806451612895,4.402399999999999,4.373492063492063,4.352125984251968,4.3475,72.08333333333333,865.0,0.0,0.0,0.0,0.0,0.0,0.0,0.0,0.0,0.0,0.0,0.0,0.0,0.0,0.0,0.0,15.0,43.0,88.0,143.0,196.0,237.0,260.0,262.0,262.0,262.0,262.0,262.0,262.0,262.0,262.0,262.0,262.0,262.0,262.0,262.0,262.0,262.0,262.0,262.0,273.0,290.0,319.0,354.0,383.0,398.0,398.0,398.0,398.0,400.0,400.0,400.0,400.0,400.0,400.0,400.0,400.0,400.0,400.0,400.0,400.0,400.0,400.0,400.0,412.0,438.0,480.0,527.0,568.0,597.0,609.0,609.0,609.0,612.0,612.0,612.0,612.0,612.0,612.0,612.0,612.0,612.0,612.0,612.0,612.0,612.0,612.0,612.0,635.0,695.0,788.0,900.0,1016.0,1124.0,1212.0,1270.0,1296.0,1298.0,1298.0,1298.0,1298.0,1298.0,1298.0,1298.0,1298.0,1298.0,1298.0,1298.0,1298.0,1298.0,1298.0,1298.0,1310.0,1321.0,1338.0,1355.0,1365.0,1365.0,1365.0,1365.0,1365.0,1365.0,1365.0,1365.0,1365.0,1365.0,1365.0,1365.0,1365.0,74,November 15,Agen
0.0072085834802671014,1.5065733044463827,0.7553170657529169,1.3620309900062244,1.3620309900062244,0.4944356099994842,1.1896603883409829,2.8600591235033037,2.8600591235033037,0.6891171148747346,0.5220041408632662,3.1640083721894894,3.1640083721894894,0.4858444120497605,0.7688505576870359,1.1742800669316793,1.1742800669316793,0.5354876429121813,0.9198522704852529,10.098333333333333,0.18538019024728025,0.18538019024728025,264.65588380920946,4.46,4.26,4.16,4.085,3.78,3.66,3.4457142857142857,3.335,3.2933333333333334,3.4,3.6509090909090904,3.9683333333333337,4.267692307692308,4.574285714285715,4.859999999999999,5.0725,5.236470588235294,5.365555555555556,5.407368421052631,5.369999999999999,5.3028571428571425,5.305454545454545,5.316521739130434,5.339166666666666,5.371999999999999,5.359999999999999,5.267407407407409,5.177857142857143,5.084137931034483,5.023333333333335,4.960000000000001,4.900625,4.832727272727272,4.818823529411765,4.817142857142858,4.865555555555556,4.922162162162162,5.038947368421053,5.195897435897436,5.3925,5.599024390243903,5.781428571428571,5.887906976744186,5.955454545454544,5.973333333333333,5.951304347826086,5.906808510638297,5.845416666666666,5.7681632653061214,5.688,5.589411764705881,5.46576923076923,5.335471698113207,5.219259259259259,5.1018181818181825,4.983214285714285,4.86877192982456,4.784137931034483,4.685423728813558,4.616666666666665,4.596065573770491,4.614838709677419,4.65047619047619,4.6771875000000005,4.72,4.769090909090909,4.804776119402985,4.815882352941176,4.7904347826086955,4.74,4.667042253521127,4.601666666666667,4.525753424657533,4.447837837837838,4.390666666666665,4.342894736842105,4.309350649350648,4.299743589743589,4.306835443037975,4.29375,4.2723456790123455,4.2368292682926825,4.203373493975903,4.185,4.196470588235294,4.22046511627907,4.247356321839081,4.269090909090909,4.294831460674157,4.334444444444444,4.376483516483516,4.398043478260869,4.418064516129032,4.435531914893617,4.429473684210526,4.411041666666667,4.383711340206185,4.350816326530612,4.315555555555555,4.272,4.231287128712871,4.196274509803922,4.169708737864078,4.133076923076922,4.119047619047619,4.093018867924528,4.082429906542055,4.079444444444444,4.097614678899083,4.126363636363636,4.164504504504505,4.224285714285714,4.287433628318584,4.343333333333333,4.386086956521739,4.409137931034483,4.41982905982906,4.421016949152542,4.410420168067227,4.39,4.379834710743802,4.378032786885245,4.389268292682926,4.407580645161291,4.434399999999999,4.4584126984126975,4.48283464566929,4.5053125,9.0,108.0,0.0,0.0,0.0,0.0,0.0,0.0,0.0,0.0,0.0,0.0,0.0,0.0,0.0,0.0,0.0,24.0,96.0,207.0,344.0,490.0,629.0,745.0,826.0,865.0,865.0,865.0,865.0,865.0,865.0,865.0,865.0,865.0,865.0,865.0,865.0,865.0,865.0,865.0,865.0,880.0,908.0,953.0,1008.0,1061.0,1102.0,1125.0,1127.0,1127.0,1127.0,1127.0,1127.0,1127.0,1127.0,1127.0,1127.0,1127.0,1127.0,1127.0,1127.0,1127.0,1127.0,1127.0,1127.0,1138.0,1155.0,1184.0,1219.0,1248.0,1263.0,1263.0,1263.0,1263.0,1265.0,1265.0,1265.0,1265.0,1265.0,1265.0,1265.0,1265.0,1265.0,1265.0,1265.0,1265.0,1265.0,1265.0,1265.0,1277.0,1303.0,1345.0,1392.0,1433.0,1462.0,1474.0,1474.0,1474.0,1477.0,1477.0,1477.0,1477.0,1477.0,1477.0,1477.0,1477.0,1477.0,1477.0,1477.0,1477.0,1477.0,1477.0,1477.0,1500.0,1560.0,1653.0,1765.0,1881.0,1989.0,2077.0,2135.0,2161.0,2163.0,2163.0,2163.0,2163.0,2163.0,2163.0,2163.0,2163.0,75,November 16,Agen
0.0072085834802671014,1.5065733044463827,0.7553170657529169,1.3620309900062244,1.3620309900062244,0.4944356099994842,1.1896603883409829,2.8600591235033037,2.8600591235033037,0.6891171148747346,0.5220041408632662,3.1640083721894894,3.1640083721894894,0.4858444120497605,0.7688505576870359,1.1742800669316793,1.1742800669316793,0.5354876429121813,0.9198522704852529,8.073333333333332,-0.06685481622008284,0.06685481622008284,208.34021469859618,6.8599999999999985,7.009999999999998,6.859999999999999,6.635,6.4799999999999995,6.309999999999999,6.345714285714285,6.66,7.0488888888888885,7.49,8.06,8.534999999999998,8.898461538461538,9.195714285714285,9.4,9.535,9.707058823529412,9.79888888888889,9.82842105263158,9.76,9.688571428571427,9.578181818181818,9.40782608695652,9.218333333333332,9.027999999999999,8.836923076923076,8.656296296296295,8.485,8.280689655172413,8.106666666666666,7.914838709677419,7.7475,7.6024242424242425,7.507058823529412,7.468571428571428,7.468333333333334,7.47891891891892,7.507368421052632,7.542051282051282,7.56,7.567317073170732,7.5671428571428585,7.534418604651163,7.46909090909091,7.391111111111112,7.3469565217391315,7.308936170212766,7.27875,7.255918367346938,7.212000000000001,7.126666666666668,7.042692307692307,6.956226415094339,6.887777777777778,6.818181818181818,6.751071428571429,6.679298245614034,6.639310344827587,6.607457627118644,6.606666666666667,6.6124590163934425,6.656774193548387,6.728253968253967,6.8271875,6.935384615384614,7.031212121212122,7.08089552238806,7.107058823529412,7.102028985507246,7.071428571428571,7.026197183098591,6.969722222222223,6.902465753424657,6.832972972972973,6.750666666666667,6.650789473684211,6.545714285714286,6.449743589743591,6.352405063291139,6.25375,6.157530864197531,6.081951219512195,5.996144578313253,5.9314285714285715,5.9011764705882355,5.89953488372093,5.910574712643677,5.915681818181818,5.933033707865169,5.955555555555556,5.968791208791207,5.964347826086955,5.933118279569892,5.8834042553191495,5.8168421052631585,5.7558333333333325,5.68680412371134,5.61612244897959,5.5610101010101,5.513,5.475841584158415,5.457058823529412,5.451262135922329,5.430192307692308,5.402857142857142,5.364716981132075,5.328224299065419,5.303518518518518,5.302201834862385,5.3109090909090915,5.322162162162161,5.329642857142858,5.340530973451328,5.362631578947368,5.386956521739131,5.395344827586206,5.402735042735043,5.408305084745762,5.395294117647058,5.3725,5.3426446280991735,5.308360655737704,5.272195121951219,5.229354838709677,5.1888000000000005,5.152857142857144,5.123779527559054,5.086562499999999,82.16666666666667,986.0,0.0,0.0,0.0,0.0,0.0,0.0,0.0,0.0,0.0,0.0,0.0,0.0,0.0,0.0,0.0,12.0,30.0,56.0,82.0,101.0,108.0,108.0,108.0,108.0,108.0,108.0,108.0,108.0,108.0,108.0,108.0,108.0,108.0,108.0,108.0,108.0,108.0,108.0,108.0,132.0,204.0,315.0,452.0,598.0,737.0,853.0,934.0,973.0,973.0,973.0,973.0,973.0,973.0,973.0,973.0,973.0,973.0,973.0,973.0,973.0,973.0,973.0,973.0,988.0,1016.0,1061.0,1116.0,1169.0,1210.0,1233.0,1235.0,1235.0,1235.0,1235.0,1235.0,1235.0,1235.0,1235.0,1235.0,1235.0,1235.0,1235.0,1235.0,1235.0,1235.0,1235.0,1235.0,1246.0,1263.0,1292.0,1327.0,1356.0,1371.0,1371.0,1371.0,1371.0,1373.0,1373.0,1373.0,1373.0,1373.0,1373.0,1373.0,1373.0,1373.0,1373.0,1373.0,1373.0,1373.0,1373.0,1373.0,1385.0,1411.0,1453.0,1500.0,1541.0,1570.0,1582.0,1582.0,1582.0,1585.0,1585.0,1585.0,1585.0,1585.0,1585.0,1585.0,1585.0,76,November 17,Agen
0.0072085834802671014,1.5065733044463827,0.7553170657529169,1.3620309900062244,1.3620309900062244,0.4944356099994842,1.1896603883409829,2.8600591235033037,2.8600591235033037,0.6891171148747346,0.5220041408632662,3.1640083721894894,3.1640083721894894,0.4858444120497605,0.7688505576870359,1.1742800669316793,1.1742800669316793,0.5354876429121813,0.9198522704852529,11.306666666666667,-0.04063079235141999,0.04063079235141999,214.19516509433964,4.56,4.109999999999999,3.793333333333333,3.4349999999999996,3.1799999999999997,3.2433333333333336,3.3457142857142856,3.4974999999999996,3.7377777777777776,4.18,4.705454545454544,5.260000000000001,5.890769230769229,6.609999999999999,7.226666666666666,7.8475,8.324705882352943,8.715555555555557,8.94421052631579,9.015,8.974285714285715,8.860000000000001,8.707826086956523,8.593333333333334,8.524,8.471538461538461,8.40074074074074,8.31357142857143,8.22896551724138,8.136666666666667,8.085806451612903,8.11,8.172121212121212,8.268823529411765,8.425714285714289,8.573888888888892,8.700540540540542,8.815263157894739,8.903589743589745,8.97,9.055121951219512,9.11,9.13906976744186,9.123636363636365,9.104444444444445,9.064347826086959,8.991914893617023,8.905833333333334,8.815102040816326,8.72,8.626666666666667,8.535000000000002,8.422264150943398,8.322962962962965,8.210909090909093,8.11,8.019649122807017,7.956551724137931,7.926101694915255,7.918333333333335,7.917377049180329,7.927741935483873,7.942539682539684,7.947500000000001,7.946153846153846,7.9403030303030295,7.9137313432835805,7.865882352941177,7.809275362318839,7.774285714285711,7.743098591549294,7.716944444444445,7.695616438356164,7.659999999999999,7.595999999999997,7.532368421052631,7.466493506493505,7.4125641025641,7.357468354430377,7.303749999999999,7.2464197530864185,7.21121951219512,7.181686746987951,7.174285714285713,7.17176470588235,7.197209302325579,7.242758620689653,7.308863636363636,7.382471910112358,7.447777777777776,7.479780219780218,7.494782608695651,7.486881720430106,7.459999999999997,7.422105263157894,7.375624999999999,7.32082474226804,7.264081632653059,7.197373737373736,7.116999999999998,7.032277227722771,6.954117647058821,6.874563106796114,6.793653846153846,6.714285714285714,6.650566037735849,6.578691588785046,6.522962962962961,6.493944954128438,6.487272727272725,6.490630630630629,6.489464285714285,6.498053097345132,6.510877192982456,6.516521739130433,6.508275862068964,6.478803418803417,6.4345762711864385,6.376806722689074,6.323333333333333,6.263305785123966,6.201803278688523,6.152682926829267,6.109193548387095,6.074399999999999,6.054444444444441,6.045039370078738,6.023281249999998,45.166666666666664,542.0,0.0,0.0,0.0,0.0,0.0,0.0,0.0,0.0,0.0,0.0,0.0,0.0,0.0,0.0,0.0,23.0,102.0,227.0,382.0,548.0,707.0,842.0,938.0,986.0,986.0,986.0,986.0,986.0,986.0,986.0,986.0,986.0,986.0,986.0,986.0,986.0,986.0,986.0,986.0,998.0,1016.0,1042.0,1068.0,1087.0,1094.0,1094.0,1094.0,1094.0,1094.0,1094.0,1094.0,1094.0,1094.0,1094.0,1094.0,1094.0,1094.0,1094.0,1094.0,1094.0,1094.0,1094.0,1094.0,1118.0,1190.0,1301.0,1438.0,1584.0,1723.0,1839.0,1920.0,1959.0,1959.0,1959.0,1959.0,1959.0,1959.0,1959.0,1959.0,1959.0,1959.0,1959.0,1959.0,1959.0,1959.0,1959.0,1959.0,1974.0,2002.0,2047.0,2102.0,2155.0,2196.0,2219.0,2221.0,2221.0,2221.0,2221.0,2221.0,2221.0,2221.0,2221.0,2221.0,2221.0,2221.0,2221.0,2221.0,2221.0,2221.0,2221.0,2221.0,2232.0,2249.0,2278.0,2313.0,2342.0,2357.0,2357.0,2357.0,2357.0,2359.0,2359.0,2359.0,2359.0,2359.0,2359.0,2359.0,2359.0,77,November 18,Agen
0.0072085834802671014,1.5065733044463827,0.7553170657529169,1.3620309900062244,1.3620309900062244,0.4944356099994842,1.1896603883409829,2.8600591235033037,2.8600591235033037,0.6891171148747346,0.5220041408632662,3.1640083721894894,3.1640083721894894,0.4858444120497605,0.7688505576870359,1.1742800669316793,1.1742800669316793,0.5354876429121813,0.9198522704852529,13.64,0.036960960903109956,0.036960960903109956,231.51881720430103,2.86,1.26,0.25999999999999995,-0.24,-0.32,-0.1233333333333333,0.11714285714285712,0.43500000000000016,0.7044444444444444,1.04,1.3145454545454545,1.6433333333333338,1.9676923076923072,2.374285714285714,2.866666666666666,3.3787499999999993,3.8658823529411763,4.26,4.565263157894736,4.805000000000001,5.007619047619047,5.11,5.155652173913043,5.168333333333333,5.144,5.086923076923076,5.015555555555555,4.920714285714285,4.825517241379309,4.783333333333333,4.756774193548387,4.750624999999999,4.778181818181818,4.87764705882353,5.022857142857142,5.198888888888888,5.422162162162161,5.699473684210527,5.960000000000001,6.239999999999999,6.477073170731708,6.688571428571429,6.836744186046512,6.916818181818181,6.9444444444444455,6.933913043478263,6.900425531914895,6.8808333333333325,6.880408163265306,6.886,6.879607843137255,6.861923076923077,6.8430188679245285,6.8174074074074085,6.812727272727273,6.849285714285714,6.907368421052632,6.985862068965519,7.100677966101695,7.211666666666667,7.310819672131148,7.403548387096775,7.480634920634921,7.544375,7.619999999999999,7.676666666666667,7.7167164179104475,7.727647058823529,7.735362318840578,7.728571428571429,7.699436619718308,7.66,7.616164383561644,7.568108108108108,7.52,7.471842105263157,7.4080519480519476,7.352307692307693,7.286582278481013,7.227500000000001,7.174814814814814,7.140487804878049,7.12867469879518,7.132619047619047,7.141176470588234,7.157674418604651,7.1772413793103444,7.189545454545454,7.197078651685394,7.2011111111111115,7.18967032967033,7.162173913043477,7.127741935483871,7.1089361702127665,7.092631578947368,7.079791666666666,7.070309278350516,7.049795918367347,7.007474747474747,6.965,6.920396039603959,6.884509803921569,6.847378640776698,6.810961538461539,6.771428571428571,6.748679245283019,6.730093457943924,6.728518518518518,6.730642201834862,6.754545454545455,6.794234234234233,6.850178571428571,6.912212389380531,6.967894736842105,6.9973913043478255,7.013448275862069,7.011282051282051,6.993898305084746,6.967563025210083,6.934166666666666,6.8938842975206605,6.851803278688524,6.801463414634146,6.73983870967742,6.6743999999999994,6.613968253968254,6.552125984251968,6.488906249999999,16.25,195.0,0.0,0.0,0.0,0.0,0.0,0.0,0.0,0.0,0.0,0.0,0.0,0.0,0.0,0.0,0.0,17.0,65.0,142.0,237.0,334.0,420.0,486.0,526.0,542.0,542.0,542.0,542.0,542.0,542.0,542.0,542.0,542.0,542.0,542.0,542.0,542.0,542.0,542.0,542.0,565.0,644.0,769.0,924.0,1090.0,1249.0,1384.0,1480.0,1528.0,1528.0,1528.0,1528.0,1528.0,1528.0,1528.0,1528.0,1528.0,1528.0,1528.0,1528.0,1528.0,1528.0,1528.0,1528.0,1540.0,1558.0,1584.0,1610.0,1629.0,1636.0,1636.0,1636.0,1636.0,1636.0,1636.0,1636.0,1636.0,1636.0,1636.0,1636.0,1636.0,1636.0,1636.0,1636.0,1636.0,1636.0,1636.0,1636.0,1660.0,1732.0,1843.0,1980.0,2126.0,2265.0,2381.0,2462.0,2501.0,2501.0,2501.0,2501.0,2501.0,2501.0,2501.0,2501.0,2501.0,2501.0,2501.0,2501.0,2501.0,2501.0,2501.0,2501.0,2516.0,2544.0,2589.0,2644.0,2697.0,2738.0,2761.0,2763.0,2763.0,2763.0,2763.0,2763.0,2763.0,2763.0,2763.0,2763.0,2763.0,78,November 19,Agen
0.0072085834802671014,1.5065733044463827,0.7553170657529169,1.3620309900062244,1.3620309900062244,0.4944356099994842,1.1896603883409829,2.8600591235033037,2.8600591235033037,0.6891171148747346,0.5220041408632662,3.1640083721894894,3.1640083721894894,0.4858444120497605,0.7688505576870359,1.1742800669316793,1.1742800669316793,0.5354876429121813,0.9198522704852529,11.423333333333336,0.10558940240862108,0.10558940240862108,246.8412605777648,5.56,5.209999999999999,4.826666666666665,4.409999999999999,3.88,3.526666666666666,3.231428571428571,2.9724999999999997,2.8933333333333326,2.79,2.5236363636363635,2.3433333333333333,2.2446153846153845,2.3242857142857143,2.5133333333333336,2.72875,3.036470588235294,3.3600000000000003,3.6231578947368424,3.8550000000000004,4.0600000000000005,4.2281818181818185,4.325217391304348,4.351666666666667,4.292000000000001,4.113846153846153,3.8970370370370375,3.6957142857142857,3.546206896551724,3.4566666666666666,3.395483870967742,3.3724999999999996,3.356969696969697,3.3776470588235292,3.397142857142857,3.448888888888889,3.5140540540540544,3.6231578947368424,3.78051282051282,3.9625,4.150243902439025,4.312380952380952,4.446046511627906,4.557727272727272,4.657777777777777,4.714347826086955,4.745106382978723,4.760000000000001,4.755918367346939,4.734,4.703137254901961,4.658076923076923,4.610943396226415,4.59148148148148,4.579999999999999,4.579642857142856,4.5985964912280695,4.66,4.749830508474576,4.859999999999999,5.000983606557377,5.177741935483872,5.347301587301588,5.531875,5.6923076923076925,5.838787878787878,5.946567164179105,6.011470588235294,6.042608695652174,6.048571428571428,6.03887323943662,6.037777777777778,6.049041095890411,6.064054054054054,6.070666666666667,6.06921052631579,6.066493506493506,6.058717948717948,6.06506329113924,6.1,6.150123456790124,6.214878048780489,6.30578313253012,6.394523809523808,6.475294117647057,6.551860465116277,6.617471264367815,6.673636363636363,6.738651685393258,6.789999999999999,6.829230769230769,6.846956521739129,6.862150537634407,6.8663829787234025,6.853684210526315,6.832916666666667,6.808453608247421,6.780408163265305,6.751919191919192,6.722999999999998,6.681782178217821,6.64627450980392,6.602718446601941,6.563846153846153,6.529523809523809,6.509056603773584,6.505794392523364,6.514629629629629,6.526972477064219,6.545454545454543,6.566306306306306,6.581428571428572,6.592743362831858,6.601228070175439,6.597391304347825,6.580689655172413,6.558290598290598,6.548135593220338,6.539831932773109,6.534166666666667,6.531074380165288,6.519016393442623,6.489268292682926,6.459193548387096,6.427199999999999,6.402063492063491,6.3757480314960615,6.34984375,21.25,255.0,0.0,0.0,0.0,0.0,0.0,0.0,0.0,0.0,0.0,0.0,0.0,0.0,0.0,0.0,0.0,13.0,36.0,73.0,117.0,157.0,185.0,195.0,195.0,195.0,195.0,195.0,195.0,195.0,195.0,195.0,195.0,195.0,195.0,195.0,195.0,195.0,195.0,195.0,195.0,212.0,260.0,337.0,432.0,529.0,615.0,681.0,721.0,737.0,737.0,737.0,737.0,737.0,737.0,737.0,737.0,737.0,737.0,737.0,737.0,737.0,737.0,737.0,737.0,760.0,839.0,964.0,1119.0,1285.0,1444.0,1579.0,1675.0,1723.0,1723.0,1723.0,1723.0,1723.0,1723.0,1723.0,1723.0,1723.0,1723.0,1723.0,1723.0,1723.0,1723.0,1723.0,1723.0,1735.0,1753.0,1779.0,1805.0,1824.0,1831.0,1831.0,1831.0,1831.0,1831.0,1831.0,1831.0,1831.0,1831.0,1831.0,1831.0,1831.0,1831.0,1831.0,1831.0,1831.0,1831.0,1831.0,1831.0,1855.0,1927.0,2038.0,2175.0,2321.0,2460.0,2576.0,2657.0,2696.0,2696.0,2696.0,2696.0,2696.0,2696.0,2696.0,2696.0,2696.0,79,November 20,Agen
0.0072085834802671014,1.5065733044463827,0.7553170657529169,1.3620309900062244,1.3620309900062244,0.4944356099994842,1.1896603883409829,2.8600591235033037,2.8600591235033037,0.6891171148747346,0.5220041408632662,3.1640083721894894,3.1640083721894894,0.4858444120497605,0.7688505576870359,1.1742800669316793,1.1742800669316793,0.5354876429121813,0.9198522704852529,13.98166666666667,0.04846060089281372,0.04846060089281372,234.0863034926689,3.56,2.81,2.526666666666667,2.16,2.1,2.143333333333333,2.117142857142857,2.085,2.1377777777777776,2.21,2.169090909090909,2.101666666666666,2.1446153846153844,2.4314285714285715,2.866666666666667,3.39125,3.871764705882353,4.287777777777778,4.56,4.79,4.945714285714286,5.119090909090908,5.26,5.339166666666666,5.348,5.32923076923077,5.282222222222223,5.206428571428572,5.087586206896552,4.976666666666668,4.863225806451615,4.7475,4.672121212121212,4.589411764705882,4.454285714285715,4.340555555555556,4.251891891891892,4.22842105263158,4.252307692307693,4.295,4.3843902439024385,4.490952380952381,4.580930232558139,4.664545454545455,4.742222222222223,4.807826086956523,4.842978723404256,4.845416666666666,4.804897959183673,4.702,4.575686274509804,4.45423076923077,4.358113207547171,4.293333333333334,4.243636363636364,4.215357142857143,4.191578947368421,4.189310344827587,4.187118644067797,4.205000000000001,4.232131147540983,4.287419354838709,4.374285714285714,4.47875,4.5892307692307694,4.685757575757576,4.765970149253731,4.833529411764705,4.894782608695652,4.928571428571429,4.945915492957747,4.953055555555555,4.947671232876712,4.93027027027027,4.906666666666666,4.873157894736842,4.8379220779220775,4.821538461538461,4.810632911392404,4.807499999999999,4.8180246913580245,4.858780487804878,4.920240963855421,4.996904761904761,5.096470588235294,5.2227906976744185,5.345057471264367,5.479318181818181,5.597078651685393,5.705555555555554,5.786373626373626,5.836086956521737,5.861075268817202,5.867446808510636,5.862105263157893,5.863124999999999,5.87340206185567,5.886530612244897,5.893333333333333,5.893999999999998,5.893663366336632,5.889411764705882,5.895922330097087,5.924423076923078,5.964761904761905,6.016603773584905,6.088971962616823,6.16,6.225137614678898,6.287272727272726,6.3410810810810805,6.387678571428571,6.441415929203539,6.48456140350877,6.518260869565217,6.534999999999998,6.5497435897435885,6.555762711864406,6.548235294117647,6.534166666666666,6.517024793388429,6.496885245901638,6.476260162601625,6.45516129032258,6.4239999999999995,6.397301587301587,6.363937007874016,6.33421875,14.416666666666666,173.0,0.0,0.0,0.0,0.0,0.0,0.0,0.0,0.0,0.0,0.0,0.0,0.0,0.0,0.0,0.0,15.0,43.0,87.0,139.0,190.0,230.0,252.0,255.0,255.0,255.0,255.0,255.0,255.0,255.0,255.0,255.0,255.0,255.0,255.0,255.0,255.0,255.0,255.0,255.0,268.0,291.0,328.0,372.0,412.0,440.0,450.0,450.0,450.0,450.0,450.0,450.0,450.0,450.0,450.0,450.0,450.0,450.0,450.0,450.0,450.0,450.0,450.0,450.0,467.0,515.0,592.0,687.0,784.0,870.0,936.0,976.0,992.0,992.0,992.0,992.0,992.0,992.0,992.0,992.0,992.0,992.0,992.0,992.0,992.0,992.0,992.0,992.0,1015.0,1094.0,1219.0,1374.0,1540.0,1699.0,1834.0,1930.0,1978.0,1978.0,1978.0,1978.0,1978.0,1978.0,1978.0,1978.0,1978.0,1978.0,1978.0,1978.0,1978.0,1978.0,1978.0,1978.0,1990.0,2008.0,2034.0,2060.0,2079.0,2086.0,2086.0,2086.0,2086.0,2086.0,2086.0,2086.0,2086.0,2086.0,2086.0,2086.0,2086.0,80,November 21,Agen
0.0072085834802671014,1.5065733044463827,0.7553170657529169,1.3620309900062244,1.3620309900062244,0.4944356099994842,1.1896603883409829,2.8600591235033037,2.8600591235033037,0.6891171148747346,0.5220041408632662,3.1640083721894894,3.1640083721894894,0.4858444120497605,0.7688505576870359,1.1742800669316793,1.1742800669316793,0.5354876429121813,0.9198522704852529,12.573333333333334,-0.04700624456359452,0.04700624456359452,212.7717391304348,2.96,3.36,3.793333333333333,3.9849999999999994,4.2,4.46,4.859999999999999,5.185,5.493333333333333,5.7299999999999995,5.823636363636362,5.835,5.898461538461538,6.03142857142857,6.106666666666667,6.153749999999999,6.171764705882351,6.176666666666666,6.2389473684210515,6.234999999999999,6.159999999999999,6.069090909090909,5.986086956521739,5.926666666666665,5.831999999999999,5.686923076923076,5.5488888888888885,5.388571428571427,5.266896551724138,5.169999999999999,5.066451612903225,4.96625,4.893333333333333,4.833529411764706,4.745714285714285,4.651666666666666,4.597837837837838,4.638947368421052,4.749743589743589,4.9125,5.074634146341463,5.224285714285714,5.322790697674418,5.41,5.4688888888888885,5.5404347826086955,5.600425531914892,5.632916666666667,5.63142857142857,5.615999999999998,5.585490196078432,5.538846153846152,5.46754716981132,5.398888888888888,5.327272727272727,5.252857142857143,5.200350877192981,5.142758620689654,5.053220338983051,4.974999999999999,4.910819672131146,4.885806451612902,4.890158730158729,4.906874999999999,4.953846153846153,5.013030303030303,5.062985074626865,5.109999999999999,5.154202898550724,5.191428571428571,5.209295774647886,5.205833333333333,5.173698630136986,5.099189189189189,5.008,4.919210526315789,4.847012987012986,4.795897435897436,4.754936708860759,4.72875,4.705679012345678,4.69780487804878,4.6901204819277105,4.696904761904762,4.710588235294117,4.744883720930232,4.802528735632183,4.873636363636364,4.949887640449438,5.016666666666666,5.072087912087912,5.118695652173913,5.1610752688172035,5.183404255319148,5.193684210526316,5.196458333333332,5.189896907216494,5.1742857142857135,5.153939393939393,5.1259999999999994,5.096633663366337,5.081568627450981,5.070679611650485,5.06576923076923,5.071428571428571,5.100566037735848,5.145981308411215,5.203518518518518,5.27926605504587,5.376363636363634,5.470810810810809,5.575178571428572,5.6670796460177,5.752105263157895,5.815652173913044,5.854827586206897,5.874529914529913,5.879491525423727,5.875126050420166,5.875833333333333,5.883966942148761,5.894426229508197,5.899837398373983,5.9003225806451605,5.8999999999999995,5.896507936507936,5.901732283464566,5.92484375,54.916666666666664,659.0,0.0,0.0,0.0,0.0,0.0,0.0,0.0,0.0,0.0,0.0,0.0,0.0,0.0,0.0,0.0,14.0,37.0,71.0,109.0,142.0,165.0,173.0,173.0,173.0,173.0,173.0,173.0,173.0,173.0,173.0,173.0,173.0,173.0,173.0,173.0,173.0,173.0,173.0,173.0,188.0,216.0,260.0,312.0,363.0,403.0,425.0,428.0,428.0,428.0,428.0,428.0,428.0,428.0,428.0,428.0,428.0,428.0,428.0,428.0,428.0,428.0,428.0,428.0,441.0,464.0,501.0,545.0,585.0,613.0,623.0,623.0,623.0,623.0,623.0,623.0,623.0,623.0,623.0,623.0,623.0,623.0,623.0,623.0,623.0,623.0,623.0,623.0,640.0,688.0,765.0,860.0,957.0,1043.0,1109.0,1149.0,1165.0,1165.0,1165.0,1165.0,1165.0,1165.0,1165.0,1165.0,1165.0,1165.0,1165.0,1165.0,1165.0,1165.0,1165.0,1165.0,1188.0,1267.0,1392.0,1547.0,1713.0,1872.0,2007.0,2103.0,2151.0,2151.0,2151.0,2151.0,2151.0,2151.0,2151.0,2151.0,2151.0,81,November 22,Agen
0.0072085834802671014,1.5065733044463827,0.7553170657529169,1.3620309900062244,1.3620309900062244,0.4944356099994842,1.1896603883409829,2.8600591235033037,2.8600591235033037,0.6891171148747346,0.5220041408632662,3.1640083721894894,3.1640083721894894,0.4858444120497605,0.7688505576870359,1.1742800669316793,1.1742800669316793,0.5354876429121813,0.9198522704852529,11.181666666666667,-0.08488310337152451,0.08488310337152451,204.3150991205843,2.76,2.51,2.9599999999999995,3.485,4.039999999999999,4.559999999999999,5.288571428571428,5.81,6.337777777777777,6.85,7.187272727272728,7.401666666666667,7.536923076923078,7.617142857142858,7.666666666666669,7.735,7.82470588235294,7.9322222222222205,7.986315789473685,7.9449999999999985,7.84095238095238,7.709999999999999,7.573043478260868,7.414166666666667,7.235999999999999,7.102307692307691,7.011851851851851,6.924285714285714,6.86,6.823333333333333,6.837419354838709,6.8568750000000005,6.890303030303031,6.918823529411764,6.914285714285715,6.887777777777777,6.881621621621621,6.904736842105262,6.9112820512820505,6.909999999999999,6.899024390243903,6.883809523809524,6.894883720930232,6.878181818181818,6.828888888888889,6.770869565217392,6.71531914893617,6.670416666666665,6.606938775510204,6.515999999999999,6.426666666666667,6.3234615384615385,6.239245283018868,6.167407407407406,6.090909090909092,6.015357142857143,5.954736842105262,5.9013793103448275,5.831186440677966,5.756666666666666,5.705901639344263,5.7132258064516135,5.7647619047619045,5.850624999999999,5.938461538461539,6.02060606060606,6.071940298507462,6.11735294117647,6.14550724637681,6.182857142857143,6.213521126760563,6.226666666666666,6.217534246575342,6.199189189189188,6.170666666666666,6.131052631578947,6.074285714285714,6.01897435897436,5.96126582278481,5.901249999999999,5.8562962962962954,5.807560975609755,5.735903614457831,5.671904761904761,5.617647058823529,5.591395348837209,5.586436781609196,5.590681818181817,5.617303370786516,5.653333333333332,5.683076923076923,5.711086956521739,5.737419354838709,5.758936170212765,5.7663157894736825,5.757916666666667,5.728041237113402,5.666122448979592,5.591313131313131,5.518,5.4570297029702965,5.411960784313724,5.374563106796114,5.348461538461539,5.324761904761904,5.312830188679245,5.301121495327102,5.30074074074074,5.305871559633027,5.327272727272726,5.367207207207206,5.418035714285715,5.473274336283186,5.521403508771929,5.560869565217391,5.593620689655173,5.623247863247863,5.637118644067796,5.641512605042016,5.64,5.631074380165289,5.6149180327868855,5.594959349593496,5.568870967741934,5.5416,5.525873015873015,5.513543307086613,5.50609375,60.416666666666664,725.0,0.0,0.0,0.0,0.0,0.0,0.0,0.0,0.0,0.0,0.0,0.0,0.0,0.0,0.0,0.0,17.0,74.0,164.0,274.0,388.0,494.0,580.0,636.0,659.0,659.0,659.0,659.0,659.0,659.0,659.0,659.0,659.0,659.0,659.0,659.0,659.0,659.0,659.0,659.0,673.0,696.0,730.0,768.0,801.0,824.0,832.0,832.0,832.0,832.0,832.0,832.0,832.0,832.0,832.0,832.0,832.0,832.0,832.0,832.0,832.0,832.0,832.0,832.0,847.0,875.0,919.0,971.0,1022.0,1062.0,1084.0,1087.0,1087.0,1087.0,1087.0,1087.0,1087.0,1087.0,1087.0,1087.0,1087.0,1087.0,1087.0,1087.0,1087.0,1087.0,1087.0,1087.0,1100.0,1123.0,1160.0,1204.0,1244.0,1272.0,1282.0,1282.0,1282.0,1282.0,1282.0,1282.0,1282.0,1282.0,1282.0,1282.0,1282.0,1282.0,1282.0,1282.0,1282.0,1282.0,1282.0,1282.0,1299.0,1347.0,1424.0,1519.0,1616.0,1702.0,1768.0,1808.0,1824.0,1824.0,1824.0,1824.0,1824.0,1824.0,1824.0,1824.0,1824.0,82,November 23,Agen
0.0072085834802671014,1.5065733044463827,0.7553170657529169,1.3620309900062244,1.3620309900062244,0.4944356099994842,1.1896603883409829,2.8600591235033037,2.8600591235033037,0.6891171148747346,0.5220041408632662,3.1640083721894894,3.1640083721894894,0.4858444120497605,0.7688505576870359,1.1742800669316793,1.1742800669316793,0.5354876429121813,0.9198522704852529,5.923333333333333,-0.15978749063419895,0.15978749063419895,187.59144625773786,8.46,8.61,8.793333333333335,9.06,9.4,9.626666666666667,9.902857142857142,10.059999999999999,10.24888888888889,10.45,10.514545454545454,10.543333333333335,10.49846153846154,10.331428571428573,10.200000000000001,10.1225,10.154117647058825,10.19888888888889,10.223157894736843,10.24,10.231428571428571,10.110000000000001,9.89913043478261,9.680833333333334,9.404,9.12923076923077,8.934074074074074,8.795714285714284,8.708275862068966,8.656666666666666,8.689032258064517,8.713125,8.769090909090908,8.848235294117647,8.897142857142857,8.92111111111111,8.927567567567568,8.920526315789473,8.906153846153845,8.9025,8.911219512195121,8.93142857142857,8.932093023255815,8.891818181818183,8.822222222222223,8.738260869565217,8.64936170212766,8.5475,8.433469387755101,8.339999999999998,8.267843137254902,8.196538461538463,8.137358490566037,8.093333333333332,8.078181818181818,8.067142857142857,8.065263157894737,8.061724137931034,8.039661016949152,8.005,7.982950819672131,7.979354838709677,7.966349206349205,7.949062499999999,7.926153846153847,7.900909090909091,7.892835820895525,7.86735294117647,7.820869565217391,7.768571428571428,7.717746478873238,7.6738888888888885,7.617534246575343,7.542432432432434,7.468,7.383684210526317,7.311948051948051,7.248461538461538,7.181518987341772,7.115,7.058765432098765,7.007560975609757,6.94433734939759,6.877857142857143,6.828235294117647,6.8204651162790695,6.845057471264366,6.895227272727272,6.947640449438203,6.996666666666667,7.0237362637362635,7.04695652173913,7.05784946236559,7.075957446808511,7.0894736842105255,7.090208333333333,7.074432989690722,7.051836734693877,7.021616161616161,6.983,6.931287128712871,6.880588235294117,6.827961165048543,6.773461538461538,6.730476190476191,6.684528301886792,6.620747663551401,6.562777777777778,6.512293577981651,6.483636363636363,6.471711711711711,6.467142857142856,6.480353982300885,6.50122807017544,6.517391304347826,6.532413793103448,6.546324786324786,6.556610169491526,6.55579831932773,6.5424999999999995,6.5120661157024795,6.455901639344263,6.389268292682927,6.323709677419354,6.268,6.225079365079364,6.188346456692912,6.16078125,81.5,978.0,0.0,0.0,0.0,0.0,0.0,0.0,0.0,0.0,0.0,0.0,0.0,0.0,0.0,0.0,0.0,17.0,77.0,175.0,295.0,421.0,538.0,633.0,697.0,725.0,725.0,725.0,725.0,725.0,725.0,725.0,725.0,725.0,725.0,725.0,725.0,725.0,725.0,725.0,725.0,742.0,799.0,889.0,999.0,1113.0,1219.0,1305.0,1361.0,1384.0,1384.0,1384.0,1384.0,1384.0,1384.0,1384.0,1384.0,1384.0,1384.0,1384.0,1384.0,1384.0,1384.0,1384.0,1384.0,1398.0,1421.0,1455.0,1493.0,1526.0,1549.0,1557.0,1557.0,1557.0,1557.0,1557.0,1557.0,1557.0,1557.0,1557.0,1557.0,1557.0,1557.0,1557.0,1557.0,1557.0,1557.0,1557.0,1557.0,1572.0,1600.0,1644.0,1696.0,1747.0,1787.0,1809.0,1812.0,1812.0,1812.0,1812.0,1812.0,1812.0,1812.0,1812.0,1812.0,1812.0,1812.0,1812.0,1812.0,1812.0,1812.0,1812.0,1812.0,1825.0,1848.0,1885.0,1929.0,1969.0,1997.0,2007.0,2007.0,2007.0,2007.0,2007.0,2007.0,2007.0,2007.0,2007.0,2007.0,2007.0,83,November 24,Agen
0.0072085834802671014,1.5065733044463827,0.7553170657529169,1.3620309900062244,1.3620309900062244,0.4944356099994842,1.1896603883409829,2.8600591235033037,2.8600591235033037,0.6891171148747346,0.5220041408632662,3.1640083721894894,3.1640083721894894,0.4858444120497605,0.7688505576870359,1.1742800669316793,1.1742800669316793,0.5354876429121813,0.9198522704852529,8.781666666666666,0.0021318856224858207,0.0021318856224858207,223.74264566331368,7.3599999999999985,6.659999999999999,6.126666666666666,6.035,6.18,6.059999999999999,6.102857142857141,6.0225,6.071111111111112,6.33,6.678181818181818,7.1433333333333335,7.5138461538461545,7.938571428571429,8.413333333333334,8.966249999999999,9.495294117647058,9.904444444444444,10.212631578947367,10.405,10.55047619047619,10.614545454545455,10.642608695652173,10.61,10.524,10.456153846153844,10.408148148148147,10.388571428571428,10.401379310344828,10.41333333333333,10.45032258064516,10.4725,10.511515151515152,10.562941176470586,10.579999999999998,10.587777777777777,10.570810810810809,10.507368421052629,10.45230769230769,10.415,10.420975609756097,10.433809523809524,10.439069767441861,10.441818181818181,10.433333333333334,10.37086956521739,10.262127659574467,10.145416666666668,9.99469387755102,9.839999999999998,9.722745098039216,9.633076923076922,9.56943396226415,9.524814814814814,9.527272727272727,9.526071428571429,9.54421052631579,9.577241379310346,9.593898305084744,9.596666666666666,9.589508196721312,9.574516129032258,9.555238095238096,9.5428125,9.538461538461538,9.541818181818181,9.533134328358207,9.498235294117647,9.444057971014493,9.38,9.312112676056337,9.234999999999998,9.14904109589041,9.076216216216215,9.017333333333335,8.958684210526314,8.908051948051947,8.867692307692307,8.8473417721519,8.83,8.81925925925926,8.807560975609757,8.78289156626506,8.749285714285714,8.72470588235294,8.713488372093023,8.695632183908046,8.674772727272726,8.649887640449439,8.623333333333333,8.609450549450548,8.582826086956521,8.540645161290323,8.49404255319149,8.448421052631579,8.407916666666667,8.357938144329896,8.293673469387755,8.229696969696969,8.158000000000001,8.095643564356436,8.039411764705884,7.9803883495145636,7.921538461538462,7.87047619047619,7.823207547169813,7.766542056074766,7.707222222222222,7.66091743119266,7.647272727272727,7.6590990990991,7.691249999999999,7.725486725663716,7.7573684210526315,7.772173913043478,7.784137931034482,7.786495726495725,7.794745762711865,7.799495798319328,7.7941666666666665,7.775702479338843,7.751803278688525,7.72178861788618,7.685,7.6376,7.590952380952382,7.542677165354331,7.492812499999999,40.583333333333336,487.0,0.0,0.0,0.0,0.0,0.0,0.0,0.0,0.0,0.0,0.0,0.0,0.0,0.0,0.0,0.0,19.0,96.0,220.0,376.0,544.0,705.0,840.0,934.0,978.0,978.0,978.0,978.0,978.0,978.0,978.0,978.0,978.0,978.0,978.0,978.0,978.0,978.0,978.0,978.0,995.0,1055.0,1153.0,1273.0,1399.0,1516.0,1611.0,1675.0,1703.0,1703.0,1703.0,1703.0,1703.0,1703.0,1703.0,1703.0,1703.0,1703.0,1703.0,1703.0,1703.0,1703.0,1703.0,1703.0,1720.0,1777.0,1867.0,1977.0,2091.0,2197.0,2283.0,2339.0,2362.0,2362.0,2362.0,2362.0,2362.0,2362.0,2362.0,2362.0,2362.0,2362.0,2362.0,2362.0,2362.0,2362.0,2362.0,2362.0,2376.0,2399.0,2433.0,2471.0,2504.0,2527.0,2535.0,2535.0,2535.0,2535.0,2535.0,2535.0,2535.0,2535.0,2535.0,2535.0,2535.0,2535.0,2535.0,2535.0,2535.0,2535.0,2535.0,2535.0,2550.0,2578.0,2622.0,2674.0,2725.0,2765.0,2787.0,2790.0,2790.0,2790.0,2790.0,2790.0,2790.0,2790.0,2790.0,2790.0,2790.0,84,November 25,Agen
0.0072085834802671014,1.5065733044463827,0.7553170657529169,1.3620309900062244,1.3620309900062244,0.4944356099994842,1.1896603883409829,2.8600591235033037,2.8600591235033037,0.6891171148747346,0.5220041408632662,3.1640083721894894,3.1640083721894894,0.4858444120497605,0.7688505576870359,1.1742800669316793,1.1742800669316793,0.5354876429121813,0.9198522704852529,13.923333333333336,-0.08997558256181612,0.08997558256181612,203.17811826669853,2.16,2.31,3.1933333333333334,3.76,4.1,4.3933333333333335,4.645714285714285,4.9475,5.315555555555554,5.74,6.24181818181818,6.7349999999999985,7.144615384615382,7.617142857142855,8.026666666666664,8.37875,8.618823529411763,8.826666666666666,8.949473684210526,9.020000000000001,9.08857142857143,9.07818181818182,9.016521739130436,8.976666666666667,8.912,8.798461538461538,8.66,8.556428571428572,8.494482758620691,8.393333333333334,8.327741935483871,8.238125,8.184242424242424,8.198235294117648,8.254285714285714,8.365555555555554,8.462702702702702,8.59421052631579,8.76,8.9725,9.191707317073172,9.374285714285715,9.522790697674418,9.62590909090909,9.71111111111111,9.76,9.79191489361702,9.793333333333333,9.766122448979592,9.746,9.734509803921569,9.736923076923075,9.756226415094337,9.774814814814818,9.807272727272728,9.831428571428571,9.865263157894736,9.906551724137932,9.927796610169493,9.943333333333333,9.94360655737705,9.914838709677422,9.890158730158731,9.875625,9.887692307692307,9.903939393939394,9.915223880597015,9.924705882352942,9.92666666666667,9.892857142857144,9.827605633802818,9.755833333333335,9.66,9.56,9.484,9.425789473684212,9.384675324675326,9.356153846153848,9.360000000000001,9.36125,9.37604938271605,9.401463414634145,9.415421686746988,9.419523809523811,9.416470588235295,9.407674418604653,9.395632183908049,9.388409090909091,9.386966292134831,9.39111111111111,9.386373626373626,9.36217391304348,9.323440860215054,9.277021276595747,9.227368421052631,9.170416666666666,9.106391752577318,9.051836734693877,9.007474747474747,8.963000000000001,8.924356435643565,8.893333333333334,8.87747572815534,8.863846153846152,8.855238095238095,8.845849056603774,8.826355140186916,8.799814814814814,8.780183486238533,8.770909090909091,8.756396396396397,8.739464285714286,8.71929203539823,8.697719298245612,8.68608695652174,8.664310344827587,8.630085470085472,8.592203389830509,8.554957983193278,8.521666666666667,8.480661157024795,8.428032786885247,8.375447154471546,8.316451612903228,8.264800000000001,8.217936507936509,8.168661417322836,8.119374999999998,39.75,477.0,0.0,0.0,0.0,0.0,0.0,0.0,0.0,0.0,0.0,0.0,0.0,0.0,0.0,0.0,0.0,16.0,59.0,129.0,215.0,305.0,385.0,444.0,477.0,487.0,487.0,487.0,487.0,487.0,487.0,487.0,487.0,487.0,487.0,487.0,487.0,487.0,487.0,487.0,487.0,506.0,583.0,707.0,863.0,1031.0,1192.0,1327.0,1421.0,1465.0,1465.0,1465.0,1465.0,1465.0,1465.0,1465.0,1465.0,1465.0,1465.0,1465.0,1465.0,1465.0,1465.0,1465.0,1465.0,1482.0,1542.0,1640.0,1760.0,1886.0,2003.0,2098.0,2162.0,2190.0,2190.0,2190.0,2190.0,2190.0,2190.0,2190.0,2190.0,2190.0,2190.0,2190.0,2190.0,2190.0,2190.0,2190.0,2190.0,2207.0,2264.0,2354.0,2464.0,2578.0,2684.0,2770.0,2826.0,2849.0,2849.0,2849.0,2849.0,2849.0,2849.0,2849.0,2849.0,2849.0,2849.0,2849.0,2849.0,2849.0,2849.0,2849.0,2849.0,2863.0,2886.0,2920.0,2958.0,2991.0,3014.0,3022.0,3022.0,3022.0,3022.0,3022.0,3022.0,3022.0,3022.0,3022.0,3022.0,3022.0,85,November 26,Agen
0.0072085834802671014,1.5065733044463827,0.7553170657529169,1.3620309900062244,1.3620309900062244,0.4944356099994842,1.1896603883409829,2.8600591235033037,2.8600591235033037,0.6891171148747346,0.5220041408632662,3.1640083721894894,3.1640083721894894,0.4858444120497605,0.7688505576870359,1.1742800669316793,1.1742800669316793,0.5354876429121813,0.9198522704852529,9.089999999999998,0.0830696387046889,0.0830696387046889,241.8133480014669,6.159999999999998,5.209999999999999,4.659999999999999,4.16,3.88,3.7599999999999993,3.8885714285714275,4.047499999999999,4.115555555555555,4.279999999999999,4.323636363636363,4.334999999999999,4.367692307692307,4.552857142857142,4.826666666666666,5.109999999999999,5.389411764705882,5.598888888888888,5.681052631578948,5.694999999999999,5.6361904761904755,5.523636363636363,5.381739130434783,5.2058333333333335,5.084,4.983076923076923,4.982222222222223,4.999285714285713,5.015172413793103,5.043333333333332,5.079354838709677,5.141249999999999,5.235757575757575,5.362941176470587,5.53142857142857,5.715555555555555,5.887027027027026,6.094210526315789,6.2907692307692304,6.475,6.620975609756097,6.757619047619047,6.86,6.939545454545455,7.017777777777778,7.057826086956523,7.070638297872342,7.09125,7.0967346938775515,7.074,7.034509803921568,7.01,7.005283018867925,6.976666666666667,6.965454545454547,6.938571428571428,6.930175438596492,6.96,7.014237288135593,7.1016666666666675,7.181311475409836,7.28258064516129,7.406031746031748,7.56,7.72,7.858484848484848,7.976417910447759,8.065882352941175,8.14405797101449,8.198571428571427,8.241690140845067,8.264166666666666,8.266849315068491,8.273513513513512,8.285333333333332,8.306052631578945,8.337922077922075,8.368974358974357,8.40936708860759,8.44375,8.48469135802469,8.530731707317072,8.562409638554215,8.589761904761902,8.605882352941174,8.600697674418601,8.597931034482755,8.602045454545454,8.625168539325841,8.651111111111112,8.673186813186812,8.693695652173913,8.70838709677419,8.696170212765956,8.659999999999998,8.618333333333334,8.557938144329896,8.493673469387755,8.446868686868687,8.412999999999998,8.39168316831683,8.379607843137252,8.392038834951453,8.40230769230769,8.422857142857143,8.451509433962261,8.471214953271026,8.483148148148146,8.489357798165134,8.490909090909089,8.489729729729726,8.492142857142856,8.498938053097344,8.509999999999998,8.51391304347826,8.502241379310343,8.478803418803416,8.448983050847454,8.4163025210084,8.3775,8.332727272727272,8.295245901639344,8.265691056910567,8.235806451612902,8.2104,8.19095238095238,8.183622047244095,8.17796875,49.5,594.0,0.0,0.0,0.0,0.0,0.0,0.0,0.0,0.0,0.0,0.0,0.0,0.0,0.0,0.0,0.0,16.0,60.0,129.0,212.0,298.0,376.0,435.0,468.0,477.0,477.0,477.0,477.0,477.0,477.0,477.0,477.0,477.0,477.0,477.0,477.0,477.0,477.0,477.0,477.0,493.0,536.0,606.0,692.0,782.0,862.0,921.0,954.0,964.0,964.0,964.0,964.0,964.0,964.0,964.0,964.0,964.0,964.0,964.0,964.0,964.0,964.0,964.0,964.0,983.0,1060.0,1184.0,1340.0,1508.0,1669.0,1804.0,1898.0,1942.0,1942.0,1942.0,1942.0,1942.0,1942.0,1942.0,1942.0,1942.0,1942.0,1942.0,1942.0,1942.0,1942.0,1942.0,1942.0,1959.0,2019.0,2117.0,2237.0,2363.0,2480.0,2575.0,2639.0,2667.0,2667.0,2667.0,2667.0,2667.0,2667.0,2667.0,2667.0,2667.0,2667.0,2667.0,2667.0,2667.0,2667.0,2667.0,2667.0,2684.0,2741.0,2831.0,2941.0,3055.0,3161.0,3247.0,3303.0,3326.0,3326.0,3326.0,3326.0,3326.0,3326.0,3326.0,3326.0,3326.0,86,November 27,Agen
0.0072085834802671014,1.5065733044463827,0.7553170657529169,1.3620309900062244,1.3620309900062244,0.4944356099994842,1.1896603883409829,2.8600591235033037,2.8600591235033037,0.6891171148747346,0.5220041408632662,3.1640083721894894,3.1640083721894894,0.4858444120497605,0.7688505576870359,1.1742800669316793,1.1742800669316793,0.5354876429121813,0.9198522704852529,8.523333333333332,-0.019474523708067383,0.019474523708067383,218.9186546734455,5.96,5.409999999999999,4.759999999999999,4.185,3.96,3.9600000000000004,4.16,4.472499999999999,4.77111111111111,4.999999999999999,5.114545454545454,5.31,5.644615384615384,6.052857142857141,6.453333333333332,6.80375,7.1776470588235295,7.526666666666666,7.817894736842105,8.05,8.126666666666669,8.146363636363638,8.142608695652173,8.11,8.032,7.886923076923077,7.726666666666667,7.545714285714287,7.3806896551724135,7.24,7.1567741935483875,7.094374999999999,7.02060606060606,6.983529411764706,6.92,6.851666666666667,6.795135135135135,6.799473684210526,6.847179487179487,6.909999999999999,6.981951219512194,7.033809523809523,7.03674418604651,7.012272727272725,6.955555555555554,6.873043478260867,6.774893617021275,6.657916666666668,6.566122448979591,6.484,6.454117647058823,6.434999999999999,6.416603773584904,6.406296296296294,6.4018181818181805,6.413571428571428,6.445964912280702,6.499655172413792,6.580338983050846,6.673333333333332,6.761639344262294,6.874516129032256,6.983809523809522,7.088125,7.17076923076923,7.249393939393939,7.307761194029851,7.352647058823528,7.397681159420289,7.418571428571428,7.4219718309859175,7.430833333333333,7.42986301369863,7.41,7.378666666666667,7.357368421052634,7.3496103896103895,7.325384615384615,7.313164556962025,7.289999999999997,7.279753086419753,7.296585365853659,7.331084337349398,7.3897619047619045,7.443529411764707,7.513488372093025,7.600229885057471,7.71,7.825168539325842,7.925555555555556,8.011648351648352,8.07739130434783,8.135268817204302,8.175957446808512,8.20842105263158,8.225625,8.228041237113402,8.233469387755102,8.242828282828283,8.259,8.283762376237624,8.308039215686275,8.339611650485438,8.366730769230768,8.399047619047618,8.435471698113208,8.460934579439252,8.483148148148148,8.496697247706422,8.493636363636364,8.492432432432434,8.496607142857142,8.51575221238938,8.537192982456139,8.555652173913042,8.572931034482759,8.585641025641026,8.576949152542372,8.549075630252101,8.516666666666666,8.469090909090909,8.418196721311475,8.381138211382114,8.354354838709677,8.3376,8.328253968253968,8.338740157480315,8.3475,61.916666666666664,743.0,0.0,0.0,0.0,0.0,0.0,0.0,0.0,0.0,0.0,0.0,0.0,0.0,0.0,0.0,0.0,16.0,68.0,151.0,252.0,356.0,452.0,528.0,576.0,594.0,594.0,594.0,594.0,594.0,594.0,594.0,594.0,594.0,594.0,594.0,594.0,594.0,594.0,594.0,594.0,610.0,654.0,723.0,806.0,892.0,970.0,1029.0,1062.0,1071.0,1071.0,1071.0,1071.0,1071.0,1071.0,1071.0,1071.0,1071.0,1071.0,1071.0,1071.0,1071.0,1071.0,1071.0,1071.0,1087.0,1130.0,1200.0,1286.0,1376.0,1456.0,1515.0,1548.0,1558.0,1558.0,1558.0,1558.0,1558.0,1558.0,1558.0,1558.0,1558.0,1558.0,1558.0,1558.0,1558.0,1558.0,1558.0,1558.0,1577.0,1654.0,1778.0,1934.0,2102.0,2263.0,2398.0,2492.0,2536.0,2536.0,2536.0,2536.0,2536.0,2536.0,2536.0,2536.0,2536.0,2536.0,2536.0,2536.0,2536.0,2536.0,2536.0,2536.0,2553.0,2613.0,2711.0,2831.0,2957.0,3074.0,3169.0,3233.0,3261.0,3261.0,3261.0,3261.0,3261.0,3261.0,3261.0,3261.0,3261.0,87,November 28,Agen
0.0072085834802671014,1.5065733044463827,0.7553170657529169,1.3620309900062244,1.3620309900062244,0.4944356099994842,1.1896603883409829,2.8600591235033037,2.8600591235033037,0.6891171148747346,0.5220041408632662,3.1640083721894894,3.1640083721894894,0.4858444120497605,0.7688505576870359,1.1742800669316793,1.1742800669316793,0.5354876429121813,0.9198522704852529,10.19,-0.021832421964167792,0.021832421964167792,218.39221458946682,8.46,8.21,7.926666666666667,7.685,7.38,7.1433333333333335,6.96,6.7725,6.682222222222221,6.7,6.796363636363636,6.951666666666665,7.113846153846153,7.281428571428569,7.459999999999998,7.7162500000000005,8.06,8.415555555555557,8.812631578947368,9.095000000000002,9.26952380952381,9.323636363636366,9.312173913043477,9.214166666666666,9.084,8.921538461538463,8.719259259259259,8.495714285714286,8.308275862068966,8.163333333333334,8.072903225806453,8.028749999999999,8.002424242424242,7.974705882352941,7.9257142857142835,7.912777777777777,7.959999999999999,8.049473684210525,8.152307692307692,8.25,8.369756097560975,8.49095238095238,8.597209302325581,8.684999999999999,8.706666666666665,8.703478260869565,8.689787234042551,8.662083333333333,8.611020408163265,8.524,8.426666666666666,8.31576923076923,8.210943396226414,8.117407407407406,8.054545454545455,8.002857142857142,7.944210526315789,7.9065517241379295,7.853220338983051,7.796666666666666,7.746885245901638,7.734193548387095,7.748888888888889,7.774062499999999,7.806153846153846,7.826666666666666,7.816716417910448,7.789411764705882,7.741159420289857,7.675714285714287,7.59943661971831,7.510000000000001,7.436712328767123,7.369459459459462,7.337333333333334,7.31263157894737,7.28857142857143,7.270256410256413,7.256202531645571,7.253749999999999,7.266172839506172,7.2941463414634145,7.341927710843374,7.399285714285715,7.4541176470588235,7.527441860465117,7.599080459770116,7.6679545454545455,7.721797752808989,7.773333333333333,7.81054945054945,7.838260869565219,7.866451612903227,7.8770212765957455,7.874736842105265,7.876666666666666,7.871340206185566,7.851836734693878,7.823636363636364,7.803000000000001,7.792673267326733,7.769803921568627,7.7561165048543685,7.734038461538461,7.721904761904762,7.730754716981132,7.753457943925234,7.795185185185185,7.833394495412844,7.884545454545454,7.949189189189189,8.032321428571427,8.120176991150442,8.196842105263158,8.262608695652174,8.312586206896553,8.356581196581196,8.387118644067797,8.411260504201682,8.423333333333334,8.423636363636364,8.42639344262295,8.432357723577235,8.443870967741935,8.462399999999999,8.48063492063492,8.50488188976378,8.525624999999998,32.916666666666664,395.0,0.0,0.0,0.0,0.0,0.0,0.0,0.0,0.0,0.0,0.0,0.0,0.0,0.0,0.0,0.0,15.0,76.0,176.0,300.0,430.0,551.0,650.0,716.0,743.0,743.0,743.0,743.0,743.0,743.0,743.0,743.0,743.0,743.0,743.0,743.0,743.0,743.0,743.0,743.0,759.0,811.0,894.0,995.0,1099.0,1195.0,1271.0,1319.0,1337.0,1337.0,1337.0,1337.0,1337.0,1337.0,1337.0,1337.0,1337.0,1337.0,1337.0,1337.0,1337.0,1337.0,1337.0,1337.0,1353.0,1397.0,1466.0,1549.0,1635.0,1713.0,1772.0,1805.0,1814.0,1814.0,1814.0,1814.0,1814.0,1814.0,1814.0,1814.0,1814.0,1814.0,1814.0,1814.0,1814.0,1814.0,1814.0,1814.0,1830.0,1873.0,1943.0,2029.0,2119.0,2199.0,2258.0,2291.0,2301.0,2301.0,2301.0,2301.0,2301.0,2301.0,2301.0,2301.0,2301.0,2301.0,2301.0,2301.0,2301.0,2301.0,2301.0,2301.0,2320.0,2397.0,2521.0,2677.0,2845.0,3006.0,3141.0,3235.0,3279.0,3279.0,3279.0,3279.0,3279.0,3279.0,3279.0,3279.0,3279.0,88,November 29,Agen
0.0072085834802671014,1.5065733044463827,0.7553170657529169,1.3620309900062244,1.3620309900062244,0.4944356099994842,1.1896603883409829,2.8600591235033037,2.8600591235033037,0.6891171148747346,0.5220041408632662,3.1640083721894894,3.1640083721894894,0.4858444120497605,0.7688505576870359,1.1742800669316793,1.1742800669316793,0.5354876429121813,0.9198522704852529,12.648333333333332,-0.05864757421644164,0.05864757421644164,210.1726182632758,3.86,2.81,2.46,2.135,2.1,2.0766666666666667,2.2171428571428566,2.46,2.726666666666666,3.04,3.4872727272727264,3.901666666666666,4.329230769230769,4.645714285714285,4.96,5.31625,5.665882352941177,5.915555555555556,6.186315789473684,6.36,6.536190476190476,6.700909090909092,6.768695652173913,6.855833333333333,6.92,6.960000000000002,6.974814814814814,6.974285714285714,6.946206896551724,6.913333333333333,6.879354838709678,6.835,6.808484848484849,6.8100000000000005,6.837142857142856,6.887777777777777,6.946486486486486,7.012631578947369,7.088205128205127,7.2,7.355121951219513,7.524285714285715,7.72046511627907,7.873636363636364,7.982222222222223,8.03608695652174,8.057872340425533,8.035,7.992653061224489,7.93,7.84235294117647,7.738846153846154,7.6505660377358495,7.582222222222222,7.541818181818181,7.526071428571429,7.519649122807017,7.511724137931035,7.490508474576271,7.49,7.525573770491803,7.58741935483871,7.658412698412698,7.727187499999999,7.810769230769232,7.896363636363636,7.973432835820896,8.039411764705882,8.062898550724636,8.07,8.069859154929578,8.059999999999999,8.033972602739727,7.9829729729729735,7.9239999999999995,7.854736842105264,7.788571428571429,7.729230769230771,7.6903797468354425,7.65875,7.621728395061728,7.599024390243902,7.564819277108434,7.527857142857142,7.495294117647059,7.489069767441861,7.502528735632184,7.523636363636363,7.5498876404494375,7.567777777777778,7.563296703296703,7.54586956521739,7.51268817204301,7.466382978723403,7.41157894736842,7.3464583333333335,7.292989690721649,7.243673469387755,7.220606060606061,7.202999999999999,7.185742574257426,7.172745098039216,7.162912621359223,7.161923076923076,7.172380952380952,7.1949056603773585,7.232897196261682,7.278518518518518,7.322385321100917,7.380909090909092,7.438378378378378,7.493928571428571,7.53787610619469,7.580175438596491,7.611304347826087,7.634999999999999,7.659145299145298,7.669322033898305,7.669243697478991,7.6724999999999985,7.6699173553719,7.655901639344261,7.634796747967478,7.619677419354838,7.612799999999999,7.595714285714285,7.585984251968503,7.569374999999999,53.333333333333336,640.0,0.0,0.0,0.0,0.0,0.0,0.0,0.0,0.0,0.0,0.0,0.0,0.0,0.0,0.0,0.0,13.0,50.0,111.0,186.0,261.0,324.0,368.0,390.0,395.0,395.0,395.0,395.0,395.0,395.0,395.0,395.0,395.0,395.0,395.0,395.0,395.0,395.0,395.0,395.0,410.0,471.0,571.0,695.0,825.0,946.0,1045.0,1111.0,1138.0,1138.0,1138.0,1138.0,1138.0,1138.0,1138.0,1138.0,1138.0,1138.0,1138.0,1138.0,1138.0,1138.0,1138.0,1138.0,1154.0,1206.0,1289.0,1390.0,1494.0,1590.0,1666.0,1714.0,1732.0,1732.0,1732.0,1732.0,1732.0,1732.0,1732.0,1732.0,1732.0,1732.0,1732.0,1732.0,1732.0,1732.0,1732.0,1732.0,1748.0,1792.0,1861.0,1944.0,2030.0,2108.0,2167.0,2200.0,2209.0,2209.0,2209.0,2209.0,2209.0,2209.0,2209.0,2209.0,2209.0,2209.0,2209.0,2209.0,2209.0,2209.0,2209.0,2209.0,2225.0,2268.0,2338.0,2424.0,2514.0,2594.0,2653.0,2686.0,2696.0,2696.0,2696.0,2696.0,2696.0,2696.0,2696.0,2696.0,2696.0,89,November 30,Agen
0.0072085834802671014,1.5065733044463827,0.7553170657529169,1.3620309900062244,1.3620309900062244,0.4944356099994842,1.1896603883409829,2.8600591235033037,2.8600591235033037,0.6891171148747346,0.5220041408632662,3.1640083721894894,3.1640083721894894,0.4858444120497605,0.7688505576870359,1.1742800669316793,1.1742800669316793,0.5354876429121813,0.9198522704852529,11.506666666666668,0.14941740793934793,0.14941740793934793,256.62659327925843,3.26,2.31,2.026666666666667,1.685,1.56,1.6266666666666667,1.6742857142857144,1.6975,1.7155555555555555,1.86,2.105454545454545,2.4433333333333334,2.7830769230769223,3.0742857142857143,3.373333333333333,3.6912499999999997,3.9482352941176466,4.226666666666666,4.449473684210526,4.619999999999999,4.779047619047619,4.891818181818181,4.916521739130434,4.8975,4.856,4.736923076923077,4.626666666666667,4.502857142857143,4.415172413793103,4.333333333333332,4.292258064516129,4.288124999999999,4.305454545454545,4.351176470588236,4.454285714285715,4.565555555555555,4.697837837837838,4.804736842105264,4.9215384615384625,5.0649999999999995,5.2160975609756095,5.333809523809523,5.466976744186047,5.5622727272727275,5.662222222222223,5.76,5.813191489361701,5.876666666666666,5.92938775510204,5.97,5.997254901960783,6.015769230769231,6.018490566037737,6.017407407407408,6.014545454545455,6.004642857142857,6.003859649122807,6.018620689655172,6.048135593220339,6.091666666666667,6.140327868852459,6.193870967741935,6.2536507936507935,6.3365625,6.447692307692308,6.56909090909091,6.709253731343284,6.823235294117647,6.909275362318841,6.96,6.9895774647887325,6.989166666666667,6.975068493150685,6.946486486486488,6.9,6.841578947368421,6.7924675324675325,6.756153846153846,6.738481012658228,6.7375,6.742716049382715,6.746585365853659,6.740722891566265,6.7492857142857146,6.783529411764705,6.836744186046512,6.896781609195402,6.955454545454544,7.0251685393258425,7.096666666666668,7.162197802197802,7.2197826086956525,7.246021505376342,7.260000000000001,7.268421052631579,7.269374999999999,7.257938144329897,7.22734693877551,7.19030303030303,7.145,7.101584158415841,7.062941176470587,7.039611650485436,7.021538461538461,6.9990476190476185,6.987358490566037,6.966542056074766,6.943333333333333,6.923302752293578,6.923636363636363,6.939279279279279,6.9608928571428565,6.9865486725663715,7.005614035087718,7.006956521739131,6.997931034482757,6.976239316239314,6.943898305084745,6.904537815126051,6.8566666666666665,6.8178512396694195,6.782131147540984,6.767317073170732,6.756774193548386,6.746399999999999,6.739365079365078,6.734803149606299,6.737343749999999,1.3333333333333333,16.0,0.0,0.0,0.0,0.0,0.0,0.0,0.0,0.0,0.0,0.0,0.0,0.0,0.0,0.0,0.0,15.0,69.0,157.0,266.0,381.0,486.0,569.0,621.0,640.0,640.0,640.0,640.0,640.0,640.0,640.0,640.0,640.0,640.0,640.0,640.0,640.0,640.0,640.0,640.0,653.0,690.0,751.0,826.0,901.0,964.0,1008.0,1030.0,1035.0,1035.0,1035.0,1035.0,1035.0,1035.0,1035.0,1035.0,1035.0,1035.0,1035.0,1035.0,1035.0,1035.0,1035.0,1035.0,1050.0,1111.0,1211.0,1335.0,1465.0,1586.0,1685.0,1751.0,1778.0,1778.0,1778.0,1778.0,1778.0,1778.0,1778.0,1778.0,1778.0,1778.0,1778.0,1778.0,1778.0,1778.0,1778.0,1778.0,1794.0,1846.0,1929.0,2030.0,2134.0,2230.0,2306.0,2354.0,2372.0,2372.0,2372.0,2372.0,2372.0,2372.0,2372.0,2372.0,2372.0,2372.0,2372.0,2372.0,2372.0,2372.0,2372.0,2372.0,2388.0,2432.0,2501.0,2584.0,2670.0,2748.0,2807.0,2840.0,2849.0,2849.0,2849.0,2849.0,2849.0,2849.0,2849.0,2849.0,2849.0,90,December 1,Agen
0.0072085834802671014,1.5065733044463827,0.7553170657529169,1.3620309900062244,1.3620309900062244,0.4944356099994842,1.1896603883409829,2.8600591235033037,2.8600591235033037,0.6891171148747346,0.5220041408632662,3.1640083721894894,3.1640083721894894,0.4858444120497605,0.7688505576870359,1.1742800669316793,1.1742800669316793,0.5354876429121813,0.9198522704852529,11.106666666666666,0.111201422940033,0.111201422940033,248.09423769507805,1.96,1.3599999999999999,1.0599999999999998,0.81,0.76,0.71,0.8885714285714286,1.2225,1.5711111111111107,1.89,2.269090909090909,2.6516666666666664,3.06,3.46,3.946666666666667,4.366249999999999,4.771764705882353,5.1211111111111105,5.370526315789474,5.514999999999999,5.6171428571428565,5.632727272727272,5.607826086956521,5.572500000000001,5.48,5.321538461538461,5.178518518518518,5.017142857142858,4.880689655172414,4.783333333333334,4.69225806451613,4.60375,4.5206060606060605,4.4805882352941175,4.482857142857143,4.529444444444445,4.592432432432433,4.652105263157895,4.7266666666666675,4.819999999999999,4.899024390243902,4.995714285714285,5.076279069767441,5.139545454545455,5.202222222222222,5.246956521739131,5.251489361702127,5.235,5.206938775510204,5.138,5.0717647058823525,4.996538461538462,4.939245283018867,4.884074074074073,4.850909090909089,4.838571428571428,4.838947368421053,4.856551724137931,4.909152542372881,4.968333333333333,5.041967213114753,5.1019354838709665,5.169523809523809,5.2553125000000005,5.3476923076923075,5.42060606060606,5.504776119402984,5.565882352941176,5.631014492753622,5.695714285714284,5.731830985915492,5.775277777777777,5.812054794520548,5.8410810810810805,5.861333333333332,5.87578947368421,5.879480519480518,5.880512820512819,5.880253164556961,5.875,5.876049382716049,5.888048780487805,5.910602409638553,5.943333333333333,5.9799999999999995,6.02046511627907,6.065747126436782,6.128181818181818,6.211685393258428,6.303333333333334,6.4094505494505505,6.496956521739131,6.564301075268817,6.605744680851064,6.631578947368421,6.635000000000001,6.628041237113403,6.609999999999999,6.578181818181818,6.537000000000001,6.502574257425742,6.477647058823529,6.466796116504853,6.468653846153846,6.475238095238095,6.480754716981132,6.478691588785047,6.4877777777777785,6.516880733944953,6.5609090909090915,6.61045045045045,6.659107142857143,6.7166371681415935,6.775789473684211,6.8304347826086955,6.8789655172413795,6.902735042735042,6.916779661016949,6.926386554621849,6.929999999999999,6.923636363636364,6.901803278688525,6.874634146341464,6.840645161290323,6.807999999999999,6.779047619047619,6.7623622047244085,6.74984375,36.833333333333336,442.0,0.0,0.0,0.0,0.0,0.0,0.0,0.0,0.0,0.0,0.0,0.0,0.0,0.0,0.0,0.0,13.0,16.0,16.0,16.0,16.0,16.0,16.0,16.0,16.0,16.0,16.0,16.0,16.0,16.0,16.0,16.0,16.0,16.0,16.0,16.0,16.0,16.0,16.0,16.0,31.0,85.0,173.0,282.0,397.0,502.0,585.0,637.0,656.0,656.0,656.0,656.0,656.0,656.0,656.0,656.0,656.0,656.0,656.0,656.0,656.0,656.0,656.0,656.0,669.0,706.0,767.0,842.0,917.0,980.0,1024.0,1046.0,1051.0,1051.0,1051.0,1051.0,1051.0,1051.0,1051.0,1051.0,1051.0,1051.0,1051.0,1051.0,1051.0,1051.0,1051.0,1051.0,1066.0,1127.0,1227.0,1351.0,1481.0,1602.0,1701.0,1767.0,1794.0,1794.0,1794.0,1794.0,1794.0,1794.0,1794.0,1794.0,1794.0,1794.0,1794.0,1794.0,1794.0,1794.0,1794.0,1794.0,1810.0,1862.0,1945.0,2046.0,2150.0,2246.0,2322.0,2370.0,2388.0,2388.0,2388.0,2388.0,2388.0,2388.0,2388.0,2388.0,2388.0,91,December 2,Agen
0.0072085834802671014,1.5065733044463827,0.7553170657529169,1.3620309900062244,1.3620309900062244,0.4944356099994842,1.1896603883409829,2.8600591235033037,2.8600591235033037,0.6891171148747346,0.5220041408632662,3.1640083721894894,3.1640083721894894,0.4858444120497605,0.7688505576870359,1.1742800669316793,1.1742800669316793,0.5354876429121813,0.9198522704852529,10.989999999999998,0.0042653939586762175,0.0042653939586762175,224.21898695784046,6.56,5.859999999999999,5.759999999999999,5.709999999999999,5.52,5.626666666666666,5.802857142857142,5.934999999999999,6.115555555555555,6.38,6.641818181818182,6.859999999999999,7.067692307692308,7.281428571428572,7.513333333333334,7.766249999999999,7.971764705882352,8.076666666666666,8.16,8.219999999999999,8.240952380952379,8.19181818181818,8.055652173913042,7.876666666666666,7.639999999999999,7.375384615384614,7.119259259259259,6.867142857142857,6.649655172413793,6.443333333333333,6.298709677419354,6.213125,6.156969696969697,6.115882352941177,6.114285714285714,6.135,6.184324324324323,6.249473684210526,6.3651282051282045,6.472499999999999,6.5892682926829265,6.695714285714287,6.769302325581396,6.803181818181819,6.822222222222222,6.803478260869566,6.766382978723405,6.7245833333333325,6.6538775510204085,6.548000000000001,6.448235294117647,6.336923076923077,6.237358490566039,6.158148148148149,6.081818181818183,6.006428571428572,5.933684210526315,5.885862068965517,5.863389830508474,5.868333333333334,5.884590163934427,5.900322580645162,5.926666666666668,5.9662500000000005,5.998461538461538,6.043333333333334,6.079402985074627,6.1055882352941175,6.132463768115942,6.1485714285714295,6.138873239436621,6.115555555555555,6.084657534246576,6.026216216216216,5.969333333333334,5.906052631578947,5.854805194805196,5.804871794871795,5.770126582278482,5.749999999999999,5.739012345679011,5.740487804878049,5.767228915662651,5.799285714285714,5.842352941176471,5.876279069767443,5.91632183908046,5.970227272727272,6.029662921348313,6.075555555555555,6.130329670329669,6.168695652173912,6.2105376344086,6.252553191489359,6.273684210526313,6.300624999999999,6.322886597938144,6.339591836734693,6.349898989898989,6.355999999999998,6.354059405940592,6.35019607843137,6.345436893203882,6.336923076923076,6.333333333333333,6.338301886792453,6.351588785046728,6.372962962962962,6.397614678899081,6.425454545454543,6.457297297297295,6.502857142857144,6.565309734513274,6.634561403508772,6.715652173913042,6.782413793103447,6.833504273504272,6.864237288135591,6.882689075630251,6.883333333333334,6.875702479338844,6.859180327868852,6.831544715447153,6.796290322580643,6.766399999999999,6.744126984126982,6.733228346456691,6.73265625,27.666666666666668,332.0,0.0,0.0,0.0,0.0,0.0,0.0,0.0,0.0,0.0,0.0,0.0,0.0,0.0,0.0,0.0,15.0,57.0,123.0,203.0,284.0,355.0,407.0,435.0,442.0,442.0,442.0,442.0,442.0,442.0,442.0,442.0,442.0,442.0,442.0,442.0,442.0,442.0,442.0,442.0,455.0,458.0,458.0,458.0,458.0,458.0,458.0,458.0,458.0,458.0,458.0,458.0,458.0,458.0,458.0,458.0,458.0,458.0,458.0,458.0,458.0,458.0,458.0,458.0,473.0,527.0,615.0,724.0,839.0,944.0,1027.0,1079.0,1098.0,1098.0,1098.0,1098.0,1098.0,1098.0,1098.0,1098.0,1098.0,1098.0,1098.0,1098.0,1098.0,1098.0,1098.0,1098.0,1111.0,1148.0,1209.0,1284.0,1359.0,1422.0,1466.0,1488.0,1493.0,1493.0,1493.0,1493.0,1493.0,1493.0,1493.0,1493.0,1493.0,1493.0,1493.0,1493.0,1493.0,1493.0,1493.0,1493.0,1508.0,1569.0,1669.0,1793.0,1923.0,2044.0,2143.0,2209.0,2236.0,2236.0,2236.0,2236.0,2236.0,2236.0,2236.0,2236.0,2236.0,92,December 3,Agen
0.0072085834802671014,1.5065733044463827,0.7553170657529169,1.3620309900062244,1.3620309900062244,0.4944356099994842,1.1896603883409829,2.8600591235033037,2.8600591235033037,0.6891171148747346,0.5220041408632662,3.1640083721894894,3.1640083721894894,0.4858444120497605,0.7688505576870359,1.1742800669316793,1.1742800669316793,0.5354876429121813,0.9198522704852529,10.248333333333333,-0.04677564964912103,0.04677564964912103,212.8232232883396,5.96,5.26,4.56,4.16,4.0,4.1933333333333325,4.46,4.734999999999999,4.97111111111111,5.18,5.46,5.659999999999999,5.867692307692307,6.038571428571427,6.186666666666665,6.34125,6.483529411764705,6.598888888888888,6.7494736842105265,6.909999999999999,7.06952380952381,7.210000000000002,7.316521739130436,7.335,7.303999999999999,7.221538461538462,7.16,7.102857142857144,7.022068965517242,6.993333333333334,6.989032258064517,6.984999999999999,7.002424242424243,7.054117647058824,7.1171428571428565,7.176666666666667,7.241081081081082,7.315263157894737,7.403589743589744,7.5074999999999985,7.599024390243902,7.652857142857142,7.69953488372093,7.7372727272727255,7.757777777777778,7.744782608695652,7.6876595744680865,7.605833333333333,7.4906122448979575,7.355999999999999,7.220784313725489,7.083076923076922,6.96,6.839629629629629,6.750909090909091,6.693928571428572,6.65298245614035,6.620344827586207,6.610847457627118,6.614999999999999,6.637049180327868,6.669677419354839,6.7346031746031745,6.795937499999999,6.864615384615385,6.928181818181818,6.971940298507462,6.990882352941176,7.000579710144927,6.985714285714286,6.958591549295775,6.928055555555556,6.877808219178082,6.8032432432432435,6.731999999999999,6.652105263157895,6.579480519480519,6.520256410256411,6.46253164556962,6.404999999999999,6.348888888888888,6.3100000000000005,6.288915662650602,6.2873809523809525,6.294117647058823,6.300697674418605,6.315172413793103,6.339545454545455,6.358876404494382,6.387777777777777,6.41054945054945,6.426304347826086,6.442795698924731,6.451489361702127,6.441052631578946,6.420416666666665,6.394020618556701,6.34673469387755,6.30040404040404,6.249,6.206534653465346,6.164901960784313,6.134757281553398,6.115769230769231,6.103809523809525,6.101509433962264,6.118878504672896,6.140555555555556,6.171009174311927,6.194545454545454,6.223063063063062,6.262678571428572,6.306902654867257,6.3407017543859645,6.381739130434783,6.41,6.441196581196581,6.472711864406779,6.487731092436974,6.507500000000001,6.523636363636364,6.535409836065575,6.542113821138211,6.545483870967741,6.542400000000001,6.537777777777778,6.532440944881889,6.5240625,57.0,684.0,0.0,0.0,0.0,0.0,0.0,0.0,0.0,0.0,0.0,0.0,0.0,0.0,0.0,0.0,0.0,14.0,49.0,103.0,167.0,229.0,281.0,316.0,331.0,332.0,332.0,332.0,332.0,332.0,332.0,332.0,332.0,332.0,332.0,332.0,332.0,332.0,332.0,332.0,332.0,347.0,389.0,455.0,535.0,616.0,687.0,739.0,767.0,774.0,774.0,774.0,774.0,774.0,774.0,774.0,774.0,774.0,774.0,774.0,774.0,774.0,774.0,774.0,774.0,787.0,790.0,790.0,790.0,790.0,790.0,790.0,790.0,790.0,790.0,790.0,790.0,790.0,790.0,790.0,790.0,790.0,790.0,790.0,790.0,790.0,790.0,790.0,790.0,805.0,859.0,947.0,1056.0,1171.0,1276.0,1359.0,1411.0,1430.0,1430.0,1430.0,1430.0,1430.0,1430.0,1430.0,1430.0,1430.0,1430.0,1430.0,1430.0,1430.0,1430.0,1430.0,1430.0,1443.0,1480.0,1541.0,1616.0,1691.0,1754.0,1798.0,1820.0,1825.0,1825.0,1825.0,1825.0,1825.0,1825.0,1825.0,1825.0,1825.0,93,December 4,Agen
0.0072085834802671014,1.5065733044463827,0.7553170657529169,1.3620309900062244,1.3620309900062244,0.4944356099994842,1.1896603883409829,2.8600591235033037,2.8600591235033037,0.6891171148747346,0.5220041408632662,3.1640083721894894,3.1640083721894894,0.4858444120497605,0.7688505576870359,1.1742800669316793,1.1742800669316793,0.5354876429121813,0.9198522704852529,10.523333333333332,0.07873577019809239,0.07873577019809239,240.84573962622744,3.36,2.86,2.9266666666666663,3.3099999999999996,3.54,3.8933333333333326,4.102857142857142,4.26,4.493333333333333,4.739999999999999,5.078181818181818,5.3933333333333335,5.613846153846154,5.767142857142856,5.999999999999999,6.2225,6.424705882352941,6.682222222222222,6.954736842105264,7.225000000000001,7.383809523809527,7.505454545454547,7.555652173913045,7.572499999999999,7.508000000000001,7.394615384615386,7.2377777777777785,7.085000000000001,6.956551724137933,6.896666666666667,6.86967741935484,6.863125,6.863030303030303,6.868823529411765,6.908571428571429,6.935000000000001,6.973513513513515,7.007368421052632,7.039487179487178,7.08,7.120975609756099,7.1552380952380945,7.208837209302326,7.2713636363636365,7.337777777777777,7.399130434782609,7.447234042553191,7.453749999999999,7.435510204081633,7.39,7.354117647058824,7.319615384615385,7.271320754716981,7.250740740740741,7.243636363636364,7.236785714285714,7.242456140350877,7.268620689655173,7.302372881355932,7.335,7.371475409836065,7.4148387096774195,7.467936507936508,7.531874999999999,7.5892307692307694,7.623636363636364,7.654029850746269,7.679117647058824,7.693333333333333,7.685714285714286,7.648732394366198,7.594722222222221,7.517534246575344,7.426216216216216,7.333333333333333,7.2376315789473695,7.150909090909092,7.065128205128206,7.000506329113925,6.9575000000000005,6.925432098765433,6.899024390243903,6.888915662650602,6.888571428571429,6.901176470588237,6.921627906976744,6.965747126436781,7.007727272727272,7.055505617977527,7.1,7.130329670329669,7.142608695652174,7.148172043010752,7.135531914893617,7.113684210526316,7.089166666666666,7.049690721649485,6.991632653061225,6.935757575757576,6.872999999999999,6.815445544554457,6.767843137254903,6.721165048543689,6.674423076923076,6.628571428571427,6.5958490566037735,6.576822429906541,6.572962962962962,6.575596330275229,6.578181818181818,6.587027027027028,6.60375,6.616637168141592,6.637192982456141,6.6530434782608685,6.663448275862069,6.6745299145299155,6.679491525423728,6.669243697478993,6.650833333333333,6.627768595041322,6.5878688524590165,6.548617886178862,6.50516129032258,6.468800000000001,6.433015873015873,6.406456692913387,6.38890625,16.833333333333332,202.0,0.0,0.0,0.0,0.0,0.0,0.0,0.0,0.0,0.0,0.0,0.0,0.0,0.0,0.0,0.0,14.0,72.0,166.0,282.0,404.0,517.0,607.0,664.0,684.0,684.0,684.0,684.0,684.0,684.0,684.0,684.0,684.0,684.0,684.0,684.0,684.0,684.0,684.0,684.0,698.0,733.0,787.0,851.0,913.0,965.0,1000.0,1015.0,1016.0,1016.0,1016.0,1016.0,1016.0,1016.0,1016.0,1016.0,1016.0,1016.0,1016.0,1016.0,1016.0,1016.0,1016.0,1016.0,1031.0,1073.0,1139.0,1219.0,1300.0,1371.0,1423.0,1451.0,1458.0,1458.0,1458.0,1458.0,1458.0,1458.0,1458.0,1458.0,1458.0,1458.0,1458.0,1458.0,1458.0,1458.0,1458.0,1458.0,1471.0,1474.0,1474.0,1474.0,1474.0,1474.0,1474.0,1474.0,1474.0,1474.0,1474.0,1474.0,1474.0,1474.0,1474.0,1474.0,1474.0,1474.0,1474.0,1474.0,1474.0,1474.0,1474.0,1474.0,1489.0,1543.0,1631.0,1740.0,1855.0,1960.0,2043.0,2095.0,2114.0,2114.0,2114.0,2114.0,2114.0,2114.0,2114.0,2114.0,2114.0,94,December 5,Agen
0.0072085834802671014,1.5065733044463827,0.7553170657529169,1.3620309900062244,1.3620309900062244,0.4944356099994842,1.1896603883409829,2.8600591235033037,2.8600591235033037,0.6891171148747346,0.5220041408632662,3.1640083721894894,3.1640083721894894,0.4858444120497605,0.7688505576870359,1.1742800669316793,1.1742800669316793,0.5354876429121813,0.9198522704852529,10.706666666666663,0.014177946466055472,0.014177946466055472,226.43212951432133,6.56,5.91,5.6933333333333325,5.71,5.879999999999999,6.1433333333333335,6.46,6.7475000000000005,7.0822222222222235,7.35,7.641818181818183,7.843333333333335,8.013846153846156,8.067142857142859,8.133333333333335,8.235,8.34235294117647,8.471111111111112,8.591578947368422,8.77,8.845714285714285,8.850909090909092,8.781739130434783,8.66,8.448,8.213846153846154,8.022962962962962,7.895714285714285,7.777241379310343,7.706666666666666,7.630967741935484,7.5600000000000005,7.5236363636363635,7.5070588235294125,7.534285714285714,7.571111111111112,7.589729729729729,7.594210526315789,7.636923076923076,7.685,7.733170731707317,7.812380952380953,7.906511627906976,8.007727272727273,8.064444444444444,8.107826086956521,8.119574468085105,8.116249999999999,8.072244897959184,8.002,7.907058823529412,7.811923076923076,7.7279245283018865,7.68037037037037,7.65090909090909,7.633214285714287,7.619649122807018,7.61,7.6210169491525415,7.625,7.637049180327868,7.647096774193548,7.656825396825396,7.672499999999999,7.689230769230769,7.702424242424242,7.72865671641791,7.761470588235292,7.7976811594202875,7.831428571428569,7.857183098591548,7.855833333333333,7.838082191780821,7.8018918918918905,7.771999999999999,7.742894736842104,7.704155844155843,7.684358974358973,7.67392405063291,7.66375,7.662469135802469,7.675853658536585,7.694939759036144,7.713571428571428,7.735294117647057,7.7623255813953485,7.796781609195402,7.839545454545455,7.877977528089888,7.9,7.919340659340659,7.935,7.942795698924729,7.934468085106382,7.904210526315789,7.861041666666668,7.80020618556701,7.728367346938774,7.654949494949494,7.579,7.509504950495048,7.440392156862743,7.387184466019417,7.350384615384616,7.321904761904762,7.297735849056603,7.286168224299065,7.282222222222221,7.288440366972475,7.30090909090909,7.332072072072071,7.361785714285714,7.396283185840707,7.428421052631578,7.449565217391304,7.456551724137929,7.458290598290597,7.445593220338982,7.425546218487394,7.403333333333333,7.369090909090909,7.31983606557377,7.272195121951219,7.2188709677419345,7.169599999999998,7.128253968253968,7.08755905511811,7.04671875,23.416666666666668,281.0,0.0,0.0,0.0,0.0,0.0,0.0,0.0,0.0,0.0,0.0,0.0,0.0,0.0,0.0,0.0,12.0,37.0,76.0,122.0,163.0,191.0,202.0,202.0,202.0,202.0,202.0,202.0,202.0,202.0,202.0,202.0,202.0,202.0,202.0,202.0,202.0,202.0,202.0,202.0,216.0,274.0,368.0,484.0,606.0,719.0,809.0,866.0,886.0,886.0,886.0,886.0,886.0,886.0,886.0,886.0,886.0,886.0,886.0,886.0,886.0,886.0,886.0,886.0,900.0,935.0,989.0,1053.0,1115.0,1167.0,1202.0,1217.0,1218.0,1218.0,1218.0,1218.0,1218.0,1218.0,1218.0,1218.0,1218.0,1218.0,1218.0,1218.0,1218.0,1218.0,1218.0,1218.0,1233.0,1275.0,1341.0,1421.0,1502.0,1573.0,1625.0,1653.0,1660.0,1660.0,1660.0,1660.0,1660.0,1660.0,1660.0,1660.0,1660.0,1660.0,1660.0,1660.0,1660.0,1660.0,1660.0,1660.0,1673.0,1676.0,1676.0,1676.0,1676.0,1676.0,1676.0,1676.0,1676.0,1676.0,1676.0,1676.0,1676.0,1676.0,1676.0,1676.0,1676.0,95,December 6,Agen
0.0072085834802671014,1.5065733044463827,0.7553170657529169,1.3620309900062244,1.3620309900062244,0.4944356099994842,1.1896603883409829,2.8600591235033037,2.8600591235033037,0.6891171148747346,0.5220041408632662,3.1640083721894894,3.1640083721894894,0.4858444120497605,0.7688505576870359,1.1742800669316793,1.1742800669316793,0.5354876429121813,0.9198522704852529,9.648333333333332,-0.05194678120451768,0.05194678120451768,211.66868198307137,8.56,7.41,6.3933333333333335,5.859999999999999,5.58,5.576666666666667,5.659999999999999,5.76,5.826666666666666,5.85,6.087272727272727,6.468333333333333,6.783076923076924,6.9957142857142856,7.179999999999999,7.36625,7.54235294117647,7.7266666666666675,7.838947368421051,7.9049999999999985,7.9361904761904745,7.923636363636363,7.90782608695652,7.8808333333333325,7.827999999999999,7.729230769230768,7.637777777777775,7.570714285714284,7.535862068965516,7.533333333333332,7.559999999999999,7.597499999999999,7.663030303030303,7.724705882352939,7.805714285714285,7.868333333333333,7.927567567567566,7.949473684210526,7.977948717948718,8.022499999999999,8.07219512195122,8.133809523809523,8.194883720930232,8.284999999999998,8.331111111111111,8.34478260869565,8.321702127659574,8.270416666666666,8.170204081632653,8.054,7.956078431372549,7.888846153846154,7.8241509433962255,7.7840740740740735,7.74,7.697499999999999,7.674035087719298,7.661724137931034,7.675254237288136,7.694999999999999,7.704262295081968,7.705161290322581,7.72984126984127,7.7584375,7.787692307692308,7.837272727272727,7.897313432835819,7.962941176470586,8.000579710144928,8.03,8.038873239436619,8.037777777777778,8.00931506849315,7.9627027027027015,7.8986666666666645,7.833684210526316,7.775584415584414,7.74205128205128,7.720759493670884,7.707499999999999,7.6970370370370365,7.689268292682925,7.696144578313253,7.698095238095236,7.705882352941177,7.712325581395348,7.718620689655173,7.729318181818183,7.7408988764044935,7.749999999999999,7.768791208791208,7.792608695652174,7.819139784946236,7.844042553191487,7.863157894736841,7.8620833333333335,7.8486597938144325,7.8212244897959184,7.798383838383838,7.775999999999999,7.746138613861386,7.730588235294117,7.722135922330096,7.713846153846154,7.712380952380952,7.722264150943396,7.736635514018692,7.750740740740741,7.767339449541284,7.788181818181817,7.814954954954954,7.848392857142858,7.878584070796461,7.895964912280702,7.911304347826087,7.923793103448276,7.93008547008547,7.923559322033898,7.899495798319327,7.865,7.816198347107438,7.758360655737705,7.699024390243902,7.637419354838709,7.5808,7.524285714285714,7.480472440944882,7.44984375,51.0,612.0,0.0,0.0,0.0,0.0,0.0,0.0,0.0,0.0,0.0,0.0,0.0,0.0,0.0,0.0,0.0,13.0,43.0,91.0,149.0,205.0,249.0,274.0,281.0,281.0,281.0,281.0,281.0,281.0,281.0,281.0,281.0,281.0,281.0,281.0,281.0,281.0,281.0,281.0,281.0,293.0,318.0,357.0,403.0,444.0,472.0,483.0,483.0,483.0,483.0,483.0,483.0,483.0,483.0,483.0,483.0,483.0,483.0,483.0,483.0,483.0,483.0,483.0,483.0,497.0,555.0,649.0,765.0,887.0,1000.0,1090.0,1147.0,1167.0,1167.0,1167.0,1167.0,1167.0,1167.0,1167.0,1167.0,1167.0,1167.0,1167.0,1167.0,1167.0,1167.0,1167.0,1167.0,1181.0,1216.0,1270.0,1334.0,1396.0,1448.0,1483.0,1498.0,1499.0,1499.0,1499.0,1499.0,1499.0,1499.0,1499.0,1499.0,1499.0,1499.0,1499.0,1499.0,1499.0,1499.0,1499.0,1499.0,1514.0,1556.0,1622.0,1702.0,1783.0,1854.0,1906.0,1934.0,1941.0,1941.0,1941.0,1941.0,1941.0,1941.0,1941.0,1941.0,1941.0,96,December 7,Agen
0.0072085834802671014,1.5065733044463827,0.7553170657529169,1.3620309900062244,1.3620309900062244,0.4944356099994842,1.1896603883409829,2.8600591235033037,2.8600591235033037,0.6891171148747346,0.5220041408632662,3.1640083721894894,3.1640083721894894,0.4858444120497605,0.7688505576870359,1.1742800669316793,1.1742800669316793,0.5354876429121813,0.9198522704852529,11.765,0.03379395210551197,0.03379395210551197,230.81172970675732,5.3599999999999985,4.51,4.06,3.885,4.139999999999999,4.626666666666666,4.96,5.047499999999999,5.148888888888888,5.359999999999999,5.569090909090908,5.8183333333333325,6.029230769230768,6.195714285714284,6.333333333333332,6.46625,6.618823529411764,6.832222222222221,7.070526315789472,7.329999999999998,7.564761904761904,7.778181818181817,7.964347826086955,8.084999999999999,8.104,8.033076923076921,7.897037037037036,7.767142857142857,7.653103448275862,7.583333333333332,7.537419354838709,7.50375,7.469090909090909,7.427647058823529,7.457142857142857,7.546111111111113,7.62756756756757,7.6836842105263194,7.736923076923079,7.797499999999999,7.859999999999999,7.931428571428573,7.976279069767442,8.00318181818182,8.015555555555558,8.007826086956525,7.998297872340427,7.982916666666667,7.953877551020408,7.900000000000001,7.8482352941176465,7.808076923076925,7.784528301886795,7.77851851851852,7.78909090909091,7.806428571428571,7.840701754385965,7.873793103448276,7.919322033898307,7.955000000000001,7.989508196721314,8.00193548387097,8.018730158730161,8.0459375,8.076923076923077,8.116060606060605,8.155522388059701,8.214411764705881,8.24550724637681,8.255714285714284,8.24169014084507,8.20861111111111,8.142191780821918,8.064054054054054,7.997333333333331,7.95078947368421,7.905454545454544,7.876666666666665,7.844810126582277,7.813749999999999,7.795802469135801,7.785609756097561,7.7937349397590365,7.8064285714285715,7.811764705882352,7.811162790697673,7.827816091954022,7.8475,7.867865168539326,7.903333333333332,7.946813186813187,7.994782608695652,8.022365591397849,8.044042553191488,8.050526315789472,8.049583333333333,8.028041237113403,7.992653061224489,7.943838383838383,7.894,7.849108910891088,7.822745098039214,7.805631067961164,7.794615384615385,7.785714285714285,7.778867924528301,7.783364485981308,7.784074074074074,7.789357798165137,7.793636363636362,7.797837837837839,7.805535714285715,7.813982300884957,7.820526315789474,7.834782608695652,7.853103448275862,7.873675213675213,7.8930508474576255,7.907899159663865,7.906666666666666,7.895537190082645,7.873114754098361,7.854308943089431,7.8358064516129025,7.8111999999999995,7.798095238095237,7.790708661417322,7.783437500000001,9.416666666666666,113.0,0.0,0.0,0.0,0.0,0.0,0.0,0.0,0.0,0.0,0.0,0.0,0.0,0.0,0.0,0.0,15.0,68.0,153.0,259.0,370.0,472.0,551.0,598.0,612.0,612.0,612.0,612.0,612.0,612.0,612.0,612.0,612.0,612.0,612.0,612.0,612.0,612.0,612.0,612.0,625.0,655.0,703.0,761.0,817.0,861.0,886.0,893.0,893.0,893.0,893.0,893.0,893.0,893.0,893.0,893.0,893.0,893.0,893.0,893.0,893.0,893.0,893.0,893.0,905.0,930.0,969.0,1015.0,1056.0,1084.0,1095.0,1095.0,1095.0,1095.0,1095.0,1095.0,1095.0,1095.0,1095.0,1095.0,1095.0,1095.0,1095.0,1095.0,1095.0,1095.0,1095.0,1095.0,1109.0,1167.0,1261.0,1377.0,1499.0,1612.0,1702.0,1759.0,1779.0,1779.0,1779.0,1779.0,1779.0,1779.0,1779.0,1779.0,1779.0,1779.0,1779.0,1779.0,1779.0,1779.0,1779.0,1779.0,1793.0,1828.0,1882.0,1946.0,2008.0,2060.0,2095.0,2110.0,2111.0,2111.0,2111.0,2111.0,2111.0,2111.0,2111.0,2111.0,2111.0,97,December 8,Agen
0.0072085834802671014,1.5065733044463827,0.7553170657529169,1.3620309900062244,1.3620309900062244,0.4944356099994842,1.1896603883409829,2.8600591235033037,2.8600591235033037,0.6891171148747346,0.5220041408632662,3.1640083721894894,3.1640083721894894,0.4858444120497605,0.7688505576870359,1.1742800669316793,1.1742800669316793,0.5354876429121813,0.9198522704852529,12.748333333333335,-0.13662096162157378,0.13662096162157378,192.7637599686233,4.26,3.76,3.6266666666666665,3.8099999999999996,4.139999999999999,4.509999999999999,4.888571428571427,4.959999999999999,4.97111111111111,5.079999999999999,5.25090909090909,5.409999999999999,5.583076923076924,5.81,6.046666666666666,6.297499999999999,6.495294117647059,6.676666666666666,6.80736842105263,6.929999999999998,6.959999999999998,6.9009090909090895,6.886086956521738,6.822499999999999,6.7639999999999985,6.644615384615384,6.515555555555555,6.402857142857142,6.36,6.383333333333332,6.401935483870967,6.37875,6.366060606060605,6.39235294117647,6.428571428571428,6.487777777777777,6.543783783783782,6.591578947368419,6.634358974358973,6.679999999999998,6.738048780487805,6.826666666666667,6.932093023255813,7.053181818181818,7.168888888888888,7.279565217391305,7.38127659574468,7.453749999999999,7.476326530612246,7.451999999999999,7.391372549019609,7.331153846153845,7.276981132075472,7.245185185185185,7.225454545454545,7.211785714285715,7.1968421052631575,7.1772413793103444,7.198983050847458,7.256666666666666,7.310819672131148,7.350322580645161,7.388571428571429,7.431875,7.476923076923077,7.528181818181818,7.562985074626866,7.586470588235294,7.600579710144927,7.601428571428571,7.600845070422537,7.596111111111112,7.5819178082191785,7.550540540540541,7.519999999999999,7.496842105263158,7.484675324675325,7.484358974358974,7.495443037974684,7.5112499999999995,7.53901234567901,7.566097560975609,7.602168674698794,7.631428571428571,7.66,7.672790697674419,7.688735632183907,7.712272727272727,7.738651685393258,7.77111111111111,7.803956043956044,7.851304347826086,7.878279569892473,7.889787234042553,7.883157894736842,7.8620833333333335,7.815670103092784,7.759999999999999,7.712525252525253,7.68,7.648118811881188,7.628627450980392,7.606601941747573,7.584999999999999,7.573333333333332,7.567547169811321,7.575887850467288,7.587777777777778,7.593944954128441,7.595454545454547,7.61045045045045,7.627857142857143,7.645840707964602,7.67578947368421,7.712173913043478,7.752241379310345,7.776239316239317,7.795593220338984,7.8028571428571425,7.804166666666666,7.788925619834711,7.762459016393443,7.725040650406504,7.686612903225806,7.652,7.632222222222222,7.619842519685039,7.61234375,75.83333333333333,910.0,0.0,0.0,0.0,0.0,0.0,0.0,0.0,0.0,0.0,0.0,0.0,0.0,0.0,0.0,0.0,15.0,34.0,59.0,85.0,104.0,113.0,113.0,113.0,113.0,113.0,113.0,113.0,113.0,113.0,113.0,113.0,113.0,113.0,113.0,113.0,113.0,113.0,113.0,113.0,128.0,181.0,266.0,372.0,483.0,585.0,664.0,711.0,725.0,725.0,725.0,725.0,725.0,725.0,725.0,725.0,725.0,725.0,725.0,725.0,725.0,725.0,725.0,725.0,738.0,768.0,816.0,874.0,930.0,974.0,999.0,1006.0,1006.0,1006.0,1006.0,1006.0,1006.0,1006.0,1006.0,1006.0,1006.0,1006.0,1006.0,1006.0,1006.0,1006.0,1006.0,1006.0,1018.0,1043.0,1082.0,1128.0,1169.0,1197.0,1208.0,1208.0,1208.0,1208.0,1208.0,1208.0,1208.0,1208.0,1208.0,1208.0,1208.0,1208.0,1208.0,1208.0,1208.0,1208.0,1208.0,1208.0,1222.0,1280.0,1374.0,1490.0,1612.0,1725.0,1815.0,1872.0,1892.0,1892.0,1892.0,1892.0,1892.0,1892.0,1892.0,1892.0,1892.0,98,December 9,Agen
0.0072085834802671014,1.5065733044463827,0.7553170657529169,1.3620309900062244,1.3620309900062244,0.4944356099994842,1.1896603883409829,2.8600591235033037,2.8600591235033037,0.6891171148747346,0.5220041408632662,3.1640083721894894,3.1640083721894894,0.4858444120497605,0.7688505576870359,1.1742800669316793,1.1742800669316793,0.5354876429121813,0.9198522704852529,12.856666666666666,0.06512935998835045,0.06512935998835045,237.80788177339906,3.06,1.8599999999999999,1.1266666666666667,1.1099999999999999,1.3800000000000001,1.8933333333333335,2.2600000000000002,2.485,2.56,2.62,2.6327272727272724,2.685,2.867692307692308,3.0528571428571425,3.2733333333333334,3.47875,3.7541176470588233,4.065555555555556,4.359999999999999,4.615,4.798095238095237,4.914545454545453,4.973043478260869,4.968333333333333,4.9399999999999995,4.875384615384615,4.819259259259258,4.8028571428571425,4.82551724137931,4.876666666666667,4.950322580645161,4.96625,4.969090909090909,5.001176470588235,5.057142857142857,5.115555555555556,5.184324324324324,5.278421052631579,5.383076923076923,5.5,5.601463414634146,5.7004761904761905,5.7809302325581395,5.859999999999999,5.897777777777779,5.892608695652174,5.906808510638298,5.895416666666667,5.884489795918367,5.84,5.787450980392157,5.7407692307692315,5.729811320754717,5.754444444444444,5.776363636363636,5.774285714285713,5.777543859649123,5.803103448275862,5.834576271186441,5.88,5.923934426229509,5.963225806451613,5.9996825396825395,6.038124999999999,6.084615384615383,6.15090909090909,6.228656716417911,6.3173529411764715,6.403478260869565,6.487142857142857,6.565633802816901,6.625277777777778,6.651780821917808,6.646486486486487,6.6160000000000005,6.585,6.557402597402597,6.544615384615384,6.539746835443035,6.5387499999999985,6.536543209876541,6.530731707317072,6.553975903614456,6.60285714285714,6.649411764705881,6.6855813953488346,6.720919540229884,6.76,6.8004494382022465,6.8455555555555545,6.878681318681316,6.903478260869563,6.921290322580643,6.929148936170212,6.935789473684211,6.939166666666666,6.935257731958762,6.918163265306122,6.901414141414139,6.889999999999998,6.886732673267325,6.892352941176468,6.906601941747572,6.924423076923076,6.95142857142857,6.9779245283018865,7.011401869158877,7.039629629629627,7.067339449541283,7.082727272727272,7.100540540540539,7.124285714285714,7.150265486725662,7.181052631578947,7.212173913043477,7.254827586206894,7.28136752136752,7.295593220338982,7.295294117647058,7.283333333333332,7.25090909090909,7.210819672131147,7.177073170731706,7.155161290322579,7.133599999999999,7.121904761904761,7.108031496062991,7.094374999999999,4.416666666666667,53.0,0.0,0.0,0.0,0.0,0.0,0.0,0.0,0.0,0.0,0.0,0.0,0.0,0.0,0.0,0.0,15.0,87.0,204.0,351.0,510.0,662.0,790.0,878.0,910.0,910.0,910.0,910.0,910.0,910.0,910.0,910.0,910.0,910.0,910.0,910.0,910.0,910.0,910.0,910.0,925.0,944.0,969.0,995.0,1014.0,1023.0,1023.0,1023.0,1023.0,1023.0,1023.0,1023.0,1023.0,1023.0,1023.0,1023.0,1023.0,1023.0,1023.0,1023.0,1023.0,1023.0,1023.0,1023.0,1038.0,1091.0,1176.0,1282.0,1393.0,1495.0,1574.0,1621.0,1635.0,1635.0,1635.0,1635.0,1635.0,1635.0,1635.0,1635.0,1635.0,1635.0,1635.0,1635.0,1635.0,1635.0,1635.0,1635.0,1648.0,1678.0,1726.0,1784.0,1840.0,1884.0,1909.0,1916.0,1916.0,1916.0,1916.0,1916.0,1916.0,1916.0,1916.0,1916.0,1916.0,1916.0,1916.0,1916.0,1916.0,1916.0,1916.0,1916.0,1928.0,1953.0,1992.0,2038.0,2079.0,2107.0,2118.0,2118.0,2118.0,2118.0,2118.0,2118.0,2118.0,2118.0,2118.0,2118.0,2118.0,99,December 10,Agen
0.0072085834802671014,1.5065733044463827,0.7553170657529169,1.3620309900062244,1.3620309900062244,0.4944356099994842,1.1896603883409829,2.8600591235033037,2.8600591235033037,0.6891171148747346,0.5220041408632662,3.1640083721894894,3.1640083721894894,0.4858444120497605,0.7688505576870359,1.1742800669316793,1.1742800669316793,0.5354876429121813,0.9198522704852529,11.84,0.1925264600970034,0.1925264600970034,266.25140765765764,0.76,0.010000000000000009,-0.5399999999999999,-0.6400000000000001,-0.5800000000000001,-0.47333333333333333,-0.45428571428571435,-0.365,-0.26222222222222225,0.039999999999999945,0.41454545454545433,0.8516666666666665,1.2138461538461534,1.5885714285714283,1.8999999999999997,2.14125,2.3776470588235292,2.6766666666666663,3.0126315789473677,3.370000000000001,3.6552380952380954,3.8463636363636367,3.9730434782608692,3.9975,3.96,3.833076923076923,3.6785185185185187,3.5850000000000004,3.546206896551724,3.5766666666666667,3.6051612903225805,3.619375,3.605454545454545,3.5923529411764705,3.5685714285714285,3.5600000000000005,3.6005405405405404,3.6494736842105255,3.718974358974359,3.79,3.8965853658536584,4.026666666666666,4.157674418604651,4.278181818181817,4.3711111111111105,4.43608695652174,4.474893617021276,4.482916666666666,4.478367346938774,4.453999999999999,4.432549019607842,4.431153846153846,4.4505660377358485,4.485925925925925,4.534545454545454,4.5510714285714275,4.56,4.5858620689655165,4.626101694915254,4.668333333333333,4.717377049180327,4.78258064516129,4.855238095238096,4.9365625,5.009230769230768,5.08121212121212,5.142089552238805,5.202647058823529,5.236811594202898,5.242857142857143,5.261408450704225,5.262777777777777,5.264109589041095,5.242432432432432,5.214666666666666,5.190263157894736,5.18987012987013,5.213846153846154,5.235949367088607,5.24125,5.250123456790123,5.274634146341463,5.303373493975903,5.342142857142856,5.38,5.4146511627906975,5.44735632183908,5.481590909090909,5.521797752808988,5.576666666666666,5.64021978021978,5.712173913043477,5.78258064516129,5.851489361702126,5.9168421052631555,5.968333333333334,5.995051546391752,5.997755102040816,5.981212121212121,5.9639999999999995,5.949108910891088,5.945294117647057,5.947378640776696,5.952307692307692,5.956190476190475,5.957169811320754,5.980560747663551,6.023888888888888,6.065504587155962,6.099090909090908,6.13207207207207,6.168035714285714,6.205132743362832,6.2459649122807015,6.277391304347826,6.3022413793103444,6.32153846153846,6.3328813559322015,6.343193277310923,6.350833333333333,6.352561983471075,6.343606557377049,6.334796747967479,6.330161290322581,6.331999999999998,6.34095238095238,6.356850393700786,6.375624999999999,10.833333333333334,130.0,0.0,0.0,0.0,0.0,0.0,0.0,0.0,0.0,0.0,0.0,0.0,0.0,0.0,0.0,0.0,12.0,22.0,37.0,50.0,53.0,53.0,53.0,53.0,53.0,53.0,53.0,53.0,53.0,53.0,53.0,53.0,53.0,53.0,53.0,53.0,53.0,53.0,53.0,53.0,68.0,140.0,257.0,404.0,563.0,715.0,843.0,931.0,963.0,963.0,963.0,963.0,963.0,963.0,963.0,963.0,963.0,963.0,963.0,963.0,963.0,963.0,963.0,963.0,978.0,997.0,1022.0,1048.0,1067.0,1076.0,1076.0,1076.0,1076.0,1076.0,1076.0,1076.0,1076.0,1076.0,1076.0,1076.0,1076.0,1076.0,1076.0,1076.0,1076.0,1076.0,1076.0,1076.0,1091.0,1144.0,1229.0,1335.0,1446.0,1548.0,1627.0,1674.0,1688.0,1688.0,1688.0,1688.0,1688.0,1688.0,1688.0,1688.0,1688.0,1688.0,1688.0,1688.0,1688.0,1688.0,1688.0,1688.0,1701.0,1731.0,1779.0,1837.0,1893.0,1937.0,1962.0,1969.0,1969.0,1969.0,1969.0,1969.0,1969.0,1969.0,1969.0,1969.0,1969.0,100,December 11,Agen
