Laine de verre¤TTP_TMateriau_Cond,North¤TTP_TOuverture_Uw,North¤TTP_TOuverture_Sw,North¤TTP_TOuverture_Largeur,North¤TTP_TOuverture_Hauteur,South¤TTP_TOuverture_Uw,South¤TTP_TOuverture_Sw,South¤TTP_TOuverture_Largeur,South¤TTP_TOuverture_Hauteur,East¤TTP_TOuverture_Uw,East¤TTP_TOuverture_Sw,East¤TTP_TOuverture_Largeur,East¤TTP_TOuverture_Hauteur,West¤TTP_TOuverture_Uw,West¤TTP_TOuverture_Sw,West¤TTP_TOuverture_Largeur,West¤TTP_TOuverture_Hauteur,Zone 1¤TTP_TinfiltrationZone,¤TMeteo,Text-average,Bias,Bias_Absolute,HLC,Text-1,Text-2,Text-3,Text-4,Text-5,Text-6,Text-7,Text-8,Text-9,Text-10,Text-11,Text-12,Text-13,Text-14,Text-15,Text-16,Text-17,Text-18,Text-19,Text-20,Text-21,Text-22,Text-23,Text-24,Text-25,Text-26,Text-27,Text-28,Text-29,Text-30,Text-31,Text-32,Text-33,Text-34,Text-35,Text-36,Text-37,Text-38,Text-39,Text-40,Text-41,Text-42,Text-43,Text-44,Text-45,Text-46,Text-47,Text-48,Text-49,Text-50,Text-51,Text-52,Text-53,Text-54,Text-55,Text-56,Text-57,Text-58,Text-59,Text-60,Text-61,Text-62,Text-63,Text-64,Text-65,Text-66,Text-67,Text-68,Text-69,Text-70,Text-71,Text-72,Text-73,Text-74,Text-75,Text-76,Text-77,Text-78,Text-79,Text-80,Text-81,Text-82,Text-83,Text-84,Text-85,Text-86,Text-87,Text-88,Text-89,Text-90,Text-91,Text-92,Text-93,Text-94,Text-95,Text-96,Text-97,Text-98,Text-99,Text-100,Text-101,Text-102,Text-103,Text-104,Text-105,Text-106,Text-107,Text-108,Text-109,Text-110,Text-111,Text-112,Text-113,Text-114,Text-115,Text-116,Text-117,Text-118,Text-119,Text-120,Text-121,Text-122,Text-123,Text-124,Text-125,Text-126,Text-127,Text-128,GHR_mean,GHR_sum,GHR-sum-1,GHR-sum-2,GHR-sum-3,GHR-sum-4,GHR-sum-5,GHR-sum-6,GHR-sum-7,GHR-sum-8,GHR-sum-9,GHR-sum-10,GHR-sum-11,GHR-sum-12,GHR-sum-13,GHR-sum-14,GHR-sum-15,GHR-sum-16,GHR-sum-17,GHR-sum-18,GHR-sum-19,GHR-sum-20,GHR-sum-21,GHR-sum-22,GHR-sum-23,GHR-sum-24,GHR-sum-25,GHR-sum-26,GHR-sum-27,GHR-sum-28,GHR-sum-29,GHR-sum-30,GHR-sum-31,GHR-sum-32,GHR-sum-33,GHR-sum-34,GHR-sum-35,GHR-sum-36,GHR-sum-37,GHR-sum-38,GHR-sum-39,GHR-sum-40,GHR-sum-41,GHR-sum-42,GHR-sum-43,GHR-sum-44,GHR-sum-45,GHR-sum-46,GHR-sum-47,GHR-sum-48,GHR-sum-49,GHR-sum-50,GHR-sum-51,GHR-sum-52,GHR-sum-53,GHR-sum-54,GHR-sum-55,GHR-sum-56,GHR-sum-57,GHR-sum-58,GHR-sum-59,GHR-sum-60,GHR-sum-61,GHR-sum-62,GHR-sum-63,GHR-sum-64,GHR-sum-65,GHR-sum-66,GHR-sum-67,GHR-sum-68,GHR-sum-69,GHR-sum-70,GHR-sum-71,GHR-sum-72,GHR-sum-73,GHR-sum-74,GHR-sum-75,GHR-sum-76,GHR-sum-77,GHR-sum-78,GHR-sum-79,GHR-sum-80,GHR-sum-81,GHR-sum-82,GHR-sum-83,GHR-sum-84,GHR-sum-85,GHR-sum-86,GHR-sum-87,GHR-sum-88,GHR-sum-89,GHR-sum-90,GHR-sum-91,GHR-sum-92,GHR-sum-93,GHR-sum-94,GHR-sum-95,GHR-sum-96,GHR-sum-97,GHR-sum-98,GHR-sum-99,GHR-sum-100,GHR-sum-101,GHR-sum-102,GHR-sum-103,GHR-sum-104,GHR-sum-105,GHR-sum-106,GHR-sum-107,GHR-sum-108,GHR-sum-109,GHR-sum-110,GHR-sum-111,GHR-sum-112,GHR-sum-113,GHR-sum-114,GHR-sum-115,GHR-sum-116,GHR-sum-117,GHR-sum-118,GHR-sum-119,GHR-sum-120,GHR-sum-121,GHR-sum-122,GHR-sum-123,GHR-sum-124,GHR-sum-125,GHR-sum-126,GHR-sum-127,GHR-sum-128,day_index,Date,Climate_zone
0.004018998534631023,1.5536064444830782,1.2418761439363348,1.7143445757596574,1.7143445757596574,0.7700693948995745,1.361379373139509,4.589535767128064,4.589535767128064,0.737083795652392,1.457704909747986,2.487865253765865,2.487865253765865,0.6916343216874254,1.0517655474240084,3.2687683458818926,3.2687683458818926,0.5999872043653678,0.5108375258270416,10.85,-0.21620525443522162,0.21620525443522162,172.17357910906296,7.2,7.65,8.0,8.125000000000002,8.280000000000001,8.433333333333335,8.6,8.675,7.711111111111112,6.94,6.309090909090909,5.783333333333334,5.338461538461539,4.957142857142857,4.626666666666667,4.3375,4.082352941176471,3.855555555555556,3.652631578947368,3.47,3.304761904761905,3.1545454545454548,3.0173913043478264,2.891666666666667,2.7760000000000002,2.6692307692307695,2.57037037037037,2.4785714285714286,2.393103448275862,2.3133333333333335,2.238709677419355,2.16875,2.103030303030303,2.0411764705882356,1.9828571428571427,1.927777777777778,1.8756756756756758,1.8263157894736843,1.7794871794871796,1.735,1.6926829268292685,1.6523809523809525,1.6139534883720927,1.5772727272727274,1.5422222222222224,1.5086956521739132,1.476595744680851,1.4458333333333335,1.416326530612245,1.3880000000000001,1.36078431372549,1.3346153846153848,1.309433962264151,1.2851851851851852,1.261818181818182,1.2392857142857143,1.2175438596491228,1.196551724137931,1.1762711864406779,1.1566666666666667,1.137704918032787,1.1193548387096774,1.1015873015873017,1.084375,1.0676923076923077,1.0515151515151515,1.035820895522388,1.0205882352941178,1.0057971014492755,0.9914285714285715,0.9774647887323944,0.963888888888889,0.9506849315068494,0.9378378378378379,0.9253333333333332,0.9131578947368422,0.9012987012987014,0.8897435897435898,0.8784810126582279,0.8675,0.8567901234567902,0.8463414634146342,0.836144578313253,0.8261904761904763,0.8164705882352942,0.8069767441860466,0.7977011494252875,0.7886363636363637,0.7797752808988765,0.7711111111111112,0.7626373626373626,0.7543478260869566,0.746236559139785,0.7382978723404255,0.7305263157894737,0.7229166666666668,0.7154639175257732,0.7081632653061225,0.701010101010101,0.6940000000000001,0.6871287128712872,0.6803921568627451,0.6737864077669904,0.6673076923076924,0.660952380952381,0.6547169811320755,0.6485981308411214,0.6425925925925926,0.6366972477064221,0.630909090909091,0.6252252252252253,0.6196428571428572,0.6141592920353983,0.6087719298245614,0.6034782608695651,0.5982758620689655,0.5931623931623932,0.588135593220339,0.5831932773109244,0.5783333333333334,0.5735537190082645,0.5688524590163935,0.5642276422764227,0.5596774193548387,0.5552,0.5507936507936508,0.5464566929133858,0.5421875,36.75,441.0,0.0,0.0,0.0,0.0,0.0,0.0,0.0,0.0,0.0,0.0,0.0,0.0,0.0,0.0,0.0,0.0,0.0,0.0,0.0,0.0,0.0,0.0,0.0,0.0,0.0,0.0,0.0,0.0,0.0,0.0,0.0,0.0,0.0,0.0,0.0,0.0,0.0,0.0,0.0,0.0,0.0,0.0,0.0,0.0,0.0,0.0,0.0,0.0,0.0,0.0,0.0,0.0,0.0,0.0,0.0,0.0,0.0,0.0,0.0,0.0,0.0,0.0,0.0,0.0,0.0,0.0,0.0,0.0,0.0,0.0,0.0,0.0,0.0,0.0,0.0,0.0,0.0,0.0,0.0,0.0,0.0,0.0,0.0,0.0,0.0,0.0,0.0,0.0,0.0,0.0,0.0,0.0,0.0,0.0,0.0,0.0,0.0,0.0,0.0,0.0,0.0,0.0,0.0,0.0,0.0,0.0,0.0,0.0,0.0,0.0,0.0,0.0,0.0,0.0,0.0,0.0,0.0,0.0,0.0,0.0,0.0,0.0,0.0,0.0,0.0,0.0,0.0,0.0,1,January 1,Macon
0.004018998534631023,1.5536064444830782,1.2418761439363348,1.7143445757596574,1.7143445757596574,0.7700693948995745,1.361379373139509,4.589535767128064,4.589535767128064,0.737083795652392,1.457704909747986,2.487865253765865,2.487865253765865,0.6916343216874254,1.0517655474240084,3.2687683458818926,3.2687683458818926,0.5999872043653678,0.5108375258270416,11.55,-0.24958450755112346,0.24958450755112346,164.84126984126985,7.7,7.9,8.033333333333333,8.275,8.46,8.65,8.842857142857143,9.05,9.155555555555555,9.299999999999999,9.363636363636363,9.424999999999999,9.407692307692308,9.299999999999999,9.146666666666667,9.068750000000001,9.076470588235294,9.077777777777778,9.13157894736842,9.23,9.333333333333332,9.35,9.339130434782607,9.2875,9.203999999999999,9.16153846153846,9.144444444444444,9.12142857142857,9.113793103448277,9.116666666666667,9.13225806451613,9.134375,8.857575757575757,8.597058823529412,8.351428571428572,8.119444444444445,7.9,7.692105263157895,7.494871794871795,7.3075,7.129268292682927,6.95952380952381,6.797674418604651,6.6431818181818185,6.495555555555556,6.354347826086957,6.219148936170213,6.089583333333334,5.96530612244898,5.846,5.731372549019608,5.621153846153846,5.5150943396226415,5.412962962962963,5.3145454545454545,5.2196428571428575,5.128070175438597,5.039655172413793,4.954237288135594,4.871666666666667,4.7918032786885245,4.714516129032258,4.63968253968254,4.5671875,4.4969230769230775,4.428787878787879,4.36268656716418,4.298529411764706,4.236231884057971,4.175714285714286,4.116901408450705,4.059722222222223,4.0041095890410965,3.95,3.8973333333333335,3.8460526315789476,3.7961038961038964,3.7474358974358974,3.7,3.65375,3.6086419753086423,3.5646341463414637,3.521686746987952,3.479761904761905,3.438823529411765,3.3988372093023256,3.359770114942529,3.3215909090909093,3.2842696629213486,3.247777777777778,3.2120879120879122,3.1771739130434784,3.143010752688172,3.1095744680851065,3.076842105263158,3.044791666666667,3.01340206185567,2.98265306122449,2.9525252525252528,2.923,2.894059405940594,2.865686274509804,2.837864077669903,2.810576923076923,2.783809523809524,2.7575471698113208,2.7317757009345796,2.7064814814814815,2.6816513761467893,2.6572727272727272,2.6333333333333333,2.6098214285714287,2.5867256637168143,2.5640350877192986,2.5417391304347827,2.5198275862068966,2.4982905982905983,2.477118644067797,2.4563025210084035,2.4358333333333335,2.415702479338843,2.3959016393442623,2.3764227642276423,2.357258064516129,2.3384,2.31984126984127,2.3015748031496064,2.28359375,43.666666666666664,524.0,0.0,0.0,0.0,0.0,0.0,0.0,0.0,0.0,0.0,0.0,0.0,0.0,0.0,0.0,0.0,0.0,41.0,105.0,184.0,267.0,343.0,401.0,433.0,441.0,441.0,441.0,441.0,441.0,441.0,441.0,441.0,441.0,441.0,441.0,441.0,441.0,441.0,441.0,441.0,441.0,441.0,441.0,441.0,441.0,441.0,441.0,441.0,441.0,441.0,441.0,441.0,441.0,441.0,441.0,441.0,441.0,441.0,441.0,441.0,441.0,441.0,441.0,441.0,441.0,441.0,441.0,441.0,441.0,441.0,441.0,441.0,441.0,441.0,441.0,441.0,441.0,441.0,441.0,441.0,441.0,441.0,441.0,441.0,441.0,441.0,441.0,441.0,441.0,441.0,441.0,441.0,441.0,441.0,441.0,441.0,441.0,441.0,441.0,441.0,441.0,441.0,441.0,441.0,441.0,441.0,441.0,441.0,441.0,441.0,441.0,441.0,441.0,441.0,441.0,441.0,441.0,441.0,441.0,441.0,441.0,441.0,441.0,441.0,441.0,441.0,441.0,441.0,441.0,2,January 2,Macon
0.004018998534631023,1.5536064444830782,1.2418761439363348,1.7143445757596574,1.7143445757596574,0.7700693948995745,1.361379373139509,4.589535767128064,4.589535767128064,0.737083795652392,1.457704909747986,2.487865253765865,2.487865253765865,0.6916343216874254,1.0517655474240084,3.2687683458818926,3.2687683458818926,0.5999872043653678,0.5108375258270416,14.1,-0.04405988011063372,0.04405988011063372,209.98817966903076,6.1,6.1,6.133333333333333,6.449999999999999,6.62,6.699999999999999,6.785714285714286,6.8374999999999995,6.777777777777778,6.85,7.1,7.408333333333332,7.7153846153846155,7.942857142857141,8.066666666666666,8.08125,8.08235294117647,8.027777777777779,7.973684210526314,7.959999999999999,7.938095238095237,7.918181818181818,7.943478260869565,7.929166666666667,7.92,7.926923076923076,7.94074074074074,7.978571428571428,8.020689655172413,8.073333333333332,8.135483870967741,8.209375,8.263636363636364,8.332352941176472,8.38,8.427777777777777,8.44864864864865,8.43421052631579,8.3974358974359,8.385,8.404878048780489,8.421428571428573,8.46046511627907,8.520454545454546,8.584444444444445,8.608695652173912,8.619148936170214,8.608333333333334,8.579591836734695,8.57,8.572549019607845,8.571153846153846,8.577358490566038,8.58888888888889,8.60727272727273,8.617857142857144,8.466666666666667,8.320689655172414,8.179661016949153,8.043333333333333,7.911475409836066,7.783870967741936,7.6603174603174615,7.540625,7.424615384615385,7.3121212121212125,7.202985074626866,7.097058823529412,6.994202898550725,6.894285714285715,6.7971830985915505,6.702777777777778,6.610958904109589,6.521621621621622,6.434666666666667,6.3500000000000005,6.267532467532468,6.187179487179487,6.1088607594936715,6.032500000000001,5.958024691358025,5.885365853658537,5.814457831325302,5.745238095238095,5.6776470588235295,5.611627906976745,5.54712643678161,5.484090909090909,5.4224719101123595,5.362222222222223,5.303296703296703,5.245652173913044,5.189247311827957,5.13404255319149,5.080000000000001,5.027083333333334,4.975257731958763,4.924489795918368,4.874747474747475,4.8260000000000005,4.778217821782178,4.731372549019608,4.685436893203884,4.640384615384615,4.596190476190476,4.552830188679246,4.510280373831776,4.468518518518518,4.427522935779817,4.387272727272728,4.347747747747748,4.308928571428572,4.270796460176991,4.233333333333333,4.196521739130435,4.160344827586207,4.124786324786325,4.089830508474576,4.05546218487395,4.0216666666666665,3.988429752066116,3.955737704918033,3.923577235772358,3.891935483870968,3.8608000000000002,3.8301587301587303,3.8000000000000007,3.7703125,8.333333333333334,100.0,0.0,0.0,0.0,0.0,0.0,0.0,0.0,0.0,0.0,0.0,0.0,0.0,0.0,0.0,0.0,0.0,46.0,120.0,212.0,309.0,399.0,470.0,512.0,524.0,524.0,524.0,524.0,524.0,524.0,524.0,524.0,524.0,524.0,524.0,524.0,524.0,524.0,524.0,524.0,524.0,565.0,629.0,708.0,791.0,867.0,925.0,957.0,965.0,965.0,965.0,965.0,965.0,965.0,965.0,965.0,965.0,965.0,965.0,965.0,965.0,965.0,965.0,965.0,965.0,965.0,965.0,965.0,965.0,965.0,965.0,965.0,965.0,965.0,965.0,965.0,965.0,965.0,965.0,965.0,965.0,965.0,965.0,965.0,965.0,965.0,965.0,965.0,965.0,965.0,965.0,965.0,965.0,965.0,965.0,965.0,965.0,965.0,965.0,965.0,965.0,965.0,965.0,965.0,965.0,965.0,965.0,965.0,965.0,965.0,965.0,965.0,965.0,965.0,965.0,965.0,965.0,965.0,965.0,965.0,965.0,965.0,965.0,965.0,965.0,965.0,965.0,965.0,965.0,3,January 3,Macon
0.004018998534631023,1.5536064444830782,1.2418761439363348,1.7143445757596574,1.7143445757596574,0.7700693948995745,1.361379373139509,4.589535767128064,4.589535767128064,0.737083795652392,1.457704909747986,2.487865253765865,2.487865253765865,0.6916343216874254,1.0517655474240084,3.2687683458818926,3.2687683458818926,0.5999872043653678,0.5108375258270416,13.125,-0.023831201676421547,0.023831201676421547,214.43174603174603,4.0,4.1,4.166666666666667,4.35,4.5200000000000005,4.75,5.042857142857143,5.2625,5.444444444444445,5.67,6.009090909090909,6.325,6.630769230769231,6.82857142857143,6.9333333333333345,6.95,6.929411764705883,6.761111111111111,6.552631578947368,6.4300000000000015,6.3047619047619055,6.195454545454546,6.156521739130435,6.1125,6.112,6.11153846153846,6.114814814814816,6.160714285714286,6.199999999999999,6.23,6.264516129032257,6.293749999999999,6.293939393939394,6.329411764705881,6.4228571428571435,6.544444444444444,6.6756756756756745,6.786842105263157,6.864102564102564,6.899999999999999,6.929268292682926,6.933333333333333,6.934883720930232,6.952272727272727,6.964444444444442,6.976086956521738,7.008510638297871,7.020833333333333,7.03469387755102,7.056,7.080392156862746,7.1173076923076914,7.156603773584905,7.20185185185185,7.252727272727272,7.310714285714285,7.357894736842105,7.413793103448275,7.4576271186440675,7.501666666666666,7.529508196721311,7.535483870967741,7.526984126984126,7.5328125,7.558461538461538,7.581818181818181,7.619402985074627,7.670588235294118,7.72463768115942,7.752857142857144,7.771830985915492,7.77638888888889,7.7684931506849315,7.7729729729729735,7.785333333333335,7.794736842105263,7.80909090909091,7.826923076923077,7.849367088607594,7.866249999999999,7.769135802469135,7.67439024390244,7.581927710843373,7.491666666666666,7.403529411764707,7.317441860465116,7.2333333333333325,7.151136363636363,7.070786516853932,6.992222222222223,6.915384615384615,6.840217391304347,6.7666666666666675,6.694680851063829,6.624210526315789,6.555208333333333,6.487628865979381,6.421428571428572,6.356565656565656,6.292999999999999,6.230693069306931,6.169607843137254,6.109708737864077,6.050961538461538,5.993333333333333,5.936792452830189,5.8813084112149525,5.826851851851852,5.773394495412845,5.720909090909091,5.6693693693693685,5.6187499999999995,5.569026548672566,5.520175438596492,5.472173913043478,5.425,5.378632478632479,5.333050847457627,5.288235294117647,5.244166666666667,5.200826446280991,5.158196721311476,5.116260162601626,5.074999999999999,5.034400000000001,4.9944444444444445,4.95511811023622,4.91640625,10.166666666666666,122.0,0.0,0.0,0.0,0.0,0.0,0.0,0.0,0.0,0.0,0.0,0.0,0.0,0.0,0.0,0.0,1.0,23.0,48.0,73.0,92.0,100.0,100.0,100.0,100.0,100.0,100.0,100.0,100.0,100.0,100.0,100.0,100.0,100.0,100.0,100.0,100.0,100.0,100.0,100.0,100.0,146.0,220.0,312.0,409.0,499.0,570.0,612.0,624.0,624.0,624.0,624.0,624.0,624.0,624.0,624.0,624.0,624.0,624.0,624.0,624.0,624.0,624.0,624.0,624.0,665.0,729.0,808.0,891.0,967.0,1025.0,1057.0,1065.0,1065.0,1065.0,1065.0,1065.0,1065.0,1065.0,1065.0,1065.0,1065.0,1065.0,1065.0,1065.0,1065.0,1065.0,1065.0,1065.0,1065.0,1065.0,1065.0,1065.0,1065.0,1065.0,1065.0,1065.0,1065.0,1065.0,1065.0,1065.0,1065.0,1065.0,1065.0,1065.0,1065.0,1065.0,1065.0,1065.0,1065.0,1065.0,1065.0,1065.0,1065.0,1065.0,1065.0,1065.0,1065.0,1065.0,1065.0,1065.0,1065.0,1065.0,1065.0,1065.0,1065.0,1065.0,1065.0,1065.0,4,January 4,Macon
0.004018998534631023,1.5536064444830782,1.2418761439363348,1.7143445757596574,1.7143445757596574,0.7700693948995745,1.361379373139509,4.589535767128064,4.589535767128064,0.737083795652392,1.457704909747986,2.487865253765865,2.487865253765865,0.6916343216874254,1.0517655474240084,3.2687683458818926,3.2687683458818926,0.5999872043653678,0.5108375258270416,11.341666666666667,0.0008484790372161327,0.0008484790372161327,219.85304922850844,7.5,7.35,6.933333333333334,6.25,5.6,5.283333333333333,5.128571428571429,4.925,4.844444444444445,4.73,4.6818181818181825,4.758333333333334,4.9,5.071428571428571,5.2266666666666675,5.45,5.641176470588236,5.794444444444445,5.905263157894737,6.0200000000000005,6.061904761904762,6.009090909090909,5.9,5.816666666666667,5.744000000000001,5.684615384615384,5.633333333333333,5.607142857142856,5.593103448275862,5.603333333333333,5.641935483870966,5.6781250000000005,5.715151515151516,5.773529411764706,5.877142857142857,5.986111111111111,6.102702702702702,6.189473684210525,6.246153846153844,6.2700000000000005,6.278048780487804,6.2214285714285715,6.14186046511628,6.095454545454545,6.044444444444444,5.997826086956521,5.982978723404254,5.964583333333334,5.96734693877551,5.97,5.97450980392157,6.001923076923077,6.026415094339622,6.046296296296295,6.069090909090908,6.089285714285714,6.092982456140351,6.117241379310345,6.176271186440679,6.253333333333333,6.337704918032787,6.411290322580644,6.465079365079364,6.49375,6.518461538461538,6.527272727272727,6.534328358208955,6.551470588235294,6.565217391304348,6.578571428571428,6.605633802816901,6.6194444444444445,6.634246575342466,6.654054054054055,6.676000000000001,6.7065789473684205,6.738961038961039,6.7756410256410255,6.816455696202533,6.8625,6.901234567901234,6.946341463414634,6.983132530120482,7.020238095238097,7.045882352941177,7.055813953488374,7.055172413793105,7.064772727272728,7.088764044943821,7.1111111111111125,7.143956043956044,7.186956521739132,7.23225806451613,7.258510638297874,7.277894736842107,7.286458333333335,7.285567010309279,7.29387755102041,7.308080808080809,7.320000000000002,7.335643564356437,7.353921568627453,7.375728155339808,7.393269230769231,7.322857142857143,7.2537735849056615,7.185981308411216,7.119444444444446,7.0541284403669735,6.990000000000002,6.927027027027028,6.865178571428572,6.804424778761062,6.744736842105264,6.68608695652174,6.628448275862071,6.571794871794872,6.516101694915256,6.461344537815128,6.407500000000001,6.3545454545454545,6.302459016393444,6.251219512195123,6.2008064516129044,6.151200000000001,6.102380952380954,6.054330708661419,6.007031250000001,10.416666666666666,125.0,0.0,0.0,0.0,0.0,0.0,0.0,0.0,0.0,0.0,0.0,0.0,0.0,0.0,0.0,0.0,2.0,24.0,52.0,82.0,108.0,122.0,122.0,122.0,122.0,122.0,122.0,122.0,122.0,122.0,122.0,122.0,122.0,122.0,122.0,122.0,122.0,122.0,122.0,122.0,123.0,145.0,170.0,195.0,214.0,222.0,222.0,222.0,222.0,222.0,222.0,222.0,222.0,222.0,222.0,222.0,222.0,222.0,222.0,222.0,222.0,222.0,222.0,222.0,222.0,268.0,342.0,434.0,531.0,621.0,692.0,734.0,746.0,746.0,746.0,746.0,746.0,746.0,746.0,746.0,746.0,746.0,746.0,746.0,746.0,746.0,746.0,746.0,746.0,787.0,851.0,930.0,1013.0,1089.0,1147.0,1179.0,1187.0,1187.0,1187.0,1187.0,1187.0,1187.0,1187.0,1187.0,1187.0,1187.0,1187.0,1187.0,1187.0,1187.0,1187.0,1187.0,1187.0,1187.0,1187.0,1187.0,1187.0,1187.0,1187.0,1187.0,1187.0,1187.0,1187.0,1187.0,1187.0,1187.0,1187.0,1187.0,1187.0,5,January 5,Macon
0.004018998534631023,1.5536064444830782,1.2418761439363348,1.7143445757596574,1.7143445757596574,0.7700693948995745,1.361379373139509,4.589535767128064,4.589535767128064,0.737083795652392,1.457704909747986,2.487865253765865,2.487865253765865,0.6916343216874254,1.0517655474240084,3.2687683458818926,3.2687683458818926,0.5999872043653678,0.5108375258270416,9.275,-0.08715729542024402,0.08715729542024402,200.5211141060197,6.7,6.45,6.066666666666666,5.725,5.54,5.5,5.5,5.725,6.077777777777778,6.460000000000001,6.7,6.858333333333333,7.0307692307692315,7.221428571428571,7.346666666666667,7.43125,7.476470588235294,7.494444444444444,7.557894736842104,7.6549999999999985,7.723809523809523,7.736363636363637,7.752173913043477,7.758333333333333,7.747999999999999,7.726923076923076,7.666666666666667,7.542857142857142,7.386206896551724,7.263333333333333,7.164516129032258,7.05,6.963636363636363,6.867647058823529,6.791428571428571,6.758333333333333,6.754054054054054,6.768421052631578,6.784615384615385,6.834999999999999,6.880487804878048,6.916666666666667,6.939534883720929,6.968181818181818,6.966666666666667,6.921739130434782,6.848936170212766,6.7875000000000005,6.7306122448979595,6.68,6.633333333333334,6.6,6.573584905660377,6.561111111111113,6.565454545454545,6.569642857142858,6.575438596491228,6.594827586206897,6.642372881355932,6.694999999999999,6.754098360655737,6.796774193548388,6.822222222222221,6.828125,6.8246153846153845,6.78030303030303,6.720895522388059,6.68235294117647,6.6405797101449275,6.601428571428571,6.583098591549295,6.5625,6.556164383561644,6.55,6.545333333333334,6.55657894736842,6.566233766233766,6.573076923076924,6.5822784810126596,6.590000000000001,6.586419753086421,6.597560975609757,6.633734939759038,6.6833333333333345,6.738823529411765,6.787209302325582,6.82183908045977,6.838636363636363,6.852808988764046,6.855555555555557,6.857142857142857,6.8663043478260875,6.873118279569893,6.879787234042554,6.8968421052631586,6.904166666666666,6.912371134020619,6.924489795918368,6.93838383838384,6.9590000000000005,6.981188118811882,7.00686274509804,7.035922330097088,7.06923076923077,7.097142857142858,7.1301886792452835,7.157009345794392,7.18425925925926,7.202752293577982,7.209090909090909,7.207207207207207,7.213392857142856,7.230973451327434,7.247368421052632,7.272173913043479,7.3051724137931044,7.340170940170941,7.360169491525424,7.374789915966387,7.380833333333333,7.379338842975208,7.385245901639345,7.395934959349594,7.40483870967742,7.416800000000001,7.430952380952381,7.448031496062993,7.461718749999999,30.416666666666668,365.0,0.0,0.0,0.0,0.0,0.0,0.0,0.0,0.0,0.0,0.0,0.0,0.0,0.0,0.0,0.0,3.0,26.0,53.0,82.0,108.0,124.0,125.0,125.0,125.0,125.0,125.0,125.0,125.0,125.0,125.0,125.0,125.0,125.0,125.0,125.0,125.0,125.0,125.0,125.0,127.0,149.0,177.0,207.0,233.0,247.0,247.0,247.0,247.0,247.0,247.0,247.0,247.0,247.0,247.0,247.0,247.0,247.0,247.0,247.0,247.0,247.0,247.0,247.0,248.0,270.0,295.0,320.0,339.0,347.0,347.0,347.0,347.0,347.0,347.0,347.0,347.0,347.0,347.0,347.0,347.0,347.0,347.0,347.0,347.0,347.0,347.0,347.0,347.0,393.0,467.0,559.0,656.0,746.0,817.0,859.0,871.0,871.0,871.0,871.0,871.0,871.0,871.0,871.0,871.0,871.0,871.0,871.0,871.0,871.0,871.0,871.0,871.0,912.0,976.0,1055.0,1138.0,1214.0,1272.0,1304.0,1312.0,1312.0,1312.0,1312.0,1312.0,1312.0,1312.0,1312.0,1312.0,6,January 6,Macon
0.004018998534631023,1.5536064444830782,1.2418761439363348,1.7143445757596574,1.7143445757596574,0.7700693948995745,1.361379373139509,4.589535767128064,4.589535767128064,0.737083795652392,1.457704909747986,2.487865253765865,2.487865253765865,0.6916343216874254,1.0517655474240084,3.2687683458818926,3.2687683458818926,0.5999872043653678,0.5108375258270416,9.316666666666668,-0.19438027476987157,0.19438027476987157,176.96779964221818,7.8,8.15,9.033333333333333,9.475,9.68,9.766666666666666,9.9,9.8375,9.944444444444445,10.15,10.354545454545455,10.483333333333333,10.653846153846153,10.807142857142859,10.966666666666669,11.14375,11.247058823529414,11.288888888888891,11.247368421052634,11.160000000000002,11.03809523809524,10.91818181818182,10.756521739130436,10.604166666666666,10.448,10.284615384615385,10.100000000000001,9.907142857142858,9.731034482758622,9.583333333333334,9.451612903225806,9.384375,9.36969696969697,9.385294117647058,9.377142857142859,9.355555555555556,9.34864864864865,9.357894736842105,9.351282051282052,9.334999999999999,9.307317073170733,9.271428571428572,9.258139534883721,9.263636363636365,9.260000000000002,9.232608695652175,9.208510638297872,9.18125,9.146938775510204,9.108,9.049019607843137,8.955769230769231,8.843396226415095,8.748148148148148,8.665454545454544,8.573214285714286,8.496491228070175,8.413793103448276,8.342372881355933,8.296666666666667,8.268852459016394,8.253225806451614,8.23968253968254,8.248437500000001,8.255384615384616,8.257575757575758,8.252238805970148,8.251470588235293,8.231884057971012,8.184285714285712,8.118309859154929,8.059722222222222,8.004109589041095,7.952702702702703,7.903999999999999,7.864473684210524,7.8298701298701285,7.805128205128205,7.79240506329114,7.780000000000001,7.769135802469135,7.768292682926828,7.7879518072289144,7.81190476190476,7.841176470588232,7.859302325581393,7.86551724137931,7.857954545454546,7.8438202247191,7.8,7.745054945054944,7.705434782608694,7.663440860215052,7.623404255319148,7.598947368421053,7.572916666666667,7.5577319587628855,7.542857142857144,7.529292929292929,7.528,7.525742574257425,7.521568627450979,7.519417475728155,7.516346153846154,7.504761904761905,7.504716981132075,7.52429906542056,7.554629629629629,7.589908256880734,7.619999999999999,7.63963963963964,7.645535714285714,7.649557522123893,7.644736842105263,7.639130434782609,7.639655172413791,7.638461538461537,7.63728813559322,7.64453781512605,7.644166666666666,7.644628099173554,7.648360655737704,7.6536585365853655,7.664516129032257,7.676799999999999,7.692063492063491,7.710236220472441,7.73203125,35.25,423.0,0.0,0.0,0.0,0.0,0.0,0.0,0.0,0.0,0.0,0.0,0.0,0.0,0.0,0.0,0.0,4.0,43.0,99.0,166.0,236.0,298.0,342.0,362.0,365.0,365.0,365.0,365.0,365.0,365.0,365.0,365.0,365.0,365.0,365.0,365.0,365.0,365.0,365.0,365.0,368.0,391.0,418.0,447.0,473.0,489.0,490.0,490.0,490.0,490.0,490.0,490.0,490.0,490.0,490.0,490.0,490.0,490.0,490.0,490.0,490.0,490.0,490.0,490.0,492.0,514.0,542.0,572.0,598.0,612.0,612.0,612.0,612.0,612.0,612.0,612.0,612.0,612.0,612.0,612.0,612.0,612.0,612.0,612.0,612.0,612.0,612.0,612.0,613.0,635.0,660.0,685.0,704.0,712.0,712.0,712.0,712.0,712.0,712.0,712.0,712.0,712.0,712.0,712.0,712.0,712.0,712.0,712.0,712.0,712.0,712.0,712.0,712.0,758.0,832.0,924.0,1021.0,1111.0,1182.0,1224.0,1236.0,1236.0,1236.0,1236.0,1236.0,1236.0,1236.0,1236.0,1236.0,7,January 7,Macon
0.004018998534631023,1.5536064444830782,1.2418761439363348,1.7143445757596574,1.7143445757596574,0.7700693948995745,1.361379373139509,4.589535767128064,4.589535767128064,0.737083795652392,1.457704909747986,2.487865253765865,2.487865253765865,0.6916343216874254,1.0517655474240084,3.2687683458818926,3.2687683458818926,0.5999872043653678,0.5108375258270416,9.575,-0.3539939064251953,0.3539939064251953,141.90600522193208,11.9,11.05,11.1,11.049999999999999,11.04,10.983333333333334,11.057142857142859,11.1875,11.31111111111111,11.39,11.390909090909092,11.425000000000002,11.507692307692308,11.585714285714285,11.659999999999998,11.7,11.711764705882352,11.749999999999998,11.726315789473682,11.65,11.523809523809524,11.372727272727273,11.226086956521739,11.054166666666667,10.924,10.83076923076923,10.829629629629629,10.828571428571426,10.817241379310342,10.796666666666663,10.793548387096772,10.75,10.75151515151515,10.788235294117648,10.834285714285713,10.863888888888887,10.913513513513513,10.96315789473684,11.020512820512819,11.09,11.134146341463415,11.154761904761903,11.13953488372093,11.102272727272727,11.046666666666665,10.989130434782608,10.908510638297871,10.829166666666666,10.744897959183676,10.653999999999998,10.549019607843139,10.436538461538463,10.330188679245285,10.23703703703704,10.150909090909092,10.099999999999998,10.078947368421053,10.075862068965517,10.059322033898304,10.035,10.019672131147543,10.014516129032259,10.0,9.9796875,9.952307692307691,9.919696969696968,9.901492537313434,9.895588235294118,9.884057971014492,9.857142857142858,9.832394366197185,9.805555555555555,9.773972602739725,9.739189189189188,9.690666666666667,9.618421052631579,9.532467532467532,9.457692307692309,9.39113924050633,9.317499999999999,9.25432098765432,9.18658536585366,9.126506024096386,9.08452380952381,9.05529411764706,9.034883720930232,9.01609195402299,9.013636363636364,9.010112359550561,9.003333333333334,8.991208791208791,8.982608695652175,8.960215053763442,8.917021276595746,8.860000000000001,8.808333333333334,8.758762886597939,8.712244897959184,8.667676767676769,8.63,8.596039603960396,8.569607843137256,8.552427184466021,8.535576923076924,8.52,8.512264150943397,8.520560747663552,8.532407407407407,8.54862385321101,8.556363636363637,8.554954954954956,8.542857142857143,8.52566371681416,8.485087719298246,8.435652173913045,8.398275862068965,8.35897435897436,8.321186440677966,8.295798319327732,8.269166666666667,8.251239669421487,8.23360655737705,8.217073170731709,8.210483870967742,8.2032,8.194444444444446,8.18740157480315,8.1796875,45.25,543.0,0.0,0.0,0.0,0.0,0.0,0.0,0.0,0.0,0.0,0.0,0.0,0.0,0.0,0.0,0.0,5.0,47.0,111.0,187.0,266.0,337.0,389.0,417.0,423.0,423.0,423.0,423.0,423.0,423.0,423.0,423.0,423.0,423.0,423.0,423.0,423.0,423.0,423.0,423.0,427.0,466.0,522.0,589.0,659.0,721.0,765.0,785.0,788.0,788.0,788.0,788.0,788.0,788.0,788.0,788.0,788.0,788.0,788.0,788.0,788.0,788.0,788.0,788.0,791.0,814.0,841.0,870.0,896.0,912.0,913.0,913.0,913.0,913.0,913.0,913.0,913.0,913.0,913.0,913.0,913.0,913.0,913.0,913.0,913.0,913.0,913.0,913.0,915.0,937.0,965.0,995.0,1021.0,1035.0,1035.0,1035.0,1035.0,1035.0,1035.0,1035.0,1035.0,1035.0,1035.0,1035.0,1035.0,1035.0,1035.0,1035.0,1035.0,1035.0,1035.0,1035.0,1036.0,1058.0,1083.0,1108.0,1127.0,1135.0,1135.0,1135.0,1135.0,1135.0,1135.0,1135.0,1135.0,1135.0,1135.0,1135.0,1135.0,8,January 8,Macon
0.004018998534631023,1.5536064444830782,1.2418761439363348,1.7143445757596574,1.7143445757596574,0.7700693948995745,1.361379373139509,4.589535767128064,4.589535767128064,0.737083795652392,1.457704909747986,2.487865253765865,2.487865253765865,0.6916343216874254,1.0517655474240084,3.2687683458818926,3.2687683458818926,0.5999872043653678,0.5108375258270416,8.799999999999997,-0.12143054214374378,0.12143054214374378,192.99242424242425,8.9,9.05,9.166666666666666,9.075000000000001,9.2,9.416666666666666,9.72857142857143,9.975000000000001,10.166666666666666,10.190000000000001,10.127272727272729,10.033333333333333,9.96923076923077,9.985714285714286,9.959999999999999,9.91875,9.864705882352942,9.911111111111111,9.93157894736842,9.97,9.99047619047619,10.054545454545455,10.147826086956522,10.229166666666666,10.296,10.292307692307691,10.325925925925924,10.34642857142857,10.368965517241376,10.379999999999997,10.416129032258063,10.46875,10.524242424242425,10.570588235294117,10.594285714285713,10.627777777777776,10.678378378378378,10.728947368421052,10.779487179487178,10.817499999999999,10.84390243902439,10.88095238095238,10.890697674418604,10.874999999999998,10.833333333333332,10.776086956521738,10.717021276595744,10.641666666666667,10.583673469387753,10.542,10.547058823529412,10.551923076923078,10.550943396226415,10.544444444444444,10.547272727272727,10.526785714285714,10.53157894736842,10.556896551724138,10.588135593220338,10.609999999999998,10.644262295081967,10.679032258064517,10.71904761904762,10.7671875,10.800000000000002,10.81818181818182,10.813432835820896,10.794117647058824,10.762318840579711,10.728571428571428,10.678873239436623,10.629166666666668,10.575342465753424,10.516216216216216,10.446666666666667,10.371052631578948,10.2987012987013,10.234615384615385,10.174683544303798,10.13875,10.123456790123457,10.120731707317074,10.108433734939759,10.09047619047619,10.078823529411766,10.074418604651164,10.063218390804598,10.047727272727274,10.026966292134832,10.002222222222223,9.98791208791209,9.982608695652175,9.973118279569892,9.952127659574469,9.932631578947369,9.911458333333334,9.886597938144329,9.859183673469389,9.82121212121212,9.765,9.698019801980198,9.639215686274511,9.586407766990291,9.527884615384616,9.477142857142857,9.422641509433962,9.373831775700934,9.338888888888889,9.31376146788991,9.295454545454545,9.27837837837838,9.274107142857142,9.269026548672567,9.261403508771929,9.249565217391305,9.240517241379312,9.220512820512822,9.183898305084746,9.136134453781512,9.0925,9.050413223140495,9.01065573770492,8.972357723577236,8.93951612903226,8.909600000000003,8.885714285714286,8.869291338582679,8.853125,23.166666666666668,278.0,0.0,0.0,0.0,0.0,0.0,0.0,0.0,0.0,0.0,0.0,0.0,0.0,0.0,0.0,0.0,6.0,55.0,133.0,228.0,327.0,418.0,489.0,531.0,543.0,543.0,543.0,543.0,543.0,543.0,543.0,543.0,543.0,543.0,543.0,543.0,543.0,543.0,543.0,543.0,548.0,590.0,654.0,730.0,809.0,880.0,932.0,960.0,966.0,966.0,966.0,966.0,966.0,966.0,966.0,966.0,966.0,966.0,966.0,966.0,966.0,966.0,966.0,966.0,970.0,1009.0,1065.0,1132.0,1202.0,1264.0,1308.0,1328.0,1331.0,1331.0,1331.0,1331.0,1331.0,1331.0,1331.0,1331.0,1331.0,1331.0,1331.0,1331.0,1331.0,1331.0,1331.0,1331.0,1334.0,1357.0,1384.0,1413.0,1439.0,1455.0,1456.0,1456.0,1456.0,1456.0,1456.0,1456.0,1456.0,1456.0,1456.0,1456.0,1456.0,1456.0,1456.0,1456.0,1456.0,1456.0,1456.0,1456.0,1458.0,1480.0,1508.0,1538.0,1564.0,1578.0,1578.0,1578.0,1578.0,1578.0,1578.0,1578.0,1578.0,1578.0,1578.0,1578.0,1578.0,9,January 9,Macon
0.004018998534631023,1.5536064444830782,1.2418761439363348,1.7143445757596574,1.7143445757596574,0.7700693948995745,1.361379373139509,4.589535767128064,4.589535767128064,0.737083795652392,1.457704909747986,2.487865253765865,2.487865253765865,0.6916343216874254,1.0517655474240084,3.2687683458818926,3.2687683458818926,0.5999872043653678,0.5108375258270416,8.541666666666666,-0.390784262926089,0.390784262926089,133.82439024390243,10.2,9.55,9.4,9.524999999999999,9.780000000000001,9.85,10.085714285714285,10.275,10.377777777777778,10.41,10.41818181818182,10.458333333333334,10.461538461538462,10.521428571428572,10.626666666666665,10.675,10.694117647058825,10.749999999999998,10.81578947368421,10.885,10.923809523809524,10.918181818181818,10.895652173913044,10.829166666666666,10.752,10.69230769230769,10.644444444444446,10.578571428571427,10.548275862068964,10.546666666666665,10.58064516129032,10.615625,10.648484848484848,10.641176470588235,10.608571428571429,10.563888888888888,10.527027027027026,10.518421052631577,10.494871794871793,10.465,10.429268292682925,10.435714285714285,10.432558139534883,10.438636363636363,10.437777777777777,10.458695652173912,10.495744680851063,10.529166666666667,10.557142857142857,10.55,10.562745098039217,10.569230769230769,10.577358490566038,10.57962962962963,10.596363636363636,10.623214285714285,10.65263157894737,10.677586206896551,10.689830508474577,10.708333333333334,10.737704918032787,10.76774193548387,10.7984126984127,10.821875,10.838461538461539,10.862121212121211,10.868656716417911,10.858823529411765,10.831884057971013,10.794285714285715,10.75492957746479,10.704166666666667,10.664383561643836,10.635135135135135,10.637333333333334,10.639473684210527,10.637662337662338,10.632051282051282,10.632911392405065,10.6175,10.619753086419754,10.636585365853657,10.657831325301204,10.672619047619047,10.696470588235293,10.72093023255814,10.749425287356322,10.784090909090908,10.807865168539326,10.821111111111112,10.817582417582418,10.803260869565218,10.779569892473118,10.754255319148937,10.71684210526316,10.679166666666667,10.638144329896909,10.592857142857143,10.53939393939394,10.481000000000002,10.424752475247526,10.374509803921569,10.32718446601942,10.298076923076923,10.284761904761906,10.2811320754717,10.270093457943926,10.254629629629632,10.244036697247708,10.23909090909091,10.228828828828831,10.21517857142857,10.197345132743363,10.176315789473685,10.163478260869566,10.157758620689657,10.14871794871795,10.130508474576272,10.11344537815126,10.095,10.073553719008265,10.05,10.017886178861788,9.970967741935487,9.9152,9.865873015873017,9.821259842519687,9.771875,48.833333333333336,586.0,0.0,0.0,0.0,0.0,0.0,0.0,0.0,0.0,0.0,0.0,0.0,0.0,0.0,0.0,0.0,7.0,41.0,89.0,145.0,199.0,243.0,270.0,278.0,278.0,278.0,278.0,278.0,278.0,278.0,278.0,278.0,278.0,278.0,278.0,278.0,278.0,278.0,278.0,278.0,284.0,333.0,411.0,506.0,605.0,696.0,767.0,809.0,821.0,821.0,821.0,821.0,821.0,821.0,821.0,821.0,821.0,821.0,821.0,821.0,821.0,821.0,821.0,821.0,826.0,868.0,932.0,1008.0,1087.0,1158.0,1210.0,1238.0,1244.0,1244.0,1244.0,1244.0,1244.0,1244.0,1244.0,1244.0,1244.0,1244.0,1244.0,1244.0,1244.0,1244.0,1244.0,1244.0,1248.0,1287.0,1343.0,1410.0,1480.0,1542.0,1586.0,1606.0,1609.0,1609.0,1609.0,1609.0,1609.0,1609.0,1609.0,1609.0,1609.0,1609.0,1609.0,1609.0,1609.0,1609.0,1609.0,1609.0,1612.0,1635.0,1662.0,1691.0,1717.0,1733.0,1734.0,1734.0,1734.0,1734.0,1734.0,1734.0,1734.0,1734.0,1734.0,1734.0,1734.0,10,January 10,Macon
0.004018998534631023,1.5536064444830782,1.2418761439363348,1.7143445757596574,1.7143445757596574,0.7700693948995745,1.361379373139509,4.589535767128064,4.589535767128064,0.737083795652392,1.457704909747986,2.487865253765865,2.487865253765865,0.6916343216874254,1.0517655474240084,3.2687683458818926,3.2687683458818926,0.5999872043653678,0.5108375258270416,4.791666666666666,-0.6242528204789864,0.6242528204789864,82.53913043478263,11.9,11.600000000000001,11.4,11.65,11.94,12.016666666666667,12.12857142857143,12.162500000000001,12.044444444444444,11.940000000000001,11.863636363636363,11.858333333333334,11.861538461538462,11.85714285714286,11.84666666666667,11.725,11.594117647058825,11.494444444444445,11.45263157894737,11.46,11.519047619047619,11.586363636363638,11.630434782608695,11.658333333333331,11.6,11.496153846153845,11.407407407407407,11.353571428571426,11.33448275862069,11.296666666666663,11.303225806451612,11.3125,11.309090909090907,11.291176470588235,11.268571428571429,11.258333333333333,11.237837837837839,11.239473684210525,11.26153846153846,11.265,11.258536585365853,11.269047619047617,11.286046511627907,11.30681818181818,11.315555555555555,11.304347826086957,11.285106382978723,11.24375,11.19591836734694,11.155999999999997,11.121568627450978,11.076923076923075,11.050943396226414,11.040740740740738,11.050909090909087,11.0625,11.073684210526315,11.062068965517241,11.035593220338981,11.001666666666665,10.972131147540981,10.959677419354838,10.938095238095237,10.9125,10.883076923076922,10.88030303030303,10.871641791044775,10.869117647058822,10.862318840579709,10.87,10.888732394366196,10.905555555555557,10.919178082191781,10.909459459459459,10.913333333333332,10.913157894736841,10.914285714285715,10.911538461538461,10.91898734177215,10.93375,10.950617283950617,10.964634146341464,10.96987951807229,10.979761904761904,10.997647058823528,11.01627906976744,11.035632183908046,11.05,11.059550561797753,11.074444444444444,11.076923076923075,11.067391304347826,11.04516129032258,11.014893617021276,10.983157894736843,10.942708333333334,10.910309278350516,10.885714285714286,10.884848484848487,10.884000000000004,10.88019801980198,10.873529411764707,10.871844660194176,10.857692307692307,10.85714285714286,10.86792452830189,10.882242990654207,10.891666666666667,10.908256880733948,10.92545454545455,10.945945945945946,10.971428571428573,10.988495575221242,10.997368421052634,10.99304347826087,10.980172413793108,10.959829059829062,10.938135593220343,10.90672268907563,10.875000000000002,10.840495867768597,10.802459016393446,10.757723577235772,10.708870967741937,10.6616,10.61904761904762,10.578740157480315,10.553125000000001,62.25,747.0,0.0,0.0,0.0,0.0,0.0,0.0,0.0,0.0,0.0,0.0,0.0,0.0,0.0,0.0,0.0,8.0,60.0,142.0,244.0,352.0,451.0,527.0,572.0,586.0,586.0,586.0,586.0,586.0,586.0,586.0,586.0,586.0,586.0,586.0,586.0,586.0,586.0,586.0,586.0,593.0,627.0,675.0,731.0,785.0,829.0,856.0,864.0,864.0,864.0,864.0,864.0,864.0,864.0,864.0,864.0,864.0,864.0,864.0,864.0,864.0,864.0,864.0,864.0,870.0,919.0,997.0,1092.0,1191.0,1282.0,1353.0,1395.0,1407.0,1407.0,1407.0,1407.0,1407.0,1407.0,1407.0,1407.0,1407.0,1407.0,1407.0,1407.0,1407.0,1407.0,1407.0,1407.0,1412.0,1454.0,1518.0,1594.0,1673.0,1744.0,1796.0,1824.0,1830.0,1830.0,1830.0,1830.0,1830.0,1830.0,1830.0,1830.0,1830.0,1830.0,1830.0,1830.0,1830.0,1830.0,1830.0,1830.0,1834.0,1873.0,1929.0,1996.0,2066.0,2128.0,2172.0,2192.0,2195.0,2195.0,2195.0,2195.0,2195.0,2195.0,2195.0,2195.0,2195.0,11,January 11,Macon
0.004018998534631023,1.5536064444830782,1.2418761439363348,1.7143445757596574,1.7143445757596574,0.7700693948995745,1.361379373139509,4.589535767128064,4.589535767128064,0.737083795652392,1.457704909747986,2.487865253765865,2.487865253765865,0.6916343216874254,1.0517655474240084,3.2687683458818926,3.2687683458818926,0.5999872043653678,0.5108375258270416,7.133333333333333,-0.2620509693248052,0.2620509693248052,162.10280373831776,10.1,9.55,9.233333333333334,9.175,9.32,9.65,10.085714285714285,10.55,10.844444444444443,11.219999999999999,11.618181818181817,12.08333333333333,12.484615384615385,12.885714285714286,13.166666666666666,13.43125,13.623529411764705,13.75,13.773684210526316,13.770000000000001,13.74761904761905,13.754545454545456,13.700000000000001,13.645833333333334,13.576,13.48846153846154,13.396296296296297,13.360714285714286,13.351724137931036,13.32,13.303225806451614,13.275,13.209090909090913,13.144117647058824,13.085714285714289,13.050000000000002,13.01891891891892,12.98684210526316,12.953846153846156,12.877500000000001,12.795121951219512,12.723809523809523,12.676744186046514,12.65227272727273,12.653333333333332,12.660869565217391,12.659574468085106,12.652083333333332,12.602040816326532,12.527999999999999,12.46078431372549,12.411538461538461,12.381132075471697,12.34074074074074,12.325454545454544,12.3125,12.292982456140349,12.26551724137931,12.235593220338984,12.213333333333333,12.185245901639345,12.170967741935485,12.169841269841271,12.1578125,12.14,12.133333333333333,12.13134328358209,12.132352941176473,12.126086956521739,12.107142857142858,12.083098591549296,12.044444444444444,12.001369863013698,11.963513513513515,11.929333333333334,11.888157894736842,11.859740259740258,11.842307692307694,11.839240506329114,11.8375,11.835802469135805,11.81829268292683,11.790361445783134,11.757142857142858,11.727058823529413,11.709302325581396,11.685057471264368,11.657954545454546,11.628089887640447,11.617777777777777,11.603296703296701,11.593478260869563,11.580645161290322,11.578723404255317,11.585263157894737,11.590624999999998,11.59381443298969,11.579591836734691,11.575757575757576,11.568999999999996,11.563366336633663,11.55490196078431,11.554368932038834,11.559615384615382,11.566666666666666,11.571698113207546,11.570093457943923,11.57222222222222,11.580733944954128,11.589999999999998,11.6,11.606250000000001,11.608849557522122,11.61578947368421,11.613043478260868,11.600862068965515,11.578632478632477,11.549999999999999,11.520168067226889,11.483333333333333,11.452892561983468,11.428688524590164,11.423577235772356,11.418548387096774,11.4112,11.401587301587302,11.396062992125982,11.380468749999999,34.916666666666664,419.0,0.0,0.0,0.0,0.0,0.0,0.0,0.0,0.0,0.0,0.0,0.0,0.0,0.0,0.0,0.0,9.0,71.0,171.0,296.0,431.0,557.0,659.0,724.0,747.0,747.0,747.0,747.0,747.0,747.0,747.0,747.0,747.0,747.0,747.0,747.0,747.0,747.0,747.0,747.0,755.0,807.0,889.0,991.0,1099.0,1198.0,1274.0,1319.0,1333.0,1333.0,1333.0,1333.0,1333.0,1333.0,1333.0,1333.0,1333.0,1333.0,1333.0,1333.0,1333.0,1333.0,1333.0,1333.0,1340.0,1374.0,1422.0,1478.0,1532.0,1576.0,1603.0,1611.0,1611.0,1611.0,1611.0,1611.0,1611.0,1611.0,1611.0,1611.0,1611.0,1611.0,1611.0,1611.0,1611.0,1611.0,1611.0,1611.0,1617.0,1666.0,1744.0,1839.0,1938.0,2029.0,2100.0,2142.0,2154.0,2154.0,2154.0,2154.0,2154.0,2154.0,2154.0,2154.0,2154.0,2154.0,2154.0,2154.0,2154.0,2154.0,2154.0,2154.0,2159.0,2201.0,2265.0,2341.0,2420.0,2491.0,2543.0,2571.0,2577.0,2577.0,2577.0,2577.0,2577.0,2577.0,2577.0,2577.0,2577.0,12,January 12,Macon
0.004018998534631023,1.5536064444830782,1.2418761439363348,1.7143445757596574,1.7143445757596574,0.7700693948995745,1.361379373139509,4.589535767128064,4.589535767128064,0.737083795652392,1.457704909747986,2.487865253765865,2.487865253765865,0.6916343216874254,1.0517655474240084,3.2687683458818926,3.2687683458818926,0.5999872043653678,0.5108375258270416,12.2,-0.3870494290902757,0.3870494290902757,134.64480874316942,6.4,6.050000000000001,6.233333333333334,6.725,7.0,7.283333333333334,7.52857142857143,7.6875,7.833333333333333,8.02,8.281818181818183,8.591666666666667,8.930769230769231,9.157142857142857,9.413333333333332,9.7,10.01764705882353,10.283333333333333,10.494736842105262,10.594999999999999,10.661904761904761,10.718181818181817,10.74782608695652,10.729166666666666,10.704,10.638461538461538,10.562962962962963,10.507142857142856,10.486206896551725,10.513333333333332,10.583870967741936,10.684375,10.760606060606062,10.873529411764705,11.008571428571429,11.180555555555555,11.345945945945948,11.523684210526316,11.666666666666666,11.809999999999999,11.929268292682927,12.023809523809522,12.074418604651164,12.111363636363638,12.137777777777778,12.176086956521742,12.182978723404258,12.1875,12.181632653061223,12.163999999999998,12.141176470588237,12.14615384615385,12.16415094339623,12.168518518518523,12.180000000000003,12.183928571428572,12.164912280701754,12.144827586206896,12.127118644067796,12.12166666666667,12.118032786885248,12.112903225806456,12.10634920634921,12.071875,12.032307692307693,11.998484848484848,11.979104477611942,11.973529411764707,11.984057971014494,11.99857142857143,12.00704225352113,12.011111111111113,11.986301369863012,11.944594594594594,11.906666666666666,11.880263157894738,11.86623376623377,11.844871794871796,11.840506329113927,11.8375,11.829629629629629,11.815853658536586,11.799999999999999,11.789285714285715,11.774117647058825,11.768604651162793,11.772413793103452,11.768181818181818,11.759550561797754,11.758888888888889,11.76153846153846,11.766304347826088,11.765591397849462,11.755319148936172,11.741052631578949,11.715625000000001,11.68659793814433,11.66122448979592,11.638383838383838,11.61,11.59108910891089,11.580392156862745,11.580582524271843,11.58173076923077,11.582857142857144,11.571698113207548,11.55233644859813,11.528703703703705,11.507339449541284,11.495454545454548,11.47837837837838,11.458928571428572,11.43716814159292,11.430701754385966,11.420869565217393,11.414655172413791,11.405982905982906,11.40593220338983,11.412605042016807,11.418333333333333,11.422314049586777,11.412295081967214,11.410569105691057,11.406451612903227,11.4032,11.397619047619049,11.398425196850395,11.403906249999999,59.666666666666664,716.0,0.0,0.0,0.0,0.0,0.0,0.0,0.0,0.0,0.0,0.0,0.0,0.0,0.0,0.0,0.0,11.0,55.0,119.0,194.0,271.0,340.0,390.0,415.0,419.0,419.0,419.0,419.0,419.0,419.0,419.0,419.0,419.0,419.0,419.0,419.0,419.0,419.0,419.0,419.0,428.0,490.0,590.0,715.0,850.0,976.0,1078.0,1143.0,1166.0,1166.0,1166.0,1166.0,1166.0,1166.0,1166.0,1166.0,1166.0,1166.0,1166.0,1166.0,1166.0,1166.0,1166.0,1166.0,1174.0,1226.0,1308.0,1410.0,1518.0,1617.0,1693.0,1738.0,1752.0,1752.0,1752.0,1752.0,1752.0,1752.0,1752.0,1752.0,1752.0,1752.0,1752.0,1752.0,1752.0,1752.0,1752.0,1752.0,1759.0,1793.0,1841.0,1897.0,1951.0,1995.0,2022.0,2030.0,2030.0,2030.0,2030.0,2030.0,2030.0,2030.0,2030.0,2030.0,2030.0,2030.0,2030.0,2030.0,2030.0,2030.0,2030.0,2030.0,2036.0,2085.0,2163.0,2258.0,2357.0,2448.0,2519.0,2561.0,2573.0,2573.0,2573.0,2573.0,2573.0,2573.0,2573.0,2573.0,2573.0,13,January 13,Macon
0.004018998534631023,1.5536064444830782,1.2418761439363348,1.7143445757596574,1.7143445757596574,0.7700693948995745,1.361379373139509,4.589535767128064,4.589535767128064,0.737083795652392,1.457704909747986,2.487865253765865,2.487865253765865,0.6916343216874254,1.0517655474240084,3.2687683458818926,3.2687683458818926,0.5999872043653678,0.5108375258270416,13.433333333333335,-0.09605312207005869,0.09605312207005869,198.5669975186104,4.0,4.2,4.933333333333334,5.175000000000001,5.44,5.55,5.542857142857143,5.4625,5.455555555555556,5.59,5.872727272727272,6.1000000000000005,6.315384615384616,6.4857142857142875,6.720000000000001,6.93125,7.094117647058824,7.172222222222223,7.215789473684212,7.1850000000000005,7.114285714285715,7.027272727272728,6.995652173913044,6.95,6.928,6.880769230769231,6.87037037037037,6.917857142857144,6.958620689655173,7.016666666666667,7.080645161290323,7.134375,7.190909090909091,7.264705882352942,7.368571428571429,7.497222222222222,7.645945945945944,7.763157894736841,7.897435897435898,8.05,8.221951219512196,8.378571428571428,8.51627906976744,8.60681818181818,8.68222222222222,8.752173913043478,8.808510638297872,8.839583333333334,8.86530612244898,8.868,8.862745098039214,8.865384615384613,8.884905660377356,8.929629629629629,8.998181818181818,9.083928571428572,9.156140350877195,9.250000000000002,9.357627118644068,9.488333333333335,9.616393442622952,9.753225806451614,9.869841269841269,9.9875,10.090769230769233,10.17878787878788,10.238805970149254,10.28970588235294,10.333333333333332,10.384285714285713,10.414084507042253,10.441666666666666,10.461643835616439,10.472972972972972,10.48,10.505263157894735,10.53896103896104,10.562820512820512,10.59113924050633,10.61375,10.619753086419754,10.62439024390244,10.63012048192771,10.644047619047619,10.658823529411764,10.672093023255814,10.683908045977011,10.675,10.66179775280899,10.652222222222223,10.652747252747252,10.66304347826087,10.684946236559139,10.709574468085107,10.729473684210525,10.745833333333332,10.74020618556701,10.721428571428572,10.705050505050506,10.697000000000003,10.6980198019802,10.693137254901961,10.700970873786408,10.709615384615384,10.714285714285714,10.714150943396229,10.712149532710283,10.713888888888892,10.711926605504589,10.717272727272729,10.72972972972973,10.735714285714286,10.738053097345134,10.746491228070175,10.757391304347829,10.769827586206898,10.777777777777782,10.777966101694917,10.77478991596639,10.7625,10.74710743801653,10.734426229508196,10.72357723577236,10.708064516129033,10.700000000000001,10.698412698412698,10.705511811023623,10.71328125,23.0,276.0,0.0,0.0,0.0,0.0,0.0,0.0,0.0,0.0,0.0,0.0,0.0,0.0,0.0,0.0,0.0,12.0,75.0,173.0,293.0,420.0,539.0,635.0,696.0,716.0,716.0,716.0,716.0,716.0,716.0,716.0,716.0,716.0,716.0,716.0,716.0,716.0,716.0,716.0,716.0,727.0,771.0,835.0,910.0,987.0,1056.0,1106.0,1131.0,1135.0,1135.0,1135.0,1135.0,1135.0,1135.0,1135.0,1135.0,1135.0,1135.0,1135.0,1135.0,1135.0,1135.0,1135.0,1135.0,1144.0,1206.0,1306.0,1431.0,1566.0,1692.0,1794.0,1859.0,1882.0,1882.0,1882.0,1882.0,1882.0,1882.0,1882.0,1882.0,1882.0,1882.0,1882.0,1882.0,1882.0,1882.0,1882.0,1882.0,1890.0,1942.0,2024.0,2126.0,2234.0,2333.0,2409.0,2454.0,2468.0,2468.0,2468.0,2468.0,2468.0,2468.0,2468.0,2468.0,2468.0,2468.0,2468.0,2468.0,2468.0,2468.0,2468.0,2468.0,2475.0,2509.0,2557.0,2613.0,2667.0,2711.0,2738.0,2746.0,2746.0,2746.0,2746.0,2746.0,2746.0,2746.0,2746.0,2746.0,2746.0,14,January 14,Macon
0.004018998534631023,1.5536064444830782,1.2418761439363348,1.7143445757596574,1.7143445757596574,0.7700693948995745,1.361379373139509,4.589535767128064,4.589535767128064,0.737083795652392,1.457704909747986,2.487865253765865,2.487865253765865,0.6916343216874254,1.0517655474240084,3.2687683458818926,3.2687683458818926,0.5999872043653678,0.5108375258270416,11.1,0.015598299361577275,0.015598299361577275,223.0930930930931,3.1,3.1500000000000004,3.1666666666666665,3.1750000000000003,3.22,3.3000000000000003,3.3285714285714287,3.425,3.511111111111111,3.6300000000000003,3.754545454545455,3.825000000000001,3.9000000000000004,3.9857142857142867,4.146666666666667,4.25625,4.429411764705883,4.611111111111111,4.8,5.005000000000001,5.152380952380953,5.200000000000001,5.208695652173914,5.195833333333334,5.148,5.119230769230769,5.166666666666665,5.192857142857141,5.237931034482758,5.266666666666665,5.274193548387095,5.2625,5.266666666666666,5.311764705882352,5.4085714285714275,5.497222222222221,5.589189189189188,5.671052631578947,5.78205128205128,5.89,5.982926829268292,6.042857142857143,6.088372093023256,6.1,6.09111111111111,6.071739130434781,6.0765957446808505,6.072916666666667,6.079591836734695,6.072000000000002,6.082352941176471,6.1230769230769235,6.160377358490566,6.207407407407407,6.258181818181818,6.30357142857143,6.350877192982457,6.408620689655173,6.4847457627118645,6.576666666666667,6.681967213114754,6.769354838709678,6.868253968253968,6.979687500000001,7.104615384615386,7.221212121212122,7.326865671641791,7.402941176470589,7.469565217391304,7.532857142857146,7.587323943661974,7.625,7.6589041095890416,7.6770270270270276,7.689333333333336,7.706578947368423,7.735064935064937,7.7807692307692315,7.843037974683546,7.917500000000001,7.9827160493827165,8.063414634146344,8.154216867469883,8.261904761904766,8.36823529411765,8.481395348837212,8.580459770114945,8.680681818181819,8.770786516853933,8.850000000000001,8.908791208791211,8.960869565217394,9.007526881720434,9.05957446808511,9.095789473684212,9.130208333333334,9.15876288659794,9.180612244897961,9.1989898989899,9.231000000000002,9.269306930693071,9.300000000000002,9.333980582524275,9.36346153846154,9.380000000000003,9.395283018867927,9.41121495327103,9.433333333333335,9.455963302752293,9.47727272727273,9.4972972972973,9.500892857142857,9.50088495575221,9.503508771929823,9.51391304347826,9.531896551724138,9.55897435897436,9.58813559322034,9.613445378151262,9.63583333333333,9.640495867768594,9.634426229508195,9.630081300813009,9.632258064516128,9.6416,9.646031746031747,9.660629921259844,9.67578125,15.666666666666666,188.0,0.0,0.0,0.0,0.0,0.0,0.0,0.0,0.0,0.0,0.0,0.0,0.0,0.0,0.0,0.0,13.0,48.0,97.0,153.0,206.0,248.0,271.0,276.0,276.0,276.0,276.0,276.0,276.0,276.0,276.0,276.0,276.0,276.0,276.0,276.0,276.0,276.0,276.0,276.0,288.0,351.0,449.0,569.0,696.0,815.0,911.0,972.0,992.0,992.0,992.0,992.0,992.0,992.0,992.0,992.0,992.0,992.0,992.0,992.0,992.0,992.0,992.0,992.0,1003.0,1047.0,1111.0,1186.0,1263.0,1332.0,1382.0,1407.0,1411.0,1411.0,1411.0,1411.0,1411.0,1411.0,1411.0,1411.0,1411.0,1411.0,1411.0,1411.0,1411.0,1411.0,1411.0,1411.0,1420.0,1482.0,1582.0,1707.0,1842.0,1968.0,2070.0,2135.0,2158.0,2158.0,2158.0,2158.0,2158.0,2158.0,2158.0,2158.0,2158.0,2158.0,2158.0,2158.0,2158.0,2158.0,2158.0,2158.0,2166.0,2218.0,2300.0,2402.0,2510.0,2609.0,2685.0,2730.0,2744.0,2744.0,2744.0,2744.0,2744.0,2744.0,2744.0,2744.0,2744.0,15,January 15,Macon
0.004018998534631023,1.5536064444830782,1.2418761439363348,1.7143445757596574,1.7143445757596574,0.7700693948995745,1.361379373139509,4.589535767128064,4.589535767128064,0.737083795652392,1.457704909747986,2.487865253765865,2.487865253765865,0.6916343216874254,1.0517655474240084,3.2687683458818926,3.2687683458818926,0.5999872043653678,0.5108375258270416,9.458333333333334,-0.07561182675659975,0.07561182675659975,203.0572687224669,7.1,7.199999999999999,7.366666666666667,7.625,7.840000000000001,8.216666666666667,8.457142857142857,8.675,8.88888888888889,9.05,9.145454545454545,9.191666666666668,9.246153846153847,9.392857142857142,9.606666666666667,9.8375,9.988235294117647,9.977777777777778,9.9,9.775,9.6,9.399999999999999,9.230434782608695,9.045833333333333,8.808,8.592307692307692,8.392592592592592,8.207142857142857,8.041379310344826,7.896666666666666,7.7548387096774185,7.640625,7.536363636363636,7.452941176470588,7.3828571428571435,7.305555555555555,7.237837837837838,7.181578947368422,7.161538461538462,7.13,7.13170731707317,7.145238095238096,7.169767441860466,7.209090909090909,7.228888888888889,7.206521739130435,7.1680851063829785,7.120833333333334,7.057142857142859,7.004000000000001,6.992156862745098,6.971153846153846,6.962264150943396,6.946296296296297,6.919999999999999,6.883928571428571,6.857894736842105,6.856896551724137,6.888135593220339,6.916666666666667,6.949180327868852,6.97741935483871,7.025396825396824,7.073437500000001,7.113846153846153,7.134848484848486,7.147761194029851,7.139705882352942,7.118840579710144,7.091428571428572,7.080281690140845,7.063888888888889,7.054794520547945,7.036486486486487,7.030666666666668,7.046052631578948,7.05974025974026,7.080769230769231,7.105063291139241,7.126250000000001,7.149382716049383,7.180487804878048,7.225301204819278,7.2821428571428575,7.349411764705884,7.404651162790699,7.46896551724138,7.543181818181819,7.62808988764045,7.707777777777777,7.780219780219782,7.831521739130435,7.876344086021505,7.919148936170214,7.955789473684211,7.9802083333333345,8.002061855670103,8.012244897959183,8.01818181818182,8.028,8.046534653465347,8.078431372549021,8.123300970873787,8.177884615384615,8.225714285714288,8.285849056603775,8.354205607476638,8.436111111111112,8.51743119266055,8.604545454545455,8.681081081081082,8.758928571428573,8.829203539823009,8.891228070175439,8.937391304347825,8.97844827586207,9.015384615384615,9.05677966101695,9.085714285714285,9.113333333333333,9.136363636363637,9.154098360655738,9.16910569105691,9.195161290322579,9.226400000000002,9.251587301587302,9.27952755905512,9.30390625,22.5,270.0,0.0,0.0,0.0,0.0,0.0,0.0,0.0,0.0,0.0,0.0,0.0,0.0,0.0,0.0,0.0,14.0,41.0,77.0,118.0,156.0,181.0,188.0,188.0,188.0,188.0,188.0,188.0,188.0,188.0,188.0,188.0,188.0,188.0,188.0,188.0,188.0,188.0,188.0,188.0,201.0,236.0,285.0,341.0,394.0,436.0,459.0,464.0,464.0,464.0,464.0,464.0,464.0,464.0,464.0,464.0,464.0,464.0,464.0,464.0,464.0,464.0,464.0,464.0,476.0,539.0,637.0,757.0,884.0,1003.0,1099.0,1160.0,1180.0,1180.0,1180.0,1180.0,1180.0,1180.0,1180.0,1180.0,1180.0,1180.0,1180.0,1180.0,1180.0,1180.0,1180.0,1180.0,1191.0,1235.0,1299.0,1374.0,1451.0,1520.0,1570.0,1595.0,1599.0,1599.0,1599.0,1599.0,1599.0,1599.0,1599.0,1599.0,1599.0,1599.0,1599.0,1599.0,1599.0,1599.0,1599.0,1599.0,1608.0,1670.0,1770.0,1895.0,2030.0,2156.0,2258.0,2323.0,2346.0,2346.0,2346.0,2346.0,2346.0,2346.0,2346.0,2346.0,2346.0,16,January 16,Macon
0.004018998534631023,1.5536064444830782,1.2418761439363348,1.7143445757596574,1.7143445757596574,0.7700693948995745,1.361379373139509,4.589535767128064,4.589535767128064,0.737083795652392,1.457704909747986,2.487865253765865,2.487865253765865,0.6916343216874254,1.0517655474240084,3.2687683458818926,3.2687683458818926,0.5999872043653678,0.5108375258270416,7.791666666666666,-0.5012374932039307,0.5012374932039307,109.5614973262032,9.6,9.85,9.833333333333334,9.700000000000001,9.64,9.616666666666667,9.642857142857142,9.7875,9.944444444444445,10.099999999999998,10.245454545454544,10.333333333333332,10.26923076923077,10.214285714285714,10.293333333333333,10.45,10.623529411764705,10.761111111111111,10.878947368421052,10.935,10.9,10.781818181818183,10.604347826086958,10.4375,10.304,10.188461538461537,10.096296296296297,10.035714285714288,9.989655172413794,9.993333333333334,9.990322580645163,9.996875,10.015151515151516,10.029411764705882,10.031428571428574,10.022222222222224,10.01891891891892,10.052631578947368,10.11794871794872,10.1975,10.251219512195123,10.24047619047619,10.200000000000001,10.136363636363638,10.046666666666667,9.941304347826089,9.846808510638299,9.741666666666667,9.606122448979592,9.478000000000002,9.354901960784316,9.236538461538462,9.126415094339624,9.025925925925927,8.925454545454546,8.839285714285714,8.757894736842106,8.68793103448276,8.62542372881356,8.558333333333334,8.496721311475412,8.441935483870967,8.409523809523808,8.3703125,8.352307692307692,8.342424242424244,8.340298507462686,8.348529411764705,8.344927536231884,8.314285714285713,8.273239436619717,8.226388888888888,8.168493150684933,8.117567567567567,8.094666666666667,8.06578947368421,8.045454545454545,8.020512820512819,7.988607594936708,7.95,7.9185185185185185,7.904878048780488,7.9144578313253025,7.9226190476190474,7.934117647058823,7.943023255813954,7.966666666666667,7.990909090909091,8.010112359550561,8.015555555555556,8.015384615384617,8.0,7.9752688172043005,7.945744680851064,7.928421052631578,7.907291666666668,7.891752577319589,7.869387755102043,7.856565656565658,7.86,7.862376237623763,7.870588235294117,7.881553398058251,7.890384615384617,7.900952380952381,7.917924528301889,7.945794392523365,7.983333333333333,8.029357798165137,8.066363636363636,8.110810810810811,8.163392857142858,8.224778761061948,8.282456140350877,8.334782608695653,8.370689655172415,8.401709401709402,8.43135593220339,8.456302521008404,8.471666666666668,8.485123966942147,8.48934426229508,8.490243902439023,8.494354838709675,8.5056,8.527777777777777,8.56062992125984,8.6015625,67.0,804.0,0.0,0.0,0.0,0.0,0.0,0.0,0.0,0.0,0.0,0.0,0.0,0.0,0.0,0.0,0.0,16.0,50.0,96.0,149.0,202.0,245.0,268.0,270.0,270.0,270.0,270.0,270.0,270.0,270.0,270.0,270.0,270.0,270.0,270.0,270.0,270.0,270.0,270.0,270.0,284.0,311.0,347.0,388.0,426.0,451.0,458.0,458.0,458.0,458.0,458.0,458.0,458.0,458.0,458.0,458.0,458.0,458.0,458.0,458.0,458.0,458.0,458.0,458.0,471.0,506.0,555.0,611.0,664.0,706.0,729.0,734.0,734.0,734.0,734.0,734.0,734.0,734.0,734.0,734.0,734.0,734.0,734.0,734.0,734.0,734.0,734.0,734.0,746.0,809.0,907.0,1027.0,1154.0,1273.0,1369.0,1430.0,1450.0,1450.0,1450.0,1450.0,1450.0,1450.0,1450.0,1450.0,1450.0,1450.0,1450.0,1450.0,1450.0,1450.0,1450.0,1450.0,1461.0,1505.0,1569.0,1644.0,1721.0,1790.0,1840.0,1865.0,1869.0,1869.0,1869.0,1869.0,1869.0,1869.0,1869.0,1869.0,1869.0,17,January 17,Macon
0.004018998534631023,1.5536064444830782,1.2418761439363348,1.7143445757596574,1.7143445757596574,0.7700693948995745,1.361379373139509,4.589535767128064,4.589535767128064,0.737083795652392,1.457704909747986,2.487865253765865,2.487865253765865,0.6916343216874254,1.0517655474240084,3.2687683458818926,3.2687683458818926,0.5999872043653678,0.5108375258270416,8.091666666666667,-0.3584043482541502,0.3584043482541502,140.93717816683832,11.1,11.0,10.833333333333334,10.65,10.5,10.233333333333333,10.114285714285714,10.0625,10.011111111111111,10.09,10.172727272727272,10.35,10.5,10.607142857142858,10.706666666666669,10.80625,10.923529411764706,10.983333333333333,11.063157894736841,11.15,11.252380952380953,11.336363636363636,11.330434782608696,11.279166666666667,11.212,11.169230769230769,11.118518518518519,11.053571428571429,10.99655172413793,10.946666666666665,10.90967741935484,10.90625,10.915151515151516,10.932352941176472,10.954285714285714,10.96388888888889,10.924324324324326,10.886842105263158,10.899999999999999,10.9475,11.007317073170734,11.057142857142857,11.10232558139535,11.122727272727273,11.102222222222222,11.041304347826086,10.948936170212765,10.858333333333334,10.781632653061227,10.712,10.652941176470588,10.609615384615385,10.573584905660377,10.564814814814815,10.552727272727273,10.546428571428569,10.547368421052632,10.546551724137931,10.538983050847456,10.525,10.514754098360656,10.52741935483871,10.56031746031746,10.603125,10.630769230769232,10.618181818181819,10.586567164179105,10.539705882352944,10.47536231884058,10.4,10.330985915492956,10.254166666666666,10.156164383561643,10.062162162162162,9.970666666666666,9.88157894736842,9.797402597402597,9.719230769230768,9.640506329113922,9.571250000000001,9.504938271604939,9.446341463414635,9.392771084337348,9.335714285714285,9.282352941176471,9.233720930232558,9.201149425287355,9.163636363636362,9.141573033707866,9.125555555555556,9.115384615384615,9.113043478260868,9.102150537634408,9.07127659574468,9.032631578947367,8.989583333333334,8.938144329896907,8.891836734693877,8.866666666666665,8.837,8.813861386138614,8.787254901960782,8.755339805825242,8.71826923076923,8.686666666666667,8.668867924528302,8.669158878504673,8.668518518518518,8.67064220183486,8.67090909090909,8.682882882882883,8.695535714285715,8.704424778761062,8.702631578947368,8.696521739130436,8.678448275862069,8.652991452991452,8.623728813559323,8.604201680672269,8.581666666666667,8.563636363636364,8.540163934426229,8.524390243902438,8.521774193548387,8.5184,8.51984126984127,8.523622047244094,8.52578125,47.5,570.0,0.0,0.0,0.0,0.0,0.0,0.0,0.0,0.0,0.0,0.0,0.0,0.0,0.0,0.0,0.0,17.0,87.0,195.0,327.0,468.0,601.0,709.0,779.0,804.0,804.0,804.0,804.0,804.0,804.0,804.0,804.0,804.0,804.0,804.0,804.0,804.0,804.0,804.0,804.0,820.0,854.0,900.0,953.0,1006.0,1049.0,1072.0,1074.0,1074.0,1074.0,1074.0,1074.0,1074.0,1074.0,1074.0,1074.0,1074.0,1074.0,1074.0,1074.0,1074.0,1074.0,1074.0,1074.0,1088.0,1115.0,1151.0,1192.0,1230.0,1255.0,1262.0,1262.0,1262.0,1262.0,1262.0,1262.0,1262.0,1262.0,1262.0,1262.0,1262.0,1262.0,1262.0,1262.0,1262.0,1262.0,1262.0,1262.0,1275.0,1310.0,1359.0,1415.0,1468.0,1510.0,1533.0,1538.0,1538.0,1538.0,1538.0,1538.0,1538.0,1538.0,1538.0,1538.0,1538.0,1538.0,1538.0,1538.0,1538.0,1538.0,1538.0,1538.0,1550.0,1613.0,1711.0,1831.0,1958.0,2077.0,2173.0,2234.0,2254.0,2254.0,2254.0,2254.0,2254.0,2254.0,2254.0,2254.0,2254.0,18,January 18,Macon
0.004018998534631023,1.5536064444830782,1.2418761439363348,1.7143445757596574,1.7143445757596574,0.7700693948995745,1.361379373139509,4.589535767128064,4.589535767128064,0.737083795652392,1.457704909747986,2.487865253765865,2.487865253765865,0.6916343216874254,1.0517655474240084,3.2687683458818926,3.2687683458818926,0.5999872043653678,0.5108375258270416,12.116666666666667,-0.08282942977668209,0.08282942977668209,201.47180192572213,6.8,6.25,5.7,5.2,4.8,4.5,4.3,4.2875,4.388888888888889,4.49,4.545454545454546,4.691666666666667,4.96923076923077,5.321428571428571,5.6466666666666665,5.949999999999999,6.276470588235293,6.544444444444444,6.894736842105263,7.279999999999999,7.609523809523807,7.9045454545454525,8.121739130434781,8.299999999999999,8.412,8.507692307692308,8.58148148148148,8.635714285714284,8.679310344827584,8.686666666666666,8.709677419354838,8.740625000000001,8.766666666666667,8.826470588235296,8.88857142857143,8.983333333333334,9.072972972972973,9.15,9.225641025641027,9.3025,9.387804878048781,9.45,9.52093023255814,9.595454545454546,9.677777777777777,9.752173913043478,9.782978723404256,9.789583333333335,9.785714285714286,9.792,9.792156862745099,9.782692307692308,9.775471698113208,9.770370370370369,9.770909090909093,9.789285714285715,9.814035087719295,9.843103448275862,9.874576271186442,9.898333333333333,9.891803278688528,9.885483870967743,9.909523809523812,9.9546875,10.007692307692308,10.054545454545455,10.098507462686568,10.126470588235295,10.127536231884061,10.101428571428574,10.053521126760566,10.005555555555556,9.965753424657533,9.92972972972973,9.9,9.880263157894737,9.864935064935064,9.86794871794872,9.868354430379748,9.872499999999999,9.88148148148148,9.889024390243902,9.891566265060241,9.889285714285716,9.889411764705883,9.905813953488375,9.936781609195405,9.975000000000001,10.002247191011236,10.0,9.983516483516484,9.955434782608696,9.913978494623658,9.863829787234044,9.817894736842106,9.765625,9.696907216494845,9.630612244897959,9.565656565656566,9.502000000000002,9.441584158415841,9.38529411764706,9.328155339805827,9.277884615384615,9.229523809523808,9.186792452830188,9.14766355140187,9.105555555555556,9.06605504587156,9.030000000000001,9.006306306306307,8.978571428571428,8.96283185840708,8.951754385964913,8.945217391304348,8.944827586206896,8.937606837606838,8.914406779661018,8.884873949579832,8.851666666666667,8.811570247933883,8.775409836065574,8.75609756097561,8.733064516129032,8.7152,8.694444444444445,8.669291338582678,8.63984375,23.5,282.0,0.0,0.0,0.0,0.0,0.0,0.0,0.0,0.0,0.0,0.0,0.0,0.0,0.0,0.0,0.0,18.0,74.0,157.0,255.0,356.0,448.0,518.0,559.0,570.0,570.0,570.0,570.0,570.0,570.0,570.0,570.0,570.0,570.0,570.0,570.0,570.0,570.0,570.0,570.0,587.0,657.0,765.0,897.0,1038.0,1171.0,1279.0,1349.0,1374.0,1374.0,1374.0,1374.0,1374.0,1374.0,1374.0,1374.0,1374.0,1374.0,1374.0,1374.0,1374.0,1374.0,1374.0,1374.0,1390.0,1424.0,1470.0,1523.0,1576.0,1619.0,1642.0,1644.0,1644.0,1644.0,1644.0,1644.0,1644.0,1644.0,1644.0,1644.0,1644.0,1644.0,1644.0,1644.0,1644.0,1644.0,1644.0,1644.0,1658.0,1685.0,1721.0,1762.0,1800.0,1825.0,1832.0,1832.0,1832.0,1832.0,1832.0,1832.0,1832.0,1832.0,1832.0,1832.0,1832.0,1832.0,1832.0,1832.0,1832.0,1832.0,1832.0,1832.0,1845.0,1880.0,1929.0,1985.0,2038.0,2080.0,2103.0,2108.0,2108.0,2108.0,2108.0,2108.0,2108.0,2108.0,2108.0,2108.0,2108.0,19,January 19,Macon
0.004018998534631023,1.5536064444830782,1.2418761439363348,1.7143445757596574,1.7143445757596574,0.7700693948995745,1.361379373139509,4.589535767128064,4.589535767128064,0.737083795652392,1.457704909747986,2.487865253765865,2.487865253765865,0.6916343216874254,1.0517655474240084,3.2687683458818926,3.2687683458818926,0.5999872043653678,0.5108375258270416,14.525,-0.048289407358460254,0.048289407358460254,209.05909351692486,1.6,1.6500000000000001,1.5333333333333332,1.225,1.1800000000000002,1.2166666666666668,1.385714285714286,1.55,1.7,1.9500000000000004,2.2363636363636368,2.541666666666667,2.7846153846153854,3.0928571428571425,3.3400000000000003,3.6125,3.923529411764706,4.227777777777778,4.552631578947368,4.8149999999999995,4.9904761904761905,5.090909090909091,5.156521739130435,5.2124999999999995,5.276,5.292307692307691,5.2666666666666675,5.210714285714286,5.141379310344828,5.069999999999999,5.006451612903226,4.98125,4.987878787878787,4.999999999999999,5.002857142857143,5.038888888888889,5.127027027027028,5.252631578947369,5.379487179487181,5.5075,5.6536585365853655,5.783333333333333,5.955813953488373,6.152272727272727,6.331111111111112,6.500000000000001,6.6361702127659585,6.7562500000000005,6.844897959183674,6.926,6.996078431372549,7.055769230769231,7.109433962264152,7.142592592592592,7.1836363636363645,7.228571428571429,7.270175438596492,7.331034482758621,7.393220338983052,7.4750000000000005,7.554098360655739,7.625806451612903,7.696825396825397,7.768750000000001,7.846153846153846,7.909090909090911,7.977611940298509,8.048529411764706,8.12463768115942,8.195714285714287,8.238028169014084,8.26388888888889,8.282191780821918,8.306756756756759,8.326666666666668,8.339473684210526,8.353246753246752,8.36794871794872,8.386075949367088,8.41625,8.450617283950619,8.487804878048783,8.526506024096387,8.55952380952381,8.570588235294117,8.581395348837209,8.613793103448275,8.661363636363637,8.714606741573034,8.763333333333335,8.809890109890112,8.844565217391304,8.859139784946237,8.853191489361702,8.830526315789474,8.807291666666666,8.789690721649485,8.774489795918367,8.763636363636364,8.759999999999998,8.759405940594059,8.772549019607842,8.783495145631067,8.797115384615385,8.814285714285715,8.830188679245284,8.842056074766356,8.850000000000001,8.859633027522936,8.881818181818181,8.915315315315315,8.954464285714286,8.98495575221239,8.992105263157894,8.98782608695652,8.97413793103448,8.949572649572646,8.917796610169491,8.889075630252101,8.854999999999999,8.807438016528923,8.761475409836066,8.716260162601625,8.671774193548387,8.629599999999998,8.59047619047619,8.550393700787401,8.515625,22.75,273.0,0.0,0.0,0.0,0.0,0.0,0.0,0.0,0.0,0.0,0.0,0.0,0.0,0.0,0.0,0.0,20.0,55.0,105.0,162.0,215.0,255.0,277.0,281.0,282.0,282.0,282.0,282.0,282.0,282.0,282.0,282.0,282.0,282.0,282.0,282.0,282.0,282.0,282.0,282.0,300.0,356.0,439.0,537.0,638.0,730.0,800.0,841.0,852.0,852.0,852.0,852.0,852.0,852.0,852.0,852.0,852.0,852.0,852.0,852.0,852.0,852.0,852.0,852.0,869.0,939.0,1047.0,1179.0,1320.0,1453.0,1561.0,1631.0,1656.0,1656.0,1656.0,1656.0,1656.0,1656.0,1656.0,1656.0,1656.0,1656.0,1656.0,1656.0,1656.0,1656.0,1656.0,1656.0,1672.0,1706.0,1752.0,1805.0,1858.0,1901.0,1924.0,1926.0,1926.0,1926.0,1926.0,1926.0,1926.0,1926.0,1926.0,1926.0,1926.0,1926.0,1926.0,1926.0,1926.0,1926.0,1926.0,1926.0,1940.0,1967.0,2003.0,2044.0,2082.0,2107.0,2114.0,2114.0,2114.0,2114.0,2114.0,2114.0,2114.0,2114.0,2114.0,2114.0,2114.0,20,January 20,Macon
0.004018998534631023,1.5536064444830782,1.2418761439363348,1.7143445757596574,1.7143445757596574,0.7700693948995745,1.361379373139509,4.589535767128064,4.589535767128064,0.737083795652392,1.457704909747986,2.487865253765865,2.487865253765865,0.6916343216874254,1.0517655474240084,3.2687683458818926,3.2687683458818926,0.5999872043653678,0.5108375258270416,13.625,-0.0825131210758586,0.0825131210758586,201.5412844036697,4.4,4.2,3.6333333333333333,3.4250000000000003,3.38,3.5,3.5142857142857147,3.5,3.4444444444444446,3.44,3.4909090909090907,3.4916666666666667,3.576923076923077,3.757142857142857,3.9666666666666672,4.2125,4.429411764705883,4.605555555555556,4.7631578947368425,4.825,4.838095238095238,4.75,4.608695652173912,4.483333333333333,4.368,4.265384615384615,4.155555555555556,4.017857142857143,3.913793103448276,3.83,3.7838709677419353,3.75,3.7242424242424246,3.738235294117647,3.7771428571428576,3.836111111111111,3.8864864864864868,3.9710526315789467,4.043589743589743,4.135,4.251219512195123,4.373809523809524,4.513953488372093,4.634090909090909,4.72,4.77391304347826,4.812765957446808,4.847916666666666,4.887755102040816,4.904,4.898039215686275,4.875000000000001,4.843396226415094,4.809259259259259,4.778181818181817,4.767857142857143,4.775438596491228,4.7862068965517235,4.791525423728813,4.8166666666666655,4.873770491803278,4.95483870967742,5.038095238095239,5.1234375,5.2215384615384615,5.3106060606060606,5.428358208955224,5.563235294117647,5.688405797101449,5.808571428571429,5.908450704225352,5.998611111111111,6.068493150684931,6.133783783783784,6.191999999999999,6.24342105263158,6.290909090909091,6.324358974358975,6.3632911392405065,6.405000000000001,6.4444444444444455,6.4975609756097565,6.5518072289156635,6.620238095238095,6.687058823529411,6.748837209302327,6.810344827586208,6.872727272727274,6.939325842696629,6.995555555555556,7.056043956043957,7.118478260869565,7.184946236559139,7.247872340425532,7.289473684210527,7.3187500000000005,7.342268041237113,7.370408163265306,7.394949494949495,7.413999999999999,7.433663366336633,7.45392156862745,7.476699029126213,7.508653846153847,7.543809523809524,7.581132075471698,7.619626168224299,7.653703703703704,7.670642201834863,7.6872727272727275,7.7207207207207205,7.766071428571428,7.815929203539822,7.862280701754386,7.90695652173913,7.942241379310344,7.961538461538461,7.964406779661018,7.953781512605043,7.942499999999999,7.935537190082644,7.930327868852459,7.928455284552845,7.9322580645161285,7.9384,7.955555555555556,7.970866141732284,7.988281250000001,31.833333333333332,382.0,0.0,0.0,0.0,0.0,0.0,0.0,0.0,0.0,0.0,0.0,0.0,0.0,0.0,0.0,0.0,21.0,55.0,102.0,157.0,211.0,252.0,273.0,273.0,273.0,273.0,273.0,273.0,273.0,273.0,273.0,273.0,273.0,273.0,273.0,273.0,273.0,273.0,273.0,273.0,293.0,328.0,378.0,435.0,488.0,528.0,550.0,554.0,555.0,555.0,555.0,555.0,555.0,555.0,555.0,555.0,555.0,555.0,555.0,555.0,555.0,555.0,555.0,555.0,573.0,629.0,712.0,810.0,911.0,1003.0,1073.0,1114.0,1125.0,1125.0,1125.0,1125.0,1125.0,1125.0,1125.0,1125.0,1125.0,1125.0,1125.0,1125.0,1125.0,1125.0,1125.0,1125.0,1142.0,1212.0,1320.0,1452.0,1593.0,1726.0,1834.0,1904.0,1929.0,1929.0,1929.0,1929.0,1929.0,1929.0,1929.0,1929.0,1929.0,1929.0,1929.0,1929.0,1929.0,1929.0,1929.0,1929.0,1945.0,1979.0,2025.0,2078.0,2131.0,2174.0,2197.0,2199.0,2199.0,2199.0,2199.0,2199.0,2199.0,2199.0,2199.0,2199.0,2199.0,21,January 21,Macon
0.004018998534631023,1.5536064444830782,1.2418761439363348,1.7143445757596574,1.7143445757596574,0.7700693948995745,1.361379373139509,4.589535767128064,4.589535767128064,0.737083795652392,1.457704909747986,2.487865253765865,2.487865253765865,0.6916343216874254,1.0517655474240084,3.2687683458818926,3.2687683458818926,0.5999872043653678,0.5108375258270416,14.216666666666665,-0.06393928774102627,0.06393928774102627,205.62133645955453,3.8,3.65,3.3333333333333335,3.1500000000000004,3.22,3.3833333333333333,3.685714285714286,3.7375000000000003,3.9111111111111105,4.25,4.5636363636363635,4.858333333333333,5.092307692307693,5.3428571428571425,5.54,5.60625,5.652941176470588,5.699999999999999,5.7105263157894735,5.71,5.723809523809523,5.690909090909091,5.6521739130434785,5.616666666666667,5.5680000000000005,5.5076923076923086,5.3962962962962955,5.30357142857143,5.231034482758622,5.1933333333333325,5.141935483870968,5.0875,5.024242424242424,4.976470588235294,4.948571428571428,4.908333333333333,4.8999999999999995,4.931578947368421,4.982051282051281,5.055,5.12439024390244,5.183333333333333,5.23953488372093,5.256818181818182,5.253333333333334,5.202173913043478,5.123404255319149,5.05,4.979591836734694,4.914000000000001,4.8431372549019605,4.75576923076923,4.684905660377358,4.624074074074073,4.583636363636364,4.55,4.521052631578947,4.515517241379311,4.52542372881356,4.548333333333333,4.567213114754098,4.608064516129032,4.642857142857143,4.690625,4.7553846153846155,4.825757575757576,4.9089552238805965,4.980882352941176,5.031884057971015,5.062857142857142,5.08450704225352,5.104166666666667,5.127397260273972,5.135135135135135,5.128,5.109210526315789,5.084415584415584,5.0576923076923075,5.0329113924050635,5.0225,5.0246913580246915,5.029268292682927,5.030120481927711,5.045238095238096,5.083529411764706,5.1395348837209305,5.197701149425288,5.257954545454545,5.328089887640449,5.392222222222222,5.478021978021978,5.577173913043477,5.6698924731182805,5.759574468085106,5.834736842105264,5.903125,5.956701030927834,6.007142857142856,6.052525252525253,6.093000000000001,6.13069306930693,6.157843137254902,6.189320388349516,6.223076923076923,6.255238095238095,6.29811320754717,6.342056074766355,6.397222222222223,6.451376146788991,6.501818181818183,6.552252252252253,6.603571428571429,6.658407079646017,6.705263157894737,6.7556521739130435,6.807758620689656,6.863247863247863,6.9161016949152545,6.952100840336135,6.978333333333334,7.0,7.025409836065573,7.047967479674797,7.066129032258064,7.0848,7.1039682539682545,7.1251968503937,7.15390625,26.0,312.0,0.0,0.0,0.0,0.0,0.0,0.0,0.0,0.0,0.0,0.0,0.0,0.0,0.0,0.0,0.0,23.0,66.0,125.0,195.0,267.0,329.0,368.0,382.0,382.0,382.0,382.0,382.0,382.0,382.0,382.0,382.0,382.0,382.0,382.0,382.0,382.0,382.0,382.0,382.0,403.0,437.0,484.0,539.0,593.0,634.0,655.0,655.0,655.0,655.0,655.0,655.0,655.0,655.0,655.0,655.0,655.0,655.0,655.0,655.0,655.0,655.0,655.0,655.0,675.0,710.0,760.0,817.0,870.0,910.0,932.0,936.0,937.0,937.0,937.0,937.0,937.0,937.0,937.0,937.0,937.0,937.0,937.0,937.0,937.0,937.0,937.0,937.0,955.0,1011.0,1094.0,1192.0,1293.0,1385.0,1455.0,1496.0,1507.0,1507.0,1507.0,1507.0,1507.0,1507.0,1507.0,1507.0,1507.0,1507.0,1507.0,1507.0,1507.0,1507.0,1507.0,1507.0,1524.0,1594.0,1702.0,1834.0,1975.0,2108.0,2216.0,2286.0,2311.0,2311.0,2311.0,2311.0,2311.0,2311.0,2311.0,2311.0,2311.0,22,January 22,Macon
0.004018998534631023,1.5536064444830782,1.2418761439363348,1.7143445757596574,1.7143445757596574,0.7700693948995745,1.361379373139509,4.589535767128064,4.589535767128064,0.737083795652392,1.457704909747986,2.487865253765865,2.487865253765865,0.6916343216874254,1.0517655474240084,3.2687683458818926,3.2687683458818926,0.5999872043653678,0.5108375258270416,12.73333333333333,-0.267095154486013,0.267095154486013,160.99476439790578,8.200000000000001,8.05,7.966666666666666,7.85,7.92,7.9333333333333345,7.642857142857143,7.2875000000000005,6.966666666666667,6.840000000000001,6.7727272727272725,6.808333333333334,6.869230769230769,6.95,7.02,7.0625,7.070588235294117,7.072222222222222,7.026315789473682,6.9399999999999995,6.814285714285714,6.609090909090909,6.4173913043478255,6.295833333333333,6.196000000000001,6.092307692307693,5.966666666666667,5.846428571428572,5.765517241379311,5.713333333333334,5.706451612903226,5.65625,5.6454545454545455,5.694117647058824,5.751428571428572,5.816666666666666,5.872972972972972,5.9447368421052635,6.005128205128205,6.0200000000000005,6.029268292682927,6.040476190476191,6.037209302325582,6.029545454545453,6.028888888888888,6.0065217391304335,5.980851063829788,5.956250000000001,5.924489795918368,5.886,5.819607843137254,5.761538461538462,5.713207547169811,5.683333333333333,5.645454545454545,5.605357142857144,5.559649122807018,5.522413793103447,5.496610169491524,5.463333333333334,5.449180327868852,5.459677419354838,5.482539682539682,5.520312499999999,5.556923076923077,5.587878787878787,5.617910447761194,5.623529411764705,5.615942028985506,5.5771428571428565,5.519718309859154,5.465277777777778,5.412328767123287,5.3621621621621625,5.308000000000001,5.242105263157894,5.187012987012987,5.138461538461539,5.10379746835443,5.0737499999999995,5.046913580246914,5.036585365853658,5.037349397590361,5.0476190476190474,5.055294117647058,5.079069767441861,5.098850574712643,5.128409090909091,5.170786516853933,5.217777777777777,5.274725274725275,5.32391304347826,5.358064516129032,5.377659574468084,5.390526315789474,5.402083333333333,5.416494845360826,5.419387755102041,5.411111111111111,5.394,5.372277227722773,5.349019607843138,5.327184466019417,5.316346153846155,5.315238095238096,5.316037735849058,5.314018691588785,5.323148148148148,5.3504587155963295,5.391818181818182,5.435135135135135,5.480357142857144,5.533628318584071,5.582456140350878,5.648695652173913,5.725862068965518,5.798290598290598,5.868644067796611,5.927731092436973,5.9816666666666665,6.023966942148761,6.063934426229509,6.1000000000000005,6.132258064516129,6.162400000000001,6.184126984126984,6.209448818897638,6.23671875,53.916666666666664,647.0,0.0,0.0,0.0,0.0,0.0,0.0,0.0,0.0,0.0,0.0,0.0,0.0,0.0,0.0,0.0,24.0,63.0,114.0,172.0,230.0,278.0,306.0,312.0,312.0,312.0,312.0,312.0,312.0,312.0,312.0,312.0,312.0,312.0,312.0,312.0,312.0,312.0,312.0,312.0,335.0,378.0,437.0,507.0,579.0,641.0,680.0,694.0,694.0,694.0,694.0,694.0,694.0,694.0,694.0,694.0,694.0,694.0,694.0,694.0,694.0,694.0,694.0,694.0,715.0,749.0,796.0,851.0,905.0,946.0,967.0,967.0,967.0,967.0,967.0,967.0,967.0,967.0,967.0,967.0,967.0,967.0,967.0,967.0,967.0,967.0,967.0,967.0,987.0,1022.0,1072.0,1129.0,1182.0,1222.0,1244.0,1248.0,1249.0,1249.0,1249.0,1249.0,1249.0,1249.0,1249.0,1249.0,1249.0,1249.0,1249.0,1249.0,1249.0,1249.0,1249.0,1249.0,1267.0,1323.0,1406.0,1504.0,1605.0,1697.0,1767.0,1808.0,1819.0,1819.0,1819.0,1819.0,1819.0,1819.0,1819.0,1819.0,1819.0,23,January 23,Macon
0.004018998534631023,1.5536064444830782,1.2418761439363348,1.7143445757596574,1.7143445757596574,0.7700693948995745,1.361379373139509,4.589535767128064,4.589535767128064,0.737083795652392,1.457704909747986,2.487865253765865,2.487865253765865,0.6916343216874254,1.0517655474240084,3.2687683458818926,3.2687683458818926,0.5999872043653678,0.5108375258270416,12.775,-0.05603283157485211,0.05603283157485211,207.35812133072412,5.5,4.75,4.8999999999999995,5.05,5.26,5.416666666666667,5.428571428571429,5.387499999999999,5.366666666666666,5.3100000000000005,5.254545454545454,5.216666666666667,5.176923076923078,5.157142857142858,5.08,5.09375,5.176470588235294,5.316666666666666,5.494736842105263,5.64,5.819047619047619,5.986363636363635,6.130434782608695,6.241666666666667,6.32,6.38076923076923,6.433333333333333,6.471428571428571,6.531034482758621,6.579999999999998,6.558064516129032,6.503125,6.4393939393939394,6.417647058823529,6.4085714285714275,6.430555555555555,6.462162162162162,6.502631578947367,6.54102564102564,6.57,6.585365853658536,6.597619047619048,6.588372093023256,6.559090909090909,6.508888888888889,6.417391304347827,6.327659574468084,6.26875,6.218367346938776,6.164000000000001,6.09607843137255,6.028846153846154,5.981132075471699,5.948148148148149,5.94,5.9071428571428575,5.896491228070176,5.920689655172414,5.950847457627118,5.986666666666666,6.018032786885247,6.0596774193548395,6.095238095238095,6.103125,6.107692307692307,6.113636363636363,6.11044776119403,6.1044117647058815,6.102898550724638,6.087142857142857,6.0690140845070415,6.05138888888889,6.028767123287672,6.001351351351351,5.954666666666666,5.913157894736843,5.877922077922078,5.855128205128206,5.8265822784810135,5.796250000000001,5.761728395061729,5.732926829268293,5.712048192771084,5.685714285714286,5.672941176470588,5.677906976744187,5.691954022988505,5.717045454545455,5.741573033707865,5.762222222222222,5.782417582417581,5.784782608695653,5.7774193548387105,5.746808510638299,5.702105263157895,5.659375,5.617525773195878,5.577551020408164,5.534343434343436,5.482,5.437623762376239,5.398039215686276,5.368932038834952,5.3432692307692315,5.32,5.30943396226415,5.307476635514019,5.312962962962963,5.316513761467891,5.332727272727274,5.345945945945947,5.366964285714286,5.398230088495575,5.4333333333333345,5.476521739130434,5.513793103448277,5.539316239316239,5.5533898305084755,5.562184873949581,5.570000000000001,5.580165289256199,5.581147540983606,5.573170731707317,5.558064516129033,5.539200000000001,5.51904761904762,5.500000000000001,5.48984375,22.416666666666668,269.0,0.0,0.0,0.0,0.0,0.0,0.0,0.0,0.0,0.0,0.0,0.0,0.0,0.0,0.0,0.0,26.0,89.0,181.0,290.0,402.0,504.0,584.0,632.0,647.0,647.0,647.0,647.0,647.0,647.0,647.0,647.0,647.0,647.0,647.0,647.0,647.0,647.0,647.0,647.0,671.0,710.0,761.0,819.0,877.0,925.0,953.0,959.0,959.0,959.0,959.0,959.0,959.0,959.0,959.0,959.0,959.0,959.0,959.0,959.0,959.0,959.0,959.0,959.0,982.0,1025.0,1084.0,1154.0,1226.0,1288.0,1327.0,1341.0,1341.0,1341.0,1341.0,1341.0,1341.0,1341.0,1341.0,1341.0,1341.0,1341.0,1341.0,1341.0,1341.0,1341.0,1341.0,1341.0,1362.0,1396.0,1443.0,1498.0,1552.0,1593.0,1614.0,1614.0,1614.0,1614.0,1614.0,1614.0,1614.0,1614.0,1614.0,1614.0,1614.0,1614.0,1614.0,1614.0,1614.0,1614.0,1614.0,1614.0,1634.0,1669.0,1719.0,1776.0,1829.0,1869.0,1891.0,1895.0,1896.0,1896.0,1896.0,1896.0,1896.0,1896.0,1896.0,1896.0,1896.0,24,January 24,Macon
0.004018998534631023,1.5536064444830782,1.2418761439363348,1.7143445757596574,1.7143445757596574,0.7700693948995745,1.361379373139509,4.589535767128064,4.589535767128064,0.737083795652392,1.457704909747986,2.487865253765865,2.487865253765865,0.6916343216874254,1.0517655474240084,3.2687683458818926,3.2687683458818926,0.5999872043653678,0.5108375258270416,17.075,-0.07937622334741155,0.07937622334741155,202.2303562713519,4.6,4.35,4.499999999999999,4.425,4.340000000000001,4.45,4.6000000000000005,4.637499999999999,4.722222222222222,4.71,4.7727272727272725,4.933333333333334,5.1923076923076925,5.421428571428571,5.626666666666666,5.80625,5.9529411764705875,6.027777777777778,6.0894736842105255,6.135,6.152380952380952,6.131818181818182,6.086956521739131,6.079166666666667,6.056,5.976923076923076,5.948148148148149,5.932142857142857,5.937931034482758,5.946666666666666,5.9322580645161285,5.90625,5.884848484848486,5.852941176470588,5.819999999999999,5.791666666666667,5.762162162162162,5.739473684210526,5.694871794871795,5.6850000000000005,5.704878048780488,5.752380952380952,5.82093023255814,5.879545454545454,5.957777777777778,6.034782608695653,6.104255319148937,6.160416666666667,6.20204081632653,6.2360000000000015,6.2666666666666675,6.290384615384617,6.326415094339624,6.3574074074074085,6.34909090909091,6.321428571428571,6.287719298245615,6.277586206896552,6.274576271186441,6.290000000000002,6.311475409836066,6.338709677419356,6.365079365079365,6.385937500000001,6.398461538461539,6.40909090909091,6.405970149253733,6.389705882352942,6.359420289855073,6.3014285714285725,6.243661971830987,6.205555555555557,6.1726027397260275,6.136486486486487,6.090666666666668,6.044736842105264,6.011688311688312,5.9884615384615385,5.982278481012658,5.95875,5.950617283950618,5.967073170731708,5.987951807228916,6.013095238095239,6.035294117647059,6.065116279069768,6.09080459770115,6.096590909090909,6.100000000000001,6.104444444444446,6.102197802197803,6.0978260869565215,6.096774193548388,6.085106382978725,6.071578947368423,6.058333333333334,6.041237113402062,6.020408163265308,5.984848484848484,5.953,5.925742574257426,5.907843137254903,5.885436893203884,5.861538461538462,5.8342857142857145,5.8113207547169825,5.794392523364486,5.773148148148149,5.762385321100918,5.765454545454546,5.775675675675676,5.794642857142857,5.813274336283186,5.828947368421052,5.844347826086958,5.845689655172415,5.83931623931624,5.8144067796610175,5.7781512605042025,5.743333333333334,5.70909090909091,5.676229508196721,5.640650406504065,5.597580645161291,5.5608,5.527777777777778,5.503149606299213,5.481249999999999,17.833333333333332,214.0,0.0,0.0,0.0,0.0,0.0,0.0,0.0,0.0,0.0,0.0,0.0,0.0,0.0,0.0,0.0,21.0,57.0,106.0,161.0,212.0,250.0,268.0,268.0,269.0,269.0,269.0,269.0,269.0,269.0,269.0,269.0,269.0,269.0,269.0,269.0,269.0,269.0,269.0,269.0,295.0,358.0,450.0,559.0,671.0,773.0,853.0,901.0,916.0,916.0,916.0,916.0,916.0,916.0,916.0,916.0,916.0,916.0,916.0,916.0,916.0,916.0,916.0,916.0,940.0,979.0,1030.0,1088.0,1146.0,1194.0,1222.0,1228.0,1228.0,1228.0,1228.0,1228.0,1228.0,1228.0,1228.0,1228.0,1228.0,1228.0,1228.0,1228.0,1228.0,1228.0,1228.0,1228.0,1251.0,1294.0,1353.0,1423.0,1495.0,1557.0,1596.0,1610.0,1610.0,1610.0,1610.0,1610.0,1610.0,1610.0,1610.0,1610.0,1610.0,1610.0,1610.0,1610.0,1610.0,1610.0,1610.0,1610.0,1631.0,1665.0,1712.0,1767.0,1821.0,1862.0,1883.0,1883.0,1883.0,1883.0,1883.0,1883.0,1883.0,1883.0,1883.0,1883.0,1883.0,25,January 25,Macon
0.004018998534631023,1.5536064444830782,1.2418761439363348,1.7143445757596574,1.7143445757596574,0.7700693948995745,1.361379373139509,4.589535767128064,4.589535767128064,0.737083795652392,1.457704909747986,2.487865253765865,2.487865253765865,0.6916343216874254,1.0517655474240084,3.2687683458818926,3.2687683458818926,0.5999872043653678,0.5108375258270416,15.108333333333333,-0.007747954203622674,0.007747954203622674,217.96469939327085,-0.2,0.1,0.20000000000000004,0.425,0.6599999999999999,0.9666666666666667,1.4000000000000001,1.625,1.7777777777777777,1.83,1.8727272727272726,1.9249999999999998,1.9923076923076921,2.0357142857142856,2.06,2.0375,1.9705882352941178,1.9555555555555553,1.9789473684210523,2.08,2.176190476190476,2.25,2.347826086956522,2.425,2.512,2.5730769230769233,2.6555555555555563,2.7107142857142854,2.7551724137931037,2.8299999999999996,2.9161290322580644,2.978125,3.0515151515151513,3.097058823529412,3.162857142857143,3.261111111111111,3.3972972972972966,3.5289473684210533,3.656410256410257,3.7775,3.887804878048781,3.9690476190476196,4.044186046511629,4.111363636363636,4.164444444444445,4.197826086956522,4.217021276595745,4.252083333333334,4.277551020408164,4.272,4.290196078431372,4.31346153846154,4.347169811320755,4.381481481481482,4.401818181818182,4.414285714285714,4.428070175438597,4.43448275862069,4.438983050847458,4.444999999999999,4.449180327868853,4.456451612903226,4.449206349206349,4.4625,4.493846153846154,4.542424242424243,4.604477611940298,4.660294117647059,4.728985507246377,4.797142857142857,4.86056338028169,4.915277777777778,4.96027397260274,4.999999999999999,5.037333333333334,5.0697368421052635,5.110389610389611,5.147435897435898,5.1569620253164565,5.1525,5.143209876543209,5.1499999999999995,5.161445783132529,5.185714285714285,5.214117647058823,5.246511627906977,5.2781609195402295,5.305681818181818,5.326966292134832,5.346666666666667,5.356043956043956,5.355434782608696,5.344086021505377,5.311702127659575,5.278947368421053,5.260416666666667,5.245360824742269,5.227551020408161,5.202020202020202,5.175999999999999,5.159405940594058,5.1499999999999995,5.153398058252427,5.1432692307692305,5.144761904761904,5.16509433962264,5.18878504672897,5.21574074074074,5.240366972477063,5.2709090909090905,5.298198198198198,5.309821428571429,5.319469026548672,5.329824561403509,5.334782608695652,5.337931034482758,5.343589743589744,5.340677966101695,5.336134453781512,5.331666666666666,5.323966942148759,5.31311475409836,5.290243902439023,5.27016129032258,5.2536,5.2444444444444445,5.231496062992127,5.2171875000000005,16.583333333333332,199.0,0.0,0.0,0.0,0.0,0.0,0.0,0.0,0.0,0.0,0.0,0.0,0.0,0.0,0.0,0.0,21.0,50.0,89.0,134.0,177.0,206.0,213.0,213.0,214.0,214.0,214.0,214.0,214.0,214.0,214.0,214.0,214.0,214.0,214.0,214.0,214.0,214.0,214.0,214.0,235.0,271.0,320.0,375.0,426.0,464.0,482.0,482.0,483.0,483.0,483.0,483.0,483.0,483.0,483.0,483.0,483.0,483.0,483.0,483.0,483.0,483.0,483.0,483.0,509.0,572.0,664.0,773.0,885.0,987.0,1067.0,1115.0,1130.0,1130.0,1130.0,1130.0,1130.0,1130.0,1130.0,1130.0,1130.0,1130.0,1130.0,1130.0,1130.0,1130.0,1130.0,1130.0,1154.0,1193.0,1244.0,1302.0,1360.0,1408.0,1436.0,1442.0,1442.0,1442.0,1442.0,1442.0,1442.0,1442.0,1442.0,1442.0,1442.0,1442.0,1442.0,1442.0,1442.0,1442.0,1442.0,1442.0,1465.0,1508.0,1567.0,1637.0,1709.0,1771.0,1810.0,1824.0,1824.0,1824.0,1824.0,1824.0,1824.0,1824.0,1824.0,1824.0,1824.0,26,January 26,Macon
0.004018998534631023,1.5536064444830782,1.2418761439363348,1.7143445757596574,1.7143445757596574,0.7700693948995745,1.361379373139509,4.589535767128064,4.589535767128064,0.737083795652392,1.457704909747986,2.487865253765865,2.487865253765865,0.6916343216874254,1.0517655474240084,3.2687683458818926,3.2687683458818926,0.5999872043653678,0.5108375258270416,11.941666666666665,-0.015097204735123555,0.015097204735123555,216.35031402651782,3.3,3.15,3.2999999999999994,3.375,3.3600000000000003,3.533333333333333,3.7571428571428576,3.9499999999999997,4.311111111111111,4.569999999999999,4.718181818181818,4.841666666666666,5.007692307692308,5.2,5.366666666666665,5.5125,5.594117647058824,5.605555555555555,5.5473684210526315,5.475,5.399999999999999,5.254545454545454,5.069565217391304,4.866666666666666,4.664000000000001,4.5,4.348148148148148,4.232142857142857,4.141379310344828,4.086666666666667,4.083870967741936,4.05625,4.024242424242424,3.9735294117647064,3.9257142857142857,3.886111111111111,3.8567567567567567,3.823684210526316,3.787179487179487,3.7350000000000003,3.6658536585365855,3.6190476190476195,3.590697674418605,3.600000000000001,3.611111111111111,3.615217391304349,3.6340425531914895,3.6458333333333335,3.66530612244898,3.674000000000001,3.6960784313725497,3.705769230769231,3.711320754716982,3.7351851851851854,3.7672727272727276,3.7875000000000005,3.815789473684211,3.8293103448275865,3.8559322033898304,3.9033333333333333,3.9754098360655736,4.046774193548387,4.117460317460318,4.1859375,4.24923076923077,4.295454545454547,4.338805970149255,4.377941176470589,4.408695652173915,4.427142857142859,4.436619718309861,4.456944444444445,4.471232876712329,4.4648648648648654,4.474666666666667,4.488157894736843,4.50909090909091,4.5307692307692315,4.543037974683545,4.55,4.558024691358026,4.560975609756097,4.562650602409639,4.565476190476192,4.567058823529413,4.57093023255814,4.564367816091955,4.572727272727272,4.59438202247191,4.6288888888888895,4.673626373626374,4.714130434782609,4.76451612903226,4.814893617021277,4.862105263157896,4.903125,4.937113402061856,4.967346938775511,4.995959595959596,5.021000000000001,5.052475247524753,5.0813725490196076,5.089320388349514,5.086538461538462,5.079999999999998,5.085849056603774,5.095327102803737,5.114814814814816,5.137614678899083,5.163636363636364,5.1891891891891895,5.211607142857143,5.229203539823008,5.245614035087719,5.253913043478261,5.254310344827586,5.246153846153846,5.2211864406779664,5.19579831932773,5.181666666666667,5.170247933884298,5.15655737704918,5.136585365853659,5.116129032258065,5.1032,5.096031746031746,5.099212598425197,5.09140625,19.833333333333332,238.0,0.0,0.0,0.0,0.0,0.0,0.0,0.0,0.0,0.0,0.0,0.0,0.0,0.0,0.0,0.0,23.0,50.0,85.0,126.0,166.0,193.0,199.0,199.0,199.0,199.0,199.0,199.0,199.0,199.0,199.0,199.0,199.0,199.0,199.0,199.0,199.0,199.0,199.0,199.0,220.0,249.0,288.0,333.0,376.0,405.0,412.0,412.0,413.0,413.0,413.0,413.0,413.0,413.0,413.0,413.0,413.0,413.0,413.0,413.0,413.0,413.0,413.0,413.0,434.0,470.0,519.0,574.0,625.0,663.0,681.0,681.0,682.0,682.0,682.0,682.0,682.0,682.0,682.0,682.0,682.0,682.0,682.0,682.0,682.0,682.0,682.0,682.0,708.0,771.0,863.0,972.0,1084.0,1186.0,1266.0,1314.0,1329.0,1329.0,1329.0,1329.0,1329.0,1329.0,1329.0,1329.0,1329.0,1329.0,1329.0,1329.0,1329.0,1329.0,1329.0,1329.0,1353.0,1392.0,1443.0,1501.0,1559.0,1607.0,1635.0,1641.0,1641.0,1641.0,1641.0,1641.0,1641.0,1641.0,1641.0,1641.0,1641.0,27,January 27,Macon
0.004018998534631023,1.5536064444830782,1.2418761439363348,1.7143445757596574,1.7143445757596574,0.7700693948995745,1.361379373139509,4.589535767128064,4.589535767128064,0.737083795652392,1.457704909747986,2.487865253765865,2.487865253765865,0.6916343216874254,1.0517655474240084,3.2687683458818926,3.2687683458818926,0.5999872043653678,0.5108375258270416,8.275,-0.2509478336213891,0.2509478336213891,164.54179254783483,13.0,12.45,12.066666666666668,11.525,11.1,10.633333333333335,10.357142857142858,10.3,10.377777777777778,10.49,10.536363636363635,10.466666666666667,10.315384615384618,10.192857142857145,10.093333333333334,10.037500000000001,9.98235294117647,9.966666666666667,9.952631578947368,9.940000000000001,9.89047619047619,9.745454545454548,9.52608695652174,9.262500000000001,9.024,8.792307692307691,8.600000000000001,8.421428571428573,8.244827586206899,8.116666666666667,8.019354838709678,7.934375,7.912121212121213,7.882352941176471,7.834285714285714,7.78888888888889,7.767567567567567,7.765789473684211,7.764102564102563,7.7625,7.741463414634146,7.695238095238096,7.620930232558139,7.54090909090909,7.46,7.345652173913043,7.210638297872339,7.064583333333334,6.916326530612245,6.785999999999999,6.66078431372549,6.553846153846153,6.460377358490565,6.387037037037037,6.343636363636362,6.2875000000000005,6.229824561403509,6.162068965517241,6.096610169491525,6.036666666666666,5.9836065573770485,5.929032258064515,5.873015873015872,5.8078125,5.7323076923076925,5.671212121212121,5.622388059701493,5.598529411764706,5.576811594202898,5.55142857142857,5.536619718309859,5.518055555555556,5.505479452054794,5.486486486486487,5.477333333333333,5.460526315789473,5.441558441558441,5.435897435897436,5.436708860759493,5.430000000000001,5.42962962962963,5.419512195121951,5.419277108433735,5.434523809523809,5.468235294117647,5.502325581395348,5.536781609195401,5.570454545454545,5.601123595505618,5.619999999999999,5.637362637362638,5.6521739130434785,5.661290322580645,5.661702127659575,5.6557894736842105,5.658333333333334,5.656701030927835,5.639795918367346,5.635353535353535,5.633999999999999,5.638613861386138,5.644117647058823,5.642718446601941,5.637499999999999,5.633333333333334,5.625471698113208,5.616822429906541,5.609259259259259,5.600917431192659,5.594545454545453,5.58018018018018,5.577678571428572,5.585840707964602,5.6043859649122805,5.631304347826086,5.655172413793103,5.687179487179486,5.719491525423728,5.749579831932772,5.775,5.79504132231405,5.812295081967213,5.828455284552845,5.841935483870967,5.8607999999999985,5.877777777777776,5.877952755905511,5.8695312500000005,44.583333333333336,535.0,0.0,0.0,0.0,0.0,0.0,0.0,0.0,0.0,0.0,0.0,0.0,0.0,0.0,0.0,0.0,25.0,58.0,99.0,145.0,189.0,223.0,238.0,238.0,238.0,238.0,238.0,238.0,238.0,238.0,238.0,238.0,238.0,238.0,238.0,238.0,238.0,238.0,238.0,238.0,261.0,288.0,323.0,364.0,404.0,431.0,437.0,437.0,437.0,437.0,437.0,437.0,437.0,437.0,437.0,437.0,437.0,437.0,437.0,437.0,437.0,437.0,437.0,437.0,458.0,487.0,526.0,571.0,614.0,643.0,650.0,650.0,651.0,651.0,651.0,651.0,651.0,651.0,651.0,651.0,651.0,651.0,651.0,651.0,651.0,651.0,651.0,651.0,672.0,708.0,757.0,812.0,863.0,901.0,919.0,919.0,920.0,920.0,920.0,920.0,920.0,920.0,920.0,920.0,920.0,920.0,920.0,920.0,920.0,920.0,920.0,920.0,946.0,1009.0,1101.0,1210.0,1322.0,1424.0,1504.0,1552.0,1567.0,1567.0,1567.0,1567.0,1567.0,1567.0,1567.0,1567.0,1567.0,28,January 28,Macon
0.004018998534631023,1.5536064444830782,1.2418761439363348,1.7143445757596574,1.7143445757596574,0.7700693948995745,1.361379373139509,4.589535767128064,4.589535767128064,0.737083795652392,1.457704909747986,2.487865253765865,2.487865253765865,0.6916343216874254,1.0517655474240084,3.2687683458818926,3.2687683458818926,0.5999872043653678,0.5108375258270416,9.983333333333333,-0.1724827165153857,0.1724827165153857,181.77796327212025,14.0,13.75,13.200000000000001,12.5,11.96,11.550000000000002,11.242857142857144,10.8375,10.488888888888889,10.29,10.154545454545454,10.083333333333334,10.015384615384615,10.021428571428572,10.073333333333334,10.137500000000001,10.24705882352941,10.33888888888889,10.394736842105264,10.445,10.566666666666666,10.690909090909091,10.8,10.904166666666667,10.988,11.023076923076925,11.033333333333333,10.992857142857144,10.937931034482759,10.850000000000001,10.780645161290321,10.753125,10.760606060606062,10.782352941176471,10.78857142857143,10.758333333333333,10.697297297297297,10.642105263157896,10.592307692307692,10.557500000000001,10.521951219512195,10.502380952380953,10.483720930232558,10.465909090909092,10.431111111111111,10.35,10.229787234042554,10.083333333333334,9.944897959183674,9.806,9.684313725490195,9.567307692307692,9.449056603773585,9.355555555555556,9.27818181818182,9.207142857142857,9.171929824561403,9.132758620689655,9.08305084745763,9.035,9.001639344262296,8.980645161290324,8.96031746031746,8.940625,8.909230769230767,8.862121212121211,8.797014925373134,8.727941176470589,8.657971014492752,8.565714285714284,8.459154929577464,8.344444444444443,8.227397260273973,8.121621621621621,8.018666666666666,7.927631578947368,7.845454545454544,7.776923076923076,7.7291139240506315,7.672499999999999,7.614814814814816,7.549999999999999,7.486746987951807,7.42738095238095,7.372941176470588,7.317441860465116,7.260919540229884,7.197727272727271,7.126966292134831,7.066666666666666,7.015384615384615,6.982608695652174,6.951612903225805,6.9180851063829785,6.892631578947367,6.864583333333333,6.841237113402062,6.8132653061224495,6.792929292929293,6.767,6.739603960396039,6.722549019607842,6.710679611650485,6.69326923076923,6.680952380952381,6.66132075471698,6.649532710280374,6.6499999999999995,6.665137614678899,6.68090909090909,6.697297297297296,6.713392857142857,6.727433628318583,6.732456140350878,6.736521739130435,6.738793103448276,6.736752136752137,6.727966101694916,6.714285714285714,6.7075000000000005,6.697520661157026,6.675409836065574,6.663414634146342,6.654032258064517,6.6496,6.646031746031746,6.637007874015747,6.625,30.083333333333332,361.0,0.0,0.0,0.0,0.0,0.0,0.0,0.0,0.0,0.0,0.0,0.0,0.0,0.0,0.0,0.0,29.0,86.0,166.0,258.0,351.0,434.0,495.0,528.0,535.0,535.0,535.0,535.0,535.0,535.0,535.0,535.0,535.0,535.0,535.0,535.0,535.0,535.0,535.0,535.0,560.0,593.0,634.0,680.0,724.0,758.0,773.0,773.0,773.0,773.0,773.0,773.0,773.0,773.0,773.0,773.0,773.0,773.0,773.0,773.0,773.0,773.0,773.0,773.0,796.0,823.0,858.0,899.0,939.0,966.0,972.0,972.0,972.0,972.0,972.0,972.0,972.0,972.0,972.0,972.0,972.0,972.0,972.0,972.0,972.0,972.0,972.0,972.0,993.0,1022.0,1061.0,1106.0,1149.0,1178.0,1185.0,1185.0,1186.0,1186.0,1186.0,1186.0,1186.0,1186.0,1186.0,1186.0,1186.0,1186.0,1186.0,1186.0,1186.0,1186.0,1186.0,1186.0,1207.0,1243.0,1292.0,1347.0,1398.0,1436.0,1454.0,1454.0,1455.0,1455.0,1455.0,1455.0,1455.0,1455.0,1455.0,1455.0,1455.0,29,January 29,Macon
0.004018998534631023,1.5536064444830782,1.2418761439363348,1.7143445757596574,1.7143445757596574,0.7700693948995745,1.361379373139509,4.589535767128064,4.589535767128064,0.737083795652392,1.457704909747986,2.487865253765865,2.487865253765865,0.6916343216874254,1.0517655474240084,3.2687683458818926,3.2687683458818926,0.5999872043653678,0.5108375258270416,9.183333333333332,-0.5199375394165388,0.5199375394165388,105.45372050816698,8.6,8.2,8.133333333333333,8.25,8.44,8.65,8.814285714285713,8.8375,8.788888888888888,8.76,8.727272727272727,8.608333333333333,8.49230769230769,8.385714285714284,8.339999999999998,8.375,8.394117647058824,8.455555555555556,8.563157894736843,8.665000000000001,8.761904761904763,8.899999999999999,9.1,9.3125,9.5,9.653846153846155,9.744444444444445,9.767857142857144,9.768965517241382,9.760000000000002,9.748387096774195,9.693750000000001,9.633333333333335,9.600000000000001,9.577142857142857,9.569444444444446,9.559459459459461,9.573684210526318,9.605128205128207,9.6425,9.700000000000001,9.752380952380955,9.790697674418606,9.827272727272728,9.89777777777778,9.971739130434784,10.040425531914895,10.108333333333334,10.16734693877551,10.202000000000002,10.223529411764705,10.217307692307694,10.201886792452829,10.166666666666666,10.14,10.135714285714286,10.150877192982456,10.174137931034483,10.18813559322034,10.180000000000001,10.152459016393443,10.127419354838711,10.104761904761904,10.090625,10.075384615384616,10.06969696969697,10.064179104477613,10.058823529411764,10.042028985507248,9.994285714285716,9.919718309859157,9.82638888888889,9.736986301369864,9.645945945945945,9.565333333333333,9.486842105263158,9.406493506493508,9.342307692307694,9.288607594936709,9.23875,9.21358024691358,9.185365853658535,9.149397590361446,9.114285714285714,9.089411764705883,9.07325581395349,9.057471264367816,9.042045454545455,9.017977528089888,8.982222222222221,8.932967032967033,8.880434782608695,8.826881720430109,8.756382978723405,8.674736842105265,8.586458333333333,8.495876288659794,8.41326530612245,8.332323232323231,8.26,8.194059405940596,8.13823529411765,8.098058252427185,8.050961538461538,8.002857142857144,7.9490566037735855,7.89626168224299,7.846296296296296,7.800000000000001,7.752727272727273,7.704504504504505,7.650892857142857,7.5911504424778755,7.5394736842105265,7.494782608695652,7.464655172413793,7.435897435897436,7.405084745762713,7.3806722689075634,7.354166666666667,7.331404958677686,7.304918032786885,7.284552845528455,7.259677419354839,7.2336,7.215873015873016,7.20236220472441,7.184375,76.33333333333333,916.0,0.0,0.0,0.0,0.0,0.0,0.0,0.0,0.0,0.0,0.0,0.0,0.0,0.0,0.0,0.0,24.0,67.0,128.0,198.0,265.0,319.0,351.0,361.0,361.0,361.0,361.0,361.0,361.0,361.0,361.0,361.0,361.0,361.0,361.0,361.0,361.0,361.0,361.0,361.0,390.0,447.0,527.0,619.0,712.0,795.0,856.0,889.0,896.0,896.0,896.0,896.0,896.0,896.0,896.0,896.0,896.0,896.0,896.0,896.0,896.0,896.0,896.0,896.0,921.0,954.0,995.0,1041.0,1085.0,1119.0,1134.0,1134.0,1134.0,1134.0,1134.0,1134.0,1134.0,1134.0,1134.0,1134.0,1134.0,1134.0,1134.0,1134.0,1134.0,1134.0,1134.0,1134.0,1157.0,1184.0,1219.0,1260.0,1300.0,1327.0,1333.0,1333.0,1333.0,1333.0,1333.0,1333.0,1333.0,1333.0,1333.0,1333.0,1333.0,1333.0,1333.0,1333.0,1333.0,1333.0,1333.0,1333.0,1354.0,1383.0,1422.0,1467.0,1510.0,1539.0,1546.0,1546.0,1547.0,1547.0,1547.0,1547.0,1547.0,1547.0,1547.0,1547.0,1547.0,30,January 30,Macon
0.004018998534631023,1.5536064444830782,1.2418761439363348,1.7143445757596574,1.7143445757596574,0.7700693948995745,1.361379373139509,4.589535767128064,4.589535767128064,0.737083795652392,1.457704909747986,2.487865253765865,2.487865253765865,0.6916343216874254,1.0517655474240084,3.2687683458818926,3.2687683458818926,0.5999872043653678,0.5108375258270416,7.1750000000000025,-0.09968117673806291,0.09968117673806291,197.77003484320548,11.2,10.05,9.033333333333333,8.425,8.0,7.733333333333332,7.571428571428571,7.55,7.522222222222222,7.57,7.718181818181819,7.916666666666667,8.138461538461538,8.378571428571428,8.513333333333332,8.675,8.788235294117646,8.866666666666667,8.999999999999998,9.15,9.242857142857142,9.322727272727272,9.373913043478261,9.366666666666665,9.335999999999999,9.276923076923076,9.22962962962963,9.207142857142856,9.206896551724139,9.223333333333333,9.241935483870968,9.234375,9.209090909090909,9.188235294117646,9.165714285714285,9.113888888888887,9.05945945945946,9.005263157894737,8.971794871794872,8.969999999999999,8.96341463414634,8.976190476190474,9.011627906976743,9.047727272727272,9.084444444444443,9.143478260869564,9.236170212765957,9.339583333333332,9.434693877551021,9.515999999999998,9.566666666666666,9.582692307692307,9.586792452830188,9.585185185185185,9.581818181818184,9.553571428571429,9.521052631578948,9.50344827586207,9.491525423728813,9.488333333333335,9.48360655737705,9.493548387096775,9.514285714285714,9.5390625,9.576923076923077,9.612121212121211,9.638805970149255,9.664705882352942,9.713043478260868,9.764285714285712,9.812676056338027,9.86111111111111,9.904109589041097,9.93108108108108,9.949333333333332,9.948684210526316,9.941558441558442,9.92051282051282,9.905063291139241,9.905,9.91851851851852,9.93780487804878,9.950602409638554,9.947619047619048,9.930588235294119,9.915116279069766,9.901149425287354,9.893181818181818,9.88426966292135,9.882222222222222,9.88021978021978,9.878260869565219,9.867741935483872,9.83404255319149,9.78,9.711458333333333,9.645360824742268,9.577551020408164,9.517171717171717,9.458,9.397029702970297,9.348039215686274,9.306796116504854,9.268269230769231,9.248571428571429,9.226415094339623,9.198130841121495,9.170370370370371,9.15045871559633,9.137272727272727,9.124324324324323,9.111607142857142,9.09203539823009,9.06315789473684,9.023478260869565,8.981034482758622,8.937606837606838,8.880508474576272,8.814285714285715,8.7425,8.668595041322314,8.600819672131149,8.534146341463416,8.474193548387097,8.4192,8.372222222222224,8.337795275590551,8.29765625,29.916666666666668,359.0,0.0,0.0,0.0,0.0,0.0,0.0,0.0,0.0,0.0,0.0,0.0,0.0,0.0,0.0,0.0,36.0,120.0,243.0,391.0,546.0,690.0,806.0,883.0,916.0,916.0,916.0,916.0,916.0,916.0,916.0,916.0,916.0,916.0,916.0,916.0,916.0,916.0,916.0,916.0,940.0,983.0,1044.0,1114.0,1181.0,1235.0,1267.0,1277.0,1277.0,1277.0,1277.0,1277.0,1277.0,1277.0,1277.0,1277.0,1277.0,1277.0,1277.0,1277.0,1277.0,1277.0,1277.0,1277.0,1306.0,1363.0,1443.0,1535.0,1628.0,1711.0,1772.0,1805.0,1812.0,1812.0,1812.0,1812.0,1812.0,1812.0,1812.0,1812.0,1812.0,1812.0,1812.0,1812.0,1812.0,1812.0,1812.0,1812.0,1837.0,1870.0,1911.0,1957.0,2001.0,2035.0,2050.0,2050.0,2050.0,2050.0,2050.0,2050.0,2050.0,2050.0,2050.0,2050.0,2050.0,2050.0,2050.0,2050.0,2050.0,2050.0,2050.0,2050.0,2073.0,2100.0,2135.0,2176.0,2216.0,2243.0,2249.0,2249.0,2249.0,2249.0,2249.0,2249.0,2249.0,2249.0,2249.0,2249.0,2249.0,31,January 31,Macon
0.004018998534631023,1.5536064444830782,1.2418761439363348,1.7143445757596574,1.7143445757596574,0.7700693948995745,1.361379373139509,4.589535767128064,4.589535767128064,0.737083795652392,1.457704909747986,2.487865253765865,2.487865253765865,0.6916343216874254,1.0517655474240084,3.2687683458818926,3.2687683458818926,0.5999872043653678,0.5108375258270416,11.266666666666666,-0.41802623663251637,0.41802623663251637,127.84023668639055,3.4000000000000004,2.7,2.4333333333333336,2.4250000000000003,2.6,2.8000000000000003,3.0714285714285716,3.325,3.5444444444444443,3.78,4.145454545454545,4.533333333333333,4.953846153846153,5.471428571428572,5.913333333333333,6.3,6.6647058823529415,6.966666666666667,7.28421052631579,7.615,7.966666666666669,8.272727272727273,8.495652173913044,8.679166666666667,8.780000000000001,8.784615384615385,8.71851851851852,8.642857142857144,8.562068965517243,8.49,8.429032258064517,8.396875,8.363636363636363,8.352941176470589,8.377142857142855,8.424999999999999,8.489189189189188,8.568421052631578,8.615384615384613,8.6775,8.72439024390244,8.75952380952381,8.820930232558139,8.893181818181818,8.942222222222222,8.98695652173913,9.019148936170211,9.022916666666667,9.014285714285714,8.99,8.970588235294116,8.963461538461537,8.967924528301884,8.981481481481481,8.996363636363634,8.996428571428572,8.9859649122807,8.97758620689655,8.96779661016949,8.94,8.909836065573769,8.879032258064514,8.860317460317459,8.8609375,8.858461538461539,8.868181818181817,8.892537313432834,8.91764705882353,8.943478260869563,8.984285714285711,9.04788732394366,9.119444444444444,9.186301369863013,9.244594594594595,9.282666666666668,9.29736842105263,9.303896103896104,9.306410256410254,9.307594936708858,9.29125,9.271604938271604,9.262195121951217,9.256626506024096,9.257142857142856,9.256470588235292,9.266279069767439,9.283908045977011,9.304545454545455,9.334831460674156,9.363333333333333,9.385714285714284,9.407608695652172,9.446236559139784,9.48723404255319,9.526315789473683,9.565624999999999,9.601030927835051,9.624489795918366,9.641414141414142,9.644,9.64158415841584,9.628431372549018,9.619417475728154,9.622115384615386,9.635238095238094,9.652830188679244,9.665420560747666,9.665740740740743,9.655045871559636,9.645454545454545,9.636936936936937,9.633035714285715,9.628318584070797,9.628947368421054,9.629565217391304,9.630172413793106,9.623931623931625,9.599152542372885,9.557983193277314,9.505,9.453719008264464,9.400819672131147,9.353658536585366,9.307258064516132,9.2592,9.220634920634922,9.188188976377953,9.157812499999999,76.5,918.0,0.0,0.0,0.0,0.0,0.0,0.0,0.0,0.0,0.0,0.0,0.0,0.0,0.0,0.0,0.0,26.0,67.0,124.0,192.0,261.0,318.0,351.0,358.0,359.0,359.0,359.0,359.0,359.0,359.0,359.0,359.0,359.0,359.0,359.0,359.0,359.0,359.0,359.0,359.0,395.0,479.0,602.0,750.0,905.0,1049.0,1165.0,1242.0,1275.0,1275.0,1275.0,1275.0,1275.0,1275.0,1275.0,1275.0,1275.0,1275.0,1275.0,1275.0,1275.0,1275.0,1275.0,1275.0,1299.0,1342.0,1403.0,1473.0,1540.0,1594.0,1626.0,1636.0,1636.0,1636.0,1636.0,1636.0,1636.0,1636.0,1636.0,1636.0,1636.0,1636.0,1636.0,1636.0,1636.0,1636.0,1636.0,1636.0,1665.0,1722.0,1802.0,1894.0,1987.0,2070.0,2131.0,2164.0,2171.0,2171.0,2171.0,2171.0,2171.0,2171.0,2171.0,2171.0,2171.0,2171.0,2171.0,2171.0,2171.0,2171.0,2171.0,2171.0,2196.0,2229.0,2270.0,2316.0,2360.0,2394.0,2409.0,2409.0,2409.0,2409.0,2409.0,2409.0,2409.0,2409.0,2409.0,2409.0,2409.0,32,February 1,Macon
0.004018998534631023,1.5536064444830782,1.2418761439363348,1.7143445757596574,1.7143445757596574,0.7700693948995745,1.361379373139509,4.589535767128064,4.589535767128064,0.737083795652392,1.457704909747986,2.487865253765865,2.487865253765865,0.6916343216874254,1.0517655474240084,3.2687683458818926,3.2687683458818926,0.5999872043653678,0.5108375258270416,14.691666666666665,-0.0019168251110112473,0.0019168251110112473,219.24560408394782,3.2,3.7,3.866666666666667,3.75,3.5799999999999996,3.5666666666666664,3.5714285714285716,3.5250000000000004,3.522222222222222,3.5900000000000007,3.700000000000001,3.858333333333334,4.13846153846154,4.45,4.78,5.1,5.41764705882353,5.672222222222222,5.88421052631579,6.040000000000001,6.166666666666667,6.263636363636363,6.317391304347824,6.295833333333334,6.179999999999999,6.019230769230769,5.866666666666666,5.742857142857142,5.658620689655171,5.596666666666666,5.56774193548387,5.553125,5.545454545454546,5.555882352941175,5.619999999999999,5.708333333333332,5.824324324324324,5.992105263157894,6.148717948717948,6.297499999999999,6.448780487804878,6.583333333333333,6.732558139534882,6.895454545454544,7.075555555555554,7.241304347826087,7.372340425531914,7.487500000000001,7.5632653061224495,7.59,7.578431372549018,7.559615384615384,7.535849056603772,7.514814814814813,7.498181818181817,7.496428571428572,7.49298245614035,7.501724137931034,7.53050847457627,7.573333333333332,7.626229508196719,7.688709677419354,7.731746031746031,7.784375,7.827692307692308,7.863636363636363,7.9164179104477626,7.976470588235294,8.021739130434785,8.064285714285715,8.098591549295776,8.113888888888889,8.120547945205482,8.116216216216218,8.114666666666668,8.121052631578948,8.135064935064936,8.155128205128205,8.17594936708861,8.186250000000001,8.18888888888889,8.192682926829269,8.195180722891568,8.18452380952381,8.171764705882355,8.158139534883723,8.152873563218392,8.161363636363637,8.16741573033708,8.182222222222224,8.207692307692309,8.233695652173914,8.260215053763442,8.297872340425533,8.352631578947369,8.413541666666667,8.471134020618557,8.522448979591838,8.558585858585861,8.577000000000002,8.58910891089109,8.598039215686276,8.60582524271845,8.6,8.591428571428573,8.59056603773585,8.592523364485983,8.599074074074075,8.604587155963303,8.618181818181819,8.63783783783784,8.659821428571428,8.689380530973452,8.717543859649123,8.740869565217391,8.763793103448275,8.799999999999999,8.838135593220342,8.874789915966387,8.911666666666667,8.945454545454545,8.969672131147542,8.988617886178863,8.995967741935486,8.999200000000002,8.993650793650797,8.991338582677168,8.9984375,0.5833333333333334,7.0,0.0,0.0,0.0,0.0,0.0,0.0,0.0,0.0,0.0,0.0,0.0,0.0,0.0,0.0,0.0,40.0,126.0,248.0,394.0,548.0,692.0,809.0,886.0,918.0,918.0,918.0,918.0,918.0,918.0,918.0,918.0,918.0,918.0,918.0,918.0,918.0,918.0,918.0,918.0,944.0,985.0,1042.0,1110.0,1179.0,1236.0,1269.0,1276.0,1277.0,1277.0,1277.0,1277.0,1277.0,1277.0,1277.0,1277.0,1277.0,1277.0,1277.0,1277.0,1277.0,1277.0,1277.0,1277.0,1313.0,1397.0,1520.0,1668.0,1823.0,1967.0,2083.0,2160.0,2193.0,2193.0,2193.0,2193.0,2193.0,2193.0,2193.0,2193.0,2193.0,2193.0,2193.0,2193.0,2193.0,2193.0,2193.0,2193.0,2217.0,2260.0,2321.0,2391.0,2458.0,2512.0,2544.0,2554.0,2554.0,2554.0,2554.0,2554.0,2554.0,2554.0,2554.0,2554.0,2554.0,2554.0,2554.0,2554.0,2554.0,2554.0,2554.0,2554.0,2583.0,2640.0,2720.0,2812.0,2905.0,2988.0,3049.0,3082.0,3089.0,3089.0,3089.0,3089.0,3089.0,3089.0,3089.0,3089.0,3089.0,33,February 2,Macon
0.004018998534631023,1.5536064444830782,1.2418761439363348,1.7143445757596574,1.7143445757596574,0.7700693948995745,1.361379373139509,4.589535767128064,4.589535767128064,0.737083795652392,1.457704909747986,2.487865253765865,2.487865253765865,0.6916343216874254,1.0517655474240084,3.2687683458818926,3.2687683458818926,0.5999872043653678,0.5108375258270416,12.05,-0.47018303855332166,0.47018303855332166,116.38312586445366,5.6,5.65,5.599999999999999,5.175000000000001,4.640000000000001,4.266666666666667,4.085714285714286,4.050000000000001,4.1000000000000005,4.12,4.154545454545455,4.291666666666667,4.430769230769231,4.500000000000001,4.6066666666666665,4.6,4.6117647058823525,4.644444444444444,4.6842105263157885,4.74,4.8,4.8500000000000005,4.860869565217392,4.8,4.736,4.7153846153846155,4.696296296296296,4.65,4.589655172413793,4.553333333333333,4.52258064516129,4.48125,4.451515151515152,4.444117647058824,4.454285714285715,4.486111111111111,4.5675675675675675,4.671052631578948,4.792307692307692,4.92,5.056097560975609,5.173809523809523,5.27906976744186,5.363636363636363,5.437777777777778,5.5,5.542553191489362,5.547916666666667,5.504081632653062,5.434,5.364705882352942,5.3076923076923075,5.269811320754717,5.242592592592592,5.232727272727273,5.230357142857143,5.231578947368422,5.243103448275861,5.286440677966103,5.345,5.421311475409836,5.530645161290321,5.634920634920634,5.7359375,5.840000000000001,5.9348484848484855,6.040298507462686,6.155882352941177,6.284057971014493,6.404285714285715,6.502816901408449,6.591666666666667,6.654794520547946,6.685135135135135,6.689333333333333,6.688157894736842,6.683116883116882,6.67948717948718,6.678481012658228,6.6875,6.695061728395062,6.710975609756098,6.740963855421688,6.780952380952381,6.828235294117648,6.8825581395348845,6.922988505747127,6.970454545454545,7.01123595505618,7.046666666666667,7.094505494505495,7.147826086956522,7.190322580645161,7.230851063829788,7.265263157894737,7.285416666666666,7.29896907216495,7.3040816326530615,7.311111111111112,7.324000000000001,7.342574257425744,7.365686274509804,7.389320388349515,7.404807692307693,7.4142857142857155,7.424528301886793,7.433644859813085,7.432407407407408,7.429357798165138,7.425454545454546,7.427927927927929,7.441071428571428,7.452212389380531,7.470175438596492,7.496521739130435,7.5232758620689655,7.550427350427351,7.586440677966102,7.636134453781513,7.690833333333334,7.74297520661157,7.79016393442623,7.825203252032521,7.8459677419354845,7.8616,7.874603174603174,7.886614173228347,7.8875,91.91666666666667,1103.0,0.0,0.0,0.0,0.0,0.0,0.0,0.0,0.0,0.0,0.0,0.0,0.0,0.0,0.0,0.0,7.0,7.0,7.0,7.0,7.0,7.0,7.0,7.0,7.0,7.0,7.0,7.0,7.0,7.0,7.0,7.0,7.0,7.0,7.0,7.0,7.0,7.0,7.0,7.0,47.0,133.0,255.0,401.0,555.0,699.0,816.0,893.0,925.0,925.0,925.0,925.0,925.0,925.0,925.0,925.0,925.0,925.0,925.0,925.0,925.0,925.0,925.0,925.0,951.0,992.0,1049.0,1117.0,1186.0,1243.0,1276.0,1283.0,1284.0,1284.0,1284.0,1284.0,1284.0,1284.0,1284.0,1284.0,1284.0,1284.0,1284.0,1284.0,1284.0,1284.0,1284.0,1284.0,1320.0,1404.0,1527.0,1675.0,1830.0,1974.0,2090.0,2167.0,2200.0,2200.0,2200.0,2200.0,2200.0,2200.0,2200.0,2200.0,2200.0,2200.0,2200.0,2200.0,2200.0,2200.0,2200.0,2200.0,2224.0,2267.0,2328.0,2398.0,2465.0,2519.0,2551.0,2561.0,2561.0,2561.0,2561.0,2561.0,2561.0,2561.0,2561.0,2561.0,2561.0,34,February 3,Macon
0.004018998534631023,1.5536064444830782,1.2418761439363348,1.7143445757596574,1.7143445757596574,0.7700693948995745,1.361379373139509,4.589535767128064,4.589535767128064,0.737083795652392,1.457704909747986,2.487865253765865,2.487865253765865,0.6916343216874254,1.0517655474240084,3.2687683458818926,3.2687683458818926,0.5999872043653678,0.5108375258270416,11.025,-0.2259281051823865,0.2259281051823865,170.03779289493573,5.5,5.55,5.633333333333333,5.449999999999999,5.42,5.483333333333333,5.614285714285714,5.7749999999999995,5.955555555555555,6.119999999999999,6.209090909090909,6.258333333333333,6.261538461538461,6.257142857142857,6.346666666666666,6.449999999999999,6.547058823529411,6.705555555555555,6.9263157894736835,7.110000000000001,7.180952380952381,7.21818181818182,7.200000000000001,7.104166666666667,7.044,6.9923076923076914,6.937037037037037,6.828571428571428,6.679310344827587,6.536666666666667,6.422580645161292,6.340625,6.284848484848486,6.226470588235294,6.177142857142858,6.166666666666667,6.164864864864866,6.144736842105264,6.143589743589745,6.1025,6.070731707317074,6.05,6.034883720930233,6.029545454545455,6.028888888888889,6.02608695652174,6.006382978723405,5.952083333333333,5.895918367346939,5.862,5.829411764705883,5.782692307692307,5.728301886792453,5.687037037037038,5.6490909090909085,5.605357142857143,5.56842105263158,5.544827586206897,5.532203389830509,5.533333333333333,5.565573770491804,5.612903225806453,5.673015873015873,5.7390625,5.812307692307692,5.875757575757576,5.932835820895523,5.977941176470588,6.017391304347826,6.050000000000001,6.070422535211269,6.066666666666666,6.03013698630137,5.975675675675676,5.921333333333334,5.875,5.841558441558441,5.815384615384616,5.80126582278481,5.7924999999999995,5.786419753086419,5.787804878048781,5.812048192771084,5.847619047619047,5.896470588235295,5.9697674418604665,6.040229885057471,6.109090909090909,6.180898876404495,6.246666666666667,6.32087912087912,6.403260869565218,6.495698924731181,6.5829787234042545,6.654736842105261,6.719791666666666,6.765979381443299,6.787755102040816,6.789898989898989,6.787999999999999,6.7831683168316825,6.7794117647058805,6.77766990291262,6.783653846153846,6.788571428571428,6.8,6.822429906542055,6.852777777777777,6.888990825688072,6.93090909090909,6.96216216216216,6.999107142857142,7.030973451327434,7.058771929824561,7.096521739130435,7.1387931034482754,7.172649572649572,7.2050847457627105,7.232773109243696,7.2491666666666665,7.260330578512397,7.264754098360656,7.270731707317074,7.281451612903225,7.296799999999999,7.315873015873015,7.33543307086614,7.3484375,53.833333333333336,646.0,0.0,0.0,0.0,0.0,0.0,0.0,0.0,0.0,0.0,0.0,0.0,0.0,0.0,0.0,0.0,43.0,142.0,285.0,456.0,638.0,810.0,954.0,1055.0,1103.0,1103.0,1103.0,1103.0,1103.0,1103.0,1103.0,1103.0,1103.0,1103.0,1103.0,1103.0,1103.0,1103.0,1103.0,1103.0,1110.0,1110.0,1110.0,1110.0,1110.0,1110.0,1110.0,1110.0,1110.0,1110.0,1110.0,1110.0,1110.0,1110.0,1110.0,1110.0,1110.0,1110.0,1110.0,1110.0,1110.0,1110.0,1110.0,1110.0,1150.0,1236.0,1358.0,1504.0,1658.0,1802.0,1919.0,1996.0,2028.0,2028.0,2028.0,2028.0,2028.0,2028.0,2028.0,2028.0,2028.0,2028.0,2028.0,2028.0,2028.0,2028.0,2028.0,2028.0,2054.0,2095.0,2152.0,2220.0,2289.0,2346.0,2379.0,2386.0,2387.0,2387.0,2387.0,2387.0,2387.0,2387.0,2387.0,2387.0,2387.0,2387.0,2387.0,2387.0,2387.0,2387.0,2387.0,2387.0,2423.0,2507.0,2630.0,2778.0,2933.0,3077.0,3193.0,3270.0,3303.0,3303.0,3303.0,3303.0,3303.0,3303.0,3303.0,3303.0,3303.0,35,February 4,Macon
0.004018998534631023,1.5536064444830782,1.2418761439363348,1.7143445757596574,1.7143445757596574,0.7700693948995745,1.361379373139509,4.589535767128064,4.589535767128064,0.737083795652392,1.457704909747986,2.487865253765865,2.487865253765865,0.6916343216874254,1.0517655474240084,3.2687683458818926,3.2687683458818926,0.5999872043653678,0.5108375258270416,7.658333333333331,-0.6358613720462135,0.6358613720462135,79.98911860718174,12.8,12.5,12.133333333333335,11.7,11.4,11.233333333333333,11.171428571428573,11.0875,10.933333333333334,10.89,10.754545454545456,10.583333333333334,10.407692307692312,10.328571428571431,10.286666666666667,10.243750000000002,10.21764705882353,10.222222222222221,10.257894736842106,10.270000000000001,10.195238095238096,10.100000000000001,9.960869565217392,9.779166666666667,9.608,9.453846153846154,9.318518518518518,9.160714285714286,9.027586206896553,8.919999999999998,8.838709677419356,8.778125,8.736363636363636,8.702941176470588,8.657142857142857,8.605555555555554,8.543243243243243,8.481578947368419,8.458974358974357,8.4475,8.439024390243903,8.461904761904762,8.51860465116279,8.56590909090909,8.566666666666665,8.554347826086955,8.517021276595743,8.441666666666668,8.383673469387755,8.33,8.27450980392157,8.190384615384614,8.083018867924526,7.977777777777776,7.887272727272727,7.814285714285715,7.756140350877193,7.69655172413793,7.642372881355932,7.6116666666666655,7.586885245901637,7.551612903225806,7.528571428571428,7.48125,7.440000000000001,7.406060606060606,7.376119402985075,7.352941176470587,7.333333333333332,7.312857142857141,7.281690140845069,7.227777777777778,7.1726027397260275,7.132432432432432,7.093333333333334,7.044736842105263,6.99090909090909,6.9461538461538455,6.90379746835443,6.857499999999999,6.816049382716049,6.784146341463414,6.760240963855422,6.746428571428572,6.755294117647059,6.775581395348836,6.80574712643678,6.840909090909091,6.882022471910112,6.916666666666667,6.9472527472527466,6.969565217391305,6.988172043010754,7.002127659574468,7.007368421052631,6.994791666666667,6.957731958762885,6.907142857142858,6.856565656565658,6.812,6.7772277227722775,6.748039215686274,6.7281553398058245,6.7125,6.699047619047618,6.691509433962263,6.701869158878505,6.721296296296296,6.751376146788991,6.800909090909091,6.848648648648648,6.895535714285714,6.945132743362832,6.990350877192983,7.042608695652174,7.1017241379310345,7.169230769230769,7.233050847457626,7.284873949579832,7.331666666666666,7.363636363636363,7.3762295081967215,7.373170731707317,7.366935483870968,7.3584,7.35079365079365,7.344881889763778,7.3453125,88.83333333333333,1066.0,0.0,0.0,0.0,0.0,0.0,0.0,0.0,0.0,0.0,0.0,0.0,0.0,0.0,0.0,0.0,32.0,97.0,190.0,301.0,415.0,515.0,589.0,631.0,646.0,646.0,646.0,646.0,646.0,646.0,646.0,646.0,646.0,646.0,646.0,646.0,646.0,646.0,646.0,646.0,689.0,788.0,931.0,1102.0,1284.0,1456.0,1600.0,1701.0,1749.0,1749.0,1749.0,1749.0,1749.0,1749.0,1749.0,1749.0,1749.0,1749.0,1749.0,1749.0,1749.0,1749.0,1749.0,1749.0,1756.0,1756.0,1756.0,1756.0,1756.0,1756.0,1756.0,1756.0,1756.0,1756.0,1756.0,1756.0,1756.0,1756.0,1756.0,1756.0,1756.0,1756.0,1756.0,1756.0,1756.0,1756.0,1756.0,1756.0,1796.0,1882.0,2004.0,2150.0,2304.0,2448.0,2565.0,2642.0,2674.0,2674.0,2674.0,2674.0,2674.0,2674.0,2674.0,2674.0,2674.0,2674.0,2674.0,2674.0,2674.0,2674.0,2674.0,2674.0,2700.0,2741.0,2798.0,2866.0,2935.0,2992.0,3025.0,3032.0,3033.0,3033.0,3033.0,3033.0,3033.0,3033.0,3033.0,3033.0,3033.0,36,February 5,Macon
0.004018998534631023,1.5536064444830782,1.2418761439363348,1.7143445757596574,1.7143445757596574,0.7700693948995745,1.361379373139509,4.589535767128064,4.589535767128064,0.737083795652392,1.457704909747986,2.487865253765865,2.487865253765865,0.6916343216874254,1.0517655474240084,3.2687683458818926,3.2687683458818926,0.5999872043653678,0.5108375258270416,9.783333333333333,-0.38225280676674417,0.38225280676674417,135.6984667802385,11.3,10.75,10.433333333333334,10.275,10.34,10.399999999999999,10.542857142857143,10.75,10.999999999999998,11.309999999999999,11.536363636363635,11.700000000000001,11.799999999999999,11.842857142857143,11.866666666666669,11.80625,11.8,11.827777777777778,11.863157894736844,11.930000000000001,11.966666666666667,11.995454545454544,12.004347826086958,12.020833333333334,12.052,12.057692307692308,12.033333333333335,11.975000000000003,11.913793103448278,11.863333333333335,11.829032258064515,11.7875,11.724242424242423,11.688235294117646,11.622857142857143,11.541666666666666,11.454054054054055,11.397368421052633,11.353846153846154,11.309999999999999,11.273170731707317,11.25,11.24186046511628,11.225000000000001,11.168888888888889,11.10217391304348,11.012765957446806,10.899999999999999,10.789795918367346,10.686,10.59019607843137,10.480769230769228,10.383018867924527,10.298148148148146,10.227272727272725,10.167857142857143,10.119298245614035,10.075862068965517,10.025423728813559,9.971666666666664,9.911475409836065,9.851612903225806,9.815873015873015,9.787500000000001,9.761538461538462,9.756060606060608,9.773134328358209,9.785294117647057,9.768115942028984,9.742857142857142,9.701408450704225,9.634722222222223,9.57945205479452,9.527027027027026,9.473333333333333,9.4,9.31038961038961,9.221794871794872,9.143037974683544,9.07625,9.019753086419753,8.962195121951218,8.90843373493976,8.87142857142857,8.838823529411764,8.798837209302325,8.767816091954023,8.719318181818181,8.675280898876403,8.636666666666667,8.6010989010989,8.570652173913043,8.54301075268817,8.514893617021276,8.478947368421053,8.426041666666668,8.372164948453607,8.329591836734693,8.287878787878787,8.238999999999999,8.186138613861386,8.140196078431373,8.096116504854368,8.049038461538462,8.005714285714285,7.969811320754717,7.940186915887851,7.918518518518518,7.914678899082568,7.919999999999999,7.933333333333334,7.950892857142857,7.9734513274336285,7.991228070175438,8.00608695652174,8.014655172413793,8.02051282051282,8.022881355932205,8.018487394957983,8.0,7.961983471074381,7.913114754098362,7.864227642276423,7.82016129032258,7.784,7.752380952380952,7.728346456692913,7.7078125,60.25,723.0,0.0,0.0,0.0,0.0,0.0,0.0,0.0,0.0,0.0,0.0,0.0,0.0,0.0,0.0,0.0,46.0,144.0,284.0,451.0,627.0,793.0,929.0,1022.0,1066.0,1066.0,1066.0,1066.0,1066.0,1066.0,1066.0,1066.0,1066.0,1066.0,1066.0,1066.0,1066.0,1066.0,1066.0,1066.0,1098.0,1163.0,1256.0,1367.0,1481.0,1581.0,1655.0,1697.0,1712.0,1712.0,1712.0,1712.0,1712.0,1712.0,1712.0,1712.0,1712.0,1712.0,1712.0,1712.0,1712.0,1712.0,1712.0,1712.0,1755.0,1854.0,1997.0,2168.0,2350.0,2522.0,2666.0,2767.0,2815.0,2815.0,2815.0,2815.0,2815.0,2815.0,2815.0,2815.0,2815.0,2815.0,2815.0,2815.0,2815.0,2815.0,2815.0,2815.0,2822.0,2822.0,2822.0,2822.0,2822.0,2822.0,2822.0,2822.0,2822.0,2822.0,2822.0,2822.0,2822.0,2822.0,2822.0,2822.0,2822.0,2822.0,2822.0,2822.0,2822.0,2822.0,2822.0,2822.0,2862.0,2948.0,3070.0,3216.0,3370.0,3514.0,3631.0,3708.0,3740.0,3740.0,3740.0,3740.0,3740.0,3740.0,3740.0,3740.0,3740.0,37,February 6,Macon
0.004018998534631023,1.5536064444830782,1.2418761439363348,1.7143445757596574,1.7143445757596574,0.7700693948995745,1.361379373139509,4.589535767128064,4.589535767128064,0.737083795652392,1.457704909747986,2.487865253765865,2.487865253765865,0.6916343216874254,1.0517655474240084,3.2687683458818926,3.2687683458818926,0.5999872043653678,0.5108375258270416,11.133333333333333,-0.0006292422741765617,0.0006292422741765617,219.5284431137725,6.9,6.6,6.133333333333333,5.6,5.0200000000000005,4.6499999999999995,4.428571428571429,4.35,4.3,4.38,4.572727272727272,4.916666666666667,5.223076923076923,5.564285714285715,5.88,6.13125,6.311764705882354,6.483333333333333,6.715789473684211,6.905000000000001,7.071428571428573,7.227272727272728,7.404347826086956,7.566666666666666,7.716,7.811538461538462,7.885185185185185,7.953571428571429,8.044827586206896,8.133333333333335,8.238709677419354,8.362499999999999,8.503030303030302,8.66764705882353,8.814285714285713,8.944444444444443,9.054054054054053,9.142105263157895,9.220512820512822,9.2625,9.321951219512194,9.392857142857142,9.465116279069768,9.549999999999999,9.619999999999997,9.684782608695652,9.738297872340425,9.793750000000001,9.855102040816327,9.902,9.931372549019606,9.940384615384614,9.945283018867922,9.953703703703704,9.969090909090909,9.978571428571428,9.973684210526315,9.982758620689655,9.972881355932204,9.951666666666666,9.924590163934425,9.91451612903226,9.911111111111113,9.90625,9.904615384615386,9.91060606060606,9.925373134328359,9.933823529411764,9.915942028985508,9.89,9.847887323943663,9.788888888888888,9.730136986301371,9.674324324324324,9.622666666666666,9.560526315789472,9.505194805194805,9.457692307692307,9.418987341772151,9.3875,9.362962962962962,9.341463414634145,9.3144578313253,9.28452380952381,9.249411764705881,9.213953488372093,9.195402298850574,9.181818181818182,9.169662921348316,9.172222222222222,9.19120879120879,9.206521739130435,9.200000000000001,9.187234042553191,9.162105263157896,9.117708333333335,9.081443298969072,9.046938775510204,9.011111111111111,8.96,8.896039603960396,8.83235294117647,8.775728155339806,8.727884615384616,8.687619047619046,8.646226415094338,8.607476635514018,8.581481481481482,8.558715596330275,8.530000000000001,8.508108108108107,8.47232142857143,8.439823008849556,8.41140350877193,8.385217391304348,8.36293103448276,8.342735042735043,8.322033898305087,8.294957983193278,8.254166666666666,8.212396694214876,8.179508196721311,8.147154471544715,8.108870967741936,8.0672,8.030952380952382,7.996062992125984,7.9585937499999995,5.916666666666667,71.0,0.0,0.0,0.0,0.0,0.0,0.0,0.0,0.0,0.0,0.0,0.0,0.0,0.0,0.0,0.0,38.0,110.0,210.0,329.0,453.0,566.0,653.0,704.0,723.0,723.0,723.0,723.0,723.0,723.0,723.0,723.0,723.0,723.0,723.0,723.0,723.0,723.0,723.0,723.0,769.0,867.0,1007.0,1174.0,1350.0,1516.0,1652.0,1745.0,1789.0,1789.0,1789.0,1789.0,1789.0,1789.0,1789.0,1789.0,1789.0,1789.0,1789.0,1789.0,1789.0,1789.0,1789.0,1789.0,1821.0,1886.0,1979.0,2090.0,2204.0,2304.0,2378.0,2420.0,2435.0,2435.0,2435.0,2435.0,2435.0,2435.0,2435.0,2435.0,2435.0,2435.0,2435.0,2435.0,2435.0,2435.0,2435.0,2435.0,2478.0,2577.0,2720.0,2891.0,3073.0,3245.0,3389.0,3490.0,3538.0,3538.0,3538.0,3538.0,3538.0,3538.0,3538.0,3538.0,3538.0,3538.0,3538.0,3538.0,3538.0,3538.0,3538.0,3538.0,3545.0,3545.0,3545.0,3545.0,3545.0,3545.0,3545.0,3545.0,3545.0,3545.0,3545.0,3545.0,3545.0,3545.0,3545.0,3545.0,3545.0,38,February 7,Macon
0.004018998534631023,1.5536064444830782,1.2418761439363348,1.7143445757596574,1.7143445757596574,0.7700693948995745,1.361379373139509,4.589535767128064,4.589535767128064,0.737083795652392,1.457704909747986,2.487865253765865,2.487865253765865,0.6916343216874254,1.0517655474240084,3.2687683458818926,3.2687683458818926,0.5999872043653678,0.5108375258270416,15.783333333333333,-0.032036316264282876,0.032036316264282876,212.6293558606125,4.1,3.25,2.733333333333333,2.125,1.58,1.3166666666666667,1.2571428571428573,1.2625,1.3111111111111111,1.54,1.8363636363636366,2.108333333333334,2.3461538461538463,2.621428571428571,2.9466666666666663,3.2750000000000004,3.594117647058824,3.9000000000000004,4.173684210526315,4.525,4.838095238095238,5.118181818181818,5.360869565217392,5.4875,5.544,5.573076923076922,5.559259259259259,5.503571428571428,5.406896551724138,5.319999999999999,5.248387096774194,5.203124999999999,5.163636363636364,5.161764705882353,5.199999999999999,5.297222222222222,5.394594594594595,5.515789473684211,5.638461538461539,5.745,5.829268292682927,5.914285714285714,6.030232558139535,6.131818181818182,6.226666666666667,6.319565217391304,6.425531914893617,6.5270833333333345,6.624489795918368,6.696000000000001,6.75686274509804,6.815384615384616,6.886792452830188,6.957407407407408,7.038181818181819,7.130357142857142,7.233333333333333,7.3517241379310345,7.461016949152542,7.5616666666666665,7.650819672131147,7.727419354838709,7.798412698412697,7.846875000000001,7.906153846153845,7.9727272727272736,8.040298507462687,8.116176470588236,8.182608695652172,8.245714285714286,8.301408450704225,8.358333333333333,8.419178082191781,8.47027027027027,8.509333333333334,8.534210526315789,8.555844155844156,8.57948717948718,8.607594936708859,8.63125,8.644444444444444,8.667073170731708,8.675903614457832,8.676190476190476,8.671764705882353,8.67906976744186,8.690804597701149,8.701136363636364,8.713483146067418,8.731111111111112,8.754945054945056,8.773913043478261,8.773118279569893,8.76595744680851,8.746315789473684,8.713541666666666,8.680412371134022,8.648979591836735,8.62020202020202,8.583,8.550495049504951,8.523529411764706,8.502912621359222,8.4875,8.477142857142857,8.468867924528302,8.45607476635514,8.440740740740742,8.421100917431193,8.40090909090909,8.393693693693693,8.390178571428573,8.387610619469028,8.396491228070175,8.418260869565218,8.437068965517241,8.438461538461539,8.434745762711865,8.421008403361343,8.391666666666667,8.368595041322314,8.34672131147541,8.32357723577236,8.287903225806453,8.241599999999998,8.195238095238096,8.15433070866142,8.1203125,13.916666666666666,167.0,0.0,0.0,0.0,0.0,0.0,0.0,0.0,0.0,0.0,0.0,0.0,0.0,0.0,0.0,0.0,14.0,28.0,45.0,61.0,71.0,71.0,71.0,71.0,71.0,71.0,71.0,71.0,71.0,71.0,71.0,71.0,71.0,71.0,71.0,71.0,71.0,71.0,71.0,71.0,109.0,181.0,281.0,400.0,524.0,637.0,724.0,775.0,794.0,794.0,794.0,794.0,794.0,794.0,794.0,794.0,794.0,794.0,794.0,794.0,794.0,794.0,794.0,794.0,840.0,938.0,1078.0,1245.0,1421.0,1587.0,1723.0,1816.0,1860.0,1860.0,1860.0,1860.0,1860.0,1860.0,1860.0,1860.0,1860.0,1860.0,1860.0,1860.0,1860.0,1860.0,1860.0,1860.0,1892.0,1957.0,2050.0,2161.0,2275.0,2375.0,2449.0,2491.0,2506.0,2506.0,2506.0,2506.0,2506.0,2506.0,2506.0,2506.0,2506.0,2506.0,2506.0,2506.0,2506.0,2506.0,2506.0,2506.0,2549.0,2648.0,2791.0,2962.0,3144.0,3316.0,3460.0,3561.0,3609.0,3609.0,3609.0,3609.0,3609.0,3609.0,3609.0,3609.0,3609.0,39,February 8,Macon
0.004018998534631023,1.5536064444830782,1.2418761439363348,1.7143445757596574,1.7143445757596574,0.7700693948995745,1.361379373139509,4.589535767128064,4.589535767128064,0.737083795652392,1.457704909747986,2.487865253765865,2.487865253765865,0.6916343216874254,1.0517655474240084,3.2687683458818926,3.2687683458818926,0.5999872043653678,0.5108375258270416,17.791666666666668,-0.06978496266787015,0.06978496266787015,204.33723653395782,-0.5999999999999999,-0.5999999999999999,-0.5999999999999999,-0.8999999999999999,-1.0999999999999999,-1.4166666666666667,-1.4714285714285713,-1.4,-1.1333333333333335,-0.77,-0.4363636363636363,-0.10833333333333332,0.18461538461538485,0.45000000000000007,0.6466666666666666,0.8500000000000001,1.0411764705882351,1.2222222222222223,1.3842105263157893,1.58,1.7523809523809526,1.8863636363636365,1.9826086956521742,2.0541666666666667,2.136,2.146153846153846,2.1296296296296293,2.064285714285714,1.9724137931034484,1.9066666666666663,1.874193548387097,1.85625,1.8515151515151513,1.9029411764705888,1.9857142857142862,2.0722222222222224,2.156756756756757,2.2631578947368425,2.3974358974358982,2.5425,2.6926829268292685,2.845238095238096,2.9906976744186053,3.177272727272727,3.3533333333333326,3.5195652173913046,3.6723404255319143,3.7708333333333335,3.83469387755102,3.884,3.9098039215686278,3.911538461538462,3.8886792452830186,3.8685185185185182,3.8545454545454545,3.8535714285714286,3.8543859649122805,3.8758620689655174,3.9203389830508475,3.9999999999999996,4.080327868852459,4.175806451612902,4.273015873015872,4.3609375,4.435384615384614,4.510606060606061,4.605970149253731,4.692647058823529,4.775362318840579,4.857142857142857,4.947887323943661,5.036111111111111,5.121917808219178,5.190540540540541,5.252,5.311842105263158,5.38051948051948,5.448717948717949,5.5240506329113925,5.6075,5.6987654320987655,5.8012195121951216,5.897590361445783,5.988095238095238,6.070588235294117,6.144186046511629,6.213793103448277,6.267045454545454,6.32808988764045,6.394444444444445,6.461538461538462,6.534782608695651,6.601075268817204,6.664893617021277,6.723157894736842,6.782291666666666,6.844329896907216,6.898979591836734,6.944444444444443,6.979,7.010891089108911,7.044117647058823,7.080582524271845,7.113461538461538,7.1380952380952385,7.169811320754717,7.190654205607476,7.20462962962963,7.2146788990825685,7.233636363636364,7.255855855855857,7.276785714285714,7.299115044247788,7.325438596491227,7.356521739130435,7.383620689655172,7.394871794871795,7.400847457627118,7.396638655462185,7.381666666666666,7.366115702479339,7.351639344262294,7.339024390243902,7.319354838709677,7.3031999999999995,7.291269841269841,7.284251968503938,7.28125,36.416666666666664,437.0,0.0,0.0,0.0,0.0,0.0,0.0,0.0,0.0,0.0,0.0,0.0,0.0,0.0,0.0,0.0,15.0,41.0,77.0,115.0,148.0,167.0,167.0,167.0,167.0,167.0,167.0,167.0,167.0,167.0,167.0,167.0,167.0,167.0,167.0,167.0,167.0,167.0,167.0,167.0,181.0,195.0,212.0,228.0,238.0,238.0,238.0,238.0,238.0,238.0,238.0,238.0,238.0,238.0,238.0,238.0,238.0,238.0,238.0,238.0,238.0,238.0,238.0,238.0,276.0,348.0,448.0,567.0,691.0,804.0,891.0,942.0,961.0,961.0,961.0,961.0,961.0,961.0,961.0,961.0,961.0,961.0,961.0,961.0,961.0,961.0,961.0,961.0,1007.0,1105.0,1245.0,1412.0,1588.0,1754.0,1890.0,1983.0,2027.0,2027.0,2027.0,2027.0,2027.0,2027.0,2027.0,2027.0,2027.0,2027.0,2027.0,2027.0,2027.0,2027.0,2027.0,2027.0,2059.0,2124.0,2217.0,2328.0,2442.0,2542.0,2616.0,2658.0,2673.0,2673.0,2673.0,2673.0,2673.0,2673.0,2673.0,2673.0,2673.0,40,February 9,Macon
0.004018998534631023,1.5536064444830782,1.2418761439363348,1.7143445757596574,1.7143445757596574,0.7700693948995745,1.361379373139509,4.589535767128064,4.589535767128064,0.737083795652392,1.457704909747986,2.487865253765865,2.487865253765865,0.6916343216874254,1.0517655474240084,3.2687683458818926,3.2687683458818926,0.5999872043653678,0.5108375258270416,18.5,-0.03233810441701172,0.03233810441701172,212.56306306306305,-2.3,-2.5,-2.8000000000000003,-2.9750000000000005,-2.94,-2.7833333333333337,-2.6142857142857143,-2.3625,-1.9000000000000001,-1.5100000000000002,-1.1636363636363638,-0.8166666666666668,-0.553846153846154,-0.32142857142857134,-0.11333333333333316,0.09375,0.26470588235294124,0.41666666666666674,0.5473684210526315,0.65,0.7095238095238094,0.7363636363636364,0.7478260869565215,0.6958333333333333,0.6439999999999999,0.5961538461538461,0.5518518518518518,0.4678571428571429,0.38620689655172397,0.2733333333333333,0.20645161290322578,0.17187500000000003,0.196969696969697,0.2647058823529412,0.34000000000000014,0.4277777777777779,0.5162162162162163,0.6052631578947371,0.6769230769230771,0.7575000000000001,0.8390243902439026,0.9214285714285715,1.0000000000000002,1.0977272727272729,1.188888888888889,1.265217391304348,1.3255319148936173,1.375,1.4306122448979595,1.45,1.4549019607843134,1.4326923076923077,1.3943396226415095,1.3685185185185185,1.3599999999999999,1.3589285714285713,1.3649122807017544,1.403448275862069,1.4610169491525422,1.5216666666666663,1.581967213114754,1.6564516129032258,1.7492063492063492,1.85,1.9553846153846155,2.0636363636363635,2.1686567164179102,2.3014705882352935,2.428985507246377,2.551428571428571,2.666197183098591,2.745833333333333,2.8027397260273967,2.8499999999999996,2.881333333333333,2.8960526315789474,2.893506493506493,2.892307692307692,2.8949367088607594,2.9062499999999996,2.918518518518518,2.945121951219512,2.9879518072289155,3.0559523809523808,3.1247058823529406,3.204651162790697,3.286206896551724,3.3613636363636363,3.4269662921348307,3.493333333333333,3.574725274725275,3.650000000000001,3.7225806451612904,3.7946808510638297,3.873684210526316,3.951041666666667,4.02680412371134,4.089795918367347,4.147474747474748,4.204000000000001,4.267326732673268,4.330392156862746,4.399029126213592,4.474038461538462,4.555238095238096,4.645283018867924,4.730841121495327,4.812037037037038,4.887155963302753,4.955454545454546,5.020720720720721,5.073214285714286,5.131858407079647,5.1947368421052635,5.258260869565218,5.326724137931034,5.38974358974359,5.45084745762712,5.507563025210085,5.5649999999999995,5.624793388429752,5.6786885245901635,5.725203252032521,5.762903225806451,5.798400000000001,5.834920634920636,5.874015748031497,5.91015625,28.0,336.0,0.0,0.0,0.0,0.0,0.0,0.0,0.0,0.0,0.0,0.0,0.0,0.0,0.0,0.0,0.0,26.0,74.0,144.0,227.0,310.0,378.0,420.0,436.0,437.0,437.0,437.0,437.0,437.0,437.0,437.0,437.0,437.0,437.0,437.0,437.0,437.0,437.0,437.0,437.0,452.0,478.0,514.0,552.0,585.0,604.0,604.0,604.0,604.0,604.0,604.0,604.0,604.0,604.0,604.0,604.0,604.0,604.0,604.0,604.0,604.0,604.0,604.0,604.0,618.0,632.0,649.0,665.0,675.0,675.0,675.0,675.0,675.0,675.0,675.0,675.0,675.0,675.0,675.0,675.0,675.0,675.0,675.0,675.0,675.0,675.0,675.0,675.0,713.0,785.0,885.0,1004.0,1128.0,1241.0,1328.0,1379.0,1398.0,1398.0,1398.0,1398.0,1398.0,1398.0,1398.0,1398.0,1398.0,1398.0,1398.0,1398.0,1398.0,1398.0,1398.0,1398.0,1444.0,1542.0,1682.0,1849.0,2025.0,2191.0,2327.0,2420.0,2464.0,2464.0,2464.0,2464.0,2464.0,2464.0,2464.0,2464.0,2464.0,41,February 10,Macon
0.004018998534631023,1.5536064444830782,1.2418761439363348,1.7143445757596574,1.7143445757596574,0.7700693948995745,1.361379373139509,4.589535767128064,4.589535767128064,0.737083795652392,1.457704909747986,2.487865253765865,2.487865253765865,0.6916343216874254,1.0517655474240084,3.2687683458818926,3.2687683458818926,0.5999872043653678,0.5108375258270416,12.716666666666667,-0.19230057854050286,0.19230057854050286,177.42463958060284,3.7,2.7,2.1666666666666665,2.0250000000000004,2.0200000000000005,2.183333333333333,2.185714285714286,2.2,2.3,2.3299999999999996,2.3454545454545457,2.466666666666667,2.5923076923076924,2.692857142857143,2.746666666666667,2.75625,2.7705882352941176,2.7888888888888896,2.7526315789473688,2.6950000000000003,2.6000000000000005,2.395454545454546,2.1913043478260876,1.9833333333333334,1.8120000000000003,1.6384615384615389,1.4518518518518522,1.2750000000000004,1.1344827586206898,1.03,0.9451612903225807,0.8968750000000001,0.9242424242424242,0.9558823529411765,0.9942857142857144,1.0500000000000003,1.091891891891892,1.1342105263157898,1.1769230769230772,1.2275,1.2707317073170732,1.3119047619047621,1.3488372093023258,1.3772727272727274,1.388888888888889,1.3869565217391306,1.3787234042553194,1.3395833333333336,1.3,1.2620000000000002,1.2254901960784315,1.1673076923076926,1.1094339622641511,1.0333333333333334,0.981818181818182,0.9482142857142858,0.9491228070175439,0.9758620689655173,1.0084745762711866,1.05,1.0934426229508196,1.1387096774193548,1.1746031746031746,1.2171875,1.2615384615384615,1.3075757575757578,1.3522388059701491,1.4102941176470587,1.4652173913043478,1.5114285714285711,1.547887323943662,1.5777777777777777,1.6123287671232878,1.622972972972973,1.624,1.6065789473684209,1.577922077922078,1.5576923076923077,1.549367088607595,1.5462500000000001,1.5481481481481483,1.5731707317073174,1.6120481927710841,1.6535714285714282,1.6952941176470584,1.747674418604651,1.8137931034482753,1.8863636363636365,1.9629213483146066,2.042222222222222,2.1197802197802194,2.218478260869565,2.313978494623655,2.406382978723404,2.493684210526315,2.5552083333333333,2.5999999999999996,2.6377551020408156,2.6636363636363636,2.6770000000000005,2.677227722772277,2.6784313725490194,2.6825242718446605,2.6932692307692303,2.704761904761904,2.727358490566037,2.7626168224299064,2.817592592592592,2.8733944954128443,2.9381818181818184,3.004504504504505,3.066071428571429,3.120353982300885,3.175438596491228,3.242608695652174,3.3051724137931036,3.3658119658119663,3.4262711864406787,3.492436974789916,3.5574999999999997,3.621487603305785,3.6754098360655743,3.7252032520325207,3.7741935483870974,3.8288000000000006,3.8833333333333337,3.942519685039371,4.007031250000001,61.666666666666664,740.0,0.0,0.0,0.0,0.0,0.0,0.0,0.0,0.0,0.0,0.0,0.0,0.0,0.0,0.0,0.0,23.0,60.0,116.0,185.0,254.0,308.0,335.0,336.0,336.0,336.0,336.0,336.0,336.0,336.0,336.0,336.0,336.0,336.0,336.0,336.0,336.0,336.0,336.0,336.0,362.0,410.0,480.0,563.0,646.0,714.0,756.0,772.0,773.0,773.0,773.0,773.0,773.0,773.0,773.0,773.0,773.0,773.0,773.0,773.0,773.0,773.0,773.0,773.0,788.0,814.0,850.0,888.0,921.0,940.0,940.0,940.0,940.0,940.0,940.0,940.0,940.0,940.0,940.0,940.0,940.0,940.0,940.0,940.0,940.0,940.0,940.0,940.0,954.0,968.0,985.0,1001.0,1011.0,1011.0,1011.0,1011.0,1011.0,1011.0,1011.0,1011.0,1011.0,1011.0,1011.0,1011.0,1011.0,1011.0,1011.0,1011.0,1011.0,1011.0,1011.0,1011.0,1049.0,1121.0,1221.0,1340.0,1464.0,1577.0,1664.0,1715.0,1734.0,1734.0,1734.0,1734.0,1734.0,1734.0,1734.0,1734.0,1734.0,42,February 11,Macon
0.004018998534631023,1.5536064444830782,1.2418761439363348,1.7143445757596574,1.7143445757596574,0.7700693948995745,1.361379373139509,4.589535767128064,4.589535767128064,0.737083795652392,1.457704909747986,2.487865253765865,2.487865253765865,0.6916343216874254,1.0517655474240084,3.2687683458818926,3.2687683458818926,0.5999872043653678,0.5108375258270416,10.183333333333332,-0.07056766563433631,0.07056766563433631,204.1653027823241,7.7,7.4,7.433333333333334,7.8999999999999995,7.9,8.166666666666668,8.357142857142858,8.4,8.28888888888889,8.120000000000001,7.927272727272728,7.808333333333334,7.676923076923075,7.592857142857143,7.526666666666667,7.49375,7.523529411764706,7.616666666666666,7.736842105263157,7.82,7.785714285714286,7.695454545454546,7.617391304347826,7.545833333333333,7.3919999999999995,7.173076923076922,6.948148148148148,6.757142857142857,6.593103448275862,6.473333333333333,6.335483870967742,6.209375,6.115151515151514,6.011764705882352,5.911428571428571,5.852777777777778,5.805405405405405,5.757894736842106,5.699999999999999,5.63,5.565853658536585,5.507142857142857,5.427906976744186,5.340909090909091,5.237777777777778,5.0826086956521745,4.925531914893617,4.764583333333333,4.620408163265306,4.473999999999999,4.319607843137255,4.169230769230769,4.037735849056604,3.925925925925926,3.825454545454545,3.7464285714285714,3.712280701754386,3.682758620689655,3.6593220338983046,3.6483333333333334,3.6311475409836067,3.616129032258064,3.6031746031746033,3.596875,3.5876923076923077,3.5787878787878786,3.56865671641791,3.554411764705882,3.5304347826086957,3.4985714285714287,3.4633802816901404,3.408333333333333,3.353424657534246,3.2999999999999994,3.2479999999999998,3.1815789473684206,3.1155844155844155,3.037179487179487,2.9759493670886075,2.9274999999999998,2.9037037037037035,2.8987804878048777,2.8987951807228916,2.905952380952381,2.915294117647059,2.9267441860465113,2.9321839080459773,2.9431818181818183,2.956179775280899,2.9711111111111115,2.9857142857142858,3.010869565217392,3.0344086021505374,3.052127659574468,3.0631578947368423,3.0697916666666667,3.0804123711340208,3.073469387755102,3.0595959595959594,3.032,2.9960396039603965,2.966666666666667,2.9466019417475726,2.930769230769231,2.919047619047619,2.9254716981132076,2.942990654205608,2.9629629629629637,2.9834862385321106,3.0127272727272727,3.0531531531531533,3.099107142857143,3.1486725663716815,3.2008771929824564,3.2521739130434786,3.3206896551724143,3.387179487179487,3.451694915254237,3.5126050420168067,3.5533333333333332,3.5809917355371903,3.60327868852459,3.616260162601626,3.619354838709678,3.612,3.6055555555555556,3.601574803149606,3.603125,30.75,369.0,0.0,0.0,0.0,0.0,0.0,0.0,0.0,0.0,0.0,0.0,0.0,0.0,0.0,0.0,0.0,40.0,113.0,215.0,337.0,464.0,580.0,668.0,720.0,740.0,740.0,740.0,740.0,740.0,740.0,740.0,740.0,740.0,740.0,740.0,740.0,740.0,740.0,740.0,740.0,763.0,800.0,856.0,925.0,994.0,1048.0,1075.0,1076.0,1076.0,1076.0,1076.0,1076.0,1076.0,1076.0,1076.0,1076.0,1076.0,1076.0,1076.0,1076.0,1076.0,1076.0,1076.0,1076.0,1102.0,1150.0,1220.0,1303.0,1386.0,1454.0,1496.0,1512.0,1513.0,1513.0,1513.0,1513.0,1513.0,1513.0,1513.0,1513.0,1513.0,1513.0,1513.0,1513.0,1513.0,1513.0,1513.0,1513.0,1528.0,1554.0,1590.0,1628.0,1661.0,1680.0,1680.0,1680.0,1680.0,1680.0,1680.0,1680.0,1680.0,1680.0,1680.0,1680.0,1680.0,1680.0,1680.0,1680.0,1680.0,1680.0,1680.0,1680.0,1694.0,1708.0,1725.0,1741.0,1751.0,1751.0,1751.0,1751.0,1751.0,1751.0,1751.0,1751.0,1751.0,1751.0,1751.0,1751.0,1751.0,43,February 12,Macon
0.004018998534631023,1.5536064444830782,1.2418761439363348,1.7143445757596574,1.7143445757596574,0.7700693948995745,1.361379373139509,4.589535767128064,4.589535767128064,0.737083795652392,1.457704909747986,2.487865253765865,2.487865253765865,0.6916343216874254,1.0517655474240084,3.2687683458818926,3.2687683458818926,0.5999872043653678,0.5108375258270416,14.333333333333332,-0.12552493206761434,0.12552493206761434,192.09302325581402,3.6,3.7,3.6999999999999997,3.975,4.1,4.283333333333334,4.5,4.7625,5.066666666666666,5.430000000000001,5.836363636363637,6.216666666666666,6.569230769230769,6.885714285714285,7.126666666666666,7.31875,7.499999999999999,7.638888888888889,7.73157894736842,7.8,7.838095238095238,7.904545454545453,7.98695652173913,8.016666666666666,8.004,7.96923076923077,7.951851851851853,8.0,7.99655172413793,8.046666666666665,8.093548387096773,8.1125,8.090909090909092,8.047058823529413,7.988571428571429,7.947222222222225,7.897297297297299,7.860526315789475,7.828205128205129,7.807499999999999,7.81219512195122,7.845238095238097,7.893023255813954,7.927272727272728,7.90888888888889,7.86304347826087,7.821276595744682,7.78125,7.697959183673469,7.578,7.450980392156863,7.338461538461539,7.237735849056604,7.15925925925926,7.069090909090909,6.983928571428572,6.91578947368421,6.841379310344828,6.767796610169491,6.718333333333335,6.675409836065573,6.6322580645161295,6.582539682539682,6.525,6.470769230769231,6.419696969696971,6.355223880597015,6.28529411764706,6.204347826086957,6.088571428571429,5.970422535211268,5.848611111111111,5.736986301369864,5.622972972972974,5.502666666666667,5.3842105263157904,5.277922077922079,5.184615384615385,5.09873417721519,5.0275,4.987654320987654,4.951219512195122,4.919277108433735,4.896428571428571,4.869411764705883,4.844186046511628,4.820689655172414,4.802272727272728,4.782022471910112,4.762222222222223,4.741758241758242,4.718478260869566,4.688172043010753,4.652127659574469,4.6136842105263165,4.560416666666667,4.507216494845362,4.455102040816327,4.404040404040405,4.3420000000000005,4.280198019801981,4.208823529411766,4.150485436893204,4.101923076923077,4.072380952380953,4.057547169811321,4.046728971962617,4.041666666666667,4.038532110091744,4.037272727272727,4.031531531531532,4.030357142857143,4.030973451327434,4.033333333333333,4.035652173913044,4.046551724137931,4.056410256410257,4.061864406779661,4.0621848739495805,4.059166666666667,4.059504132231405,4.045901639344263,4.026829268292683,3.996774193548388,3.960000000000001,3.928571428571429,3.9047244094488196,3.8843750000000004,40.166666666666664,482.0,0.0,0.0,0.0,0.0,0.0,0.0,0.0,0.0,0.0,0.0,0.0,0.0,0.0,0.0,0.0,26.0,70.0,130.0,199.0,268.0,327.0,362.0,369.0,369.0,369.0,369.0,369.0,369.0,369.0,369.0,369.0,369.0,369.0,369.0,369.0,369.0,369.0,369.0,369.0,409.0,482.0,584.0,706.0,833.0,949.0,1037.0,1089.0,1109.0,1109.0,1109.0,1109.0,1109.0,1109.0,1109.0,1109.0,1109.0,1109.0,1109.0,1109.0,1109.0,1109.0,1109.0,1109.0,1132.0,1169.0,1225.0,1294.0,1363.0,1417.0,1444.0,1445.0,1445.0,1445.0,1445.0,1445.0,1445.0,1445.0,1445.0,1445.0,1445.0,1445.0,1445.0,1445.0,1445.0,1445.0,1445.0,1445.0,1471.0,1519.0,1589.0,1672.0,1755.0,1823.0,1865.0,1881.0,1882.0,1882.0,1882.0,1882.0,1882.0,1882.0,1882.0,1882.0,1882.0,1882.0,1882.0,1882.0,1882.0,1882.0,1882.0,1882.0,1897.0,1923.0,1959.0,1997.0,2030.0,2049.0,2049.0,2049.0,2049.0,2049.0,2049.0,2049.0,2049.0,2049.0,2049.0,2049.0,2049.0,44,February 13,Macon
0.004018998534631023,1.5536064444830782,1.2418761439363348,1.7143445757596574,1.7143445757596574,0.7700693948995745,1.361379373139509,4.589535767128064,4.589535767128064,0.737083795652392,1.457704909747986,2.487865253765865,2.487865253765865,0.6916343216874254,1.0517655474240084,3.2687683458818926,3.2687683458818926,0.5999872043653678,0.5108375258270416,9.374999999999998,-0.030207384926656037,0.030207384926656037,213.0311111111112,7.0,6.9,6.833333333333333,6.675,6.180000000000001,5.716666666666666,5.328571428571428,5.0,4.766666666666667,4.63,4.572727272727272,4.608333333333333,4.730769230769232,4.821428571428571,4.906666666666667,4.94375,4.970588235294118,5.044444444444444,5.078947368421052,5.119999999999999,5.119047619047619,5.122727272727274,5.130434782608695,5.1375,5.0760000000000005,5.026923076923077,4.977777777777778,4.971428571428572,4.958620689655173,4.966666666666667,4.993548387096774,5.043749999999999,5.118181818181818,5.223529411764707,5.357142857142857,5.497222222222222,5.64054054054054,5.781578947368421,5.902564102564102,6.01,6.117073170731707,6.20952380952381,6.283720930232558,6.347727272727273,6.397777777777777,6.46086956521739,6.53191489361702,6.577083333333334,6.6,6.610000000000001,6.627450980392157,6.678846153846154,6.701886792452829,6.753703703703702,6.803636363636363,6.8374999999999995,6.84736842105263,6.843103448275863,6.828813559322033,6.823333333333332,6.811475409836064,6.806451612903225,6.803174603174603,6.80625,6.8246153846153845,6.86060606060606,6.905970149253731,6.94264705882353,6.944927536231884,6.928571428571429,6.914084507042253,6.9,6.8561643835616435,6.786486486486487,6.710666666666667,6.643421052631578,6.583116883116883,6.537179487179487,6.482278481012657,6.43,6.388888888888889,6.342682926829268,6.296385542168673,6.266666666666667,6.241176470588235,6.215116279069767,6.183908045977011,6.146590909090909,6.111235955056181,6.0777777777777775,6.034065934065933,5.985869565217392,5.929032258064517,5.845744680851065,5.760000000000002,5.670833333333334,5.5886597938144345,5.504081632653061,5.414141414141414,5.325000000000001,5.244554455445545,5.173529411764705,5.107766990291261,5.052884615384615,5.021904761904762,4.9933962264150935,4.968224299065421,4.95,4.928440366972477,4.908181818181819,4.88918918918919,4.8741071428571425,4.857522123893806,4.841228070175438,4.8243478260869574,4.8051724137931044,4.780341880341882,4.750847457627119,4.719327731092438,4.675833333333333,4.632231404958677,4.589344262295082,4.547154471544715,4.495967741935484,4.444800000000001,4.385714285714286,4.3370078740157485,4.296093750000001,31.5,378.0,1.0,1.0,1.0,1.0,1.0,1.0,1.0,1.0,1.0,1.0,1.0,1.0,1.0,1.0,1.0,30.0,84.0,159.0,246.0,333.0,407.0,457.0,480.0,483.0,483.0,483.0,483.0,483.0,483.0,483.0,483.0,483.0,483.0,483.0,483.0,483.0,483.0,483.0,483.0,509.0,553.0,613.0,682.0,751.0,810.0,845.0,852.0,852.0,852.0,852.0,852.0,852.0,852.0,852.0,852.0,852.0,852.0,852.0,852.0,852.0,852.0,852.0,852.0,892.0,965.0,1067.0,1189.0,1316.0,1432.0,1520.0,1572.0,1592.0,1592.0,1592.0,1592.0,1592.0,1592.0,1592.0,1592.0,1592.0,1592.0,1592.0,1592.0,1592.0,1592.0,1592.0,1592.0,1615.0,1652.0,1708.0,1777.0,1846.0,1900.0,1927.0,1928.0,1928.0,1928.0,1928.0,1928.0,1928.0,1928.0,1928.0,1928.0,1928.0,1928.0,1928.0,1928.0,1928.0,1928.0,1928.0,1928.0,1954.0,2002.0,2072.0,2155.0,2238.0,2306.0,2348.0,2364.0,2365.0,2365.0,2365.0,2365.0,2365.0,2365.0,2365.0,2365.0,2365.0,45,February 14,Macon
0.004018998534631023,1.5536064444830782,1.2418761439363348,1.7143445757596574,1.7143445757596574,0.7700693948995745,1.361379373139509,4.589535767128064,4.589535767128064,0.737083795652392,1.457704909747986,2.487865253765865,2.487865253765865,0.6916343216874254,1.0517655474240084,3.2687683458818926,3.2687683458818926,0.5999872043653678,0.5108375258270416,11.566666666666668,-0.4239700358153346,0.4239700358153346,126.53458213256481,8.9,8.7,8.366666666666667,7.875,7.32,6.933333333333334,6.728571428571429,6.6625,6.7555555555555555,6.82,6.909090909090909,7.008333333333333,7.223076923076923,7.542857142857144,7.786666666666666,7.98125,8.223529411764705,8.427777777777777,8.605263157894735,8.765,8.852380952380951,8.845454545454546,8.843478260869563,8.816666666666665,8.744,8.669230769230769,8.596296296296297,8.510714285714286,8.362068965517242,8.196666666666667,8.029032258064516,7.8625,7.712121212121213,7.5852941176470585,7.482857142857142,7.413888888888888,7.3810810810810805,7.344736842105262,7.312820512820513,7.2675,7.221951219512196,7.199999999999999,7.165116279069767,7.136363636363635,7.09111111111111,7.049999999999999,7.012765957446808,6.977083333333333,6.908163265306122,6.845999999999999,6.784313725490196,6.746153846153844,6.705660377358491,6.677777777777777,6.661818181818182,6.660714285714286,6.675438596491228,6.710344827586208,6.764406779661017,6.824999999999999,6.89016393442623,6.956451612903226,7.012698412698413,7.0625,7.113846153846153,7.157575757575757,7.191044776119403,7.219117647058822,7.2391304347826075,7.268571428571429,7.3042253521126765,7.32361111111111,7.32876712328767,7.325675675675676,7.328,7.3539473684210535,7.361038961038962,7.38846153846154,7.415189873417721,7.43125,7.430864197530864,7.420731707317073,7.403614457831325,7.392857142857143,7.37764705882353,7.367441860465116,7.358620689655173,7.354545454545455,7.361797752808988,7.382222222222222,7.40989010989011,7.431521739130435,7.4279569892473125,7.410638297872341,7.394736842105265,7.379166666666667,7.341237113402062,7.283673469387755,7.221212121212121,7.165,7.1138613861386135,7.073529411764706,7.026213592233009,6.980769230769231,6.943809523809524,6.9028301886792445,6.861682242990653,6.833333333333332,6.808256880733945,6.782727272727272,6.7531531531531535,6.71875,6.6858407079646005,6.654385964912281,6.614782608695651,6.57155172413793,6.521367521367521,6.45,6.376470588235295,6.3,6.22892561983471,6.155737704918033,6.078048780487805,6.000806451612903,5.930400000000001,5.867460317460318,5.808661417322836,5.75859375,83.91666666666667,1007.0,6.0,6.0,6.0,6.0,6.0,6.0,6.0,6.0,6.0,6.0,6.0,6.0,6.0,6.0,6.0,28.0,70.0,133.0,209.0,283.0,341.0,374.0,383.0,383.0,384.0,384.0,384.0,384.0,384.0,384.0,384.0,384.0,384.0,384.0,384.0,384.0,384.0,384.0,384.0,413.0,467.0,542.0,629.0,716.0,790.0,840.0,863.0,866.0,866.0,866.0,866.0,866.0,866.0,866.0,866.0,866.0,866.0,866.0,866.0,866.0,866.0,866.0,866.0,892.0,936.0,996.0,1065.0,1134.0,1193.0,1228.0,1235.0,1235.0,1235.0,1235.0,1235.0,1235.0,1235.0,1235.0,1235.0,1235.0,1235.0,1235.0,1235.0,1235.0,1235.0,1235.0,1235.0,1275.0,1348.0,1450.0,1572.0,1699.0,1815.0,1903.0,1955.0,1975.0,1975.0,1975.0,1975.0,1975.0,1975.0,1975.0,1975.0,1975.0,1975.0,1975.0,1975.0,1975.0,1975.0,1975.0,1975.0,1998.0,2035.0,2091.0,2160.0,2229.0,2283.0,2310.0,2311.0,2311.0,2311.0,2311.0,2311.0,2311.0,2311.0,2311.0,2311.0,2311.0,46,February 15,Macon
0.004018998534631023,1.5536064444830782,1.2418761439363348,1.7143445757596574,1.7143445757596574,0.7700693948995745,1.361379373139509,4.589535767128064,4.589535767128064,0.737083795652392,1.457704909747986,2.487865253765865,2.487865253765865,0.6916343216874254,1.0517655474240084,3.2687683458818926,3.2687683458818926,0.5999872043653678,0.5108375258270416,11.0,-0.13736377431369826,0.13736377431369826,189.49242424242425,9.4,9.45,9.433333333333332,9.425,9.42,9.5,9.542857142857143,9.525,9.47777777777778,9.5,9.581818181818182,9.625000000000002,9.700000000000001,9.771428571428572,9.740000000000004,9.675,9.547058823529412,9.394444444444446,9.236842105263158,9.135000000000002,9.052380952380954,9.000000000000002,9.000000000000002,9.029166666666667,9.024000000000001,9.003846153846155,8.955555555555556,8.864285714285716,8.73448275862069,8.610000000000001,8.509677419354839,8.4375,8.409090909090908,8.379411764705882,8.362857142857141,8.355555555555554,8.394594594594592,8.481578947368417,8.551282051282048,8.61,8.695121951219512,8.77142857142857,8.841860465116277,8.909090909090908,8.946666666666665,8.941304347826083,8.938297872340423,8.922916666666667,8.883673469387753,8.841999999999999,8.799999999999999,8.749999999999998,8.664150943396224,8.566666666666665,8.465454545454543,8.3625,8.266666666666666,8.182758620689656,8.111864406779661,8.059999999999999,8.029508196721311,7.996774193548385,7.966666666666665,7.928125,7.889230769230768,7.865151515151515,7.8328358208955216,7.804411764705882,7.765217391304347,7.728571428571427,7.694366197183098,7.661111111111111,7.6054794520547935,7.554054054054054,7.502666666666667,7.467105263157893,7.429870129870129,7.401282051282051,7.381012658227846,7.371250000000001,7.372839506172839,7.389024390243902,7.419277108433734,7.454761904761904,7.494117647058822,7.534883720930231,7.568965517241378,7.598863636363637,7.630337078651686,7.656666666666667,7.675824175824176,7.691304347826086,7.7010752688172035,7.718085106382977,7.739999999999998,7.75,7.749484536082473,7.742857142857144,7.74040404040404,7.756,7.757425742574258,7.774509803921568,7.791262135922329,7.800000000000001,7.796190476190477,7.784905660377359,7.768224299065421,7.75648148148148,7.741284403669725,7.7299999999999995,7.7198198198198185,7.713392857142858,7.715929203539822,7.728947368421053,7.747826086956522,7.7620689655172415,7.7564102564102555,7.739830508474576,7.724369747899159,7.7091666666666665,7.676033057851241,7.627049180327869,7.573983739837399,7.525806451612903,7.4816,7.446031746031745,7.404724409448818,7.36484375,34.75,417.0,1.0,1.0,1.0,1.0,1.0,1.0,1.0,1.0,1.0,1.0,1.0,1.0,1.0,1.0,1.0,52.0,148.0,281.0,438.0,602.0,754.0,877.0,960.0,1002.0,1008.0,1008.0,1008.0,1008.0,1008.0,1008.0,1008.0,1008.0,1008.0,1008.0,1008.0,1008.0,1008.0,1008.0,1008.0,1030.0,1072.0,1135.0,1211.0,1285.0,1343.0,1376.0,1385.0,1385.0,1386.0,1386.0,1386.0,1386.0,1386.0,1386.0,1386.0,1386.0,1386.0,1386.0,1386.0,1386.0,1386.0,1386.0,1386.0,1415.0,1469.0,1544.0,1631.0,1718.0,1792.0,1842.0,1865.0,1868.0,1868.0,1868.0,1868.0,1868.0,1868.0,1868.0,1868.0,1868.0,1868.0,1868.0,1868.0,1868.0,1868.0,1868.0,1868.0,1894.0,1938.0,1998.0,2067.0,2136.0,2195.0,2230.0,2237.0,2237.0,2237.0,2237.0,2237.0,2237.0,2237.0,2237.0,2237.0,2237.0,2237.0,2237.0,2237.0,2237.0,2237.0,2237.0,2237.0,2277.0,2350.0,2452.0,2574.0,2701.0,2817.0,2905.0,2957.0,2977.0,2977.0,2977.0,2977.0,2977.0,2977.0,2977.0,2977.0,2977.0,47,February 16,Macon
0.004018998534631023,1.5536064444830782,1.2418761439363348,1.7143445757596574,1.7143445757596574,0.7700693948995745,1.361379373139509,4.589535767128064,4.589535767128064,0.737083795652392,1.457704909747986,2.487865253765865,2.487865253765865,0.6916343216874254,1.0517655474240084,3.2687683458818926,3.2687683458818926,0.5999872043653678,0.5108375258270416,11.45,-0.4143568063295584,0.4143568063295584,128.64628820960698,9.4,9.2,8.366666666666667,7.4,6.459999999999999,5.816666666666666,5.314285714285715,4.824999999999999,4.544444444444444,4.46,4.481818181818182,4.633333333333334,4.846153846153847,5.15,5.46,5.71875,5.970588235294118,6.1722222222222225,6.378947368421054,6.55,6.671428571428573,6.718181818181819,6.739130434782608,6.816666666666666,6.92,7.01923076923077,7.107407407407408,7.189285714285714,7.26551724137931,7.3533333333333335,7.4322580645161285,7.49375,7.542424242424243,7.605882352941177,7.685714285714284,7.752777777777776,7.829729729729728,7.905263157894736,7.94102564102564,7.960000000000001,7.948780487804878,7.921428571428571,7.886046511627907,7.870454545454546,7.8599999999999985,7.86086956521739,7.885106382978723,7.922916666666667,7.942857142857144,7.954,7.9490196078431365,7.9192307692307695,7.866037735849056,7.812962962962962,7.770909090909091,7.742857142857143,7.738596491228071,7.732758620689655,7.733898305084746,7.739999999999999,7.773770491803279,7.837096774193548,7.89047619047619,7.9375,8.001538461538463,8.06060606060606,8.116417910447762,8.170588235294119,8.205797101449276,8.212857142857144,8.221126760563381,8.220833333333333,8.204109589041096,8.185135135135134,8.165333333333333,8.139473684210527,8.08831168831169,8.028205128205128,7.964556962025317,7.8987500000000015,7.837037037037036,7.782926829268292,7.737349397590361,7.704761904761905,7.687058823529411,7.667441860465117,7.649425287356322,7.624999999999999,7.599999999999999,7.585555555555555,7.564835164835165,7.546739130434782,7.520430107526882,7.4957446808510655,7.472631578947369,7.45,7.410309278350516,7.373469387755102,7.336363636363637,7.311,7.284158415841586,7.263725490196079,7.249514563106796,7.24326923076923,7.2457142857142856,7.259433962264151,7.28411214953271,7.312962962962963,7.344954128440367,7.37818181818182,7.406306306306306,7.4312499999999995,7.4575221238938045,7.479824561403508,7.496521739130435,7.510344827586207,7.5196581196581205,7.534745762711865,7.553781512605043,7.5633333333333335,7.564462809917356,7.560655737704918,7.560162601626017,7.574193548387097,7.576800000000001,7.5920634920634935,7.607086614173229,7.6156250000000005,85.0,1020.0,7.0,7.0,7.0,7.0,7.0,7.0,7.0,7.0,7.0,7.0,7.0,7.0,7.0,7.0,7.0,33.0,79.0,144.0,222.0,303.0,371.0,412.0,423.0,423.0,424.0,424.0,424.0,424.0,424.0,424.0,424.0,424.0,424.0,424.0,424.0,424.0,424.0,424.0,424.0,475.0,571.0,704.0,861.0,1025.0,1177.0,1300.0,1383.0,1425.0,1431.0,1431.0,1431.0,1431.0,1431.0,1431.0,1431.0,1431.0,1431.0,1431.0,1431.0,1431.0,1431.0,1431.0,1431.0,1453.0,1495.0,1558.0,1634.0,1708.0,1766.0,1799.0,1808.0,1808.0,1809.0,1809.0,1809.0,1809.0,1809.0,1809.0,1809.0,1809.0,1809.0,1809.0,1809.0,1809.0,1809.0,1809.0,1809.0,1838.0,1892.0,1967.0,2054.0,2141.0,2215.0,2265.0,2288.0,2291.0,2291.0,2291.0,2291.0,2291.0,2291.0,2291.0,2291.0,2291.0,2291.0,2291.0,2291.0,2291.0,2291.0,2291.0,2291.0,2317.0,2361.0,2421.0,2490.0,2559.0,2618.0,2653.0,2660.0,2660.0,2660.0,2660.0,2660.0,2660.0,2660.0,2660.0,2660.0,2660.0,48,February 17,Macon
0.004018998534631023,1.5536064444830782,1.2418761439363348,1.7143445757596574,1.7143445757596574,0.7700693948995745,1.361379373139509,4.589535767128064,4.589535767128064,0.737083795652392,1.457704909747986,2.487865253765865,2.487865253765865,0.6916343216874254,1.0517655474240084,3.2687683458818926,3.2687683458818926,0.5999872043653678,0.5108375258270416,9.983333333333333,-0.6252479473882874,0.6252479473882874,82.32053422370619,12.2,12.2,11.766666666666666,11.400000000000002,11.14,10.883333333333333,10.628571428571428,10.375,10.155555555555557,9.99,9.781818181818183,9.583333333333334,9.461538461538462,9.435714285714285,9.453333333333331,9.431249999999999,9.441176470588236,9.383333333333333,9.252631578947367,9.139999999999999,9.071428571428571,9.045454545454545,9.030434782608696,9.066666666666666,9.08,9.076923076923077,8.988888888888889,8.828571428571427,8.617241379310345,8.416666666666666,8.219354838709675,8.00625,7.833333333333333,7.711764705882352,7.6257142857142854,7.588888888888889,7.583783783783783,7.623684210526314,7.679487179487178,7.727500000000001,7.782926829268292,7.826190476190476,7.87906976744186,7.922727272727272,7.948888888888889,7.943478260869566,7.927659574468087,7.941666666666667,7.971428571428571,8.001999999999999,8.02941176470588,8.055769230769231,8.081132075471698,8.114814814814816,8.145454545454546,8.167857142857143,8.184210526315791,8.210344827586207,8.247457627118644,8.278333333333332,8.316393442622951,8.354838709677422,8.369841269841272,8.375,8.361538461538464,8.337878787878791,8.308955223880597,8.29264705882353,8.279710144927538,8.274285714285716,8.284507042253521,8.304166666666667,8.312328767123287,8.314864864864868,8.306666666666667,8.281578947368422,8.24025974025974,8.19871794871795,8.164556962025317,8.14,8.132098765432099,8.123170731707317,8.119277108433735,8.119047619047619,8.138823529411765,8.180232558139535,8.214942528735632,8.245454545454544,8.288764044943822,8.328888888888889,8.367032967032968,8.404347826086957,8.427956989247313,8.430851063829788,8.434736842105265,8.432291666666666,8.417525773195877,8.401020408163266,8.383838383838386,8.362,8.320792079207921,8.272549019607844,8.221359223300972,8.16826923076923,8.118095238095238,8.073584905660377,8.03551401869159,8.007407407407408,7.990825688073395,7.972727272727273,7.955855855855856,7.933928571428571,7.911504424778761,7.897368421052631,7.878260869565217,7.861206896551724,7.837606837606837,7.815254237288137,7.794117647058824,7.773333333333334,7.738842975206612,7.70655737704918,7.673983739837398,7.650806451612904,7.626399999999999,7.607142857142858,7.5929133858267726,7.58515625,113.33333333333333,1360.0,13.0,13.0,13.0,13.0,13.0,13.0,13.0,13.0,13.0,13.0,13.0,13.0,13.0,13.0,14.0,68.0,166.0,300.0,457.0,621.0,774.0,898.0,983.0,1026.0,1033.0,1033.0,1033.0,1033.0,1033.0,1033.0,1033.0,1033.0,1033.0,1033.0,1033.0,1033.0,1033.0,1033.0,1033.0,1059.0,1105.0,1170.0,1248.0,1329.0,1397.0,1438.0,1449.0,1449.0,1450.0,1450.0,1450.0,1450.0,1450.0,1450.0,1450.0,1450.0,1450.0,1450.0,1450.0,1450.0,1450.0,1450.0,1450.0,1501.0,1597.0,1730.0,1887.0,2051.0,2203.0,2326.0,2409.0,2451.0,2457.0,2457.0,2457.0,2457.0,2457.0,2457.0,2457.0,2457.0,2457.0,2457.0,2457.0,2457.0,2457.0,2457.0,2457.0,2479.0,2521.0,2584.0,2660.0,2734.0,2792.0,2825.0,2834.0,2834.0,2835.0,2835.0,2835.0,2835.0,2835.0,2835.0,2835.0,2835.0,2835.0,2835.0,2835.0,2835.0,2835.0,2835.0,2835.0,2864.0,2918.0,2993.0,3080.0,3167.0,3241.0,3291.0,3314.0,3317.0,3317.0,3317.0,3317.0,3317.0,3317.0,3317.0,3317.0,3317.0,49,February 18,Macon
0.004018998534631023,1.5536064444830782,1.2418761439363348,1.7143445757596574,1.7143445757596574,0.7700693948995745,1.361379373139509,4.589535767128064,4.589535767128064,0.737083795652392,1.457704909747986,2.487865253765865,2.487865253765865,0.6916343216874254,1.0517655474240084,3.2687683458818926,3.2687683458818926,0.5999872043653678,0.5108375258270416,8.325000000000001,-0.34056970475786846,0.34056970475786846,144.85485485485486,10.3,9.9,9.466666666666667,9.225000000000001,8.9,8.766666666666666,8.842857142857143,8.925,8.877777777777776,8.75,8.709090909090909,8.616666666666665,8.584615384615383,8.564285714285713,8.539999999999997,8.55,8.541176470588237,8.555555555555555,8.657894736842106,8.790000000000001,8.885714285714286,9.009090909090908,9.160869565217393,9.316666666666668,9.432,9.53846153846154,9.588888888888889,9.614285714285714,9.63103448275862,9.63,9.612903225806454,9.58125,9.545454545454547,9.514705882352942,9.462857142857144,9.405555555555559,9.36756756756757,9.360526315789476,9.369230769230771,9.3625,9.368292682926832,9.345238095238095,9.288372093023257,9.236363636363636,9.202222222222224,9.186956521739132,9.176595744680853,9.191666666666668,9.19591836734694,9.192,9.14313725490196,9.053846153846154,8.933962264150944,8.816666666666668,8.69818181818182,8.567857142857143,8.457894736842105,8.375862068965517,8.3135593220339,8.28,8.265573770491805,8.279032258064516,8.303174603174606,8.3234375,8.349230769230768,8.368181818181817,8.394029850746268,8.414705882352942,8.42463768115942,8.414285714285716,8.39718309859155,8.399999999999999,8.413698630136984,8.428378378378378,8.441333333333333,8.453947368421051,8.466233766233765,8.484615384615385,8.501265822784811,8.5125,8.519753086419753,8.534146341463414,8.556626506024095,8.575000000000001,8.598823529411764,8.623255813953488,8.63103448275862,8.631818181818183,8.619101123595504,8.598888888888887,8.574725274725274,8.559782608695652,8.547311827956989,8.540425531914895,8.545263157894736,8.557291666666666,8.56082474226804,8.560204081632651,8.551515151515153,8.53,8.496039603960394,8.461764705882354,8.433009708737865,8.411538461538461,8.402857142857142,8.393396226415094,8.38785046728972,8.385185185185184,8.39816513761468,8.428181818181818,8.453153153153153,8.475,8.507079646017699,8.536842105263156,8.565217391304348,8.593103448275862,8.61025641025641,8.611016949152543,8.612605042016808,8.609166666666665,8.59586776859504,8.581147540983606,8.565853658536584,8.546774193548387,8.511999999999999,8.47142857142857,8.428346456692912,8.38359375,65.33333333333333,784.0,5.0,5.0,5.0,5.0,5.0,5.0,5.0,5.0,5.0,5.0,5.0,5.0,5.0,5.0,8.0,77.0,203.0,374.0,573.0,783.0,984.0,1155.0,1281.0,1352.0,1365.0,1365.0,1365.0,1365.0,1365.0,1365.0,1365.0,1365.0,1365.0,1365.0,1365.0,1365.0,1365.0,1365.0,1366.0,1420.0,1518.0,1652.0,1809.0,1973.0,2126.0,2250.0,2335.0,2378.0,2385.0,2385.0,2385.0,2385.0,2385.0,2385.0,2385.0,2385.0,2385.0,2385.0,2385.0,2385.0,2385.0,2385.0,2385.0,2411.0,2457.0,2522.0,2600.0,2681.0,2749.0,2790.0,2801.0,2801.0,2802.0,2802.0,2802.0,2802.0,2802.0,2802.0,2802.0,2802.0,2802.0,2802.0,2802.0,2802.0,2802.0,2802.0,2802.0,2853.0,2949.0,3082.0,3239.0,3403.0,3555.0,3678.0,3761.0,3803.0,3809.0,3809.0,3809.0,3809.0,3809.0,3809.0,3809.0,3809.0,3809.0,3809.0,3809.0,3809.0,3809.0,3809.0,3809.0,3831.0,3873.0,3936.0,4012.0,4086.0,4144.0,4177.0,4186.0,4186.0,4187.0,4187.0,4187.0,4187.0,4187.0,4187.0,4187.0,4187.0,50,February 19,Macon
0.004018998534631023,1.5536064444830782,1.2418761439363348,1.7143445757596574,1.7143445757596574,0.7700693948995745,1.361379373139509,4.589535767128064,4.589535767128064,0.737083795652392,1.457704909747986,2.487865253765865,2.487865253765865,0.6916343216874254,1.0517655474240084,3.2687683458818926,3.2687683458818926,0.5999872043653678,0.5108375258270416,9.816666666666666,-0.20708693266280384,0.20708693266280384,174.17657045840406,5.4,5.6,5.933333333333333,6.275,6.5200000000000005,6.733333333333333,7.028571428571428,7.2125,7.311111111111113,7.55,7.8090909090909095,8.0,8.207692307692307,8.357142857142856,8.533333333333333,8.75,8.911764705882353,9.06111111111111,9.18421052631579,9.345,9.52857142857143,9.654545454545456,9.769565217391307,9.8375,9.856,9.842307692307692,9.796296296296294,9.75,9.675862068965518,9.623333333333335,9.612903225806454,9.609375,9.575757575757574,9.51764705882353,9.482857142857142,9.430555555555557,9.397297297297298,9.36842105263158,9.338461538461539,9.3225,9.299999999999999,9.288095238095238,9.316279069767443,9.361363636363636,9.393333333333334,9.441304347826087,9.506382978723405,9.577083333333333,9.630612244897959,9.681999999999999,9.705882352941176,9.717307692307692,9.724528301886794,9.722222222222221,9.710909090909091,9.69107142857143,9.66842105263158,9.648275862068965,9.615254237288134,9.578333333333335,9.55245901639344,9.54516129032258,9.547619047619044,9.540624999999999,9.54153846153846,9.524242424242424,9.485074626865671,9.448529411764705,9.423188405797099,9.409999999999997,9.399999999999999,9.406944444444443,9.406849315068492,9.40135135135135,9.365333333333332,9.301315789473682,9.215584415584415,9.130769230769229,9.044303797468352,8.948749999999999,8.866666666666665,8.803658536585365,8.754216867469879,8.724999999999998,8.70941176470588,8.713953488372091,8.726436781609193,8.736363636363636,8.750561797752809,8.76,8.774725274725276,8.785869565217391,8.789247311827955,8.777659574468084,8.761052631578945,8.759375,8.765979381443298,8.7734693877551,8.77979797979798,8.786,8.792079207920791,8.802941176470586,8.8126213592233,8.81826923076923,8.82095238095238,8.829245283018867,8.843925233644859,8.855555555555554,8.871559633027521,8.888181818181817,8.89189189189189,8.89017857142857,8.87787610619469,8.859649122807017,8.838260869565216,8.824137931034482,8.811965811965813,8.804237288135592,8.805882352941175,8.813333333333333,8.814049586776859,8.811475409836067,8.802439024390244,8.783064516129032,8.753599999999999,8.723809523809523,8.698425196850392,8.67890625,53.5,642.0,4.0,4.0,4.0,4.0,4.0,4.0,4.0,4.0,4.0,4.0,4.0,4.0,4.0,4.0,9.0,50.0,127.0,235.0,362.0,493.0,611.0,702.0,758.0,783.0,788.0,788.0,788.0,788.0,788.0,788.0,788.0,788.0,788.0,788.0,788.0,788.0,788.0,788.0,791.0,860.0,986.0,1157.0,1356.0,1566.0,1767.0,1938.0,2064.0,2135.0,2148.0,2148.0,2148.0,2148.0,2148.0,2148.0,2148.0,2148.0,2148.0,2148.0,2148.0,2148.0,2148.0,2148.0,2149.0,2203.0,2301.0,2435.0,2592.0,2756.0,2909.0,3033.0,3118.0,3161.0,3168.0,3168.0,3168.0,3168.0,3168.0,3168.0,3168.0,3168.0,3168.0,3168.0,3168.0,3168.0,3168.0,3168.0,3168.0,3194.0,3240.0,3305.0,3383.0,3464.0,3532.0,3573.0,3584.0,3584.0,3585.0,3585.0,3585.0,3585.0,3585.0,3585.0,3585.0,3585.0,3585.0,3585.0,3585.0,3585.0,3585.0,3585.0,3585.0,3636.0,3732.0,3865.0,4022.0,4186.0,4338.0,4461.0,4544.0,4586.0,4592.0,4592.0,4592.0,4592.0,4592.0,4592.0,4592.0,4592.0,51,February 20,Macon
0.004018998534631023,1.5536064444830782,1.2418761439363348,1.7143445757596574,1.7143445757596574,0.7700693948995745,1.361379373139509,4.589535767128064,4.589535767128064,0.737083795652392,1.457704909747986,2.487865253765865,2.487865253765865,0.6916343216874254,1.0517655474240084,3.2687683458818926,3.2687683458818926,0.5999872043653678,0.5108375258270416,10.166666666666664,-0.5248762407025049,0.5248762407025049,104.3688524590164,7.899999999999999,7.649999999999999,7.633333333333333,7.725,8.0,8.1,8.157142857142857,8.25,8.355555555555558,8.49,8.627272727272727,8.799999999999999,9.007692307692308,9.171428571428569,9.299999999999999,9.40625,9.494117647058824,9.561111111111112,9.610526315789473,9.66,9.7,9.654545454545454,9.58695652173913,9.491666666666667,9.328000000000001,9.192307692307692,9.096296296296297,9.032142857142857,8.979310344827585,8.94,8.93548387096774,8.921875,8.896969696969697,8.920588235294117,8.96285714285714,8.994444444444444,9.04054054054054,9.073684210526316,9.123076923076923,9.194999999999999,9.25121951219512,9.307142857142857,9.35581395348837,9.424999999999999,9.508888888888889,9.569565217391306,9.627659574468085,9.664583333333333,9.677551020408163,9.674,9.652941176470588,9.63076923076923,9.592452830188678,9.564814814814815,9.56,9.55892857142857,9.540350877192981,9.506896551724136,9.486440677966101,9.455,9.434426229508198,9.416129032258066,9.396825396825397,9.3859375,9.37076923076923,9.36212121212121,9.37910447761194,9.40735294117647,9.427536231884059,9.458571428571428,9.501408450704226,9.54861111111111,9.584931506849314,9.620270270270268,9.637333333333332,9.646052631578948,9.651948051948052,9.651282051282053,9.644303797468353,9.63125,9.61604938271605,9.602439024390243,9.579518072289156,9.553571428571429,9.535294117647059,9.530232558139534,9.532183908045978,9.527272727272727,9.528089887640448,9.515555555555554,9.486813186813187,9.459782608695651,9.440860215053764,9.430851063829786,9.423157894736843,9.428125,9.427835051546392,9.423469387755102,9.395959595959596,9.347,9.281188118811881,9.215686274509803,9.14854368932039,9.07403846153846,9.009523809523808,8.95943396226415,8.919626168224298,8.89537037037037,8.881651376146788,8.883636363636363,8.891891891891891,8.898214285714285,8.90796460176991,8.914035087719297,8.924347826086956,8.931896551724138,8.933333333333334,8.922881355932205,8.908403361344538,8.905833333333334,8.909917355371903,8.914754098360657,8.91869918699187,8.922580645161291,8.926400000000001,8.934126984126983,8.940944881889763,8.94453125,96.08333333333333,1153.0,13.0,13.0,13.0,13.0,13.0,13.0,13.0,13.0,13.0,13.0,13.0,13.0,13.0,13.0,19.0,54.0,118.0,209.0,317.0,429.0,528.0,599.0,637.0,651.0,655.0,655.0,655.0,655.0,655.0,655.0,655.0,655.0,655.0,655.0,655.0,655.0,655.0,655.0,660.0,701.0,778.0,886.0,1013.0,1144.0,1262.0,1353.0,1409.0,1434.0,1439.0,1439.0,1439.0,1439.0,1439.0,1439.0,1439.0,1439.0,1439.0,1439.0,1439.0,1439.0,1439.0,1439.0,1442.0,1511.0,1637.0,1808.0,2007.0,2217.0,2418.0,2589.0,2715.0,2786.0,2799.0,2799.0,2799.0,2799.0,2799.0,2799.0,2799.0,2799.0,2799.0,2799.0,2799.0,2799.0,2799.0,2799.0,2800.0,2854.0,2952.0,3086.0,3243.0,3407.0,3560.0,3684.0,3769.0,3812.0,3819.0,3819.0,3819.0,3819.0,3819.0,3819.0,3819.0,3819.0,3819.0,3819.0,3819.0,3819.0,3819.0,3819.0,3819.0,3845.0,3891.0,3956.0,4034.0,4115.0,4183.0,4224.0,4235.0,4235.0,4236.0,4236.0,4236.0,4236.0,4236.0,4236.0,4236.0,4236.0,52,February 21,Macon
0.004018998534631023,1.5536064444830782,1.2418761439363348,1.7143445757596574,1.7143445757596574,0.7700693948995745,1.361379373139509,4.589535767128064,4.589535767128064,0.737083795652392,1.457704909747986,2.487865253765865,2.487865253765865,0.6916343216874254,1.0517655474240084,3.2687683458818926,3.2687683458818926,0.5999872043653678,0.5108375258270416,9.9,-0.4489661409236522,0.4489661409236522,121.04377104377105,7.899999999999999,7.199999999999999,6.733333333333333,6.3,5.84,5.683333333333333,5.685714285714285,5.8125,6.155555555555555,6.470000000000001,6.827272727272727,7.158333333333334,7.453846153846154,7.700000000000001,7.913333333333335,8.0375,8.176470588235295,8.31111111111111,8.378947368421054,8.445,8.500000000000002,8.51818181818182,8.52608695652174,8.495833333333332,8.472000000000001,8.430769230769231,8.4,8.385714285714286,8.410344827586208,8.416666666666666,8.419354838709678,8.434375000000001,8.457575757575757,8.494117647058822,8.537142857142857,8.597222222222223,8.675675675675675,8.744736842105263,8.805128205128204,8.86,8.909756097560974,8.952380952380953,8.988372093023257,9.024999999999999,9.057777777777776,9.05,9.029787234042553,8.99375,8.920408163265305,8.857999999999999,8.813725490196079,8.784615384615385,8.760377358490567,8.742592592592592,8.743636363636364,8.739285714285714,8.728070175438596,8.744827586206895,8.772881355932205,8.794999999999998,8.826229508196722,8.85,8.884126984126985,8.9328125,8.972307692307693,9.012121212121214,9.04776119402985,9.097058823529412,9.156521739130435,9.20142857142857,9.245070422535209,9.274999999999999,9.28904109589041,9.291891891891892,9.282666666666666,9.272368421052631,9.250649350649349,9.235897435897433,9.236708860759492,9.24,9.230864197530865,9.210975609756098,9.2,9.18095238095238,9.169411764705883,9.159302325581395,9.148275862068965,9.143181818181818,9.134831460674157,9.13111111111111,9.146153846153846,9.169565217391304,9.187096774193549,9.212765957446807,9.24736842105263,9.285416666666668,9.315463917525774,9.344897959183674,9.36060606060606,9.37,9.377227722772277,9.379411764705882,9.376699029126213,9.36923076923077,9.36,9.351886792452829,9.33644859813084,9.318518518518518,9.306422018348623,9.304545454545453,9.308108108108108,9.306250000000002,9.308849557522125,9.300877192982458,9.280000000000001,9.260344827586207,9.247008547008546,9.240677966101696,9.236134453781514,9.241666666666667,9.242975206611572,9.240983606557378,9.220325203252033,9.18225806451613,9.1304,9.07857142857143,9.025196850393703,8.965625000000001,87.75,1053.0,12.0,12.0,12.0,12.0,12.0,12.0,12.0,12.0,12.0,12.0,12.0,12.0,12.0,12.0,20.0,80.0,188.0,335.0,508.0,689.0,858.0,998.0,1097.0,1152.0,1165.0,1165.0,1165.0,1165.0,1165.0,1165.0,1165.0,1165.0,1165.0,1165.0,1165.0,1165.0,1165.0,1165.0,1171.0,1206.0,1270.0,1361.0,1469.0,1581.0,1680.0,1751.0,1789.0,1803.0,1807.0,1807.0,1807.0,1807.0,1807.0,1807.0,1807.0,1807.0,1807.0,1807.0,1807.0,1807.0,1807.0,1807.0,1812.0,1853.0,1930.0,2038.0,2165.0,2296.0,2414.0,2505.0,2561.0,2586.0,2591.0,2591.0,2591.0,2591.0,2591.0,2591.0,2591.0,2591.0,2591.0,2591.0,2591.0,2591.0,2591.0,2591.0,2594.0,2663.0,2789.0,2960.0,3159.0,3369.0,3570.0,3741.0,3867.0,3938.0,3951.0,3951.0,3951.0,3951.0,3951.0,3951.0,3951.0,3951.0,3951.0,3951.0,3951.0,3951.0,3951.0,3951.0,3952.0,4006.0,4104.0,4238.0,4395.0,4559.0,4712.0,4836.0,4921.0,4964.0,4971.0,4971.0,4971.0,4971.0,4971.0,4971.0,4971.0,4971.0,53,February 22,Macon
0.004018998534631023,1.5536064444830782,1.2418761439363348,1.7143445757596574,1.7143445757596574,0.7700693948995745,1.361379373139509,4.589535767128064,4.589535767128064,0.737083795652392,1.457704909747986,2.487865253765865,2.487865253765865,0.6916343216874254,1.0517655474240084,3.2687683458818926,3.2687683458818926,0.5999872043653678,0.5108375258270416,10.541666666666666,-0.3954188583732688,0.3954188583732688,132.80632411067194,7.8,6.949999999999999,6.3,6.25,6.22,6.283333333333332,6.3999999999999995,6.6125,6.833333333333332,7.17,7.499999999999999,7.8166666666666655,8.146153846153844,8.349999999999998,8.559999999999999,8.63125,8.641176470588235,8.655555555555557,8.73157894736842,8.84,8.928571428571429,8.99090909090909,8.98695652173913,8.958333333333334,8.916000000000002,8.823076923076924,8.71111111111111,8.57857142857143,8.420689655172414,8.303333333333333,8.219354838709677,8.171875,8.193939393939395,8.226470588235294,8.28857142857143,8.358333333333334,8.429729729729733,8.494736842105267,8.55641025641026,8.59,8.634146341463415,8.680952380952382,8.70232558139535,8.725000000000001,8.744444444444447,8.747826086956525,8.746808510638301,8.727083333333333,8.710204081632654,8.684,8.662745098039215,8.65,8.658490566037738,8.657407407407408,8.654545454545456,8.658928571428572,8.66842105263158,8.686206896551724,8.708474576271186,8.741666666666667,8.78688524590164,8.827419354838709,8.863492063492066,8.896875,8.927692307692308,8.954545454545453,8.977611940298507,9.001470588235293,9.023188405797102,9.018571428571429,9.005633802816902,8.981944444444444,8.932876712328765,8.890540540540538,8.859999999999998,8.839473684210526,8.822077922077924,8.808974358974357,8.80886075949367,8.804999999999998,8.796296296296296,8.807317073170731,8.826506024096384,8.841666666666665,8.863529411764706,8.880232558139536,8.904597701149427,8.939772727272727,8.968539325842697,8.99777777777778,9.024175824175824,9.060869565217391,9.105376344086022,9.13936170212766,9.17263157894737,9.195833333333333,9.20721649484536,9.210204081632652,9.204040404040404,9.197,9.181188118811882,9.170588235294117,9.171844660194177,9.174999999999999,9.168571428571427,9.15377358490566,9.145794392523365,9.131481481481481,9.122935779816514,9.115454545454545,9.107207207207207,9.10357142857143,9.097345132743364,9.094736842105261,9.10695652173913,9.125862068965516,9.14017094017094,9.161016949152538,9.189075630252097,9.22,9.244628099173555,9.268852459016392,9.28211382113821,9.29032258064516,9.296799999999998,9.299206349206345,9.297637795275586,9.2921875,82.25,987.0,12.0,12.0,12.0,12.0,12.0,12.0,12.0,12.0,12.0,12.0,12.0,12.0,12.0,12.0,22.0,77.0,176.0,312.0,472.0,639.0,794.0,920.0,1007.0,1053.0,1065.0,1065.0,1065.0,1065.0,1065.0,1065.0,1065.0,1065.0,1065.0,1065.0,1065.0,1065.0,1065.0,1065.0,1073.0,1133.0,1241.0,1388.0,1561.0,1742.0,1911.0,2051.0,2150.0,2205.0,2218.0,2218.0,2218.0,2218.0,2218.0,2218.0,2218.0,2218.0,2218.0,2218.0,2218.0,2218.0,2218.0,2218.0,2224.0,2259.0,2323.0,2414.0,2522.0,2634.0,2733.0,2804.0,2842.0,2856.0,2860.0,2860.0,2860.0,2860.0,2860.0,2860.0,2860.0,2860.0,2860.0,2860.0,2860.0,2860.0,2860.0,2860.0,2865.0,2906.0,2983.0,3091.0,3218.0,3349.0,3467.0,3558.0,3614.0,3639.0,3644.0,3644.0,3644.0,3644.0,3644.0,3644.0,3644.0,3644.0,3644.0,3644.0,3644.0,3644.0,3644.0,3644.0,3647.0,3716.0,3842.0,4013.0,4212.0,4422.0,4623.0,4794.0,4920.0,4991.0,5004.0,5004.0,5004.0,5004.0,5004.0,5004.0,5004.0,5004.0,54,February 23,Macon
0.004018998534631023,1.5536064444830782,1.2418761439363348,1.7143445757596574,1.7143445757596574,0.7700693948995745,1.361379373139509,4.589535767128064,4.589535767128064,0.737083795652392,1.457704909747986,2.487865253765865,2.487865253765865,0.6916343216874254,1.0517655474240084,3.2687683458818926,3.2687683458818926,0.5999872043653678,0.5108375258270416,7.558333333333333,-0.11382218556397442,0.11382218556397442,194.66372657111359,11.4,10.15,8.933333333333334,8.175,7.639999999999999,7.266666666666667,6.885714285714285,6.737500000000001,6.688888888888888,6.82,7.027272727272728,7.25,7.515384615384617,7.764285714285715,7.933333333333335,8.06875,8.176470588235293,8.255555555555556,8.336842105263159,8.415000000000001,8.41904761904762,8.4,8.382608695652175,8.354166666666666,8.331999999999999,8.246153846153847,8.125925925925927,8.053571428571429,7.986206896551724,7.94,7.912903225806452,7.918749999999999,7.9393939393939394,8.005882352941175,8.085714285714284,8.174999999999997,8.281081081081078,8.352631578947365,8.433333333333332,8.465,8.473170731707317,8.483333333333333,8.52093023255814,8.575,8.622222222222222,8.658695652173913,8.663829787234041,8.65625,8.640816326530611,8.597999999999999,8.543137254901959,8.474999999999998,8.390566037735848,8.325925925925924,8.278181818181817,8.25,8.261403508771929,8.279310344827586,8.315254237288135,8.356666666666666,8.4,8.44032258064516,8.479365079365078,8.5015625,8.53076923076923,8.56212121212121,8.577611940298508,8.594117647058823,8.608695652173912,8.612857142857141,8.614084507042254,8.602777777777778,8.593150684931507,8.577027027027025,8.564,8.556578947368418,8.563636363636363,8.564102564102562,8.563291139240505,8.567499999999999,8.575308641975308,8.589024390243901,8.606024096385541,8.63095238095238,8.66470588235294,8.695348837209302,8.722988505747127,8.748863636363636,8.773033707865167,8.794444444444443,8.813186813186814,8.832608695652171,8.850537634408601,8.848936170212765,8.841052631578947,8.825000000000001,8.789690721649485,8.759183673469387,8.737373737373737,8.722999999999999,8.710891089108909,8.701960784313725,8.702912621359221,8.700961538461538,8.695238095238095,8.704716981132075,8.720560747663551,8.733333333333333,8.75137614678899,8.765454545454544,8.785585585585585,8.814285714285715,8.838053097345131,8.862280701754386,8.884347826086955,8.914655172413791,8.951282051282053,8.979661016949155,9.007563025210088,9.027500000000002,9.03801652892562,9.041803278688528,9.038211382113824,9.033870967741938,9.022400000000001,9.015079365079366,9.017322834645672,9.021093749999999,35.166666666666664,422.0,1.0,1.0,1.0,1.0,1.0,1.0,1.0,1.0,1.0,1.0,1.0,1.0,1.0,1.0,13.0,65.0,158.0,286.0,437.0,594.0,740.0,857.0,935.0,976.0,988.0,988.0,988.0,988.0,988.0,988.0,988.0,988.0,988.0,988.0,988.0,988.0,988.0,988.0,998.0,1053.0,1152.0,1288.0,1448.0,1615.0,1770.0,1896.0,1983.0,2029.0,2041.0,2041.0,2041.0,2041.0,2041.0,2041.0,2041.0,2041.0,2041.0,2041.0,2041.0,2041.0,2041.0,2041.0,2049.0,2109.0,2217.0,2364.0,2537.0,2718.0,2887.0,3027.0,3126.0,3181.0,3194.0,3194.0,3194.0,3194.0,3194.0,3194.0,3194.0,3194.0,3194.0,3194.0,3194.0,3194.0,3194.0,3194.0,3200.0,3235.0,3299.0,3390.0,3498.0,3610.0,3709.0,3780.0,3818.0,3832.0,3836.0,3836.0,3836.0,3836.0,3836.0,3836.0,3836.0,3836.0,3836.0,3836.0,3836.0,3836.0,3836.0,3836.0,3841.0,3882.0,3959.0,4067.0,4194.0,4325.0,4443.0,4534.0,4590.0,4615.0,4620.0,4620.0,4620.0,4620.0,4620.0,4620.0,4620.0,4620.0,55,February 24,Macon
0.004018998534631023,1.5536064444830782,1.2418761439363348,1.7143445757596574,1.7143445757596574,0.7700693948995745,1.361379373139509,4.589535767128064,4.589535767128064,0.737083795652392,1.457704909747986,2.487865253765865,2.487865253765865,0.6916343216874254,1.0517655474240084,3.2687683458818926,3.2687683458818926,0.5999872043653678,0.5108375258270416,7.608333333333333,-0.6110306864095921,0.6110306864095921,85.44359255202626,9.8,8.6,7.966666666666666,7.5249999999999995,7.359999999999999,7.349999999999999,7.485714285714287,7.487500000000001,7.588888888888889,7.639999999999999,7.645454545454546,7.591666666666668,7.646153846153846,7.764285714285714,7.900000000000001,8.1125,8.358823529411765,8.633333333333333,8.942105263157895,9.239999999999998,9.480952380952381,9.704545454545455,9.908695652173913,10.016666666666666,10.072000000000001,10.026923076923076,9.896296296296295,9.753571428571428,9.606896551724137,9.466666666666667,9.30967741935484,9.196875,9.10909090909091,9.076470588235294,9.077142857142857,9.094444444444443,9.137837837837836,9.186842105263157,9.215384615384615,9.2375,9.253658536585366,9.261904761904763,9.274418604651162,9.288636363636362,9.271111111111109,9.243478260869564,9.217021276595743,9.185416666666667,9.157142857142857,9.096,9.015686274509804,8.959615384615383,8.90566037735849,8.862962962962962,8.83090909090909,8.817857142857143,8.814035087719299,8.837931034482757,8.871186440677965,8.911666666666665,8.963934426229509,8.996774193548386,9.036507936507938,9.046875,9.043076923076923,9.04090909090909,9.05671641791045,9.083823529411763,9.107246376811595,9.124285714285714,9.121126760563381,9.109722222222224,9.093150684931507,9.058108108108108,9.014666666666667,8.961842105263159,8.897402597402598,8.846153846153848,8.80632911392405,8.78,8.781481481481482,8.78780487804878,8.80722891566265,8.83095238095238,8.856470588235295,8.880232558139536,8.90344827586207,8.914772727272727,8.931460674157304,8.95,8.957142857142857,8.965217391304348,8.972043010752689,8.971276595744682,8.968421052631578,8.95625,8.945360824742268,8.929591836734694,8.916161616161615,8.907,8.908910891089109,8.905882352941177,8.901941747572815,8.901923076923076,8.904761904761905,8.912264150943395,8.922429906542057,8.938888888888888,8.962385321100918,8.983636363636363,9.002702702702702,9.020535714285714,9.037168141592918,9.051754385964912,9.064347826086957,9.077586206896552,9.08974358974359,9.086440677966102,9.078151260504201,9.063333333333333,9.033057851239668,9.00655737704918,8.9869918699187,8.973387096774195,8.961600000000002,8.952380952380953,8.951181102362206,8.94765625,106.66666666666667,1280.0,20.0,20.0,20.0,20.0,20.0,20.0,20.0,20.0,20.0,20.0,20.0,20.0,20.0,20.0,32.0,55.0,98.0,162.0,240.0,321.0,389.0,430.0,441.0,441.0,442.0,442.0,442.0,442.0,442.0,442.0,442.0,442.0,442.0,442.0,442.0,442.0,442.0,442.0,454.0,506.0,599.0,727.0,878.0,1035.0,1181.0,1298.0,1376.0,1417.0,1429.0,1429.0,1429.0,1429.0,1429.0,1429.0,1429.0,1429.0,1429.0,1429.0,1429.0,1429.0,1429.0,1429.0,1439.0,1494.0,1593.0,1729.0,1889.0,2056.0,2211.0,2337.0,2424.0,2470.0,2482.0,2482.0,2482.0,2482.0,2482.0,2482.0,2482.0,2482.0,2482.0,2482.0,2482.0,2482.0,2482.0,2482.0,2490.0,2550.0,2658.0,2805.0,2978.0,3159.0,3328.0,3468.0,3567.0,3622.0,3635.0,3635.0,3635.0,3635.0,3635.0,3635.0,3635.0,3635.0,3635.0,3635.0,3635.0,3635.0,3635.0,3635.0,3641.0,3676.0,3740.0,3831.0,3939.0,4051.0,4150.0,4221.0,4259.0,4273.0,4277.0,4277.0,4277.0,4277.0,4277.0,4277.0,4277.0,4277.0,56,February 25,Macon
0.004018998534631023,1.5536064444830782,1.2418761439363348,1.7143445757596574,1.7143445757596574,0.7700693948995745,1.361379373139509,4.589535767128064,4.589535767128064,0.737083795652392,1.457704909747986,2.487865253765865,2.487865253765865,0.6916343216874254,1.0517655474240084,3.2687683458818926,3.2687683458818926,0.5999872043653678,0.5108375258270416,8.016666666666666,-0.32930888166093025,0.32930888166093025,147.3284823284823,7.5,7.25,6.8999999999999995,6.55,6.38,6.5,6.714285714285714,6.9125,7.144444444444444,7.4,7.672727272727273,8.000000000000002,8.207692307692309,8.392857142857142,8.613333333333333,8.84375,9.058823529411764,9.283333333333333,9.53157894736842,9.735,9.904761904761903,10.054545454545453,10.156521739130435,10.195833333333333,10.18,10.073076923076922,9.948148148148148,9.814285714285715,9.706896551724135,9.626666666666667,9.583870967741936,9.51875,9.484848484848484,9.444117647058825,9.394285714285715,9.327777777777778,9.3,9.299999999999999,9.312820512820513,9.3625,9.434146341463414,9.526190476190477,9.64186046511628,9.761363636363637,9.862222222222222,9.960869565217392,10.055319148936169,10.10625,10.13265306122449,10.107999999999999,10.037254901960784,9.957692307692307,9.873584905660376,9.790740740740741,9.696363636363637,9.625,9.566666666666668,9.539655172413791,9.53220338983051,9.535,9.554098360655741,9.57741935483871,9.588888888888889,9.596875,9.601538461538462,9.601515151515152,9.6044776119403,9.608823529411765,9.592753623188408,9.570000000000002,9.547887323943664,9.52222222222222,9.498630136986302,9.452702702702704,9.393333333333333,9.350000000000001,9.307792207792208,9.273076923076925,9.245569620253168,9.23125,9.223456790123455,9.235365853658536,9.25421686746988,9.278571428571428,9.311764705882354,9.33139534883721,9.356321839080461,9.360227272727272,9.353932584269662,9.348888888888888,9.357142857142858,9.373913043478263,9.388172043010755,9.397872340425533,9.39263157894737,9.38125,9.3659793814433,9.33673469387755,9.301010101010101,9.258000000000001,9.205940594059406,9.16372549019608,9.130097087378642,9.106730769230769,9.104761904761904,9.106603773584904,9.118691588785047,9.13425925925926,9.151376146788992,9.16727272727273,9.182882882882884,9.189285714285715,9.2,9.212280701754386,9.215652173913043,9.219827586206899,9.223076923076924,9.220338983050848,9.215966386554623,9.204166666666667,9.193388429752066,9.178688524590164,9.165853658536586,9.156451612903224,9.156,9.1515873015873,9.146456692913386,9.14453125,72.25,867.0,10.0,10.0,10.0,10.0,10.0,10.0,10.0,10.0,10.0,10.0,10.0,10.0,10.0,10.0,25.0,93.0,211.0,371.0,558.0,753.0,937.0,1092.0,1205.0,1270.0,1290.0,1290.0,1290.0,1290.0,1290.0,1290.0,1290.0,1290.0,1290.0,1290.0,1290.0,1290.0,1290.0,1290.0,1302.0,1325.0,1368.0,1432.0,1510.0,1591.0,1659.0,1700.0,1711.0,1711.0,1712.0,1712.0,1712.0,1712.0,1712.0,1712.0,1712.0,1712.0,1712.0,1712.0,1712.0,1712.0,1712.0,1712.0,1724.0,1776.0,1869.0,1997.0,2148.0,2305.0,2451.0,2568.0,2646.0,2687.0,2699.0,2699.0,2699.0,2699.0,2699.0,2699.0,2699.0,2699.0,2699.0,2699.0,2699.0,2699.0,2699.0,2699.0,2709.0,2764.0,2863.0,2999.0,3159.0,3326.0,3481.0,3607.0,3694.0,3740.0,3752.0,3752.0,3752.0,3752.0,3752.0,3752.0,3752.0,3752.0,3752.0,3752.0,3752.0,3752.0,3752.0,3752.0,3760.0,3820.0,3928.0,4075.0,4248.0,4429.0,4598.0,4738.0,4837.0,4892.0,4905.0,4905.0,4905.0,4905.0,4905.0,4905.0,4905.0,4905.0,57,February 26,Macon
0.004018998534631023,1.5536064444830782,1.2418761439363348,1.7143445757596574,1.7143445757596574,0.7700693948995745,1.361379373139509,4.589535767128064,4.589535767128064,0.737083795652392,1.457704909747986,2.487865253765865,2.487865253765865,0.6916343216874254,1.0517655474240084,3.2687683458818926,3.2687683458818926,0.5999872043653678,0.5108375258270416,11.791666666666664,-0.40021555306519657,0.40021555306519657,131.75265017667846,6.9,6.550000000000001,6.6000000000000005,6.25,6.0200000000000005,5.783333333333332,5.6571428571428575,5.475,5.433333333333334,5.6000000000000005,5.845454545454547,6.208333333333335,6.6692307692307695,7.228571428571429,7.760000000000001,8.26875,8.623529411764705,8.866666666666667,9.010526315789473,9.069999999999997,9.104761904761904,9.104545454545454,9.113043478260868,9.095833333333333,9.032,8.953846153846154,8.851851851851851,8.732142857142856,8.62758620689655,8.576666666666664,8.558064516129031,8.55,8.563636363636363,8.59705882352941,8.648571428571426,8.730555555555553,8.783783783783782,8.836842105263159,8.91025641025641,8.995,9.080487804878048,9.176190476190476,9.288372093023256,9.386363636363635,9.473333333333333,9.554347826086957,9.614893617021277,9.645833333333334,9.648979591836733,9.604,9.547058823529412,9.482692307692307,9.430188679245282,9.39074074074074,9.370909090909091,9.3375,9.321052631578947,9.299999999999999,9.272881355932205,9.235000000000001,9.219672131147542,9.220967741935487,9.230158730158731,9.262500000000001,9.30923076923077,9.36969696969697,9.446268656716418,9.526470588235295,9.595652173913045,9.664285714285716,9.730985915492958,9.769444444444444,9.79178082191781,9.779729729729729,9.736000000000002,9.685526315789474,9.631168831168832,9.576923076923078,9.513924050632912,9.466249999999999,9.427160493827161,9.409756097560976,9.406024096385543,9.40952380952381,9.424705882352942,9.443023255813957,9.452873563218391,9.460227272727273,9.465168539325843,9.466666666666667,9.47032967032967,9.475000000000001,9.464516129032258,9.448936170212768,9.433684210526318,9.415625,9.398969072164947,9.36530612244898,9.321212121212122,9.289000000000001,9.25742574257426,9.231372549019609,9.210679611650487,9.2,9.194285714285714,9.20377358490566,9.218691588785047,9.237962962962964,9.26422018348624,9.280000000000001,9.300000000000002,9.303571428571429,9.299115044247786,9.29561403508772,9.302608695652175,9.316379310344828,9.328205128205129,9.336440677966102,9.332773109243698,9.324166666666665,9.312396694214877,9.289344262295081,9.2609756097561,9.226612903225808,9.184800000000001,9.15079365079365,9.123622047244096,9.1046875,91.33333333333333,1096.0,18.0,18.0,18.0,18.0,18.0,18.0,18.0,18.0,18.0,18.0,18.0,18.0,18.0,18.0,32.0,77.0,159.0,274.0,410.0,551.0,679.0,779.0,843.0,875.0,885.0,885.0,885.0,885.0,885.0,885.0,885.0,885.0,885.0,885.0,885.0,885.0,885.0,885.0,900.0,968.0,1086.0,1246.0,1433.0,1628.0,1812.0,1967.0,2080.0,2145.0,2165.0,2165.0,2165.0,2165.0,2165.0,2165.0,2165.0,2165.0,2165.0,2165.0,2165.0,2165.0,2165.0,2165.0,2177.0,2200.0,2243.0,2307.0,2385.0,2466.0,2534.0,2575.0,2586.0,2586.0,2587.0,2587.0,2587.0,2587.0,2587.0,2587.0,2587.0,2587.0,2587.0,2587.0,2587.0,2587.0,2587.0,2587.0,2599.0,2651.0,2744.0,2872.0,3023.0,3180.0,3326.0,3443.0,3521.0,3562.0,3574.0,3574.0,3574.0,3574.0,3574.0,3574.0,3574.0,3574.0,3574.0,3574.0,3574.0,3574.0,3574.0,3574.0,3584.0,3639.0,3738.0,3874.0,4034.0,4201.0,4356.0,4482.0,4569.0,4615.0,4627.0,4627.0,4627.0,4627.0,4627.0,4627.0,4627.0,4627.0,58,February 27,Macon
0.004018998534631023,1.5536064444830782,1.2418761439363348,1.7143445757596574,1.7143445757596574,0.7700693948995745,1.361379373139509,4.589535767128064,4.589535767128064,0.737083795652392,1.457704909747986,2.487865253765865,2.487865253765865,0.6916343216874254,1.0517655474240084,3.2687683458818926,3.2687683458818926,0.5999872043653678,0.5108375258270416,7.158333333333332,-0.03022712297356718,0.03022712297356718,213.0267753201397,8.9,8.2,8.0,7.35,6.8,6.616666666666667,6.7,6.7625,6.9222222222222225,7.15,7.318181818181818,7.425000000000001,7.500000000000001,7.557142857142857,7.640000000000001,7.706250000000001,7.723529411764707,7.733333333333334,7.78421052631579,7.825,7.8428571428571425,7.836363636363635,7.821739130434781,7.816666666666667,7.780000000000001,7.71923076923077,7.681481481481482,7.5928571428571425,7.506896551724139,7.409999999999999,7.329032258064516,7.23125,7.166666666666668,7.1647058823529415,7.1971428571428575,7.280555555555556,7.4135135135135135,7.6000000000000005,7.794871794871795,7.9975000000000005,8.151219512195121,8.266666666666667,8.344186046511629,8.386363636363637,8.417777777777777,8.432608695652174,8.451063829787234,8.45625,8.43673469387755,8.408,8.364705882352942,8.309615384615386,8.260377358490567,8.238888888888889,8.234545454545454,8.235714285714286,8.249122807017544,8.274137931034483,8.310169491525423,8.365,8.40327868852459,8.441935483870967,8.493650793650794,8.553125000000001,8.613846153846154,8.681818181818182,8.761194029850746,8.83235294117647,8.897101449275363,8.958571428571428,9.007042253521128,9.036111111111111,9.046575342465752,9.024324324324324,8.993333333333334,8.956578947368422,8.927272727272728,8.906410256410258,8.898734177215191,8.88125,8.875308641975309,8.865853658536587,8.851807228915662,8.829761904761904,8.823529411764707,8.829069767441863,8.840229885057473,8.868181818181819,8.906741573033708,8.955555555555556,9.016483516483516,9.080434782608695,9.136559139784946,9.192553191489361,9.247368421052633,9.28125,9.303092783505154,9.298979591836735,9.27070707070707,9.237,9.200000000000001,9.162745098039217,9.118446601941748,9.085576923076925,9.059047619047618,9.049056603773586,9.049532710280374,9.055555555555557,9.070642201834863,9.088181818181818,9.0990990990991,9.108035714285714,9.11504424778761,9.119298245614036,9.125217391304348,9.13189655172414,9.126495726495726,9.116949152542375,9.107563025210085,9.095833333333333,9.085123966942149,9.060655737704918,9.027642276422764,9.004032258064516,8.980799999999999,8.961904761904762,8.94724409448819,8.940624999999999,29.916666666666668,359.0,1.0,1.0,1.0,1.0,1.0,1.0,1.0,1.0,1.0,1.0,1.0,1.0,1.0,1.0,17.0,75.0,177.0,316.0,479.0,650.0,809.0,939.0,1029.0,1079.0,1097.0,1097.0,1097.0,1097.0,1097.0,1097.0,1097.0,1097.0,1097.0,1097.0,1097.0,1097.0,1097.0,1097.0,1111.0,1156.0,1238.0,1353.0,1489.0,1630.0,1758.0,1858.0,1922.0,1954.0,1964.0,1964.0,1964.0,1964.0,1964.0,1964.0,1964.0,1964.0,1964.0,1964.0,1964.0,1964.0,1964.0,1964.0,1979.0,2047.0,2165.0,2325.0,2512.0,2707.0,2891.0,3046.0,3159.0,3224.0,3244.0,3244.0,3244.0,3244.0,3244.0,3244.0,3244.0,3244.0,3244.0,3244.0,3244.0,3244.0,3244.0,3244.0,3256.0,3279.0,3322.0,3386.0,3464.0,3545.0,3613.0,3654.0,3665.0,3665.0,3666.0,3666.0,3666.0,3666.0,3666.0,3666.0,3666.0,3666.0,3666.0,3666.0,3666.0,3666.0,3666.0,3666.0,3678.0,3730.0,3823.0,3951.0,4102.0,4259.0,4405.0,4522.0,4600.0,4641.0,4653.0,4653.0,4653.0,4653.0,4653.0,4653.0,4653.0,4653.0,59,February 28,Macon
0.004018998534631023,1.5536064444830782,1.2418761439363348,1.7143445757596574,1.7143445757596574,0.7700693948995745,1.361379373139509,4.589535767128064,4.589535767128064,0.737083795652392,1.457704909747986,2.487865253765865,2.487865253765865,0.6916343216874254,1.0517655474240084,3.2687683458818926,3.2687683458818926,0.5999872043653678,0.5108375258270416,9.45,-0.7290266637762844,0.7290266637762844,59.523809523809526,6.8,6.85,6.8999999999999995,6.9750000000000005,6.919999999999999,7.099999999999999,7.514285714285713,7.8374999999999995,8.155555555555555,8.46,8.790909090909091,9.049999999999999,9.315384615384616,9.585714285714287,9.826666666666666,10.0875,10.329411764705883,10.577777777777778,10.794736842105262,10.95,11.038095238095238,11.045454545454545,10.995652173913044,10.945833333333333,10.863999999999999,10.734615384615383,10.618518518518519,10.432142857142855,10.23103448275862,10.08,9.987096774193548,9.9,9.848484848484848,9.829411764705881,9.805714285714286,9.77222222222222,9.735135135135133,9.69736842105263,9.674358974358974,9.65,9.609756097560975,9.569047619047618,9.548837209302325,9.527272727272726,9.497777777777776,9.458695652173912,9.417021276595744,9.38125,9.330612244897958,9.268,9.217647058823529,9.140384615384615,9.064150943396227,8.981481481481481,8.907272727272726,8.823214285714286,8.757894736842106,8.729310344827587,8.722033898305083,8.746666666666666,8.80327868852459,8.89516129032258,8.995238095238093,9.103125,9.183076923076921,9.24090909090909,9.276119402985072,9.28970588235294,9.297101449275363,9.294285714285715,9.294366197183098,9.28611111111111,9.261643835616438,9.23108108108108,9.190666666666665,9.142105263157896,9.097402597402597,9.071794871794872,9.058227848101266,9.048750000000002,9.048148148148147,9.05609756097561,9.072289156626505,9.102380952380953,9.121176470588235,9.140697674418606,9.170114942528736,9.20568181818182,9.242696629213484,9.285555555555554,9.337362637362638,9.383695652173914,9.425806451612903,9.465957446808511,9.496842105263159,9.513541666666667,9.516494845360825,9.494897959183673,9.466666666666667,9.434,9.406930693069308,9.386274509803922,9.375728155339806,9.357692307692307,9.348571428571427,9.336792452830188,9.321495327102804,9.3,9.290825688073395,9.290909090909093,9.295495495495498,9.313392857142857,9.339823008849557,9.374561403508773,9.419130434782609,9.466379310344827,9.507692307692308,9.54915254237288,9.589915966386554,9.614166666666668,9.628925619834709,9.62295081967213,9.597560975609754,9.567741935483872,9.535200000000003,9.502380952380951,9.463779527559057,9.434375,134.75,1617.0,36.0,36.0,36.0,36.0,36.0,36.0,36.0,36.0,36.0,36.0,36.0,36.0,36.0,36.0,46.0,62.0,97.0,153.0,224.0,298.0,358.0,390.0,394.0,394.0,395.0,395.0,395.0,395.0,395.0,395.0,395.0,395.0,395.0,395.0,395.0,395.0,395.0,395.0,411.0,469.0,571.0,710.0,873.0,1044.0,1203.0,1333.0,1423.0,1473.0,1491.0,1491.0,1491.0,1491.0,1491.0,1491.0,1491.0,1491.0,1491.0,1491.0,1491.0,1491.0,1491.0,1491.0,1505.0,1550.0,1632.0,1747.0,1883.0,2024.0,2152.0,2252.0,2316.0,2348.0,2358.0,2358.0,2358.0,2358.0,2358.0,2358.0,2358.0,2358.0,2358.0,2358.0,2358.0,2358.0,2358.0,2358.0,2373.0,2441.0,2559.0,2719.0,2906.0,3101.0,3285.0,3440.0,3553.0,3618.0,3638.0,3638.0,3638.0,3638.0,3638.0,3638.0,3638.0,3638.0,3638.0,3638.0,3638.0,3638.0,3638.0,3638.0,3650.0,3673.0,3716.0,3780.0,3858.0,3939.0,4007.0,4048.0,4059.0,4059.0,4060.0,4060.0,4060.0,4060.0,4060.0,4060.0,4060.0,4060.0,60,March 1,Macon
0.004018998534631023,1.5536064444830782,1.2418761439363348,1.7143445757596574,1.7143445757596574,0.7700693948995745,1.361379373139509,4.589535767128064,4.589535767128064,0.737083795652392,1.457704909747986,2.487865253765865,2.487865253765865,0.6916343216874254,1.0517655474240084,3.2687683458818926,3.2687683458818926,0.5999872043653678,0.5108375258270416,4.866666666666665,-0.2261001517450679,0.2261001517450679,170.00000000000006,9.8,10.0,10.166666666666666,10.1,9.9,9.716666666666667,9.557142857142855,9.4125,9.444444444444445,9.66,9.863636363636363,10.108333333333334,10.307692307692308,10.535714285714286,10.746666666666666,10.85,10.935294117647057,10.966666666666665,10.984210526315788,10.945,10.833333333333334,10.663636363636364,10.478260869565217,10.329166666666666,10.188000000000002,10.06153846153846,9.94814814814815,9.85,9.741379310344827,9.683333333333334,9.693548387096774,9.70625,9.736363636363636,9.779411764705882,9.845714285714287,9.902777777777779,9.972972972972974,10.055263157894737,10.135897435897435,10.232499999999998,10.329268292682928,10.435714285714285,10.534883720930232,10.611363636363636,10.66,10.671739130434782,10.65531914893617,10.637500000000001,10.60204081632653,10.54,10.48235294117647,10.384615384615385,10.275471698113208,10.190740740740742,10.136363636363637,10.083928571428572,10.050877192982457,10.036206896551725,10.01864406779661,9.995,9.968852459016393,9.941935483870965,9.923809523809522,9.9046875,9.875384615384615,9.845454545454544,9.828358208955224,9.810294117647057,9.78695652173913,9.757142857142858,9.725352112676056,9.697222222222223,9.658904109589042,9.61216216216216,9.573333333333334,9.51578947368421,9.45844155844156,9.396153846153846,9.339240506329114,9.275,9.223456790123455,9.197560975609756,9.186746987951807,9.198809523809523,9.234117647058824,9.295348837209302,9.363218390804597,9.4375,9.492134831460673,9.53111111111111,9.553846153846155,9.560869565217391,9.563440860215053,9.558510638297872,9.55578947368421,9.546875,9.525773195876289,9.5,9.466666666666667,9.427,9.390099009900991,9.367647058823529,9.354368932038835,9.34423076923077,9.340952380952382,9.34433962264151,9.354205607476635,9.375,9.387155963302753,9.4,9.420720720720722,9.446428571428573,9.473451327433628,9.505263157894738,9.544347826086957,9.579310344827588,9.611111111111112,9.641525423728813,9.66470588235294,9.676666666666666,9.67768595041322,9.659016393442624,9.634959349593498,9.607258064516131,9.584,9.565873015873015,9.555905511811023,9.539843750000001,36.583333333333336,439.0,1.0,1.0,1.0,1.0,1.0,1.0,1.0,1.0,1.0,1.0,1.0,1.0,1.0,1.0,23.0,112.0,259.0,451.0,672.0,904.0,1129.0,1328.0,1484.0,1582.0,1618.0,1618.0,1618.0,1618.0,1618.0,1618.0,1618.0,1618.0,1618.0,1618.0,1618.0,1618.0,1618.0,1618.0,1628.0,1644.0,1679.0,1735.0,1806.0,1880.0,1940.0,1972.0,1976.0,1976.0,1977.0,1977.0,1977.0,1977.0,1977.0,1977.0,1977.0,1977.0,1977.0,1977.0,1977.0,1977.0,1977.0,1977.0,1993.0,2051.0,2153.0,2292.0,2455.0,2626.0,2785.0,2915.0,3005.0,3055.0,3073.0,3073.0,3073.0,3073.0,3073.0,3073.0,3073.0,3073.0,3073.0,3073.0,3073.0,3073.0,3073.0,3073.0,3087.0,3132.0,3214.0,3329.0,3465.0,3606.0,3734.0,3834.0,3898.0,3930.0,3940.0,3940.0,3940.0,3940.0,3940.0,3940.0,3940.0,3940.0,3940.0,3940.0,3940.0,3940.0,3940.0,3940.0,3955.0,4023.0,4141.0,4301.0,4488.0,4683.0,4867.0,5022.0,5135.0,5200.0,5220.0,5220.0,5220.0,5220.0,5220.0,5220.0,5220.0,5220.0,61,November 2,Macon
0.004018998534631023,1.5536064444830782,1.2418761439363348,1.7143445757596574,1.7143445757596574,0.7700693948995745,1.361379373139509,4.589535767128064,4.589535767128064,0.737083795652392,1.457704909747986,2.487865253765865,2.487865253765865,0.6916343216874254,1.0517655474240084,3.2687683458818926,3.2687683458818926,0.5999872043653678,0.5108375258270416,2.5500000000000007,-0.5380701597786308,0.5380701597786308,101.47058823529407,13.1,13.0,13.200000000000001,13.7,14.16,14.516666666666666,14.87142857142857,15.0375,15.177777777777777,15.27,15.363636363636363,15.466666666666667,15.569230769230769,15.60714285714286,15.666666666666666,15.74375,15.794117647058824,15.81666666666667,15.805263157894737,15.810000000000002,15.77142857142857,15.654545454545456,15.495652173913042,15.300000000000002,15.08,14.892307692307694,14.729629629629631,14.557142857142859,14.36896551724138,14.183333333333335,14.003225806451614,13.828125,13.703030303030305,13.641176470588237,13.591428571428573,13.569444444444446,13.545945945945945,13.544736842105264,13.54871794871795,13.52,13.490243902439024,13.442857142857143,13.393023255813953,13.320454545454545,13.215555555555559,13.082608695652175,12.940425531914894,12.814583333333333,12.691836734693878,12.575999999999999,12.466666666666669,12.365384615384617,12.258490566037736,12.17962962962963,12.14,12.103571428571428,12.078947368421055,12.063793103448276,12.064406779661018,12.06166666666667,12.068852459016396,12.085483870967742,12.103174603174605,12.1328125,12.164615384615386,12.204545454545455,12.24179104477612,12.266176470588235,12.273913043478263,12.258571428571429,12.225352112676058,12.191666666666666,12.146575342465752,12.083783783783785,12.024000000000001,11.93684210526316,11.841558441558442,11.762820512820515,11.70506329113924,11.648750000000001,11.606172839506174,11.576829268292682,11.545783132530122,11.510714285714286,11.474117647058824,11.437209302325583,11.406896551724138,11.376136363636363,11.338202247191012,11.3,11.271428571428572,11.242391304347825,11.209677419354838,11.172340425531912,11.133684210526317,11.097916666666668,11.05463917525773,11.005102040816327,10.96161616161616,10.903999999999998,10.846534653465344,10.785294117647059,10.728155339805825,10.665384615384614,10.61238095238095,10.579245283018869,10.557943925233646,10.554629629629629,10.569724770642203,10.605454545454545,10.646846846846847,10.693749999999998,10.725663716814159,10.74561403508772,10.753043478260869,10.748275862068965,10.740170940170941,10.726271186440677,10.714285714285714,10.697500000000002,10.671074380165289,10.640983606557379,10.604878048780488,10.563709677419356,10.5248,10.497619047619047,10.477952755905513,10.4609375,51.416666666666664,617.0,4.0,4.0,4.0,4.0,4.0,4.0,4.0,4.0,4.0,4.0,4.0,4.0,4.0,4.0,4.0,21.0,60.0,124.0,204.0,288.0,361.0,413.0,438.0,442.0,443.0,443.0,443.0,443.0,443.0,443.0,443.0,443.0,443.0,443.0,443.0,443.0,443.0,443.0,465.0,554.0,701.0,893.0,1114.0,1346.0,1571.0,1770.0,1926.0,2024.0,2060.0,2060.0,2060.0,2060.0,2060.0,2060.0,2060.0,2060.0,2060.0,2060.0,2060.0,2060.0,2060.0,2060.0,2070.0,2086.0,2121.0,2177.0,2248.0,2322.0,2382.0,2414.0,2418.0,2418.0,2419.0,2419.0,2419.0,2419.0,2419.0,2419.0,2419.0,2419.0,2419.0,2419.0,2419.0,2419.0,2419.0,2419.0,2435.0,2493.0,2595.0,2734.0,2897.0,3068.0,3227.0,3357.0,3447.0,3497.0,3515.0,3515.0,3515.0,3515.0,3515.0,3515.0,3515.0,3515.0,3515.0,3515.0,3515.0,3515.0,3515.0,3515.0,3529.0,3574.0,3656.0,3771.0,3907.0,4048.0,4176.0,4276.0,4340.0,4372.0,4382.0,4382.0,4382.0,4382.0,4382.0,4382.0,4382.0,4382.0,62,November 3,Macon
0.004018998534631023,1.5536064444830782,1.2418761439363348,1.7143445757596574,1.7143445757596574,0.7700693948995745,1.361379373139509,4.589535767128064,4.589535767128064,0.737083795652392,1.457704909747986,2.487865253765865,2.487865253765865,0.6916343216874254,1.0517655474240084,3.2687683458818926,3.2687683458818926,0.5999872043653678,0.5108375258270416,4.450000000000001,-0.25559666501849937,0.25559666501849937,163.52059925093627,13.6,13.0,13.100000000000001,13.325000000000001,13.6,14.033333333333333,14.414285714285713,14.662499999999998,14.799999999999999,14.87,14.954545454545455,14.966666666666667,15.053846153846154,15.235714285714284,15.399999999999999,15.63125,15.835294117647058,16.005555555555556,16.19473684210526,16.325000000000003,16.385714285714286,16.395454545454545,16.330434782608698,16.208333333333332,16.084,15.961538461538462,15.874074074074075,15.85,15.855172413793104,15.87,15.906451612903227,15.915625,15.927272727272728,15.932352941176472,15.942857142857143,15.961111111111109,15.983783783783784,15.986842105263158,16.0,16.0225,16.036585365853657,16.04047619047619,16.030232558139534,16.027272727272727,16.004444444444445,15.943478260869567,15.859574468085109,15.754166666666668,15.632653061224492,15.524000000000001,15.425490196078432,15.319230769230769,15.20188679245283,15.083333333333336,14.965454545454548,14.848214285714286,14.757894736842106,14.703448275862069,14.65593220338983,14.625,14.59344262295082,14.575806451612904,14.561904761904763,14.528125,14.493846153846155,14.44848484848485,14.401492537313432,14.339705882352941,14.256521739130436,14.154285714285717,14.045070422535211,13.945833333333333,13.847945205479453,13.754054054054054,13.664,13.578947368421053,13.489610389610391,13.41923076923077,13.375949367088609,13.334999999999999,13.302469135802468,13.276829268292683,13.262650602409638,13.246428571428572,13.23764705882353,13.23604651162791,13.235632183908049,13.244318181818182,13.255056179775279,13.272222222222222,13.287912087912089,13.294565217391304,13.289247311827959,13.267021276595747,13.23157894736842,13.195833333333333,13.151546391752575,13.093877551020409,13.038383838383838,12.962,12.879207920792078,12.808823529411766,12.754368932038835,12.70096153846154,12.658095238095237,12.62547169811321,12.591588785046728,12.554629629629629,12.51651376146789,12.47818181818182,12.445045045045045,12.411607142857141,12.372566371681415,12.333333333333334,12.30173913043478,12.269827586206896,12.235042735042734,12.196610169491526,12.157142857142858,12.120000000000001,12.076859504132232,12.028688524590164,11.985365853658536,11.930645161290322,11.876,11.81825396825397,11.763779527559056,11.704687499999999,26.333333333333332,316.0,0.0,0.0,0.0,0.0,0.0,0.0,0.0,0.0,0.0,0.0,0.0,0.0,0.0,0.0,0.0,16.0,66.0,145.0,245.0,354.0,457.0,539.0,591.0,613.0,617.0,617.0,617.0,617.0,617.0,617.0,617.0,617.0,617.0,617.0,617.0,617.0,617.0,617.0,617.0,634.0,673.0,737.0,817.0,901.0,974.0,1026.0,1051.0,1055.0,1056.0,1056.0,1056.0,1056.0,1056.0,1056.0,1056.0,1056.0,1056.0,1056.0,1056.0,1056.0,1056.0,1056.0,1078.0,1167.0,1314.0,1506.0,1727.0,1959.0,2184.0,2383.0,2539.0,2637.0,2673.0,2673.0,2673.0,2673.0,2673.0,2673.0,2673.0,2673.0,2673.0,2673.0,2673.0,2673.0,2673.0,2673.0,2683.0,2699.0,2734.0,2790.0,2861.0,2935.0,2995.0,3027.0,3031.0,3031.0,3032.0,3032.0,3032.0,3032.0,3032.0,3032.0,3032.0,3032.0,3032.0,3032.0,3032.0,3032.0,3032.0,3032.0,3048.0,3106.0,3208.0,3347.0,3510.0,3681.0,3840.0,3970.0,4060.0,4110.0,4128.0,4128.0,4128.0,4128.0,4128.0,4128.0,4128.0,4128.0,63,November 4,Macon
0.004018998534631023,1.5536064444830782,1.2418761439363348,1.7143445757596574,1.7143445757596574,0.7700693948995745,1.361379373139509,4.589535767128064,4.589535767128064,0.737083795652392,1.457704909747986,2.487865253765865,2.487865253765865,0.6916343216874254,1.0517655474240084,3.2687683458818926,3.2687683458818926,0.5999872043653678,0.5108375258270416,3.6999999999999993,-0.7138375097403927,0.7138375097403927,62.86036036036037,11.3,11.350000000000001,11.366666666666667,11.7,12.179999999999998,12.533333333333331,12.885714285714286,13.05,13.188888888888888,13.370000000000001,13.554545454545456,13.691666666666668,13.853846153846153,13.985714285714286,14.133333333333335,14.33125,14.5,14.605555555555554,14.694736842105263,14.754999999999999,14.785714285714286,14.781818181818181,14.691304347826087,14.620833333333332,14.58,14.496153846153847,14.451851851851849,14.435714285714283,14.444827586206896,14.503333333333332,14.574193548387095,14.63125,14.669696969696968,14.694117647058823,14.725714285714284,14.73611111111111,14.77297297297297,14.84736842105263,14.92051282051282,15.025,15.124390243902436,15.214285714285714,15.31627906976744,15.395454545454543,15.444444444444445,15.469565217391304,15.457446808510635,15.414583333333335,15.36734693877551,15.318,15.284313725490197,15.282692307692308,15.296226415094338,15.314814814814813,15.345454545454546,15.360714285714286,15.37719298245614,15.389655172413793,15.40508474576271,15.425,15.447540983606558,15.458064516129031,15.474603174603175,15.496875,15.513846153846155,15.524242424242427,15.525373134328358,15.530882352941179,15.523188405797104,15.49,15.440845070422538,15.37638888888889,15.299999999999999,15.231081081081083,15.168000000000001,15.098684210526319,15.020779220779222,14.941025641025643,14.860759493670889,14.780000000000001,14.717283950617286,14.679268292682927,14.645783132530122,14.623809523809525,14.601176470588234,14.588372093023255,14.57816091954023,14.553409090909089,14.52808988764045,14.494444444444444,14.459340659340661,14.413043478260873,14.350537634408603,14.27340425531915,14.190526315789475,14.114583333333334,14.039175257731959,13.966326530612246,13.8959595959596,13.829,13.75841584158416,13.701960784313727,13.666019417475729,13.631730769230769,13.603809523809522,13.5811320754717,13.567289719626169,13.551851851851856,13.542201834862386,13.538181818181819,13.535135135135135,13.539285714285715,13.545132743362833,13.556140350877193,13.56608695652174,13.56896551724138,13.562393162393164,13.542372881355934,13.511764705882351,13.480833333333331,13.44297520661157,13.394262295081969,13.347154471544716,13.283064516129034,13.2136,13.153968253968255,13.107086614173229,13.060937500000001,81.33333333333333,976.0,16.0,16.0,16.0,16.0,16.0,16.0,16.0,16.0,16.0,16.0,16.0,16.0,16.0,16.0,16.0,31.0,66.0,116.0,175.0,236.0,288.0,322.0,332.0,332.0,332.0,332.0,332.0,332.0,332.0,332.0,332.0,332.0,332.0,332.0,332.0,332.0,332.0,332.0,332.0,348.0,398.0,477.0,577.0,686.0,789.0,871.0,923.0,945.0,949.0,949.0,949.0,949.0,949.0,949.0,949.0,949.0,949.0,949.0,949.0,949.0,949.0,949.0,949.0,966.0,1005.0,1069.0,1149.0,1233.0,1306.0,1358.0,1383.0,1387.0,1388.0,1388.0,1388.0,1388.0,1388.0,1388.0,1388.0,1388.0,1388.0,1388.0,1388.0,1388.0,1388.0,1388.0,1410.0,1499.0,1646.0,1838.0,2059.0,2291.0,2516.0,2715.0,2871.0,2969.0,3005.0,3005.0,3005.0,3005.0,3005.0,3005.0,3005.0,3005.0,3005.0,3005.0,3005.0,3005.0,3005.0,3005.0,3015.0,3031.0,3066.0,3122.0,3193.0,3267.0,3327.0,3359.0,3363.0,3363.0,3364.0,3364.0,3364.0,3364.0,3364.0,3364.0,3364.0,3364.0,64,November 5,Macon
0.004018998534631023,1.5536064444830782,1.2418761439363348,1.7143445757596574,1.7143445757596574,0.7700693948995745,1.361379373139509,4.589535767128064,4.589535767128064,0.737083795652392,1.457704909747986,2.487865253765865,2.487865253765865,0.6916343216874254,1.0517655474240084,3.2687683458818926,3.2687683458818926,0.5999872043653678,0.5108375258270416,3.958333333333332,-0.3244309559939299,0.3244309559939299,148.40000000000003,11.2,11.0,10.9,10.8,10.940000000000001,11.200000000000001,11.471428571428572,11.7375,11.966666666666667,12.25,12.554545454545455,12.825000000000001,13.107692307692306,13.378571428571428,13.613333333333333,13.78125,13.958823529411763,14.133333333333333,14.331578947368419,14.495,14.628571428571428,14.67727272727273,14.65217391304348,14.5625,14.432,14.315384615384614,14.207407407407405,14.153571428571427,14.151724137931033,14.156666666666666,14.183870967741935,14.184375000000001,14.187878787878788,14.211764705882352,14.245714285714286,14.272222222222224,14.313513513513515,14.350000000000001,14.3974358974359,14.469999999999999,14.536585365853659,14.58095238095238,14.620930232558141,14.65,14.666666666666666,14.667391304347827,14.62553191489362,14.591666666666669,14.571428571428571,14.527999999999999,14.503921568627453,14.49423076923077,14.498113207547172,14.52962962962963,14.56909090909091,14.601785714285715,14.624561403508773,14.639655172413793,14.659322033898306,14.666666666666666,14.69016393442623,14.73709677419355,14.784126984126983,14.8515625,14.916923076923077,14.977272727272727,15.046268656716416,15.101470588235292,15.13768115942029,15.158571428571431,15.154929577464792,15.130555555555556,15.102739726027398,15.072972972972973,15.053333333333336,15.055263157894737,15.067532467532468,15.083333333333336,15.10759493670886,15.121249999999998,15.135802469135802,15.147560975609755,15.161445783132528,15.178571428571429,15.197647058823529,15.208139534883719,15.222988505747127,15.242045454545456,15.25730337078652,15.267777777777779,15.271428571428574,15.27826086956522,15.275268817204303,15.253191489361704,15.218947368421052,15.172916666666666,15.11752577319588,15.06734693877551,15.021212121212123,14.970000000000002,14.911881188118814,14.851960784313727,14.79126213592233,14.729807692307693,14.681904761904763,14.652830188679246,14.62710280373832,14.610185185185186,14.592660550458717,14.582727272727274,14.574774774774774,14.555357142857144,14.535398230088495,14.508771929824562,14.480869565217393,14.44396551724138,14.394017094017094,14.332203389830509,14.265546218487396,14.204166666666667,14.142975206611572,14.083606557377049,14.026016260162603,13.970967741935485,13.9128,13.865873015873017,13.835433070866141,13.806250000000002,37.083333333333336,445.0,1.0,1.0,1.0,1.0,1.0,1.0,1.0,1.0,1.0,1.0,1.0,1.0,1.0,1.0,1.0,14.0,83.0,197.0,342.0,501.0,657.0,795.0,899.0,961.0,977.0,977.0,977.0,977.0,977.0,977.0,977.0,977.0,977.0,977.0,977.0,977.0,977.0,977.0,977.0,992.0,1027.0,1077.0,1136.0,1197.0,1249.0,1283.0,1293.0,1293.0,1293.0,1293.0,1293.0,1293.0,1293.0,1293.0,1293.0,1293.0,1293.0,1293.0,1293.0,1293.0,1293.0,1293.0,1293.0,1309.0,1359.0,1438.0,1538.0,1647.0,1750.0,1832.0,1884.0,1906.0,1910.0,1910.0,1910.0,1910.0,1910.0,1910.0,1910.0,1910.0,1910.0,1910.0,1910.0,1910.0,1910.0,1910.0,1910.0,1927.0,1966.0,2030.0,2110.0,2194.0,2267.0,2319.0,2344.0,2348.0,2349.0,2349.0,2349.0,2349.0,2349.0,2349.0,2349.0,2349.0,2349.0,2349.0,2349.0,2349.0,2349.0,2349.0,2371.0,2460.0,2607.0,2799.0,3020.0,3252.0,3477.0,3676.0,3832.0,3930.0,3966.0,3966.0,3966.0,3966.0,3966.0,3966.0,3966.0,3966.0,65,November 6,Macon
0.004018998534631023,1.5536064444830782,1.2418761439363348,1.7143445757596574,1.7143445757596574,0.7700693948995745,1.361379373139509,4.589535767128064,4.589535767128064,0.737083795652392,1.457704909747986,2.487865253765865,2.487865253765865,0.6916343216874254,1.0517655474240084,3.2687683458818926,3.2687683458818926,0.5999872043653678,0.5108375258270416,5.8249999999999975,-0.4253876663171534,0.4253876663171534,126.22317596566528,10.5,10.3,10.200000000000001,10.525,10.940000000000001,11.066666666666668,11.228571428571428,11.425,11.61111111111111,11.919999999999998,12.281818181818181,12.566666666666665,12.907692307692306,13.235714285714284,13.526666666666666,13.73125,13.929411764705883,14.083333333333332,14.194736842105266,14.305000000000001,14.414285714285716,14.454545454545457,14.408695652173915,14.304166666666665,14.18,14.05,13.925925925925926,13.803571428571429,13.724137931034484,13.683333333333335,13.66451612903226,13.6625,13.666666666666666,13.700000000000001,13.754285714285714,13.811111111111112,13.883783783783786,13.963157894736844,14.038461538461538,14.095000000000002,14.160975609756099,14.230952380952385,14.316279069767443,14.390909090909094,14.455555555555557,14.482608695652177,14.474468085106388,14.433333333333332,14.36938775510204,14.31,14.252941176470587,14.223076923076924,14.220754716981133,14.222222222222225,14.236363636363638,14.235714285714286,14.236842105263158,14.250000000000002,14.269491525423728,14.285,14.309836065573773,14.33225806451613,14.361904761904764,14.407812499999999,14.45076923076923,14.48030303030303,14.507462686567166,14.527941176470588,14.540579710144929,14.542857142857144,14.516901408450709,14.495833333333334,14.483561643835616,14.455405405405402,14.44,14.43421052631579,14.437662337662335,14.460256410256408,14.488607594936708,14.5125,14.52962962962963,14.541463414634144,14.556626506024093,14.563095238095238,14.58117647058823,14.616279069767439,14.651724137931032,14.702272727272726,14.751685393258425,14.797777777777775,14.850549450549446,14.893478260869562,14.922580645161288,14.940425531914892,14.939999999999998,14.923958333333333,14.905154639175258,14.884693877551019,14.871717171717169,14.875,14.886138613861384,14.9,14.92038834951456,14.932692307692308,14.945714285714285,14.956603773584904,14.969158878504672,14.98425925925926,15.00091743119266,15.010909090909092,15.024324324324324,15.041071428571428,15.054867256637168,15.064912280701755,15.069565217391304,15.076724137931034,15.076068376068374,15.060169491525423,15.034453781512605,14.999166666666667,14.956198347107438,14.917213114754098,14.881300813008131,14.841129032258063,14.7952,14.747619047619047,14.699212598425197,14.65,48.75,585.0,4.0,4.0,4.0,4.0,4.0,4.0,4.0,4.0,4.0,4.0,4.0,4.0,4.0,4.0,4.0,16.0,56.0,121.0,201.0,283.0,356.0,410.0,440.0,448.0,449.0,449.0,449.0,449.0,449.0,449.0,449.0,449.0,449.0,449.0,449.0,449.0,449.0,449.0,449.0,462.0,531.0,645.0,790.0,949.0,1105.0,1243.0,1347.0,1409.0,1425.0,1425.0,1425.0,1425.0,1425.0,1425.0,1425.0,1425.0,1425.0,1425.0,1425.0,1425.0,1425.0,1425.0,1425.0,1440.0,1475.0,1525.0,1584.0,1645.0,1697.0,1731.0,1741.0,1741.0,1741.0,1741.0,1741.0,1741.0,1741.0,1741.0,1741.0,1741.0,1741.0,1741.0,1741.0,1741.0,1741.0,1741.0,1741.0,1757.0,1807.0,1886.0,1986.0,2095.0,2198.0,2280.0,2332.0,2354.0,2358.0,2358.0,2358.0,2358.0,2358.0,2358.0,2358.0,2358.0,2358.0,2358.0,2358.0,2358.0,2358.0,2358.0,2358.0,2375.0,2414.0,2478.0,2558.0,2642.0,2715.0,2767.0,2792.0,2796.0,2797.0,2797.0,2797.0,2797.0,2797.0,2797.0,2797.0,2797.0,66,November 7,Macon
0.004018998534631023,1.5536064444830782,1.2418761439363348,1.7143445757596574,1.7143445757596574,0.7700693948995745,1.361379373139509,4.589535767128064,4.589535767128064,0.737083795652392,1.457704909747986,2.487865253765865,2.487865253765865,0.6916343216874254,1.0517655474240084,3.2687683458818926,3.2687683458818926,0.5999872043653678,0.5108375258270416,1.991666666666664,-0.5232411222785879,0.5232411222785879,104.72803347280352,16.6,16.05,16.033333333333335,16.075000000000003,15.9,15.449999999999998,15.057142857142859,14.8625,14.533333333333331,14.309999999999999,14.109090909090908,13.999999999999998,13.946153846153845,13.971428571428572,14.033333333333331,14.0875,14.123529411764705,14.2,14.25263157894737,14.285000000000002,14.32380952380952,14.29090909090909,14.213043478260868,14.087499999999999,13.944,13.796153846153846,13.655555555555557,13.578571428571427,13.544827586206894,13.48333333333333,13.441935483870965,13.421875,13.412121212121212,13.45,13.52,13.580555555555556,13.672972972972973,13.773684210526312,13.871794871794869,13.944999999999999,14.021951219512195,14.085714285714285,14.134883720930235,14.186363636363637,14.240000000000002,14.263043478260872,14.244680851063832,14.195833333333335,14.13469387755102,14.068000000000001,14.001960784313725,13.934615384615388,13.888679245283022,13.862962962962968,13.849090909090911,13.844642857142857,13.843859649122807,13.860344827586207,13.889830508474578,13.921666666666669,13.963934426229509,14.011290322580647,14.05714285714286,14.092187500000001,14.133846153846156,14.17878787878788,14.234328358208957,14.283823529411766,14.327536231884062,14.34714285714286,14.343661971830988,14.318055555555556,14.276712328767124,14.237837837837837,14.2,14.180263157894734,14.17922077922078,14.180769230769233,14.191139240506331,14.19125,14.192592592592591,14.202439024390243,14.216867469879517,14.22857142857143,14.24705882352941,14.263953488372094,14.286206896551725,14.320454545454544,14.35280898876404,14.375555555555552,14.396703296703295,14.41304347826087,14.423655913978495,14.426595744680853,14.408421052631581,14.393749999999999,14.385567010309279,14.365306122448978,14.354545454545454,14.350999999999997,14.354455445544554,14.37254901960784,14.395145631067962,14.414423076923075,14.428571428571427,14.43867924528302,14.451401869158875,14.457407407407405,14.472477064220184,14.500909090909092,14.52972972972973,14.570535714285713,14.610619469026549,14.648245614035085,14.691304347826087,14.726724137931033,14.751282051282052,14.76694915254237,14.768067226890757,14.756666666666666,14.742975206611566,14.727868852459014,14.718699186991868,14.722580645161292,14.7328,14.745238095238093,14.762992125984253,14.77421875,57.833333333333336,694.0,6.0,6.0,6.0,6.0,6.0,6.0,6.0,6.0,6.0,6.0,6.0,6.0,6.0,6.0,6.0,16.0,63.0,140.0,237.0,341.0,438.0,515.0,564.0,587.0,591.0,591.0,591.0,591.0,591.0,591.0,591.0,591.0,591.0,591.0,591.0,591.0,591.0,591.0,591.0,603.0,643.0,708.0,788.0,870.0,943.0,997.0,1027.0,1035.0,1036.0,1036.0,1036.0,1036.0,1036.0,1036.0,1036.0,1036.0,1036.0,1036.0,1036.0,1036.0,1036.0,1036.0,1036.0,1049.0,1118.0,1232.0,1377.0,1536.0,1692.0,1830.0,1934.0,1996.0,2012.0,2012.0,2012.0,2012.0,2012.0,2012.0,2012.0,2012.0,2012.0,2012.0,2012.0,2012.0,2012.0,2012.0,2012.0,2027.0,2062.0,2112.0,2171.0,2232.0,2284.0,2318.0,2328.0,2328.0,2328.0,2328.0,2328.0,2328.0,2328.0,2328.0,2328.0,2328.0,2328.0,2328.0,2328.0,2328.0,2328.0,2328.0,2328.0,2344.0,2394.0,2473.0,2573.0,2682.0,2785.0,2867.0,2919.0,2941.0,2945.0,2945.0,2945.0,2945.0,2945.0,2945.0,2945.0,2945.0,67,November 8,Macon
0.004018998534631023,1.5536064444830782,1.2418761439363348,1.7143445757596574,1.7143445757596574,0.7700693948995745,1.361379373139509,4.589535767128064,4.589535767128064,0.737083795652392,1.457704909747986,2.487865253765865,2.487865253765865,0.6916343216874254,1.0517655474240084,3.2687683458818926,3.2687683458818926,0.5999872043653678,0.5108375258270416,3.5500000000000007,-0.4708157900361195,0.4708157900361195,116.24413145539906,14.3,14.65,14.733333333333334,14.5,14.280000000000001,14.08333333333333,13.914285714285715,13.825,13.633333333333333,13.430000000000001,13.227272727272727,13.1,13.130769230769232,13.22857142857143,13.34666666666667,13.59375,13.9,14.266666666666667,14.600000000000001,14.905000000000001,15.166666666666666,15.33181818181818,15.452173913043477,15.554166666666667,15.596000000000002,15.592307692307694,15.60740740740741,15.62857142857143,15.613793103448275,15.533333333333333,15.441935483870967,15.38125,15.275757575757577,15.188235294117646,15.1,15.03611111111111,14.98918918918919,14.971052631578944,14.969230769230766,14.967500000000001,14.960975609756098,14.973809523809523,14.979069767441858,14.977272727272725,14.979999999999999,14.95,14.897872340425527,14.820833333333333,14.732653061224488,14.64,14.549019607843135,14.490384615384613,14.454716981132075,14.403703703703703,14.363636363636362,14.335714285714285,14.314035087719297,14.320689655172412,14.347457627118642,14.37,14.413114754098357,14.46290322580645,14.512698412698413,14.548437499999999,14.587692307692306,14.619696969696967,14.64328358208955,14.669117647058822,14.697101449275362,14.705714285714286,14.687323943661971,14.648611111111112,14.601369863013696,14.55,14.49866666666667,14.446052631578949,14.407792207792209,14.383333333333335,14.367088607594937,14.357499999999998,14.350617283950616,14.356097560975607,14.371084337349396,14.388095238095238,14.412941176470587,14.44186046511628,14.470114942528737,14.490909090909092,14.51685393258427,14.545555555555557,14.582417582417586,14.61521739130435,14.644086021505377,14.655319148936172,14.649473684210527,14.627083333333331,14.592783505154639,14.560204081632651,14.528282828282828,14.51,14.505940594059405,14.503921568627453,14.508737864077672,14.50576923076923,14.503809523809522,14.508490566037734,14.516822429906542,14.523148148148149,14.5348623853211,14.545454545454545,14.560360360360361,14.584821428571429,14.607964601769911,14.623684210526315,14.638260869565217,14.649137931034483,14.655555555555557,14.655932203389831,14.639495798319327,14.625833333333334,14.617355371900826,14.599180327868853,14.588617886178863,14.583870967741936,14.5848,14.597619047619046,14.614173228346457,14.628124999999999,48.0,576.0,3.0,3.0,3.0,3.0,3.0,3.0,3.0,3.0,3.0,3.0,3.0,3.0,3.0,3.0,3.0,12.0,64.0,150.0,261.0,382.0,497.0,592.0,657.0,691.0,697.0,697.0,697.0,697.0,697.0,697.0,697.0,697.0,697.0,697.0,697.0,697.0,697.0,697.0,697.0,707.0,754.0,831.0,928.0,1032.0,1129.0,1206.0,1255.0,1278.0,1282.0,1282.0,1282.0,1282.0,1282.0,1282.0,1282.0,1282.0,1282.0,1282.0,1282.0,1282.0,1282.0,1282.0,1282.0,1294.0,1334.0,1399.0,1479.0,1561.0,1634.0,1688.0,1718.0,1726.0,1727.0,1727.0,1727.0,1727.0,1727.0,1727.0,1727.0,1727.0,1727.0,1727.0,1727.0,1727.0,1727.0,1727.0,1727.0,1740.0,1809.0,1923.0,2068.0,2227.0,2383.0,2521.0,2625.0,2687.0,2703.0,2703.0,2703.0,2703.0,2703.0,2703.0,2703.0,2703.0,2703.0,2703.0,2703.0,2703.0,2703.0,2703.0,2703.0,2718.0,2753.0,2803.0,2862.0,2923.0,2975.0,3009.0,3019.0,3019.0,3019.0,3019.0,3019.0,3019.0,3019.0,3019.0,3019.0,3019.0,68,November 9,Macon
0.004018998534631023,1.5536064444830782,1.2418761439363348,1.7143445757596574,1.7143445757596574,0.7700693948995745,1.361379373139509,4.589535767128064,4.589535767128064,0.737083795652392,1.457704909747986,2.487865253765865,2.487865253765865,0.6916343216874254,1.0517655474240084,3.2687683458818926,3.2687683458818926,0.5999872043653678,0.5108375258270416,9.091666666666667,-0.47691764178984086,0.47691764178984086,114.90375802016494,11.0,10.65,10.633333333333333,10.575,10.540000000000001,10.5,10.685714285714285,10.7875,10.97777777777778,11.21,11.427272727272728,11.533333333333331,11.646153846153847,11.735714285714286,11.886666666666667,12.14375,12.411764705882353,12.716666666666669,13.063157894736843,13.420000000000002,13.680952380952384,13.840909090909092,13.934782608695652,13.991666666666667,14.004000000000001,14.042307692307693,14.074074074074076,14.064285714285715,14.041379310344826,14.01,13.974193548387097,13.95,13.893939393939394,13.826470588235296,13.751428571428571,13.694444444444445,13.68918918918919,13.710526315789474,13.743589743589743,13.8325,13.953658536585367,14.109523809523807,14.260465116279068,14.40681818181818,14.539999999999996,14.63260869565217,14.7063829787234,14.772916666666665,14.810204081632653,14.823999999999998,14.847058823529412,14.87307692307692,14.879245283018866,14.848148148148145,14.809090909090907,14.785714285714286,14.735087719298246,14.693103448275862,14.649152542372882,14.618333333333332,14.59672131147541,14.591935483870966,14.596825396825395,14.6015625,14.603076923076923,14.616666666666665,14.625373134328358,14.629411764705882,14.63623188405797,14.62142857142857,14.591549295774648,14.544444444444443,14.489041095890409,14.42972972972973,14.370666666666667,14.332894736842105,14.310389610389608,14.276923076923076,14.250632911392405,14.232499999999998,14.218518518518518,14.224390243902437,14.244578313253012,14.261904761904763,14.294117647058824,14.331395348837209,14.368965517241378,14.39659090909091,14.426966292134832,14.452222222222222,14.47142857142857,14.492391304347825,14.51505376344086,14.52340425531915,14.51157894736842,14.484375,14.450515463917526,14.41326530612245,14.375757575757577,14.337,14.30891089108911,14.291176470588233,14.279611650485437,14.273076923076925,14.268571428571429,14.273584905660375,14.285981308411214,14.299999999999999,14.320183486238532,14.343636363636366,14.366666666666667,14.383928571428571,14.405309734513274,14.428947368421053,14.459130434782608,14.486206896551725,14.51025641025641,14.520338983050848,14.516806722689076,14.500000000000002,14.473553719008265,14.448360655737705,14.423577235772356,14.40967741935484,14.4072,14.406349206349205,14.411023622047244,14.409375,61.916666666666664,743.0,7.0,7.0,7.0,7.0,7.0,7.0,7.0,7.0,7.0,7.0,7.0,7.0,7.0,7.0,7.0,15.0,60.0,135.0,231.0,334.0,431.0,509.0,559.0,580.0,583.0,583.0,583.0,583.0,583.0,583.0,583.0,583.0,583.0,583.0,583.0,583.0,583.0,583.0,583.0,592.0,644.0,730.0,841.0,962.0,1077.0,1172.0,1237.0,1271.0,1277.0,1277.0,1277.0,1277.0,1277.0,1277.0,1277.0,1277.0,1277.0,1277.0,1277.0,1277.0,1277.0,1277.0,1277.0,1287.0,1334.0,1411.0,1508.0,1612.0,1709.0,1786.0,1835.0,1858.0,1862.0,1862.0,1862.0,1862.0,1862.0,1862.0,1862.0,1862.0,1862.0,1862.0,1862.0,1862.0,1862.0,1862.0,1862.0,1874.0,1914.0,1979.0,2059.0,2141.0,2214.0,2268.0,2298.0,2306.0,2307.0,2307.0,2307.0,2307.0,2307.0,2307.0,2307.0,2307.0,2307.0,2307.0,2307.0,2307.0,2307.0,2307.0,2307.0,2320.0,2389.0,2503.0,2648.0,2807.0,2963.0,3101.0,3205.0,3267.0,3283.0,3283.0,3283.0,3283.0,3283.0,3283.0,3283.0,3283.0,69,November 10,Macon
0.004018998534631023,1.5536064444830782,1.2418761439363348,1.7143445757596574,1.7143445757596574,0.7700693948995745,1.361379373139509,4.589535767128064,4.589535767128064,0.737083795652392,1.457704909747986,2.487865253765865,2.487865253765865,0.6916343216874254,1.0517655474240084,3.2687683458818926,3.2687683458818926,0.5999872043653678,0.5108375258270416,9.633333333333333,-0.16726612094449447,0.16726612094449447,182.92387543252602,6.6,6.25,5.833333333333333,5.675000000000001,5.5600000000000005,5.383333333333334,5.271428571428571,5.0,4.966666666666667,4.9799999999999995,5.081818181818182,5.358333333333333,5.623076923076923,5.942857142857143,6.3133333333333335,6.6125,6.847058823529412,7.138888888888889,7.389473684210526,7.594999999999999,7.785714285714285,7.909090909090907,8.030434782608696,8.133333333333333,8.248,8.326923076923077,8.411111111111111,8.482142857142856,8.548275862068964,8.606666666666666,8.709677419354838,8.796875,8.909090909090908,9.038235294117648,9.168571428571427,9.266666666666667,9.367567567567567,9.460526315789474,9.576923076923078,9.7375,9.907317073170733,10.097619047619048,10.311627906976746,10.536363636363635,10.722222222222223,10.86304347826087,10.972340425531916,11.0625,11.12857142857143,11.206,11.278431372549019,11.326923076923077,11.366037735849057,11.39814814814815,11.425454545454548,11.457142857142857,11.468421052631578,11.470689655172412,11.466101694915254,11.47,11.50327868852459,11.551612903225807,11.606349206349208,11.6953125,11.804615384615385,11.936363636363636,12.065671641791045,12.19264705882353,12.31159420289855,12.404285714285715,12.48450704225352,12.559722222222222,12.615068493150684,12.654054054054054,12.698666666666664,12.744736842105263,12.776623376623377,12.782051282051283,12.781012658227848,12.79,12.77901234567901,12.773170731707317,12.765060240963855,12.765476190476189,12.771764705882353,12.789534883720929,12.813793103448276,12.837499999999999,12.858426966292134,12.887777777777778,12.913186813186812,12.934782608695652,12.958064516129031,12.964893617021277,12.959999999999997,12.941666666666668,12.916494845360823,12.887755102040817,12.858585858585858,12.845000000000002,12.842574257425742,12.831372549019607,12.8252427184466,12.825000000000001,12.827619047619049,12.845283018867924,12.873831775700934,12.9,12.937614678899083,12.97909090909091,13.020720720720721,13.054464285714285,13.090265486725663,13.121929824561402,13.148695652173913,13.176724137931034,13.205982905982905,13.22372881355932,13.22521008403361,13.214166666666666,13.197520661157023,13.177868852459016,13.157723577235773,13.136290322580644,13.123199999999999,13.118253968253967,13.11811023622047,13.121875,42.25,507.0,1.0,1.0,1.0,1.0,1.0,1.0,1.0,1.0,1.0,1.0,1.0,1.0,1.0,1.0,1.0,7.0,62.0,153.0,268.0,395.0,519.0,625.0,699.0,737.0,744.0,744.0,744.0,744.0,744.0,744.0,744.0,744.0,744.0,744.0,744.0,744.0,744.0,744.0,744.0,752.0,797.0,872.0,968.0,1071.0,1168.0,1246.0,1296.0,1317.0,1320.0,1320.0,1320.0,1320.0,1320.0,1320.0,1320.0,1320.0,1320.0,1320.0,1320.0,1320.0,1320.0,1320.0,1320.0,1329.0,1381.0,1467.0,1578.0,1699.0,1814.0,1909.0,1974.0,2008.0,2014.0,2014.0,2014.0,2014.0,2014.0,2014.0,2014.0,2014.0,2014.0,2014.0,2014.0,2014.0,2014.0,2014.0,2014.0,2024.0,2071.0,2148.0,2245.0,2349.0,2446.0,2523.0,2572.0,2595.0,2599.0,2599.0,2599.0,2599.0,2599.0,2599.0,2599.0,2599.0,2599.0,2599.0,2599.0,2599.0,2599.0,2599.0,2599.0,2611.0,2651.0,2716.0,2796.0,2878.0,2951.0,3005.0,3035.0,3043.0,3044.0,3044.0,3044.0,3044.0,3044.0,3044.0,3044.0,3044.0,70,November 11,Macon
0.004018998534631023,1.5536064444830782,1.2418761439363348,1.7143445757596574,1.7143445757596574,0.7700693948995745,1.361379373139509,4.589535767128064,4.589535767128064,0.737083795652392,1.457704909747986,2.487865253765865,2.487865253765865,0.6916343216874254,1.0517655474240084,3.2687683458818926,3.2687683458818926,0.5999872043653678,0.5108375258270416,12.266666666666666,0.020660833278353496,0.020660833278353496,224.20516304347828,3.3,2.9,2.6333333333333333,2.625,2.78,2.9166666666666665,3.3000000000000003,3.6,3.922222222222222,4.31,4.79090909090909,5.3500000000000005,5.907692307692306,6.32142857142857,6.713333333333332,7.012499999999999,7.211764705882352,7.388888888888889,7.531578947368421,7.63,7.7523809523809515,7.818181818181818,7.843478260869565,7.858333333333334,7.808000000000001,7.734615384615386,7.633333333333333,7.546428571428572,7.462068965517242,7.363333333333333,7.274193548387096,7.14375,7.06969696969697,7.011764705882354,6.985714285714286,7.025,7.0729729729729724,7.1526315789473704,7.264102564102566,7.360000000000001,7.439024390243904,7.550000000000001,7.651162790697676,7.738636363636365,7.824444444444446,7.882608695652175,7.942553191489364,7.995833333333333,8.057142857142857,8.102,8.150980392156864,8.19423076923077,8.235849056603774,8.274074074074075,8.33818181818182,8.394642857142857,8.466666666666667,8.55,8.635593220338984,8.703333333333335,8.773770491803278,8.84032258064516,8.922222222222222,9.032812499999999,9.15076923076923,9.283333333333333,9.432835820895523,9.591176470588234,9.726086956521739,9.832857142857142,9.919718309859157,9.994444444444444,10.053424657534245,10.120270270270268,10.184,10.231578947368419,10.272727272727272,10.308974358974357,10.341772151898734,10.377500000000001,10.398765432098765,10.413414634146342,10.42289156626506,10.438095238095238,10.474117647058824,10.52093023255814,10.572413793103449,10.648863636363636,10.740449438202248,10.848888888888888,10.956043956043956,11.06195652173913,11.162365591397846,11.243617021276595,11.315789473684209,11.384374999999999,11.438144329896906,11.479591836734691,11.525252525252522,11.571999999999997,11.607920792079206,11.623529411764702,11.633980582524266,11.651923076923074,11.654285714285713,11.660377358490564,11.664485981308408,11.674999999999997,11.689908256880733,11.713636363636361,11.742342342342342,11.770535714285714,11.796460176991149,11.828947368421051,11.858260869565216,11.884482758620686,11.911965811965809,11.926271186440676,11.931092436974785,11.925,11.913223140495866,11.898360655737704,11.88292682926829,11.879838709677417,11.885599999999997,11.884126984126981,11.886614173228343,11.893749999999999,0.3333333333333333,4.0,0.0,0.0,0.0,0.0,0.0,0.0,0.0,0.0,0.0,0.0,0.0,0.0,0.0,0.0,0.0,5.0,49.0,119.0,204.0,294.0,378.0,446.0,489.0,506.0,507.0,507.0,507.0,507.0,507.0,507.0,507.0,507.0,507.0,507.0,507.0,507.0,507.0,507.0,507.0,513.0,568.0,659.0,774.0,901.0,1025.0,1131.0,1205.0,1243.0,1250.0,1250.0,1250.0,1250.0,1250.0,1250.0,1250.0,1250.0,1250.0,1250.0,1250.0,1250.0,1250.0,1250.0,1250.0,1258.0,1303.0,1378.0,1474.0,1577.0,1674.0,1752.0,1802.0,1823.0,1826.0,1826.0,1826.0,1826.0,1826.0,1826.0,1826.0,1826.0,1826.0,1826.0,1826.0,1826.0,1826.0,1826.0,1826.0,1835.0,1887.0,1973.0,2084.0,2205.0,2320.0,2415.0,2480.0,2514.0,2520.0,2520.0,2520.0,2520.0,2520.0,2520.0,2520.0,2520.0,2520.0,2520.0,2520.0,2520.0,2520.0,2520.0,2520.0,2530.0,2577.0,2654.0,2751.0,2855.0,2952.0,3029.0,3078.0,3101.0,3105.0,3105.0,3105.0,3105.0,3105.0,3105.0,3105.0,3105.0,71,November 12,Macon
0.004018998534631023,1.5536064444830782,1.2418761439363348,1.7143445757596574,1.7143445757596574,0.7700693948995745,1.361379373139509,4.589535767128064,4.589535767128064,0.737083795652392,1.457704909747986,2.487865253765865,2.487865253765865,0.6916343216874254,1.0517655474240084,3.2687683458818926,3.2687683458818926,0.5999872043653678,0.5108375258270416,10.566666666666666,-0.050540202869273944,0.050540202869273944,208.56466876971612,7.0,6.85,6.233333333333333,5.75,5.279999999999999,4.916666666666667,4.714285714285714,4.5875,4.488888888888889,4.470000000000001,4.536363636363637,4.733333333333333,5.038461538461538,5.321428571428571,5.586666666666668,5.7875,5.9941176470588236,6.183333333333334,6.310526315789474,6.3549999999999995,6.366666666666667,6.327272727272727,6.291304347826086,6.233333333333333,6.116000000000001,5.976923076923076,5.833333333333333,5.7178571428571425,5.63793103448276,5.570000000000001,5.570967741935483,5.575000000000001,5.6030303030303035,5.66764705882353,5.78,5.938888888888889,6.1189189189189195,6.265789473684211,6.417948717948718,6.544999999999999,6.639024390243904,6.728571428571428,6.806976744186046,6.868181818181818,6.942222222222222,6.9913043478260875,7.0212765957446805,7.045833333333334,7.036734693877553,7.013999999999999,6.974509803921569,6.940384615384615,6.90566037735849,6.861111111111111,6.82,6.753571428571429,6.717543859649123,6.689655172413792,6.679661016949152,6.708333333333333,6.742622950819672,6.796774193548386,6.871428571428572,6.937500000000001,6.993846153846154,7.071212121212121,7.143283582089552,7.207352941176471,7.271014492753623,7.317142857142858,7.3647887323943655,7.408333333333333,7.457534246575344,7.495945945945946,7.5373333333333346,7.574999999999999,7.611688311688312,7.646153846153847,7.69873417721519,7.746250000000001,7.8049382716049385,7.871951219512196,7.940963855421687,7.997619047619047,8.056470588235294,8.11279069767442,8.180459770114943,8.269318181818182,8.364044943820225,8.47,8.589010989010989,8.715217391304348,8.824731182795698,8.913829787234043,8.988421052631578,9.054166666666667,9.108247422680412,9.168367346938776,9.226262626262626,9.272,9.312871287128713,9.35,9.384466019417475,9.421153846153846,9.446666666666667,9.466981132075471,9.483177570093458,9.503703703703705,9.540366972477063,9.585454545454544,9.634234234234235,9.702678571428569,9.783185840707965,9.87719298245614,9.970434782608697,10.062931034482759,10.151282051282053,10.224576271186441,10.290756302521007,10.354166666666666,10.405785123966941,10.447540983606556,10.49268292682927,10.538709677419355,10.576,10.596825396825395,10.613385826771655,10.635937499999999,24.0,288.0,0.0,0.0,0.0,0.0,0.0,0.0,0.0,0.0,0.0,0.0,0.0,0.0,0.0,0.0,0.0,4.0,4.0,4.0,4.0,4.0,4.0,4.0,4.0,4.0,4.0,4.0,4.0,4.0,4.0,4.0,4.0,4.0,4.0,4.0,4.0,4.0,4.0,4.0,4.0,9.0,53.0,123.0,208.0,298.0,382.0,450.0,493.0,510.0,511.0,511.0,511.0,511.0,511.0,511.0,511.0,511.0,511.0,511.0,511.0,511.0,511.0,511.0,511.0,517.0,572.0,663.0,778.0,905.0,1029.0,1135.0,1209.0,1247.0,1254.0,1254.0,1254.0,1254.0,1254.0,1254.0,1254.0,1254.0,1254.0,1254.0,1254.0,1254.0,1254.0,1254.0,1254.0,1262.0,1307.0,1382.0,1478.0,1581.0,1678.0,1756.0,1806.0,1827.0,1830.0,1830.0,1830.0,1830.0,1830.0,1830.0,1830.0,1830.0,1830.0,1830.0,1830.0,1830.0,1830.0,1830.0,1830.0,1839.0,1891.0,1977.0,2088.0,2209.0,2324.0,2419.0,2484.0,2518.0,2524.0,2524.0,2524.0,2524.0,2524.0,2524.0,2524.0,2524.0,72,November 13,Macon
0.004018998534631023,1.5536064444830782,1.2418761439363348,1.7143445757596574,1.7143445757596574,0.7700693948995745,1.361379373139509,4.589535767128064,4.589535767128064,0.737083795652392,1.457704909747986,2.487865253765865,2.487865253765865,0.6916343216874254,1.0517655474240084,3.2687683458818926,3.2687683458818926,0.5999872043653678,0.5108375258270416,15.941666666666665,-0.005478845722145297,0.005478845722145297,218.46314688970205,5.0,4.55,4.066666666666666,3.325,2.66,2.25,1.9857142857142858,1.8375000000000001,1.6777777777777778,1.59,1.5818181818181818,1.6666666666666667,1.869230769230769,2.242857142857143,2.64,3.00625,3.358823529411765,3.7222222222222223,4.1421052631578945,4.544999999999999,4.8999999999999995,5.195454545454544,5.404347826086957,5.55,5.608,5.65,5.625925925925925,5.578571428571427,5.503448275862069,5.423333333333332,5.361290322580644,5.309375,5.260606060606062,5.232352941176471,5.231428571428571,5.277777777777777,5.37027027027027,5.465789473684209,5.564102564102563,5.6450000000000005,5.734146341463415,5.821428571428571,5.886046511627907,5.91590909090909,5.931111111111112,5.9217391304347835,5.912765957446809,5.891666666666667,5.838775510204082,5.772,5.700000000000001,5.640384615384617,5.59811320754717,5.561111111111111,5.561818181818182,5.564285714285715,5.580701754385966,5.618965517241379,5.686440677966103,5.783333333333335,5.895081967213116,5.988709677419355,6.087301587301588,6.171875,6.236923076923077,6.300000000000001,6.356716417910448,6.4029411764705895,6.457971014492754,6.497142857142857,6.523943661971832,6.5472222222222225,6.5479452054794525,6.53918918918919,6.518666666666668,6.5013157894736855,6.4831168831168835,6.457692307692308,6.434177215189874,6.3925,6.371604938271604,6.35609756097561,6.353012048192772,6.377380952380953,6.405882352941178,6.448837209302327,6.5068965517241395,6.5590909090909095,6.604494382022471,6.665555555555556,6.723076923076924,6.775,6.826881720430107,6.865957446808512,6.906315789473685,6.9437500000000005,6.9855670103092775,7.0193877551020405,7.055555555555557,7.089000000000001,7.121782178217822,7.152941176470589,7.198058252427185,7.239423076923078,7.289523809523811,7.346226415094341,7.404672897196263,7.453703703703705,7.5045871559633035,7.5536363636363655,7.611711711711712,7.686607142857143,7.766371681415929,7.855263157894738,7.954782608695653,8.060344827586208,8.152991452991454,8.229661016949153,8.294957983193278,8.353333333333333,8.402479338842975,8.45655737704918,8.508943089430893,8.551612903225804,8.590399999999997,8.626190476190473,8.65984251968504,8.6953125,0.25,3.0,0.0,0.0,0.0,0.0,0.0,0.0,0.0,0.0,0.0,0.0,0.0,0.0,0.0,0.0,0.0,3.0,29.0,77.0,139.0,201.0,250.0,279.0,288.0,288.0,288.0,288.0,288.0,288.0,288.0,288.0,288.0,288.0,288.0,288.0,288.0,288.0,288.0,288.0,288.0,292.0,292.0,292.0,292.0,292.0,292.0,292.0,292.0,292.0,292.0,292.0,292.0,292.0,292.0,292.0,292.0,292.0,292.0,292.0,292.0,292.0,292.0,292.0,292.0,297.0,341.0,411.0,496.0,586.0,670.0,738.0,781.0,798.0,799.0,799.0,799.0,799.0,799.0,799.0,799.0,799.0,799.0,799.0,799.0,799.0,799.0,799.0,799.0,805.0,860.0,951.0,1066.0,1193.0,1317.0,1423.0,1497.0,1535.0,1542.0,1542.0,1542.0,1542.0,1542.0,1542.0,1542.0,1542.0,1542.0,1542.0,1542.0,1542.0,1542.0,1542.0,1542.0,1550.0,1595.0,1670.0,1766.0,1869.0,1966.0,2044.0,2094.0,2115.0,2118.0,2118.0,2118.0,2118.0,2118.0,2118.0,2118.0,2118.0,73,November 14,Macon
0.004018998534631023,1.5536064444830782,1.2418761439363348,1.7143445757596574,1.7143445757596574,0.7700693948995745,1.361379373139509,4.589535767128064,4.589535767128064,0.737083795652392,1.457704909747986,2.487865253765865,2.487865253765865,0.6916343216874254,1.0517655474240084,3.2687683458818926,3.2687683458818926,0.5999872043653678,0.5108375258270416,14.366666666666667,0.04865172218329831,0.04865172218329831,230.3538283062645,3.1,2.7,2.1333333333333333,1.7999999999999998,1.3399999999999999,1.0,0.6857142857142857,0.42500000000000004,0.22222222222222227,0.13000000000000003,0.21818181818181825,0.39166666666666666,0.5307692307692308,0.7142857142857144,0.9333333333333332,1.15625,1.3823529411764706,1.5722222222222222,1.7473684210526317,1.86,1.971428571428571,2.063636363636363,2.1391304347826083,2.225,2.336,2.4038461538461537,2.4296296296296296,2.3821428571428567,2.3,2.2299999999999995,2.1709677419354834,2.128125,2.0757575757575757,2.0382352941176465,2.0228571428571427,2.0388888888888888,2.0999999999999996,2.2315789473684204,2.384615384615384,2.5375,2.6951219512195124,2.8666666666666667,3.0720930232558143,3.2795454545454557,3.4733333333333336,3.6456521739130445,3.7808510638297883,3.8875000000000006,3.9510204081632656,4.006,4.025490196078431,4.0307692307692315,4.018867924528302,4.001851851851852,3.9927272727272736,3.9875000000000003,3.9824561403508776,3.987931034482759,4.008474576271187,4.056666666666667,4.132786885245902,4.211290322580647,4.292063492063494,4.3625,4.438461538461539,4.513636363636365,4.574626865671642,4.613235294117648,4.642028985507246,4.654285714285715,4.666197183098593,4.669444444444444,4.6506849315068495,4.621621621621623,4.588,4.561842105263159,4.546753246753247,4.534615384615386,4.548101265822786,4.5625,4.58641975308642,4.625609756097561,4.685542168674699,4.7666666666666675,4.858823529411765,4.938372093023256,5.021839080459771,5.095454545454545,5.155056179775281,5.213333333333333,5.267032967032967,5.31304347826087,5.365591397849462,5.406382978723404,5.437894736842106,5.466666666666666,5.478350515463918,5.48265306122449,5.477777777777777,5.474999999999999,5.471287128712871,5.461764705882351,5.453398058252425,5.43076923076923,5.423809523809522,5.420754716981131,5.427102803738317,5.454629629629628,5.485321100917431,5.5272727272727264,5.58108108108108,5.630357142857142,5.674336283185841,5.730701754385964,5.7843478260869565,5.833620689655172,5.882905982905982,5.9220338983050835,5.962184873949579,6.0,6.041322314049586,6.076229508196721,6.113008130081301,6.147580645161289,6.1815999999999995,6.2142857142857135,6.258267716535432,6.29921875,0.8333333333333334,10.0,0.0,0.0,0.0,0.0,0.0,0.0,0.0,0.0,0.0,0.0,0.0,0.0,0.0,0.0,0.0,2.0,3.0,3.0,3.0,3.0,3.0,3.0,3.0,3.0,3.0,3.0,3.0,3.0,3.0,3.0,3.0,3.0,3.0,3.0,3.0,3.0,3.0,3.0,3.0,6.0,32.0,80.0,142.0,204.0,253.0,282.0,291.0,291.0,291.0,291.0,291.0,291.0,291.0,291.0,291.0,291.0,291.0,291.0,291.0,291.0,291.0,291.0,291.0,295.0,295.0,295.0,295.0,295.0,295.0,295.0,295.0,295.0,295.0,295.0,295.0,295.0,295.0,295.0,295.0,295.0,295.0,295.0,295.0,295.0,295.0,295.0,295.0,300.0,344.0,414.0,499.0,589.0,673.0,741.0,784.0,801.0,802.0,802.0,802.0,802.0,802.0,802.0,802.0,802.0,802.0,802.0,802.0,802.0,802.0,802.0,802.0,808.0,863.0,954.0,1069.0,1196.0,1320.0,1426.0,1500.0,1538.0,1545.0,1545.0,1545.0,1545.0,1545.0,1545.0,1545.0,1545.0,74,November 15,Macon
0.004018998534631023,1.5536064444830782,1.2418761439363348,1.7143445757596574,1.7143445757596574,0.7700693948995745,1.361379373139509,4.589535767128064,4.589535767128064,0.737083795652392,1.457704909747986,2.487865253765865,2.487865253765865,0.6916343216874254,1.0517655474240084,3.2687683458818926,3.2687683458818926,0.5999872043653678,0.5108375258270416,8.491666666666665,-0.15399518406721419,0.15399518406721419,185.83905789990192,11.3,10.9,10.800000000000002,10.625,10.080000000000002,9.483333333333334,9.057142857142859,8.7125,8.466666666666667,8.149999999999999,7.972727272727272,7.833333333333333,7.707692307692307,7.628571428571428,7.579999999999998,7.5062500000000005,7.370588235294117,7.2555555555555555,7.194736842105263,7.169999999999999,7.085714285714286,6.986363636363637,6.878260869565217,6.733333333333333,6.587999999999999,6.423076923076923,6.222222222222222,6.028571428571429,5.80344827586207,5.586666666666667,5.367741935483871,5.15625,4.957575757575757,4.791176470588235,4.685714285714287,4.619444444444444,4.554054054054054,4.515789473684211,4.5025641025641026,4.5025,4.514634146341464,4.521428571428571,4.530232558139534,4.5181818181818185,4.511111111111111,4.500000000000001,4.485106382978723,4.479166666666667,4.489795918367347,4.482,4.454901960784314,4.390384615384615,4.30754716981132,4.231481481481482,4.161818181818182,4.101785714285715,4.036842105263158,3.981034482758621,3.9389830508474577,3.9166666666666665,3.922950819672131,3.9741935483870967,4.041269841269841,4.1109375,4.186153846153847,4.2727272727272725,4.383582089552239,4.498529411764706,4.607246376811594,4.704285714285715,4.77887323943662,4.836111111111112,4.865753424657535,4.890540540540541,4.892,4.8842105263157904,4.864935064935066,4.842307692307693,4.825316455696203,4.811250000000001,4.797530864197532,4.791463414634147,4.796385542168675,4.821428571428572,4.867058823529412,4.915116279069768,4.9655172413793105,5.009090909090909,5.057303370786516,5.105555555555555,5.143956043956044,5.166304347826087,5.181720430107527,5.185106382978724,5.188421052631579,5.185416666666666,5.165979381443298,5.1387755102040815,5.108080808080808,5.083,5.066336633663366,5.051960784313725,5.057281553398058,5.063461538461538,5.0771428571428565,5.102830188679244,5.144859813084112,5.203703703703703,5.271559633027523,5.329999999999999,5.391891891891891,5.44642857142857,5.490265486725662,5.533333333333333,5.573043478260869,5.6068965517241365,5.646153846153846,5.676271186440678,5.6991596638655455,5.72,5.7272727272727275,5.728688524590162,5.722764227642276,5.7185483870967735,5.7136,5.703968253968253,5.695275590551181,5.675,39.416666666666664,473.0,1.0,1.0,1.0,1.0,1.0,1.0,1.0,1.0,1.0,1.0,1.0,1.0,1.0,1.0,1.0,2.0,11.0,11.0,11.0,11.0,11.0,11.0,11.0,11.0,11.0,11.0,11.0,11.0,11.0,11.0,11.0,11.0,11.0,11.0,11.0,11.0,11.0,11.0,11.0,13.0,14.0,14.0,14.0,14.0,14.0,14.0,14.0,14.0,14.0,14.0,14.0,14.0,14.0,14.0,14.0,14.0,14.0,14.0,14.0,14.0,14.0,14.0,14.0,17.0,43.0,91.0,153.0,215.0,264.0,293.0,302.0,302.0,302.0,302.0,302.0,302.0,302.0,302.0,302.0,302.0,302.0,302.0,302.0,302.0,302.0,302.0,302.0,306.0,306.0,306.0,306.0,306.0,306.0,306.0,306.0,306.0,306.0,306.0,306.0,306.0,306.0,306.0,306.0,306.0,306.0,306.0,306.0,306.0,306.0,306.0,306.0,311.0,355.0,425.0,510.0,600.0,684.0,752.0,795.0,812.0,813.0,813.0,813.0,813.0,813.0,813.0,813.0,813.0,75,November 16,Macon
0.004018998534631023,1.5536064444830782,1.2418761439363348,1.7143445757596574,1.7143445757596574,0.7700693948995745,1.361379373139509,4.589535767128064,4.589535767128064,0.737083795652392,1.457704909747986,2.487865253765865,2.487865253765865,0.6916343216874254,1.0517655474240084,3.2687683458818926,3.2687683458818926,0.5999872043653678,0.5108375258270416,13.483333333333334,-0.025070761220037548,0.025070761220037548,214.15945611866505,4.0,3.5,3.9333333333333336,4.475,4.9399999999999995,5.1,5.314285714285715,5.6,5.844444444444444,6.15,6.463636363636363,6.716666666666666,6.876923076923076,7.064285714285715,7.3,7.55625,7.870588235294118,8.211111111111112,8.468421052631578,8.59,8.733333333333334,8.850000000000001,8.986956521739131,9.112499999999999,9.2,9.25,9.3,9.328571428571431,9.279310344827588,9.186666666666667,9.100000000000001,9.0125,8.936363636363636,8.829411764705881,8.754285714285714,8.686111111111112,8.618918918918922,8.56578947368421,8.523076923076925,8.469999999999999,8.390243902439025,8.316666666666666,8.265116279069769,8.229545454545455,8.166666666666668,8.095652173913043,8.019148936170213,7.922916666666667,7.824489795918367,7.714000000000001,7.582352941176471,7.451923076923078,7.301886792452831,7.153703703703705,7.001818181818183,6.851785714285714,6.707017543859648,6.5793103448275865,6.486440677966102,6.416666666666668,6.347540983606558,6.295161290322581,6.25873015873016,6.23125,6.212307692307691,6.190909090909091,6.1716417910447765,6.139705882352942,6.1115942028985515,6.081428571428572,6.049295774647888,6.023611111111111,6.009589041095891,5.9837837837837835,5.945333333333334,5.881578947368422,5.805194805194806,5.733333333333334,5.665822784810127,5.6049999999999995,5.54074074074074,5.482926829268293,5.434939759036145,5.401190476190477,5.3882352941176475,5.408139534883722,5.440229885057472,5.475,5.514606741573033,5.5633333333333335,5.630769230769232,5.702173913043477,5.76989247311828,5.829787234042553,5.873684210526315,5.905208333333334,5.916494845360824,5.924489795918368,5.915151515151515,5.899,5.874257425742574,5.847058823529411,5.824271844660194,5.803846153846154,5.7838095238095235,5.769811320754716,5.764485981308411,5.7749999999999995,5.801834862385321,5.830909090909089,5.862162162162162,5.888392857142857,5.918584070796459,5.949122807017544,5.972173913043478,5.982758620689655,5.988034188034187,5.983898305084745,5.979831932773108,5.970833333333333,5.948760330578512,5.920491803278688,5.889430894308943,5.862903225806451,5.8431999999999995,5.825396825396824,5.823622047244093,5.82265625,5.833333333333333,70.0,0.0,0.0,0.0,0.0,0.0,0.0,0.0,0.0,0.0,0.0,0.0,0.0,0.0,0.0,0.0,0.0,41.0,108.0,189.0,273.0,351.0,415.0,457.0,472.0,473.0,473.0,473.0,473.0,473.0,473.0,473.0,473.0,473.0,473.0,473.0,473.0,473.0,473.0,473.0,474.0,483.0,483.0,483.0,483.0,483.0,483.0,483.0,483.0,483.0,483.0,483.0,483.0,483.0,483.0,483.0,483.0,483.0,483.0,483.0,483.0,483.0,483.0,483.0,485.0,486.0,486.0,486.0,486.0,486.0,486.0,486.0,486.0,486.0,486.0,486.0,486.0,486.0,486.0,486.0,486.0,486.0,486.0,486.0,486.0,486.0,486.0,486.0,489.0,515.0,563.0,625.0,687.0,736.0,765.0,774.0,774.0,774.0,774.0,774.0,774.0,774.0,774.0,774.0,774.0,774.0,774.0,774.0,774.0,774.0,774.0,774.0,778.0,778.0,778.0,778.0,778.0,778.0,778.0,778.0,778.0,778.0,778.0,778.0,778.0,778.0,778.0,778.0,778.0,76,November 17,Macon
0.004018998534631023,1.5536064444830782,1.2418761439363348,1.7143445757596574,1.7143445757596574,0.7700693948995745,1.361379373139509,4.589535767128064,4.589535767128064,0.737083795652392,1.457704909747986,2.487865253765865,2.487865253765865,0.6916343216874254,1.0517655474240084,3.2687683458818926,3.2687683458818926,0.5999872043653678,0.5108375258270416,12.775000000000002,-0.015141841549640963,0.015141841549640963,216.34050880626216,3.9,3.7,3.6999999999999997,3.825,4.06,4.216666666666666,4.414285714285714,4.6,4.844444444444444,5.119999999999999,5.390909090909091,5.550000000000001,5.592307692307693,5.642857142857143,5.760000000000001,5.887499999999999,6.0,6.1000000000000005,6.147368421052631,6.1450000000000005,6.166666666666667,6.154545454545455,6.1130434782608685,6.033333333333334,5.951999999999999,5.838461538461538,5.8,5.810714285714285,5.844827586206896,5.846666666666666,5.870967741935483,5.925,5.981818181818182,6.06764705882353,6.168571428571429,6.261111111111111,6.3297297297297295,6.413157894736842,6.52051282051282,6.6425,6.795121951219511,6.966666666666666,7.109302325581395,7.1954545454545435,7.293333333333332,7.3804347826086945,7.4787234042553195,7.572916666666667,7.648979591836734,7.7059999999999995,7.762745098039216,7.807692307692307,7.80943396226415,7.785185185185184,7.761818181818182,7.735714285714286,7.7140350877192985,7.672413793103448,7.647457627118644,7.624999999999999,7.601639344262295,7.5854838709677415,7.574603174603174,7.55625,7.52,7.486363636363635,7.465671641791045,7.454411764705882,7.424637681159419,7.388571428571428,7.347887323943662,7.293055555555556,7.235616438356163,7.1689189189189175,7.086666666666667,7.003947368421054,6.906493506493508,6.80897435897436,6.70759493670886,6.60625,6.507407407407406,6.419512195121951,6.355421686746988,6.307142857142858,6.2588235294117665,6.222093023255814,6.196551724137931,6.177272727272728,6.164044943820225,6.148888888888889,6.135164835164836,6.111956521739131,6.091397849462367,6.069148936170214,6.0452631578947384,6.026041666666667,6.015463917525773,5.995918367346939,5.966666666666667,5.918000000000001,5.85940594059406,5.803921568627452,5.751456310679613,5.703846153846154,5.653333333333333,5.607547169811321,5.569158878504672,5.541666666666668,5.530275229357799,5.544545454545454,5.5684684684684695,5.594642857142857,5.624778761061947,5.662280701754386,5.714782608695652,5.770689655172413,5.823931623931624,5.871186440677967,5.905882352941177,5.930833333333334,5.9396694214876025,5.945901639344262,5.938211382113821,5.925000000000001,5.9048,5.882539682539683,5.863779527559055,5.846875,13.583333333333334,163.0,0.0,0.0,0.0,0.0,0.0,0.0,0.0,0.0,0.0,0.0,0.0,0.0,0.0,0.0,0.0,0.0,15.0,38.0,60.0,70.0,70.0,70.0,70.0,70.0,70.0,70.0,70.0,70.0,70.0,70.0,70.0,70.0,70.0,70.0,70.0,70.0,70.0,70.0,70.0,70.0,111.0,178.0,259.0,343.0,421.0,485.0,527.0,542.0,543.0,543.0,543.0,543.0,543.0,543.0,543.0,543.0,543.0,543.0,543.0,543.0,543.0,543.0,543.0,544.0,553.0,553.0,553.0,553.0,553.0,553.0,553.0,553.0,553.0,553.0,553.0,553.0,553.0,553.0,553.0,553.0,553.0,553.0,553.0,553.0,553.0,553.0,553.0,555.0,556.0,556.0,556.0,556.0,556.0,556.0,556.0,556.0,556.0,556.0,556.0,556.0,556.0,556.0,556.0,556.0,556.0,556.0,556.0,556.0,556.0,556.0,556.0,559.0,585.0,633.0,695.0,757.0,806.0,835.0,844.0,844.0,844.0,844.0,844.0,844.0,844.0,844.0,844.0,844.0,77,November 18,Macon
0.004018998534631023,1.5536064444830782,1.2418761439363348,1.7143445757596574,1.7143445757596574,0.7700693948995745,1.361379373139509,4.589535767128064,4.589535767128064,0.737083795652392,1.457704909747986,2.487865253765865,2.487865253765865,0.6916343216874254,1.0517655474240084,3.2687683458818926,3.2687683458818926,0.5999872043653678,0.5108375258270416,9.45,0.019943637546065464,0.019943637546065464,224.047619047619,6.4,6.65,6.866666666666667,6.875,6.859999999999999,6.683333333333334,6.57142857142857,6.525,6.5777777777777775,6.57,6.627272727272728,6.733333333333334,6.792307692307693,6.9,6.993333333333334,7.1,7.223529411764707,7.316666666666667,7.342105263157895,7.350000000000001,7.323809523809524,7.236363636363637,7.117391304347828,6.979166666666667,6.856,6.726923076923077,6.614814814814816,6.52857142857143,6.475862068965519,6.426666666666668,6.400000000000001,6.384375,6.3969696969696965,6.43235294117647,6.48,6.502777777777778,6.491891891891893,6.486842105263158,6.510256410256411,6.5424999999999995,6.573170731707317,6.602380952380951,6.611627906976743,6.6,6.6,6.584782608695653,6.555319148936169,6.5062500000000005,6.4551020408163255,6.385999999999999,6.354901960784313,6.349999999999999,6.3584905660377355,6.349999999999999,6.354545454545454,6.376785714285714,6.401754385964912,6.444827586206895,6.498305084745763,6.548333333333332,6.585245901639344,6.632258064516129,6.6952380952380945,6.76875,6.863076923076923,6.971212121212121,7.062686567164179,7.119117647058823,7.184057971014492,7.242857142857142,7.309859154929577,7.375,7.42876712328767,7.4702702702702695,7.511999999999998,7.546052631578946,7.550649350649348,7.537179487179484,7.524050632911389,7.508749999999999,7.496296296296295,7.469512195121951,7.454216867469879,7.440476190476189,7.4258823529411755,7.41627906976744,7.410344827586205,7.398863636363637,7.3741573033707875,7.35111111111111,7.337362637362635,7.330434782608694,7.309677419354837,7.284042553191488,7.254736842105261,7.214583333333333,7.172164948453608,7.1224489795918355,7.06060606060606,6.997999999999998,6.923762376237622,6.849019607843135,6.770873786407765,6.6923076923076925,6.615238095238095,6.546226415094339,6.4953271028037385,6.45648148148148,6.417431192660549,6.387272727272725,6.365765765765764,6.349107142857143,6.337168141592921,6.3236842105263165,6.311304347826087,6.291379310344827,6.2735042735042725,6.2542372881355925,6.2336134453781495,6.216666666666667,6.206611570247934,6.189344262295081,6.164227642276423,6.123387096774192,6.074399999999999,6.027777777777777,5.983464566929133,5.94296875,16.416666666666668,197.0,0.0,0.0,0.0,0.0,0.0,0.0,0.0,0.0,0.0,0.0,0.0,0.0,0.0,0.0,0.0,0.0,18.0,51.0,92.0,131.0,157.0,163.0,163.0,163.0,163.0,163.0,163.0,163.0,163.0,163.0,163.0,163.0,163.0,163.0,163.0,163.0,163.0,163.0,163.0,163.0,178.0,201.0,223.0,233.0,233.0,233.0,233.0,233.0,233.0,233.0,233.0,233.0,233.0,233.0,233.0,233.0,233.0,233.0,233.0,233.0,233.0,233.0,233.0,233.0,274.0,341.0,422.0,506.0,584.0,648.0,690.0,705.0,706.0,706.0,706.0,706.0,706.0,706.0,706.0,706.0,706.0,706.0,706.0,706.0,706.0,706.0,706.0,707.0,716.0,716.0,716.0,716.0,716.0,716.0,716.0,716.0,716.0,716.0,716.0,716.0,716.0,716.0,716.0,716.0,716.0,716.0,716.0,716.0,716.0,716.0,716.0,718.0,719.0,719.0,719.0,719.0,719.0,719.0,719.0,719.0,719.0,719.0,719.0,719.0,719.0,719.0,719.0,719.0,78,November 19,Macon
0.004018998534631023,1.5536064444830782,1.2418761439363348,1.7143445757596574,1.7143445757596574,0.7700693948995745,1.361379373139509,4.589535767128064,4.589535767128064,0.737083795652392,1.457704909747986,2.487865253765865,2.487865253765865,0.6916343216874254,1.0517655474240084,3.2687683458818926,3.2687683458818926,0.5999872043653678,0.5108375258270416,10.716666666666663,-0.39403450725331973,0.39403450725331973,133.1104199066874,10.1,10.0,9.833333333333334,9.675,9.72,9.716666666666667,9.542857142857143,9.3,9.355555555555554,9.57,9.872727272727273,10.141666666666667,10.446153846153846,10.664285714285715,10.793333333333333,10.96875,11.111764705882353,11.155555555555557,11.110526315789473,11.02,10.914285714285715,10.759090909090908,10.556521739130433,10.345833333333333,10.187999999999999,10.061538461538463,9.959259259259259,9.85,9.744827586206897,9.613333333333335,9.493548387096775,9.390625,9.318181818181818,9.235294117647058,9.177142857142856,9.141666666666666,9.097297297297297,9.076315789473684,9.056410256410254,9.0475,9.051219512195123,9.047619047619047,9.018604651162791,8.98409090909091,8.935555555555554,8.858695652173912,8.76595744680851,8.6625,8.565306122448979,8.464,8.370588235294116,8.290384615384614,8.228301886792453,8.168518518518518,8.121818181818181,8.082142857142857,8.059649122807016,8.051724137931034,8.052542372881355,8.040000000000001,8.008196721311474,7.9806451612903215,7.971428571428571,7.96875,7.966153846153845,7.963636363636364,7.949253731343284,7.9220588235294125,7.902898550724639,7.8742857142857146,7.83661971830986,7.78611111111111,7.734246575342466,7.670270270270269,7.632,7.6118421052631575,7.6012987012987026,7.579487179487178,7.567088607594936,7.567499999999998,7.570370370370371,7.586585365853657,7.610843373493976,7.633333333333334,7.647058823529412,7.668604651162792,7.702298850574713,7.744318181818182,7.802247191011236,7.871111111111112,7.928571428571429,7.960869565217393,8.0,8.035106382978723,8.07684210526316,8.117708333333333,8.150515463917525,8.174489795918367,8.198989898989899,8.218,8.214851485148515,8.198039215686276,8.181553398058252,8.163461538461538,8.147619047619047,8.120754716981132,8.102803738317757,8.08611111111111,8.068807339449542,8.055454545454547,8.045045045045047,8.030357142857143,8.005309734513274,7.981578947368421,7.965217391304348,7.9543103448275865,7.932478632478633,7.90677966101695,7.878151260504203,7.840833333333333,7.801652892561983,7.75655737704918,7.701626016260162,7.6459677419354835,7.5808,7.515079365079365,7.446456692913386,7.37734375,56.916666666666664,683.0,1.0,1.0,1.0,1.0,1.0,1.0,1.0,1.0,1.0,1.0,1.0,1.0,1.0,1.0,1.0,1.0,23.0,56.0,99.0,144.0,180.0,197.0,197.0,198.0,198.0,198.0,198.0,198.0,198.0,198.0,198.0,198.0,198.0,198.0,198.0,198.0,198.0,198.0,198.0,198.0,216.0,249.0,290.0,329.0,355.0,361.0,361.0,361.0,361.0,361.0,361.0,361.0,361.0,361.0,361.0,361.0,361.0,361.0,361.0,361.0,361.0,361.0,361.0,361.0,376.0,399.0,421.0,431.0,431.0,431.0,431.0,431.0,431.0,431.0,431.0,431.0,431.0,431.0,431.0,431.0,431.0,431.0,431.0,431.0,431.0,431.0,431.0,431.0,472.0,539.0,620.0,704.0,782.0,846.0,888.0,903.0,904.0,904.0,904.0,904.0,904.0,904.0,904.0,904.0,904.0,904.0,904.0,904.0,904.0,904.0,904.0,905.0,914.0,914.0,914.0,914.0,914.0,914.0,914.0,914.0,914.0,914.0,914.0,914.0,914.0,914.0,914.0,914.0,79,November 20,Macon
0.004018998534631023,1.5536064444830782,1.2418761439363348,1.7143445757596574,1.7143445757596574,0.7700693948995745,1.361379373139509,4.589535767128064,4.589535767128064,0.737083795652392,1.457704909747986,2.487865253765865,2.487865253765865,0.6916343216874254,1.0517655474240084,3.2687683458818926,3.2687683458818926,0.5999872043653678,0.5108375258270416,13.516666666666666,-0.003927409350564527,0.003927409350564527,218.80394574599262,5.8,5.35,4.5,4.15,3.9799999999999995,3.933333333333333,3.928571428571428,4.0375,4.288888888888888,4.63,4.909090909090908,5.066666666666666,5.315384615384615,5.5,5.666666666666666,5.80625,5.91764705882353,6.083333333333333,6.278947368421052,6.485000000000001,6.666666666666668,6.850000000000002,7.02608695652174,7.175,7.292000000000001,7.392307692307693,7.470370370370371,7.532142857142858,7.613793103448277,7.683333333333334,7.70967741935484,7.70625,7.76969696969697,7.879411764705882,8.022857142857143,8.16388888888889,8.324324324324326,8.460526315789474,8.566666666666666,8.692499999999999,8.807317073170731,8.88095238095238,8.913953488372092,8.922727272727274,8.92,8.889130434782608,8.829787234042554,8.760416666666666,8.712244897959183,8.676,8.649019607843139,8.615384615384615,8.581132075471698,8.52962962962963,8.481818181818182,8.44107142857143,8.415789473684212,8.382758620689655,8.36271186440678,8.355,8.340983606557378,8.34032258064516,8.339682539682537,8.3453125,8.358461538461539,8.366666666666665,8.358208955223878,8.345588235294118,8.323188405797099,8.28142857142857,8.228169014084505,8.166666666666666,8.10821917808219,8.045945945945945,7.987999999999999,7.938157894736841,7.8999999999999995,7.862820512820512,7.834177215189872,7.81,7.79753086419753,7.795121951219511,7.798795180722889,7.792857142857142,7.772941176470586,7.755813953488372,7.751724137931034,7.752272727272728,7.752808988764044,7.753333333333333,7.745054945054943,7.727173913043477,7.715053763440857,7.695744680851062,7.6694736842105256,7.633333333333333,7.5958762886597935,7.548979591836734,7.521212121212121,7.506999999999998,7.499999999999999,7.484313725490194,7.475728155339804,7.476923076923076,7.4799999999999995,7.493396226415093,7.513084112149532,7.53148148148148,7.543119266055045,7.56090909090909,7.588288288288288,7.622321428571428,7.669026548672566,7.724561403508771,7.771304347826086,7.798275862068965,7.83076923076923,7.860169491525423,7.894957983193277,7.929166666666666,7.957024793388429,7.977868852459016,7.999186991869918,8.016129032258064,8.015199999999998,8.003174603174601,7.991338582677163,7.978125,0.4166666666666667,5.0,0.0,0.0,0.0,0.0,0.0,0.0,0.0,0.0,0.0,0.0,0.0,0.0,0.0,0.0,0.0,0.0,48.0,132.0,241.0,361.0,479.0,579.0,649.0,682.0,683.0,683.0,683.0,683.0,683.0,683.0,683.0,683.0,683.0,683.0,683.0,683.0,683.0,683.0,683.0,683.0,705.0,738.0,781.0,826.0,862.0,879.0,879.0,880.0,880.0,880.0,880.0,880.0,880.0,880.0,880.0,880.0,880.0,880.0,880.0,880.0,880.0,880.0,880.0,880.0,898.0,931.0,972.0,1011.0,1037.0,1043.0,1043.0,1043.0,1043.0,1043.0,1043.0,1043.0,1043.0,1043.0,1043.0,1043.0,1043.0,1043.0,1043.0,1043.0,1043.0,1043.0,1043.0,1043.0,1058.0,1081.0,1103.0,1113.0,1113.0,1113.0,1113.0,1113.0,1113.0,1113.0,1113.0,1113.0,1113.0,1113.0,1113.0,1113.0,1113.0,1113.0,1113.0,1113.0,1113.0,1113.0,1113.0,1113.0,1154.0,1221.0,1302.0,1386.0,1464.0,1528.0,1570.0,1585.0,1586.0,1586.0,1586.0,1586.0,1586.0,1586.0,1586.0,1586.0,80,November 21,Macon
0.004018998534631023,1.5536064444830782,1.2418761439363348,1.7143445757596574,1.7143445757596574,0.7700693948995745,1.361379373139509,4.589535767128064,4.589535767128064,0.737083795652392,1.457704909747986,2.487865253765865,2.487865253765865,0.6916343216874254,1.0517655474240084,3.2687683458818926,3.2687683458818926,0.5999872043653678,0.5108375258270416,8.208333333333334,-0.3584187701716954,0.3584187701716954,140.93401015228423,11.8,11.3,11.066666666666668,10.875,10.76,10.383333333333333,9.814285714285715,9.2,8.68888888888889,8.36,8.154545454545454,7.983333333333332,7.815384615384614,7.5857142857142845,7.359999999999999,7.25,7.2058823529411775,7.25,7.336842105263158,7.404999999999999,7.4,7.340909090909091,7.286956521739131,7.233333333333334,7.176000000000001,7.088461538461539,6.9296296296296305,6.792857142857144,6.672413793103449,6.573333333333335,6.48709677419355,6.434374999999999,6.430303030303031,6.4676470588235295,6.502857142857144,6.511111111111112,6.559459459459461,6.594736842105265,6.630769230769231,6.6625,6.68780487804878,6.740476190476191,6.811627906976747,6.8931818181818185,6.96888888888889,7.050000000000002,7.131914893617022,7.204166666666667,7.26326530612245,7.316000000000002,7.358823529411766,7.39423076923077,7.441509433962266,7.483333333333335,7.501818181818182,7.503571428571429,7.543859649122807,7.612068965517242,7.7016949152542376,7.791666666666668,7.895081967213115,7.985483870967743,8.05873015873016,8.1453125,8.226153846153846,8.281818181818181,8.311940298507462,8.326470588235294,8.333333333333332,8.32142857142857,8.29014084507042,8.25138888888889,8.226027397260273,8.208108108108107,8.196,8.17894736842105,8.16103896103896,8.130769230769229,8.102531645569618,8.07875,8.06543209876543,8.046341463414633,8.036144578313252,8.034523809523808,8.028235294117646,8.031395348837208,8.034482758620687,8.042045454545455,8.05505617977528,8.064444444444444,8.061538461538461,8.055434782608694,8.041935483870965,8.013829787234041,7.976842105263156,7.933333333333334,7.891752577319586,7.846938775510203,7.805050505050504,7.768999999999998,7.741584158415839,7.714705882352939,7.6941747572815515,7.676923076923076,7.668571428571428,7.667924528301886,7.671962616822429,7.668518518518518,7.654128440366971,7.64181818181818,7.639639639639638,7.641071428571428,7.642477876106194,7.643859649122806,7.638260869565217,7.624999999999999,7.616239316239316,7.601694915254235,7.581512605042016,7.553333333333333,7.52396694214876,7.486885245901639,7.465040650406504,7.454032258064514,7.4487999999999985,7.436507936507935,7.4299212598425175,7.43125,52.0,624.0,0.0,0.0,0.0,0.0,0.0,0.0,0.0,0.0,0.0,0.0,0.0,0.0,0.0,0.0,0.0,0.0,5.0,5.0,5.0,5.0,5.0,5.0,5.0,5.0,5.0,5.0,5.0,5.0,5.0,5.0,5.0,5.0,5.0,5.0,5.0,5.0,5.0,5.0,5.0,5.0,53.0,137.0,246.0,366.0,484.0,584.0,654.0,687.0,688.0,688.0,688.0,688.0,688.0,688.0,688.0,688.0,688.0,688.0,688.0,688.0,688.0,688.0,688.0,688.0,710.0,743.0,786.0,831.0,867.0,884.0,884.0,885.0,885.0,885.0,885.0,885.0,885.0,885.0,885.0,885.0,885.0,885.0,885.0,885.0,885.0,885.0,885.0,885.0,903.0,936.0,977.0,1016.0,1042.0,1048.0,1048.0,1048.0,1048.0,1048.0,1048.0,1048.0,1048.0,1048.0,1048.0,1048.0,1048.0,1048.0,1048.0,1048.0,1048.0,1048.0,1048.0,1048.0,1063.0,1086.0,1108.0,1118.0,1118.0,1118.0,1118.0,1118.0,1118.0,1118.0,1118.0,1118.0,1118.0,1118.0,1118.0,1118.0,81,November 22,Macon
0.004018998534631023,1.5536064444830782,1.2418761439363348,1.7143445757596574,1.7143445757596574,0.7700693948995745,1.361379373139509,4.589535767128064,4.589535767128064,0.737083795652392,1.457704909747986,2.487865253765865,2.487865253765865,0.6916343216874254,1.0517655474240084,3.2687683458818926,3.2687683458818926,0.5999872043653678,0.5108375258270416,9.425,-0.014824325901715594,0.014824325901715594,216.41025641025644,10.1,10.35,10.766666666666666,10.825000000000001,10.72,10.616666666666667,10.328571428571427,10.087499999999999,9.91111111111111,9.86,9.954545454545453,10.058333333333332,10.084615384615384,10.157142857142857,10.253333333333332,10.425,10.617647058823529,10.738888888888889,10.83157894736842,10.905,10.923809523809524,10.909090909090908,10.899999999999999,10.924999999999999,10.96,10.953846153846156,10.940740740740743,10.917857142857144,10.896551724137932,10.81666666666667,10.674193548387102,10.49375,10.315151515151516,10.170588235294119,10.054285714285715,9.944444444444446,9.832432432432434,9.694736842105266,9.553846153846155,9.455000000000002,9.382926829268294,9.350000000000001,9.339534883720932,9.325000000000001,9.280000000000001,9.210869565217394,9.144680851063832,9.079166666666667,9.012244897959183,8.930000000000001,8.809803921568628,8.700000000000001,8.59811320754717,8.50740740740741,8.423636363636366,8.358928571428573,8.32280701754386,8.312068965517241,8.301694915254238,8.276666666666667,8.27704918032787,8.270967741935484,8.266666666666667,8.2609375,8.252307692307692,8.262121212121214,8.285074626865674,8.316176470588237,8.344927536231886,8.378571428571428,8.414084507042254,8.444444444444445,8.467123287671233,8.486486486486486,8.500000000000002,8.509210526315792,8.527272727272727,8.542307692307695,8.541772151898735,8.53,8.54567901234568,8.581707317073171,8.633734939759037,8.686904761904762,8.750588235294119,8.805813953488371,8.849425287356324,8.90340909090909,8.953932584269662,8.986666666666666,9.001098901098901,9.004347826086956,9.002150537634408,8.986170212765957,8.955789473684211,8.919791666666667,8.89381443298969,8.873469387755101,8.857575757575757,8.838000000000001,8.817821782178218,8.788235294117648,8.760194174757283,8.735576923076923,8.719047619047618,8.69811320754717,8.68411214953271,8.676851851851852,8.666055045871559,8.662727272727274,8.65945945945946,8.659821428571428,8.664601769911505,8.666666666666666,8.65913043478261,8.649137931034483,8.633333333333333,8.60593220338983,8.571428571428573,8.531666666666668,8.493388429752066,8.452459016393442,8.41382113821138,8.379838709677419,8.352799999999998,8.326190476190474,8.304724409448818,8.2859375,3.1666666666666665,38.0,0.0,0.0,0.0,0.0,0.0,0.0,0.0,0.0,0.0,0.0,0.0,0.0,0.0,0.0,0.0,0.0,44.0,124.0,227.0,338.0,444.0,533.0,595.0,624.0,624.0,624.0,624.0,624.0,624.0,624.0,624.0,624.0,624.0,624.0,624.0,624.0,624.0,624.0,624.0,624.0,629.0,629.0,629.0,629.0,629.0,629.0,629.0,629.0,629.0,629.0,629.0,629.0,629.0,629.0,629.0,629.0,629.0,629.0,629.0,629.0,629.0,629.0,629.0,629.0,677.0,761.0,870.0,990.0,1108.0,1208.0,1278.0,1311.0,1312.0,1312.0,1312.0,1312.0,1312.0,1312.0,1312.0,1312.0,1312.0,1312.0,1312.0,1312.0,1312.0,1312.0,1312.0,1312.0,1334.0,1367.0,1410.0,1455.0,1491.0,1508.0,1508.0,1509.0,1509.0,1509.0,1509.0,1509.0,1509.0,1509.0,1509.0,1509.0,1509.0,1509.0,1509.0,1509.0,1509.0,1509.0,1509.0,1509.0,1527.0,1560.0,1601.0,1640.0,1666.0,1672.0,1672.0,1672.0,1672.0,1672.0,1672.0,1672.0,1672.0,1672.0,1672.0,1672.0,82,November 23,Macon
0.004018998534631023,1.5536064444830782,1.2418761439363348,1.7143445757596574,1.7143445757596574,0.7700693948995745,1.361379373139509,4.589535767128064,4.589535767128064,0.737083795652392,1.457704909747986,2.487865253765865,2.487865253765865,0.6916343216874254,1.0517655474240084,3.2687683458818926,3.2687683458818926,0.5999872043653678,0.5108375258270416,10.966666666666667,-0.02024113167689829,0.02024113167689829,215.2203647416413,6.2,5.95,5.8,5.675,5.58,5.6499999999999995,5.700000000000001,5.862500000000001,6.033333333333333,6.19,6.363636363636363,6.583333333333333,6.753846153846154,6.957142857142857,7.173333333333333,7.40625,7.676470588235294,7.922222222222221,8.115789473684208,8.274999999999999,8.399999999999999,8.490909090909089,8.530434782608694,8.579166666666667,8.64,8.715384615384615,8.822222222222221,8.9,8.948275862068966,8.986666666666666,8.974193548387095,8.95625,8.942424242424243,8.955882352941176,9.01142857142857,9.072222222222221,9.108108108108109,9.160526315789474,9.223076923076922,9.3175,9.424390243902439,9.504761904761905,9.574418604651163,9.636363636363637,9.673333333333332,9.693478260869565,9.714893617021277,9.752083333333333,9.793877551020408,9.814,9.829411764705881,9.838461538461537,9.847169811320757,9.822222222222225,9.760000000000002,9.673214285714286,9.584210526315792,9.512068965517242,9.454237288135596,9.398333333333335,9.339344262295084,9.262903225806454,9.182539682539684,9.1265625,9.086153846153849,9.069696969696972,9.067164179104479,9.061764705882354,9.036231884057973,8.994285714285716,8.953521126760563,8.912500000000001,8.86986301369863,8.816216216216217,8.736,8.661842105263158,8.592207792207795,8.529487179487182,8.47088607594937,8.425,8.398765432098765,8.390243902439025,8.381927710843375,8.363095238095237,8.362352941176471,8.356976744186047,8.352873563218392,8.34772727272727,8.340449438202247,8.346666666666668,8.362637362637363,8.384782608695653,8.405376344086022,8.429787234042553,8.455789473684211,8.478125,8.494845360824742,8.509183673469389,8.51919191919192,8.526,8.539603960396041,8.550980392156863,8.550485436893204,8.541346153846153,8.553333333333333,8.5811320754717,8.621495327102803,8.662962962962963,8.712844036697248,8.756363636363636,8.790990990990991,8.83392857142857,8.87433628318584,8.900877192982456,8.91304347826087,8.916379310344826,8.915384615384616,8.903389830508475,8.87983193277311,8.851666666666667,8.831404958677687,8.815573770491802,8.803252032520327,8.787903225806453,8.772,8.7484126984127,8.725984251968505,8.70625,11.75,141.0,0.0,0.0,0.0,0.0,0.0,0.0,0.0,0.0,0.0,0.0,0.0,0.0,0.0,0.0,0.0,0.0,10.0,23.0,35.0,38.0,38.0,38.0,38.0,38.0,38.0,38.0,38.0,38.0,38.0,38.0,38.0,38.0,38.0,38.0,38.0,38.0,38.0,38.0,38.0,38.0,82.0,162.0,265.0,376.0,482.0,571.0,633.0,662.0,662.0,662.0,662.0,662.0,662.0,662.0,662.0,662.0,662.0,662.0,662.0,662.0,662.0,662.0,662.0,662.0,667.0,667.0,667.0,667.0,667.0,667.0,667.0,667.0,667.0,667.0,667.0,667.0,667.0,667.0,667.0,667.0,667.0,667.0,667.0,667.0,667.0,667.0,667.0,667.0,715.0,799.0,908.0,1028.0,1146.0,1246.0,1316.0,1349.0,1350.0,1350.0,1350.0,1350.0,1350.0,1350.0,1350.0,1350.0,1350.0,1350.0,1350.0,1350.0,1350.0,1350.0,1350.0,1350.0,1372.0,1405.0,1448.0,1493.0,1529.0,1546.0,1546.0,1547.0,1547.0,1547.0,1547.0,1547.0,1547.0,1547.0,1547.0,1547.0,83,November 24,Macon
0.004018998534631023,1.5536064444830782,1.2418761439363348,1.7143445757596574,1.7143445757596574,0.7700693948995745,1.361379373139509,4.589535767128064,4.589535767128064,0.737083795652392,1.457704909747986,2.487865253765865,2.487865253765865,0.6916343216874254,1.0517655474240084,3.2687683458818926,3.2687683458818926,0.5999872043653678,0.5108375258270416,10.733333333333333,-0.14565641523482778,0.14565641523482778,187.67080745341613,9.1,9.0,8.966666666666667,8.85,8.7,8.466666666666667,8.157142857142857,7.8125,7.48888888888889,7.269999999999999,7.2272727272727275,7.2250000000000005,7.2846153846153845,7.385714285714286,7.506666666666666,7.61875,7.747058823529413,7.855555555555556,8.010526315789473,8.115,8.138095238095238,8.15,8.147826086956524,8.129166666666668,8.052,7.961538461538462,7.87037037037037,7.778571428571429,7.689655172413793,7.633333333333334,7.580645161290323,7.5625,7.557575757575757,7.5588235294117645,7.574285714285715,7.613888888888888,7.645945945945945,7.697368421052632,7.7615384615384615,7.840000000000001,7.941463414634147,8.04047619047619,8.123255813953488,8.195454545454545,8.255555555555556,8.302173913043479,8.325531914893617,8.354166666666666,8.389795918367348,8.434000000000001,8.496078431372547,8.544230769230769,8.577358490566038,8.605555555555556,8.605454545454547,8.601785714285715,8.600000000000001,8.613793103448277,8.652542372881356,8.694999999999999,8.722950819672132,8.761290322580644,8.806349206349205,8.871875000000001,8.946153846153846,9.004545454545456,9.056716417910447,9.104411764705883,9.13623188405797,9.157142857142857,9.178873239436617,9.211111111111112,9.246575342465755,9.267567567567568,9.285333333333334,9.298684210526314,9.311688311688311,9.30128205128205,9.264556962025315,9.209999999999999,9.153086419753086,9.107317073170732,9.071084337349397,9.035714285714286,8.997647058823528,8.946511627906977,8.891954022988505,8.854545454545455,8.82808988764045,8.818888888888889,8.81978021978022,8.818478260869565,8.802150537634407,8.773404255319148,8.745263157894737,8.716666666666667,8.686597938144331,8.64795918367347,8.58888888888889,8.533999999999999,8.482178217821783,8.435294117647057,8.39126213592233,8.356730769230769,8.337142857142856,8.331132075471697,8.325233644859813,8.31111111111111,8.311009174311927,8.307272727272727,8.304504504504504,8.300892857142857,8.295575221238938,8.300877192982457,8.31391304347826,8.331896551724137,8.348717948717947,8.36864406779661,8.389915966386553,8.408333333333333,8.422314049586777,8.434426229508198,8.44308943089431,8.449193548387097,8.460800000000003,8.47063492063492,8.470866141732284,8.464062499999999,32.666666666666664,392.0,0.0,0.0,0.0,0.0,0.0,0.0,0.0,0.0,0.0,0.0,0.0,0.0,0.0,0.0,0.0,0.0,18.0,47.0,82.0,114.0,135.0,140.0,140.0,141.0,141.0,141.0,141.0,141.0,141.0,141.0,141.0,141.0,141.0,141.0,141.0,141.0,141.0,141.0,141.0,141.0,151.0,164.0,176.0,179.0,179.0,179.0,179.0,179.0,179.0,179.0,179.0,179.0,179.0,179.0,179.0,179.0,179.0,179.0,179.0,179.0,179.0,179.0,179.0,179.0,223.0,303.0,406.0,517.0,623.0,712.0,774.0,803.0,803.0,803.0,803.0,803.0,803.0,803.0,803.0,803.0,803.0,803.0,803.0,803.0,803.0,803.0,803.0,803.0,808.0,808.0,808.0,808.0,808.0,808.0,808.0,808.0,808.0,808.0,808.0,808.0,808.0,808.0,808.0,808.0,808.0,808.0,808.0,808.0,808.0,808.0,808.0,808.0,856.0,940.0,1049.0,1169.0,1287.0,1387.0,1457.0,1490.0,1491.0,1491.0,1491.0,1491.0,1491.0,1491.0,1491.0,1491.0,84,November 25,Macon
0.004018998534631023,1.5536064444830782,1.2418761439363348,1.7143445757596574,1.7143445757596574,0.7700693948995745,1.361379373139509,4.589535767128064,4.589535767128064,0.737083795652392,1.457704909747986,2.487865253765865,2.487865253765865,0.6916343216874254,1.0517655474240084,3.2687683458818926,3.2687683458818926,0.5999872043653678,0.5108375258270416,11.833333333333336,-0.07959135694287123,0.07959135694287123,202.18309859154925,6.2,6.45,6.666666666666667,6.824999999999999,6.839999999999999,6.833333333333335,6.9142857142857155,6.937499999999999,6.933333333333334,6.85,6.7727272727272725,6.816666666666666,6.915384615384616,7.035714285714286,7.1,7.168749999999999,7.241176470588236,7.333333333333333,7.4684210526315775,7.624999999999998,7.7714285714285705,7.872727272727272,7.969565217391305,8.041666666666666,8.084,8.115384615384615,8.144444444444442,8.157142857142857,8.155172413793103,8.126666666666667,8.067741935483872,7.984374999999999,7.890909090909091,7.814705882352941,7.785714285714286,7.769444444444444,7.775675675675675,7.8,7.835897435897435,7.8725,7.919512195121951,7.961904761904761,8.027906976744188,8.075000000000001,8.086666666666668,8.093478260869565,8.093617021276595,8.085416666666667,8.046938775510204,8.0,7.950980392156863,7.9,7.849056603773584,7.814814814814815,7.78181818181818,7.767857142857143,7.761403508771929,7.758620689655173,7.764406779661018,7.785,7.801639344262295,7.830645161290323,7.868253968253968,7.915625,7.978461538461539,8.040909090909093,8.094029850746269,8.141176470588235,8.181159420289855,8.212857142857143,8.229577464788731,8.25,8.275342465753427,8.306756756756757,8.350666666666667,8.385526315789475,8.410389610389611,8.432051282051283,8.434177215189873,8.43375,8.43456790123457,8.446341463414635,8.475903614457833,8.508333333333335,8.530588235294118,8.56046511627907,8.595402298850574,8.645454545454545,8.702247191011235,8.74777777777778,8.78901098901099,8.82717391304348,8.853763440860217,8.872340425531915,8.891578947368421,8.918750000000001,8.948453608247423,8.967346938775512,8.983838383838386,8.997,9.009900990099009,9.004901960784315,8.979611650485436,8.940384615384614,8.89904761904762,8.866037735849057,8.840186915887852,8.814814814814817,8.787155963302753,8.749090909090908,8.708108108108108,8.680357142857144,8.661061946902656,8.655263157894737,8.657391304347826,8.657758620689656,8.646153846153846,8.624576271186442,8.603361344537815,8.581666666666667,8.558677685950412,8.528688524590164,8.482113821138212,8.438709677419356,8.3976,8.360317460317459,8.3251968503937,8.29765625,24.333333333333332,292.0,0.0,0.0,0.0,0.0,0.0,0.0,0.0,0.0,0.0,0.0,0.0,0.0,0.0,0.0,0.0,0.0,32.0,87.0,157.0,233.0,303.0,356.0,385.0,392.0,392.0,392.0,392.0,392.0,392.0,392.0,392.0,392.0,392.0,392.0,392.0,392.0,392.0,392.0,392.0,392.0,410.0,439.0,474.0,506.0,527.0,532.0,532.0,533.0,533.0,533.0,533.0,533.0,533.0,533.0,533.0,533.0,533.0,533.0,533.0,533.0,533.0,533.0,533.0,533.0,543.0,556.0,568.0,571.0,571.0,571.0,571.0,571.0,571.0,571.0,571.0,571.0,571.0,571.0,571.0,571.0,571.0,571.0,571.0,571.0,571.0,571.0,571.0,571.0,615.0,695.0,798.0,909.0,1015.0,1104.0,1166.0,1195.0,1195.0,1195.0,1195.0,1195.0,1195.0,1195.0,1195.0,1195.0,1195.0,1195.0,1195.0,1195.0,1195.0,1195.0,1195.0,1195.0,1200.0,1200.0,1200.0,1200.0,1200.0,1200.0,1200.0,1200.0,1200.0,1200.0,1200.0,1200.0,1200.0,1200.0,1200.0,1200.0,85,November 26,Macon
0.004018998534631023,1.5536064444830782,1.2418761439363348,1.7143445757596574,1.7143445757596574,0.7700693948995745,1.361379373139509,4.589535767128064,4.589535767128064,0.737083795652392,1.457704909747986,2.487865253765865,2.487865253765865,0.6916343216874254,1.0517655474240084,3.2687683458818926,3.2687683458818926,0.5999872043653678,0.5108375258270416,9.9,-0.17210803022639107,0.17210803022639107,181.8602693602694,9.7,10.25,9.866666666666665,9.825,9.84,9.766666666666667,9.771428571428572,9.775,9.81111111111111,9.83,9.818181818181818,9.808333333333334,9.799999999999999,9.835714285714285,9.853333333333332,9.8125,9.758823529411764,9.683333333333334,9.557894736842105,9.459999999999997,9.347619047619046,9.209090909090909,9.078260869565218,8.987499999999999,8.876,8.792307692307691,8.72962962962963,8.678571428571427,8.617241379310345,8.556666666666667,8.519354838709678,8.475000000000001,8.427272727272726,8.358823529411765,8.291428571428572,8.263888888888891,8.259459459459459,8.26842105263158,8.26153846153846,8.26,8.263414634146342,8.278571428571428,8.316279069767443,8.368181818181817,8.42,8.454347826086956,8.48936170212766,8.514583333333334,8.526530612244898,8.533999999999999,8.541176470588235,8.540384615384614,8.532075471698112,8.509259259259258,8.469090909090909,8.414285714285713,8.352631578947367,8.299999999999999,8.274576271186442,8.256666666666666,8.252459016393441,8.259677419354839,8.274603174603174,8.290625,8.313846153846153,8.334848484848486,8.371641791044775,8.397058823529413,8.4,8.400000000000002,8.395774647887324,8.386111111111111,8.356164383561644,8.32027027027027,8.282666666666668,8.24342105263158,8.203896103896104,8.175641025641024,8.148101265822785,8.133750000000001,8.124691358024691,8.11829268292683,8.118072289156627,8.12857142857143,8.136470588235296,8.153488372093022,8.177011494252874,8.207954545454545,8.25056179775281,8.293333333333333,8.32967032967033,8.361956521739131,8.389247311827958,8.41063829787234,8.421052631578947,8.434375000000001,8.45154639175258,8.473469387755102,8.505050505050507,8.530000000000001,8.54752475247525,8.562745098039215,8.563106796116505,8.561538461538461,8.560952380952381,8.568867924528302,8.590654205607477,8.614814814814816,8.631192660550457,8.653636363636364,8.680180180180178,8.71875,8.76283185840708,8.798245614035087,8.830434782608696,8.860344827586207,8.881196581196582,8.895762711864407,8.910924369747898,8.932500000000001,8.956198347107438,8.971311475409836,8.984552845528455,8.99516129032258,9.005600000000001,9.001587301587302,8.981102362204723,8.94921875,34.25,411.0,0.0,0.0,0.0,0.0,0.0,0.0,0.0,0.0,0.0,0.0,0.0,0.0,0.0,0.0,0.0,0.0,29.0,74.0,129.0,186.0,238.0,275.0,291.0,292.0,292.0,292.0,292.0,292.0,292.0,292.0,292.0,292.0,292.0,292.0,292.0,292.0,292.0,292.0,292.0,292.0,324.0,379.0,449.0,525.0,595.0,648.0,677.0,684.0,684.0,684.0,684.0,684.0,684.0,684.0,684.0,684.0,684.0,684.0,684.0,684.0,684.0,684.0,684.0,684.0,702.0,731.0,766.0,798.0,819.0,824.0,824.0,825.0,825.0,825.0,825.0,825.0,825.0,825.0,825.0,825.0,825.0,825.0,825.0,825.0,825.0,825.0,825.0,825.0,835.0,848.0,860.0,863.0,863.0,863.0,863.0,863.0,863.0,863.0,863.0,863.0,863.0,863.0,863.0,863.0,863.0,863.0,863.0,863.0,863.0,863.0,863.0,863.0,907.0,987.0,1090.0,1201.0,1307.0,1396.0,1458.0,1487.0,1487.0,1487.0,1487.0,1487.0,1487.0,1487.0,1487.0,1487.0,86,November 27,Macon
0.004018998534631023,1.5536064444830782,1.2418761439363348,1.7143445757596574,1.7143445757596574,0.7700693948995745,1.361379373139509,4.589535767128064,4.589535767128064,0.737083795652392,1.457704909747986,2.487865253765865,2.487865253765865,0.6916343216874254,1.0517655474240084,3.2687683458818926,3.2687683458818926,0.5999872043653678,0.5108375258270416,14.325,-0.010929352474927262,0.010929352474927262,217.26585223967427,2.4000000000000004,2.75,3.0333333333333337,3.525,3.8400000000000007,4.033333333333334,4.185714285714286,4.3125,4.4,4.65,4.945454545454545,5.266666666666667,5.576923076923077,5.921428571428571,6.239999999999999,6.51875,6.794117647058823,6.994444444444444,7.131578947368421,7.264999999999999,7.399999999999999,7.486363636363635,7.5608695652173905,7.683333333333333,7.763999999999999,7.880769230769231,7.925925925925926,7.989285714285714,8.055172413793104,8.1,8.154838709677419,8.20625,8.263636363636362,8.314705882352941,8.354285714285714,8.391666666666667,8.427027027027028,8.476315789473684,8.51794871794872,8.535,8.54390243902439,8.540476190476191,8.511627906976743,8.490909090909092,8.46,8.41304347826087,8.365957446808512,8.335416666666667,8.291836734693877,8.26,8.237254901960785,8.21923076923077,8.194339622641511,8.16851851851852,8.154545454545456,8.135714285714286,8.114035087719298,8.079310344827586,8.04406779661017,8.031666666666666,8.032786885245903,8.041935483870969,8.041269841269843,8.04375,8.049230769230768,8.062121212121212,8.089552238805972,8.126470588235295,8.16376811594203,8.19,8.216901408450708,8.237499999999999,8.24931506849315,8.258108108108107,8.266666666666667,8.269736842105264,8.267532467532467,8.255128205128207,8.230379746835444,8.194999999999999,8.154320987654321,8.11951219512195,8.103614457831325,8.092857142857143,8.091764705882353,8.098837209302326,8.111494252873564,8.125,8.1438202247191,8.161111111111111,8.190109890109891,8.210869565217392,8.21505376344086,8.217021276595746,8.215789473684211,8.210416666666667,8.189690721649484,8.164285714285713,8.137373737373737,8.109,8.08019801980198,8.059803921568628,8.039805825242718,8.029807692307692,8.023809523809522,8.019811320754716,8.020560747663552,8.029629629629628,8.036697247706423,8.05090909090909,8.07027027027027,8.095535714285715,8.13008849557522,8.164912280701754,8.194782608695652,8.22155172413793,8.244444444444445,8.26271186440678,8.272268907563024,8.284166666666668,8.299173553719008,8.318032786885245,8.344715447154472,8.366129032258065,8.381599999999999,8.395238095238094,8.396850393700785,8.396875,2.75,33.0,0.0,0.0,0.0,0.0,0.0,0.0,0.0,0.0,0.0,0.0,0.0,0.0,0.0,0.0,0.0,0.0,35.0,93.0,165.0,240.0,310.0,366.0,400.0,411.0,411.0,411.0,411.0,411.0,411.0,411.0,411.0,411.0,411.0,411.0,411.0,411.0,411.0,411.0,411.0,411.0,440.0,485.0,540.0,597.0,649.0,686.0,702.0,703.0,703.0,703.0,703.0,703.0,703.0,703.0,703.0,703.0,703.0,703.0,703.0,703.0,703.0,703.0,703.0,703.0,735.0,790.0,860.0,936.0,1006.0,1059.0,1088.0,1095.0,1095.0,1095.0,1095.0,1095.0,1095.0,1095.0,1095.0,1095.0,1095.0,1095.0,1095.0,1095.0,1095.0,1095.0,1095.0,1095.0,1113.0,1142.0,1177.0,1209.0,1230.0,1235.0,1235.0,1236.0,1236.0,1236.0,1236.0,1236.0,1236.0,1236.0,1236.0,1236.0,1236.0,1236.0,1236.0,1236.0,1236.0,1236.0,1236.0,1236.0,1246.0,1259.0,1271.0,1274.0,1274.0,1274.0,1274.0,1274.0,1274.0,1274.0,1274.0,1274.0,1274.0,1274.0,1274.0,1274.0,87,November 28,Macon
0.004018998534631023,1.5536064444830782,1.2418761439363348,1.7143445757596574,1.7143445757596574,0.7700693948995745,1.361379373139509,4.589535767128064,4.589535767128064,0.737083795652392,1.457704909747986,2.487865253765865,2.487865253765865,0.6916343216874254,1.0517655474240084,3.2687683458818926,3.2687683458818926,0.5999872043653678,0.5108375258270416,12.091666666666667,0.006725517120211013,0.006725517120211013,221.14403859407298,3.4000000000000004,3.5500000000000003,3.466666666666667,3.525,3.4599999999999995,3.3333333333333335,3.2714285714285714,3.2250000000000005,3.1222222222222222,3.22,3.3181818181818183,3.4333333333333336,3.5846153846153848,3.778571428571429,4.046666666666667,4.2625,4.435294117647059,4.6000000000000005,4.678947368421053,4.69,4.671428571428572,4.6409090909090915,4.5826086956521745,4.554166666666667,4.468,4.415384615384616,4.385185185185185,4.4071428571428575,4.431034482758621,4.45,4.470967741935484,4.49375,4.512121212121213,4.58235294117647,4.677142857142858,4.791666666666666,4.913513513513513,5.057894736842104,5.202564102564102,5.339999999999999,5.482926829268293,5.6,5.693023255813953,5.786363636363636,5.882222222222221,5.956521739130434,6.025531914893616,6.118750000000001,6.191836734693877,6.284,6.339215686274509,6.403846153846152,6.469811320754717,6.524074074074072,6.583636363636361,6.641071428571428,6.701754385964911,6.758620689655172,6.808474576271187,6.856666666666666,6.903278688524589,6.958064516129031,7.007936507936507,7.0421875,7.07076923076923,7.09090909090909,7.094029850746269,7.101470588235294,7.101449275362318,7.089999999999999,7.077464788732393,7.074999999999999,7.0630136986301375,7.058108108108109,7.058666666666666,7.061842105263159,7.05974025974026,7.056410256410258,7.060759493670888,7.061250000000001,7.05925925925926,7.0475609756097555,7.034939759036145,7.038095238095239,7.050588235294119,7.068604651162793,7.079310344827587,7.092045454545455,7.106741573033706,7.126666666666666,7.1571428571428575,7.194565217391304,7.232258064516129,7.261702127659576,7.291578947368421,7.316666666666667,7.335051546391751,7.351020408163265,7.366666666666667,7.378000000000001,7.385148514851485,7.3843137254901965,7.37378640776699,7.354807692307693,7.331428571428572,7.312264150943396,7.307476635514019,7.306481481481482,7.312844036697248,7.325454545454547,7.342342342342342,7.359821428571428,7.38141592920354,7.401754385964913,7.431304347826086,7.454310344827586,7.464102564102565,7.472033898305086,7.477310924369749,7.479166666666667,7.468595041322313,7.454098360655737,7.438211382113821,7.420967741935483,7.403200000000001,7.3920634920634924,7.381102362204725,7.378125,14.833333333333334,178.0,0.0,0.0,0.0,0.0,0.0,0.0,0.0,0.0,0.0,0.0,0.0,0.0,0.0,0.0,0.0,0.0,11.0,24.0,32.0,32.0,32.0,32.0,32.0,33.0,33.0,33.0,33.0,33.0,33.0,33.0,33.0,33.0,33.0,33.0,33.0,33.0,33.0,33.0,33.0,33.0,68.0,126.0,198.0,273.0,343.0,399.0,433.0,444.0,444.0,444.0,444.0,444.0,444.0,444.0,444.0,444.0,444.0,444.0,444.0,444.0,444.0,444.0,444.0,444.0,473.0,518.0,573.0,630.0,682.0,719.0,735.0,736.0,736.0,736.0,736.0,736.0,736.0,736.0,736.0,736.0,736.0,736.0,736.0,736.0,736.0,736.0,736.0,736.0,768.0,823.0,893.0,969.0,1039.0,1092.0,1121.0,1128.0,1128.0,1128.0,1128.0,1128.0,1128.0,1128.0,1128.0,1128.0,1128.0,1128.0,1128.0,1128.0,1128.0,1128.0,1128.0,1128.0,1146.0,1175.0,1210.0,1242.0,1263.0,1268.0,1268.0,1269.0,1269.0,1269.0,1269.0,1269.0,1269.0,1269.0,1269.0,1269.0,88,November 29,Macon
0.004018998534631023,1.5536064444830782,1.2418761439363348,1.7143445757596574,1.7143445757596574,0.7700693948995745,1.361379373139509,4.589535767128064,4.589535767128064,0.737083795652392,1.457704909747986,2.487865253765865,2.487865253765865,0.6916343216874254,1.0517655474240084,3.2687683458818926,3.2687683458818926,0.5999872043653678,0.5108375258270416,10.441666666666666,0.004278653840797265,0.004278653840797265,220.6065442936951,3.5,4.05,4.366666666666666,4.275,4.279999999999999,4.316666666666666,4.414285714285714,4.550000000000001,4.711111111111111,4.86,5.036363636363636,5.3,5.53076923076923,5.785714285714285,6.02,6.225,6.335294117647059,6.438888888888889,6.505263157894737,6.545,6.576190476190476,6.645454545454546,6.660869565217392,6.604166666666667,6.475999999999999,6.369230769230769,6.2555555555555555,6.164285714285714,6.062068965517242,5.95,5.851612903225806,5.759375,5.654545454545455,5.608823529411765,5.571428571428571,5.5472222222222225,5.543243243243243,5.563157894736842,5.620512820512821,5.6674999999999995,5.704878048780487,5.745238095238095,5.753488372093023,5.7340909090909085,5.702222222222223,5.665217391304348,5.614893617021277,5.579166666666667,5.514285714285715,5.466000000000001,5.429411764705883,5.421153846153848,5.415094339622643,5.407407407407408,5.401818181818183,5.398214285714286,5.39298245614035,5.4189655172413795,5.461016949152542,5.516666666666667,5.578688524590164,5.656451612903226,5.736507936507937,5.8140624999999995,5.896923076923076,5.965151515151516,6.019402985074627,6.075,6.133333333333334,6.17857142857143,6.221126760563381,6.280555555555556,6.3273972602739725,6.387837837837838,6.424,6.467105263157895,6.511688311688312,6.5487179487179485,6.5898734177215195,6.63,6.672839506172839,6.713414634146342,6.749397590361445,6.784523809523809,6.818823529411765,6.859302325581395,6.896551724137931,6.922727272727272,6.94494382022472,6.961111111111111,6.964835164835164,6.971739130434782,6.973118279569892,6.9659574468085115,6.957894736842104,6.957291666666666,6.949484536082474,6.946938775510205,6.948484848484849,6.951999999999999,6.951485148514852,6.95,6.954368932038836,6.955769230769231,6.955238095238095,6.947169811320754,6.9383177570093455,6.941666666666667,6.952293577981652,6.967272727272727,6.976576576576576,6.9875,7.0,7.016666666666667,7.041739130434784,7.072413793103448,7.103418803418803,7.127966101694915,7.152941176470588,7.174166666666666,7.190082644628099,7.204098360655737,7.2178861788617885,7.228225806451613,7.2352,7.235714285714285,7.228346456692912,7.2140625,17.5,210.0,0.0,0.0,0.0,0.0,0.0,0.0,0.0,0.0,0.0,0.0,0.0,0.0,0.0,0.0,0.0,0.0,20.0,54.0,95.0,135.0,164.0,177.0,177.0,178.0,178.0,178.0,178.0,178.0,178.0,178.0,178.0,178.0,178.0,178.0,178.0,178.0,178.0,178.0,178.0,178.0,189.0,202.0,210.0,210.0,210.0,210.0,210.0,211.0,211.0,211.0,211.0,211.0,211.0,211.0,211.0,211.0,211.0,211.0,211.0,211.0,211.0,211.0,211.0,211.0,246.0,304.0,376.0,451.0,521.0,577.0,611.0,622.0,622.0,622.0,622.0,622.0,622.0,622.0,622.0,622.0,622.0,622.0,622.0,622.0,622.0,622.0,622.0,622.0,651.0,696.0,751.0,808.0,860.0,897.0,913.0,914.0,914.0,914.0,914.0,914.0,914.0,914.0,914.0,914.0,914.0,914.0,914.0,914.0,914.0,914.0,914.0,914.0,946.0,1001.0,1071.0,1147.0,1217.0,1270.0,1299.0,1306.0,1306.0,1306.0,1306.0,1306.0,1306.0,1306.0,1306.0,1306.0,89,November 30,Macon
0.004018998534631023,1.5536064444830782,1.2418761439363348,1.7143445757596574,1.7143445757596574,0.7700693948995745,1.361379373139509,4.589535767128064,4.589535767128064,0.737083795652392,1.457704909747986,2.487865253765865,2.487865253765865,0.6916343216874254,1.0517655474240084,3.2687683458818926,3.2687683458818926,0.5999872043653678,0.5108375258270416,7.824999999999997,-0.0727552153277059,0.0727552153277059,203.6847710330139,7.8,6.949999999999999,6.866666666666667,6.675,6.4399999999999995,6.333333333333332,6.299999999999999,6.4125,6.533333333333333,6.6,6.754545454545454,6.841666666666666,6.8999999999999995,7.07142857142857,7.333333333333332,7.61875,7.882352941176471,8.172222222222224,8.4,8.51,8.538095238095238,8.45909090909091,8.343478260869565,8.200000000000001,8.012,7.880769230769231,7.774074074074075,7.639285714285713,7.524137931034482,7.423333333333334,7.345161290322581,7.2875000000000005,7.248484848484849,7.2176470588235295,7.205714285714286,7.2333333333333325,7.262162162162162,7.310526315789476,7.361538461538462,7.409999999999999,7.426829268292683,7.445238095238096,7.451162790697674,7.447727272727274,7.442222222222223,7.456521739130436,7.4468085106382995,7.402083333333334,7.320408163265306,7.248000000000001,7.170588235294119,7.103846153846155,7.030188679245283,6.950000000000001,6.876363636363638,6.805357142857143,6.726315789473685,6.681034482758622,6.640677966101696,6.608333333333333,6.588524590163936,6.583870967741937,6.603174603174604,6.6171875,6.626153846153846,6.637878787878789,6.629850746268658,6.604411764705882,6.571014492753624,6.534285714285715,6.488732394366199,6.452777777777778,6.397260273972603,6.352702702702704,6.316000000000001,6.298684210526316,6.283116883116884,6.2666666666666675,6.2518987341772165,6.2387500000000005,6.224691358024692,6.232926829268293,6.253012048192771,6.283333333333334,6.318823529411765,6.366279069767442,6.4160919540229875,6.464772727272728,6.517977528089887,6.561111111111111,6.594505494505495,6.629347826086957,6.666666666666667,6.694680851063829,6.721052631578948,6.760416666666667,6.790721649484537,6.831632653061224,6.8545454545454545,6.882999999999999,6.912871287128714,6.937254901960784,6.965048543689321,6.9923076923076914,7.021904761904762,7.049999999999999,7.074766355140186,7.099074074074075,7.122935779816514,7.151818181818181,7.178378378378378,7.196428571428571,7.211504424778759,7.2219298245614025,7.222608695652174,7.225862068965518,7.224786324786324,7.216949152542372,7.208403361344538,7.205833333333333,7.197520661157023,7.193442622950819,7.192682926829268,7.193548387096774,7.1912,7.188095238095237,7.189763779527559,7.1890625,29.916666666666668,359.0,0.0,0.0,0.0,0.0,0.0,0.0,0.0,0.0,0.0,0.0,0.0,0.0,0.0,0.0,0.0,0.0,22.0,57.0,101.0,147.0,185.0,207.0,210.0,210.0,210.0,210.0,210.0,210.0,210.0,210.0,210.0,210.0,210.0,210.0,210.0,210.0,210.0,210.0,210.0,210.0,230.0,264.0,305.0,345.0,374.0,387.0,387.0,388.0,388.0,388.0,388.0,388.0,388.0,388.0,388.0,388.0,388.0,388.0,388.0,388.0,388.0,388.0,388.0,388.0,399.0,412.0,420.0,420.0,420.0,420.0,420.0,421.0,421.0,421.0,421.0,421.0,421.0,421.0,421.0,421.0,421.0,421.0,421.0,421.0,421.0,421.0,421.0,421.0,456.0,514.0,586.0,661.0,731.0,787.0,821.0,832.0,832.0,832.0,832.0,832.0,832.0,832.0,832.0,832.0,832.0,832.0,832.0,832.0,832.0,832.0,832.0,832.0,861.0,906.0,961.0,1018.0,1070.0,1107.0,1123.0,1124.0,1124.0,1124.0,1124.0,1124.0,1124.0,1124.0,1124.0,1124.0,90,December 1,Macon
0.004018998534631023,1.5536064444830782,1.2418761439363348,1.7143445757596574,1.7143445757596574,0.7700693948995745,1.361379373139509,4.589535767128064,4.589535767128064,0.737083795652392,1.457704909747986,2.487865253765865,2.487865253765865,0.6916343216874254,1.0517655474240084,3.2687683458818926,3.2687683458818926,0.5999872043653678,0.5108375258270416,4.633333333333331,-0.43857053962292963,0.43857053962292963,123.32733812949644,9.9,9.3,9.100000000000001,9.4,9.56,9.616666666666667,9.757142857142858,10.125,10.611111111111112,10.96,11.163636363636364,11.258333333333333,11.307692307692308,11.364285714285714,11.506666666666666,11.625,11.770588235294118,11.833333333333334,11.926315789473684,11.935,11.938095238095238,11.895454545454545,11.834782608695651,11.716666666666667,11.56,11.349999999999998,11.177777777777775,10.996428571428568,10.806896551724137,10.639999999999997,10.493548387096773,10.390625,10.303030303030301,10.21176470588235,10.157142857142853,10.091666666666665,10.024324324324322,10.005263157894735,10.030769230769229,10.0775,10.126829268292683,10.197619047619048,10.251162790697673,10.25909090909091,10.233333333333333,10.158695652173913,10.06595744680851,9.958333333333334,9.826530612244898,9.722,9.62941176470588,9.521153846153846,9.422641509433962,9.33148148148148,9.252727272727272,9.185714285714285,9.129824561403508,9.079310344827585,9.040677966101695,9.026666666666667,9.014754098360656,9.016129032258064,9.020634920634922,9.025,9.01076923076923,8.998484848484848,8.97910447761194,8.954411764705881,8.928985507246377,8.917142857142858,8.890140845070423,8.840277777777779,8.765753424657534,8.697297297297297,8.625333333333334,8.560526315789474,8.490909090909092,8.416666666666666,8.346835443037977,8.278749999999999,8.204938271604938,8.154878048780489,8.10843373493976,8.067857142857143,8.036470588235295,8.016279069767442,8.013793103448277,8.007954545454545,7.998876404494382,7.992222222222223,7.971428571428572,7.93804347826087,7.898924731182797,7.85744680851064,7.809473684210527,7.76875,7.713402061855669,7.6663265306122454,7.6252525252525265,7.599000000000001,7.574257425742576,7.549019607843137,7.525242718446603,7.502884615384615,7.4799999999999995,7.474528301886793,7.478504672897197,7.490740740740741,7.507339449541285,7.533636363636364,7.562162162162162,7.590178571428571,7.622123893805308,7.6464912280701745,7.6634782608695655,7.681896551724138,7.702564102564102,7.716101694915254,7.728571428571429,7.751666666666667,7.767768595041322,7.792622950819672,7.803252032520326,7.818548387096774,7.8351999999999995,7.847619047619047,7.862992125984253,7.878125,64.75,777.0,0.0,0.0,0.0,0.0,0.0,0.0,0.0,0.0,0.0,0.0,0.0,0.0,0.0,0.0,0.0,0.0,31.0,83.0,147.0,215.0,278.0,327.0,354.0,359.0,359.0,359.0,359.0,359.0,359.0,359.0,359.0,359.0,359.0,359.0,359.0,359.0,359.0,359.0,359.0,359.0,381.0,416.0,460.0,506.0,544.0,566.0,569.0,569.0,569.0,569.0,569.0,569.0,569.0,569.0,569.0,569.0,569.0,569.0,569.0,569.0,569.0,569.0,569.0,569.0,589.0,623.0,664.0,704.0,733.0,746.0,746.0,747.0,747.0,747.0,747.0,747.0,747.0,747.0,747.0,747.0,747.0,747.0,747.0,747.0,747.0,747.0,747.0,747.0,758.0,771.0,779.0,779.0,779.0,779.0,779.0,780.0,780.0,780.0,780.0,780.0,780.0,780.0,780.0,780.0,780.0,780.0,780.0,780.0,780.0,780.0,780.0,780.0,815.0,873.0,945.0,1020.0,1090.0,1146.0,1180.0,1191.0,1191.0,1191.0,1191.0,1191.0,1191.0,1191.0,1191.0,1191.0,91,December 2,Macon
0.004018998534631023,1.5536064444830782,1.2418761439363348,1.7143445757596574,1.7143445757596574,0.7700693948995745,1.361379373139509,4.589535767128064,4.589535767128064,0.737083795652392,1.457704909747986,2.487865253765865,2.487865253765865,0.6916343216874254,1.0517655474240084,3.2687683458818926,3.2687683458818926,0.5999872043653678,0.5108375258270416,7.200000000000001,-0.23911439892092387,0.23911439892092387,167.1412037037037,12.7,12.3,11.933333333333332,11.625,11.36,11.033333333333333,10.87142857142857,10.95,11.18888888888889,11.43,11.645454545454545,11.9,12.146153846153844,12.414285714285713,12.706666666666667,12.98125,13.235294117647058,13.466666666666667,13.647368421052633,13.809999999999997,13.914285714285715,13.886363636363633,13.791304347826086,13.633333333333333,13.483999999999998,13.299999999999999,13.129629629629628,13.028571428571427,12.931034482758621,12.83,12.758064516129028,12.75625,12.809090909090909,12.84705882352941,12.857142857142856,12.841666666666663,12.816216216216214,12.79736842105263,12.815384615384612,12.829999999999998,12.860975609756096,12.86190476190476,12.879069767441862,12.861363636363638,12.842222222222222,12.802173913043477,12.753191489361702,12.674999999999999,12.575510204081633,12.446000000000002,12.333333333333336,12.213461538461539,12.086792452830188,11.970370370370372,11.863636363636362,11.780357142857142,11.705263157894738,11.62758620689655,11.571186440677964,11.508333333333335,11.444262295081968,11.409677419354841,11.403174603174604,11.410937500000001,11.421538461538463,11.446969696969699,11.46268656716418,11.450000000000003,11.41594202898551,11.35,11.271830985915495,11.183333333333332,11.078082191780823,10.990540540540541,10.910666666666668,10.819736842105264,10.735064935064935,10.655128205128207,10.583544303797469,10.52,10.4641975308642,10.41219512195122,10.36867469879518,10.342857142857145,10.318823529411764,10.304651162790698,10.293103448275861,10.281818181818183,10.257303370786518,10.234444444444446,10.206593406593408,10.175,10.143010752688173,10.121276595744682,10.08842105263158,10.038541666666667,9.970103092783507,9.906122448979593,9.83939393939394,9.778,9.712871287128714,9.644117647058824,9.578640776699029,9.514423076923077,9.445714285714287,9.395283018867925,9.34766355140187,9.304629629629632,9.268807339449541,9.241818181818184,9.228828828828828,9.213392857142859,9.19557522123894,9.17982456140351,9.153043478260871,9.11637931034483,9.075213675213677,9.03220338983051,8.98403361344538,8.941666666666666,8.887603305785126,8.840163934426231,8.797560975609759,8.76693548387097,8.737600000000002,8.70793650793651,8.67952755905512,8.65234375,33.416666666666664,401.0,0.0,0.0,0.0,0.0,0.0,0.0,0.0,0.0,0.0,0.0,0.0,0.0,0.0,0.0,0.0,0.0,48.0,142.0,266.0,404.0,539.0,656.0,739.0,777.0,777.0,777.0,777.0,777.0,777.0,777.0,777.0,777.0,777.0,777.0,777.0,777.0,777.0,777.0,777.0,777.0,808.0,860.0,924.0,992.0,1055.0,1104.0,1131.0,1136.0,1136.0,1136.0,1136.0,1136.0,1136.0,1136.0,1136.0,1136.0,1136.0,1136.0,1136.0,1136.0,1136.0,1136.0,1136.0,1136.0,1158.0,1193.0,1237.0,1283.0,1321.0,1343.0,1346.0,1346.0,1346.0,1346.0,1346.0,1346.0,1346.0,1346.0,1346.0,1346.0,1346.0,1346.0,1346.0,1346.0,1346.0,1346.0,1346.0,1346.0,1366.0,1400.0,1441.0,1481.0,1510.0,1523.0,1523.0,1524.0,1524.0,1524.0,1524.0,1524.0,1524.0,1524.0,1524.0,1524.0,1524.0,1524.0,1524.0,1524.0,1524.0,1524.0,1524.0,1524.0,1535.0,1548.0,1556.0,1556.0,1556.0,1556.0,1556.0,1557.0,1557.0,1557.0,1557.0,1557.0,1557.0,1557.0,1557.0,1557.0,92,December 3,Macon
0.004018998534631023,1.5536064444830782,1.2418761439363348,1.7143445757596574,1.7143445757596574,0.7700693948995745,1.361379373139509,4.589535767128064,4.589535767128064,0.737083795652392,1.457704909747986,2.487865253765865,2.487865253765865,0.6916343216874254,1.0517655474240084,3.2687683458818926,3.2687683458818926,0.5999872043653678,0.5108375258270416,3.966666666666665,-0.6053990640262173,0.6053990640262173,86.68067226890759,14.8,14.850000000000001,14.633333333333335,14.350000000000001,14.02,13.616666666666667,13.22857142857143,12.8625,12.433333333333332,12.110000000000001,11.963636363636367,12.050000000000002,12.192307692307692,12.35,12.46,12.493750000000002,12.488235294117647,12.47777777777778,12.421052631578947,12.400000000000002,12.376190476190475,12.377272727272725,12.395652173913042,12.424999999999999,12.436000000000002,12.415384615384616,12.37037037037037,12.310714285714285,12.241379310344826,12.146666666666668,12.074193548387097,12.05625,12.08787878787879,12.13235294117647,12.179999999999998,12.25,12.327027027027025,12.421052631578945,12.533333333333331,12.647499999999999,12.760975609756096,12.87142857142857,12.965116279069768,13.054545454545455,13.12,13.123913043478263,13.093617021276595,13.029166666666669,12.965306122448979,12.88,12.798039215686273,12.75,12.70188679245283,12.65,12.612727272727273,12.614285714285714,12.64736842105263,12.672413793103447,12.681355932203388,12.675,12.662295081967212,12.653225806451614,12.666666666666666,12.678125000000001,12.7,12.703030303030303,12.716417910447761,12.70735294117647,12.697101449275362,12.672857142857145,12.642253521126761,12.591666666666665,12.526027397260272,12.439189189189188,12.362666666666666,12.280263157894737,12.192207792207792,12.11025641025641,12.034177215189874,11.97375,11.918518518518518,11.860975609756098,11.818072289156627,11.770238095238094,11.721176470588237,11.693023255813955,11.685057471264368,11.6875,11.692134831460674,11.707777777777778,11.71648351648352,11.70434782608696,11.676344086021507,11.624468085106383,11.563157894736845,11.49375,11.411340206185566,11.34183673469388,11.277777777777779,11.205,11.136633663366338,11.071568627450983,11.012621359223303,10.959615384615386,10.912380952380952,10.86792452830189,10.829906542056076,10.805555555555555,10.782568807339452,10.767272727272728,10.754054054054054,10.741071428571429,10.717699115044248,10.695614035087718,10.669565217391304,10.64051724137931,10.611111111111112,10.589830508474577,10.55966386554622,10.515833333333335,10.45702479338843,10.401639344262296,10.343902439024392,10.290322580645164,10.233600000000001,10.173809523809524,10.116535433070869,10.060156250000002,63.833333333333336,766.0,0.0,0.0,0.0,0.0,0.0,0.0,0.0,0.0,0.0,0.0,0.0,0.0,0.0,0.0,0.0,0.0,32.0,89.0,162.0,238.0,307.0,360.0,391.0,401.0,401.0,401.0,401.0,401.0,401.0,401.0,401.0,401.0,401.0,401.0,401.0,401.0,401.0,401.0,401.0,401.0,449.0,543.0,667.0,805.0,940.0,1057.0,1140.0,1178.0,1178.0,1178.0,1178.0,1178.0,1178.0,1178.0,1178.0,1178.0,1178.0,1178.0,1178.0,1178.0,1178.0,1178.0,1178.0,1178.0,1209.0,1261.0,1325.0,1393.0,1456.0,1505.0,1532.0,1537.0,1537.0,1537.0,1537.0,1537.0,1537.0,1537.0,1537.0,1537.0,1537.0,1537.0,1537.0,1537.0,1537.0,1537.0,1537.0,1537.0,1559.0,1594.0,1638.0,1684.0,1722.0,1744.0,1747.0,1747.0,1747.0,1747.0,1747.0,1747.0,1747.0,1747.0,1747.0,1747.0,1747.0,1747.0,1747.0,1747.0,1747.0,1747.0,1747.0,1747.0,1767.0,1801.0,1842.0,1882.0,1911.0,1924.0,1924.0,1925.0,1925.0,1925.0,1925.0,1925.0,1925.0,1925.0,1925.0,1925.0,93,December 4,Macon
0.004018998534631023,1.5536064444830782,1.2418761439363348,1.7143445757596574,1.7143445757596574,0.7700693948995745,1.361379373139509,4.589535767128064,4.589535767128064,0.737083795652392,1.457704909747986,2.487865253765865,2.487865253765865,0.6916343216874254,1.0517655474240084,3.2687683458818926,3.2687683458818926,0.5999872043653678,0.5108375258270416,5.683333333333333,-0.5099880294946131,0.5099880294946131,107.63929618768331,14.0,14.35,14.833333333333334,15.325,15.34,15.116666666666667,15.042857142857143,14.962499999999999,14.944444444444445,15.0,14.972727272727274,15.025,15.176923076923078,15.421428571428573,15.586666666666668,15.725000000000001,15.735294117647058,15.761111111111113,15.715789473684211,15.690000000000001,15.676190476190476,15.672727272727274,15.595652173913043,15.529166666666669,15.5,15.476923076923075,15.42962962962963,15.360714285714286,15.26896551724138,15.146666666666667,15.009677419354839,14.8625,14.684848484848485,14.523529411764706,14.408571428571427,14.369444444444444,14.356756756756758,14.357894736842105,14.34871794871795,14.315000000000001,14.268292682926829,14.221428571428573,14.155813953488373,14.106818181818182,14.057777777777776,14.02173913043478,13.995744680851063,13.977083333333333,13.951020408163263,13.91,13.85686274509804,13.796153846153846,13.730188679245282,13.649999999999999,13.581818181818182,13.544642857142858,13.536842105263156,13.53793103448276,13.542372881355933,13.561666666666667,13.58688524590164,13.624193548387096,13.674603174603174,13.728125,13.783076923076923,13.83787878787879,13.88358208955224,13.927941176470586,13.957971014492752,13.948571428571428,13.916901408450704,13.8625,13.808219178082192,13.739189189189192,13.672,13.62763157894737,13.583116883116881,13.535897435897436,13.49873417721519,13.48875,13.501234567901234,13.508536585365855,13.504819277108435,13.49047619047619,13.471764705882354,13.455813953488372,13.456321839080458,13.455681818181818,13.462921348314607,13.456666666666669,13.458241758241758,13.443478260869565,13.427956989247312,13.402127659574468,13.371578947368421,13.326041666666667,13.269072164948453,13.19591836734694,13.13030303030303,13.059999999999997,12.985148514851485,12.91470588235294,12.848543689320387,12.794230769230769,12.743809523809524,12.691509433962263,12.650467289719627,12.605555555555554,12.559633027522938,12.53,12.516216216216216,12.510714285714286,12.5070796460177,12.512280701754387,12.51217391304348,12.495689655172415,12.466666666666669,12.418644067796611,12.363025210084034,12.300833333333335,12.228099173553717,12.165573770491804,12.107317073170732,12.041935483870969,11.980000000000002,11.920634920634923,11.866141732283465,11.81640625,43.083333333333336,517.0,0.0,0.0,0.0,0.0,0.0,0.0,0.0,0.0,0.0,0.0,0.0,0.0,0.0,0.0,0.0,0.0,47.0,139.0,262.0,400.0,535.0,650.0,730.0,766.0,766.0,766.0,766.0,766.0,766.0,766.0,766.0,766.0,766.0,766.0,766.0,766.0,766.0,766.0,766.0,766.0,798.0,855.0,928.0,1004.0,1073.0,1126.0,1157.0,1167.0,1167.0,1167.0,1167.0,1167.0,1167.0,1167.0,1167.0,1167.0,1167.0,1167.0,1167.0,1167.0,1167.0,1167.0,1167.0,1167.0,1215.0,1309.0,1433.0,1571.0,1706.0,1823.0,1906.0,1944.0,1944.0,1944.0,1944.0,1944.0,1944.0,1944.0,1944.0,1944.0,1944.0,1944.0,1944.0,1944.0,1944.0,1944.0,1944.0,1944.0,1975.0,2027.0,2091.0,2159.0,2222.0,2271.0,2298.0,2303.0,2303.0,2303.0,2303.0,2303.0,2303.0,2303.0,2303.0,2303.0,2303.0,2303.0,2303.0,2303.0,2303.0,2303.0,2303.0,2303.0,2325.0,2360.0,2404.0,2450.0,2488.0,2510.0,2513.0,2513.0,2513.0,2513.0,2513.0,2513.0,2513.0,2513.0,2513.0,2513.0,94,December 5,Macon
0.004018998534631023,1.5536064444830782,1.2418761439363348,1.7143445757596574,1.7143445757596574,0.7700693948995745,1.361379373139509,4.589535767128064,4.589535767128064,0.737083795652392,1.457704909747986,2.487865253765865,2.487865253765865,0.6916343216874254,1.0517655474240084,3.2687683458818926,3.2687683458818926,0.5999872043653678,0.5108375258270416,5.183333333333335,-0.2298327876691276,0.2298327876691276,169.1800643086816,13.7,13.649999999999999,13.133333333333333,12.975000000000001,12.780000000000001,12.666666666666666,12.542857142857143,12.2625,12.011111111111113,11.85,11.67272727272727,11.608333333333333,11.684615384615382,11.807142857142855,11.95333333333333,12.15,12.311764705882352,12.499999999999998,12.663157894736841,12.76,12.823809523809524,12.863636363636363,12.908695652173915,12.962499999999999,13.003999999999998,13.069230769230769,13.170370370370373,13.3,13.37241379310345,13.393333333333336,13.432258064516132,13.4625,13.503030303030302,13.561764705882354,13.594285714285714,13.65,13.740540540540541,13.868421052631582,13.971794871794874,14.0675,14.11219512195122,14.161904761904763,14.179069767441861,14.20227272727273,14.228888888888891,14.258695652173918,14.251063829787235,14.245833333333332,14.257142857142858,14.270000000000003,14.268627450980393,14.253846153846155,14.224528301886794,14.175925925925927,14.116363636363635,14.048214285714284,13.959649122807019,13.877586206896554,13.82033898305085,13.806666666666668,13.808196721311477,13.817741935483873,13.820634920634921,13.8078125,13.786153846153846,13.763636363636365,13.728358208955225,13.702941176470588,13.6768115942029,13.65857142857143,13.646478873239436,13.63888888888889,13.626027397260275,13.602702702702704,13.57066666666667,13.532894736842104,13.490909090909094,13.438461538461539,13.393670886075949,13.370000000000001,13.366666666666667,13.36951219512195,13.374698795180722,13.390476190476189,13.410588235294115,13.43953488372093,13.47816091954023,13.519318181818182,13.56179775280899,13.604444444444443,13.64065934065934,13.67608695652174,13.701075268817204,13.696808510638295,13.675789473684208,13.637499999999998,13.59896907216495,13.548979591836734,13.5,13.468,13.435643564356434,13.400980392156859,13.373786407766987,13.367307692307692,13.378095238095238,13.384905660377358,13.383177570093455,13.373148148148148,13.359633027522936,13.348181818181818,13.349549549549547,13.35,13.356637168141594,13.352631578947369,13.354782608695652,13.343965517241378,13.332478632478631,13.31271186440678,13.289075630252098,13.253333333333332,13.208264462809918,13.15,13.097560975609754,13.041129032258063,12.980799999999999,12.923809523809522,12.87007874015748,12.82578125,28.25,339.0,0.0,0.0,0.0,0.0,0.0,0.0,0.0,0.0,0.0,0.0,0.0,0.0,0.0,0.0,0.0,0.0,37.0,104.0,192.0,288.0,379.0,453.0,500.0,517.0,517.0,517.0,517.0,517.0,517.0,517.0,517.0,517.0,517.0,517.0,517.0,517.0,517.0,517.0,517.0,517.0,564.0,656.0,779.0,917.0,1052.0,1167.0,1247.0,1283.0,1283.0,1283.0,1283.0,1283.0,1283.0,1283.0,1283.0,1283.0,1283.0,1283.0,1283.0,1283.0,1283.0,1283.0,1283.0,1283.0,1315.0,1372.0,1445.0,1521.0,1590.0,1643.0,1674.0,1684.0,1684.0,1684.0,1684.0,1684.0,1684.0,1684.0,1684.0,1684.0,1684.0,1684.0,1684.0,1684.0,1684.0,1684.0,1684.0,1684.0,1732.0,1826.0,1950.0,2088.0,2223.0,2340.0,2423.0,2461.0,2461.0,2461.0,2461.0,2461.0,2461.0,2461.0,2461.0,2461.0,2461.0,2461.0,2461.0,2461.0,2461.0,2461.0,2461.0,2461.0,2492.0,2544.0,2608.0,2676.0,2739.0,2788.0,2815.0,2820.0,2820.0,2820.0,2820.0,2820.0,2820.0,2820.0,2820.0,2820.0,95,December 6,Macon
0.004018998534631023,1.5536064444830782,1.2418761439363348,1.7143445757596574,1.7143445757596574,0.7700693948995745,1.361379373139509,4.589535767128064,4.589535767128064,0.737083795652392,1.457704909747986,2.487865253765865,2.487865253765865,0.6916343216874254,1.0517655474240084,3.2687683458818926,3.2687683458818926,0.5999872043653678,0.5108375258270416,7.33333333333333,-0.09868602565871083,0.09868602565871083,197.9886363636365,8.8,8.55,8.433333333333334,8.350000000000001,8.4,8.450000000000001,8.528571428571428,8.425,8.31111111111111,8.25,8.299999999999999,8.424999999999999,8.646153846153846,8.928571428571427,9.280000000000001,9.6625,10.08235294117647,10.461111111111112,10.778947368421052,11.05,11.266666666666666,11.422727272727272,11.530434782608696,11.620833333333332,11.704,11.77692307692308,11.78888888888889,11.814285714285715,11.820689655172416,11.830000000000004,11.829032258064517,11.781250000000002,11.727272727272728,11.688235294117648,11.637142857142857,11.616666666666667,11.643243243243244,11.689473684210528,11.74871794871795,11.8325,11.90731707317073,11.997619047619049,12.081395348837209,12.138636363636362,12.18222222222222,12.215217391304348,12.251063829787235,12.291666666666666,12.326530612244898,12.373999999999999,12.441176470588236,12.524999999999999,12.579245283018869,12.605555555555556,12.641818181818183,12.673214285714286,12.710526315789474,12.75862068965517,12.791525423728812,12.838333333333333,12.906557377049179,12.998387096774193,13.076190476190476,13.149999999999999,13.192307692307692,13.237878787878786,13.262686567164177,13.291176470588235,13.321739130434784,13.354285714285716,13.361971830985917,13.370833333333334,13.39041095890411,13.410810810810808,13.421333333333331,13.422368421052632,13.412987012987012,13.38974358974359,13.358227848101265,13.319999999999999,13.266666666666667,13.217073170731704,13.18433734939759,13.182142857142857,13.190588235294115,13.204651162790697,13.213793103448275,13.211363636363636,13.202247191011233,13.192222222222219,13.172527472527474,13.15978260869565,13.146236559139782,13.138297872340424,13.13473684210526,13.134375,13.129896907216494,13.117346938775508,13.097979797979797,13.073999999999998,13.046534653465342,13.01078431372549,12.980582524271842,12.966346153846153,12.96761904761905,12.973584905660378,12.981308411214954,12.99722222222222,13.016513761467888,13.042727272727271,13.076576576576574,13.112499999999999,13.149557522123892,13.186842105263155,13.21913043478261,13.250862068965516,13.274358974358972,13.27457627118644,13.261344537815125,13.234166666666665,13.206611570247935,13.16967213114754,13.133333333333333,13.110483870967741,13.0872,13.06190476190476,13.04251968503937,13.03984375,23.0,276.0,0.0,0.0,0.0,0.0,0.0,0.0,0.0,0.0,0.0,0.0,0.0,0.0,0.0,0.0,0.0,0.0,30.0,81.0,143.0,208.0,267.0,311.0,335.0,339.0,339.0,339.0,339.0,339.0,339.0,339.0,339.0,339.0,339.0,339.0,339.0,339.0,339.0,339.0,339.0,339.0,376.0,443.0,531.0,627.0,718.0,792.0,839.0,856.0,856.0,856.0,856.0,856.0,856.0,856.0,856.0,856.0,856.0,856.0,856.0,856.0,856.0,856.0,856.0,856.0,903.0,995.0,1118.0,1256.0,1391.0,1506.0,1586.0,1622.0,1622.0,1622.0,1622.0,1622.0,1622.0,1622.0,1622.0,1622.0,1622.0,1622.0,1622.0,1622.0,1622.0,1622.0,1622.0,1622.0,1654.0,1711.0,1784.0,1860.0,1929.0,1982.0,2013.0,2023.0,2023.0,2023.0,2023.0,2023.0,2023.0,2023.0,2023.0,2023.0,2023.0,2023.0,2023.0,2023.0,2023.0,2023.0,2023.0,2023.0,2071.0,2165.0,2289.0,2427.0,2562.0,2679.0,2762.0,2800.0,2800.0,2800.0,2800.0,2800.0,2800.0,2800.0,2800.0,2800.0,96,December 7,Macon
0.004018998534631023,1.5536064444830782,1.2418761439363348,1.7143445757596574,1.7143445757596574,0.7700693948995745,1.361379373139509,4.589535767128064,4.589535767128064,0.737083795652392,1.457704909747986,2.487865253765865,2.487865253765865,0.6916343216874254,1.0517655474240084,3.2687683458818926,3.2687683458818926,0.5999872043653678,0.5108375258270416,6.8583333333333325,0.04493903462110782,0.04493903462110782,229.5382746051033,8.1,7.6,7.766666666666666,7.674999999999999,7.4799999999999995,7.283333333333334,7.0,6.699999999999999,6.488888888888889,6.390000000000001,6.454545454545454,6.599999999999999,6.815384615384615,7.17142857142857,7.553333333333332,7.91875,8.311764705882352,8.649999999999999,8.952631578947368,9.184999999999999,9.376190476190475,9.522727272727273,9.617391304347825,9.633333333333333,9.6,9.55,9.5,9.450000000000001,9.420689655172415,9.39666666666667,9.383870967741938,9.331249999999999,9.272727272727273,9.226470588235296,9.214285714285715,9.230555555555556,9.286486486486487,9.373684210526317,9.497435897435897,9.645,9.819512195121952,9.988095238095237,10.139534883720932,10.27727272727273,10.395555555555555,10.48913043478261,10.561702127659576,10.627083333333333,10.689795918367349,10.748000000000001,10.77450980392157,10.807692307692308,10.830188679245285,10.853703703703706,10.870909090909091,10.860714285714286,10.84561403508772,10.83793103448276,10.822033898305087,10.823333333333334,10.852459016393444,10.893548387096775,10.942857142857145,11.0078125,11.067692307692308,11.137878787878789,11.2044776119403,11.254411764705884,11.295652173913044,11.33,11.366197183098592,11.405555555555557,11.44109589041096,11.485135135135137,11.542666666666667,11.611842105263158,11.661038961038962,11.691025641025643,11.727848101265822,11.76125,11.798765432098765,11.84390243902439,11.878313253012047,11.922619047619047,11.98235294117647,12.059302325581394,12.126436781609193,12.19090909090909,12.232584269662919,12.276666666666666,12.305494505494503,12.33695652173913,12.369892473118279,12.404255319148936,12.419999999999998,12.436458333333334,12.46082474226804,12.485714285714284,12.5030303030303,12.512999999999998,12.514851485148512,12.505882352941176,12.490291262135921,12.46923076923077,12.436190476190475,12.405660377358489,12.387850467289718,12.393518518518519,12.407339449541283,12.425454545454546,12.439639639639639,12.444642857142858,12.444247787610617,12.442982456140351,12.433913043478258,12.4301724137931,12.425641025641026,12.425423728813557,12.428571428571427,12.434166666666666,12.436363636363634,12.431967213114753,12.421951219512191,12.408064516129032,12.3912,12.367460317460315,12.34803149606299,12.34140625,12.583333333333334,151.0,0.0,0.0,0.0,0.0,0.0,0.0,0.0,0.0,0.0,0.0,0.0,0.0,0.0,0.0,0.0,0.0,27.0,71.0,125.0,180.0,228.0,261.0,276.0,276.0,276.0,276.0,276.0,276.0,276.0,276.0,276.0,276.0,276.0,276.0,276.0,276.0,276.0,276.0,276.0,276.0,306.0,357.0,419.0,484.0,543.0,587.0,611.0,615.0,615.0,615.0,615.0,615.0,615.0,615.0,615.0,615.0,615.0,615.0,615.0,615.0,615.0,615.0,615.0,615.0,652.0,719.0,807.0,903.0,994.0,1068.0,1115.0,1132.0,1132.0,1132.0,1132.0,1132.0,1132.0,1132.0,1132.0,1132.0,1132.0,1132.0,1132.0,1132.0,1132.0,1132.0,1132.0,1132.0,1179.0,1271.0,1394.0,1532.0,1667.0,1782.0,1862.0,1898.0,1898.0,1898.0,1898.0,1898.0,1898.0,1898.0,1898.0,1898.0,1898.0,1898.0,1898.0,1898.0,1898.0,1898.0,1898.0,1898.0,1930.0,1987.0,2060.0,2136.0,2205.0,2258.0,2289.0,2299.0,2299.0,2299.0,2299.0,2299.0,2299.0,2299.0,2299.0,2299.0,97,December 8,Macon
0.004018998534631023,1.5536064444830782,1.2418761439363348,1.7143445757596574,1.7143445757596574,0.7700693948995745,1.361379373139509,4.589535767128064,4.589535767128064,0.737083795652392,1.457704909747986,2.487865253765865,2.487865253765865,0.6916343216874254,1.0517655474240084,3.2687683458818926,3.2687683458818926,0.5999872043653678,0.5108375258270416,12.758333333333333,-0.07736817952502092,0.07736817952502092,202.67145656433703,4.8,4.699999999999999,4.6000000000000005,4.625,4.86,5.333333333333333,5.785714285714286,6.1,6.422222222222222,6.640000000000001,6.863636363636363,7.091666666666666,7.3769230769230765,7.6571428571428575,8.086666666666666,8.51875,8.917647058823531,9.272222222222222,9.563157894736843,9.77,9.957142857142859,10.1,10.134782608695652,10.116666666666667,10.036,9.923076923076923,9.855555555555556,9.767857142857142,9.662068965517241,9.55,9.412903225806453,9.2625,9.127272727272727,9.020588235294117,8.965714285714286,8.944444444444445,8.956756756756757,9.031578947368422,9.13076923076923,9.2375,9.368292682926828,9.488095238095237,9.60232558139535,9.693181818181818,9.77111111111111,9.832608695652173,9.872340425531915,9.875,9.853061224489796,9.822000000000001,9.790196078431373,9.757692307692308,9.735849056603774,9.716666666666667,9.703636363636363,9.667857142857144,9.628070175438596,9.594827586206897,9.581355932203389,9.584999999999999,9.613114754098358,9.661290322580646,9.733333333333333,9.821874999999999,9.929230769230767,10.034848484848482,10.131343283582089,10.220588235294118,10.29855072463768,10.36142857142857,10.411267605633803,10.456944444444444,10.501369863013698,10.543243243243243,10.564,10.589473684210526,10.607792207792206,10.626923076923077,10.641772151898735,10.6375,10.62962962962963,10.626829268292683,10.618072289156625,10.62142857142857,10.64470588235294,10.676744186046513,10.714942528735632,10.764772727272726,10.811235955056178,10.865555555555556,10.917582417582416,10.957608695652173,10.991397849462365,11.020212765957446,11.050526315789472,11.083333333333334,11.11340206185567,11.149999999999999,11.196969696969697,11.253,11.294059405940594,11.320588235294117,11.352427184466022,11.381730769230769,11.414285714285713,11.452830188679243,11.483177570093456,11.521296296296297,11.571559633027523,11.635454545454545,11.691891891891892,11.74642857142857,11.783185840707963,11.821929824561401,11.848695652173914,11.87758620689655,11.907692307692306,11.93898305084746,11.955462184873948,11.9725,11.99586776859504,12.01967213114754,12.03739837398374,12.049193548387096,12.0544,12.050793650793652,12.041732283464567,12.028125,17.416666666666668,209.0,0.0,0.0,0.0,0.0,0.0,0.0,0.0,0.0,0.0,0.0,0.0,0.0,0.0,0.0,0.0,0.0,20.0,50.0,85.0,117.0,141.0,151.0,151.0,151.0,151.0,151.0,151.0,151.0,151.0,151.0,151.0,151.0,151.0,151.0,151.0,151.0,151.0,151.0,151.0,151.0,178.0,222.0,276.0,331.0,379.0,412.0,427.0,427.0,427.0,427.0,427.0,427.0,427.0,427.0,427.0,427.0,427.0,427.0,427.0,427.0,427.0,427.0,427.0,427.0,457.0,508.0,570.0,635.0,694.0,738.0,762.0,766.0,766.0,766.0,766.0,766.0,766.0,766.0,766.0,766.0,766.0,766.0,766.0,766.0,766.0,766.0,766.0,766.0,803.0,870.0,958.0,1054.0,1145.0,1219.0,1266.0,1283.0,1283.0,1283.0,1283.0,1283.0,1283.0,1283.0,1283.0,1283.0,1283.0,1283.0,1283.0,1283.0,1283.0,1283.0,1283.0,1283.0,1330.0,1422.0,1545.0,1683.0,1818.0,1933.0,2013.0,2049.0,2049.0,2049.0,2049.0,2049.0,2049.0,2049.0,2049.0,2049.0,98,December 9,Macon
0.004018998534631023,1.5536064444830782,1.2418761439363348,1.7143445757596574,1.7143445757596574,0.7700693948995745,1.361379373139509,4.589535767128064,4.589535767128064,0.737083795652392,1.457704909747986,2.487865253765865,2.487865253765865,0.6916343216874254,1.0517655474240084,3.2687683458818926,3.2687683458818926,0.5999872043653678,0.5108375258270416,14.483333333333334,0.015216415708146615,0.015216415708146615,223.0092059838895,3.0,2.0,1.5,1.3,1.02,0.8000000000000002,0.5571428571428572,0.5375,0.6888888888888888,0.9600000000000002,1.3363636363636364,1.675,2.0153846153846153,2.307142857142857,2.646666666666667,2.9749999999999996,3.3117647058823527,3.577777777777778,3.78421052631579,3.995,4.1761904761904765,4.327272727272728,4.434782608695652,4.458333333333333,4.4719999999999995,4.476923076923077,4.474074074074074,4.482142857142857,4.527586206896552,4.633333333333332,4.758064516129031,4.86875,4.993939393939394,5.1,5.214285714285714,5.336111111111111,5.4837837837837835,5.636842105263158,5.8538461538461535,6.0825,6.307317073170732,6.5214285714285705,6.713953488372094,6.872727272727272,7.024444444444444,7.156521739130433,7.236170212765958,7.287499999999999,7.3040816326530615,7.3,7.315686274509805,7.317307692307692,7.305660377358491,7.287037037037036,7.25090909090909,7.203571428571428,7.161403508771929,7.132758620689655,7.132203389830508,7.15,7.186885245901639,7.261290322580644,7.35079365079365,7.4453125,7.555384615384615,7.659090909090909,7.759701492537313,7.845588235294118,7.923188405797102,7.990000000000001,8.042253521126762,8.069444444444445,8.07945205479452,8.082432432432432,8.084,8.084210526315792,8.090909090909092,8.098717948717951,8.11012658227848,8.105,8.096296296296297,8.091463414634147,8.1,8.120238095238095,8.15764705882353,8.209302325581396,8.27816091954023,8.359090909090908,8.453932584269662,8.547777777777778,8.635164835164835,8.717391304347826,8.791397849462365,8.854255319148937,8.907368421052633,8.957291666666666,9.006185567010307,9.053061224489795,9.083838383838383,9.118,9.146534653465347,9.175490196078432,9.200970873786408,9.211538461538462,9.219047619047618,9.230188679245282,9.23644859813084,9.251851851851852,9.28256880733945,9.319999999999999,9.362162162162162,9.413392857142856,9.461946902654866,9.516666666666667,9.569565217391304,9.61293103448276,9.651282051282053,9.685593220338983,9.721008403361346,9.758333333333333,9.793388429752065,9.833606557377047,9.882113821138212,9.937903225806451,9.9816,10.013492063492066,10.0496062992126,10.083593749999999,4.75,57.0,0.0,0.0,0.0,0.0,0.0,0.0,0.0,0.0,0.0,0.0,0.0,0.0,0.0,0.0,0.0,0.0,24.0,61.0,104.0,146.0,181.0,203.0,209.0,209.0,209.0,209.0,209.0,209.0,209.0,209.0,209.0,209.0,209.0,209.0,209.0,209.0,209.0,209.0,209.0,209.0,229.0,259.0,294.0,326.0,350.0,360.0,360.0,360.0,360.0,360.0,360.0,360.0,360.0,360.0,360.0,360.0,360.0,360.0,360.0,360.0,360.0,360.0,360.0,360.0,387.0,431.0,485.0,540.0,588.0,621.0,636.0,636.0,636.0,636.0,636.0,636.0,636.0,636.0,636.0,636.0,636.0,636.0,636.0,636.0,636.0,636.0,636.0,636.0,666.0,717.0,779.0,844.0,903.0,947.0,971.0,975.0,975.0,975.0,975.0,975.0,975.0,975.0,975.0,975.0,975.0,975.0,975.0,975.0,975.0,975.0,975.0,975.0,1012.0,1079.0,1167.0,1263.0,1354.0,1428.0,1475.0,1492.0,1492.0,1492.0,1492.0,1492.0,1492.0,1492.0,1492.0,1492.0,99,December 10,Macon
0.004018998534631023,1.5536064444830782,1.2418761439363348,1.7143445757596574,1.7143445757596574,0.7700693948995745,1.361379373139509,4.589535767128064,4.589535767128064,0.737083795652392,1.457704909747986,2.487865253765865,2.487865253765865,0.6916343216874254,1.0517655474240084,3.2687683458818926,3.2687683458818926,0.5999872043653678,0.5108375258270416,8.424999999999999,0.05834305192202948,0.05834305192202948,232.4826904055391,5.1,5.15,5.033333333333333,4.824999999999999,4.68,4.466666666666666,4.042857142857143,3.725,3.5999999999999996,3.5799999999999996,3.6818181818181825,3.9166666666666665,4.200000000000001,4.378571428571429,4.473333333333334,4.5125,4.5058823529411764,4.5,4.542105263157894,4.6450000000000005,4.723809523809523,4.763636363636364,4.782608695652173,4.716666666666667,4.648,4.507692307692308,4.359259259259259,4.228571428571429,4.0793103448275865,3.933333333333333,3.77741935483871,3.671875,3.618181818181818,3.611764705882353,3.654285714285714,3.7027777777777775,3.767567567567567,3.8289473684210518,3.92051282051282,4.0200000000000005,4.134146341463414,4.228571428571429,4.304651162790697,4.388636363636363,4.464444444444444,4.530434782608695,4.578723404255318,4.5874999999999995,4.591836734693877,4.592,4.588235294117647,4.590384615384615,4.613207547169812,4.67037037037037,4.74,4.803571428571429,4.87719298245614,4.941379310344827,5.011864406779661,5.088333333333334,5.1819672131147545,5.280645161290322,5.420634920634921,5.5703125,5.72,5.865151515151515,5.998507462686567,6.111764705882353,6.221739130434782,6.32,6.384507042253522,6.430555555555555,6.453424657534247,6.462162162162162,6.484000000000001,6.496052631578947,6.498701298701299,6.496153846153846,6.481012658227848,6.4575000000000005,6.437037037037037,6.425609756097561,6.433734939759036,6.454761904761905,6.489411764705884,6.551162790697674,6.6241379310344835,6.701136363636365,6.789887640449439,6.874444444444445,6.957142857142857,7.029347826086957,7.095698924731184,7.1542553191489375,7.202105263157895,7.23125,7.247422680412372,7.258163265306123,7.267676767676769,7.276,7.289108910891089,7.302941176470588,7.319417475728155,7.323076923076924,7.3238095238095235,7.327358490566037,7.341121495327103,7.36388888888889,7.4,7.447272727272727,7.508108108108108,7.578571428571428,7.6601769911504425,7.741228070175439,7.817391304347826,7.889655172413793,7.955555555555556,8.01271186440678,8.062184873949581,8.109166666666665,8.155371900826445,8.2,8.23170731707317,8.266129032258064,8.296,8.326190476190476,8.353543307086612,8.368749999999999,18.75,225.0,0.0,0.0,0.0,0.0,0.0,0.0,0.0,0.0,0.0,0.0,0.0,0.0,0.0,0.0,0.0,0.0,16.0,34.0,49.0,57.0,57.0,57.0,57.0,57.0,57.0,57.0,57.0,57.0,57.0,57.0,57.0,57.0,57.0,57.0,57.0,57.0,57.0,57.0,57.0,57.0,81.0,118.0,161.0,203.0,238.0,260.0,266.0,266.0,266.0,266.0,266.0,266.0,266.0,266.0,266.0,266.0,266.0,266.0,266.0,266.0,266.0,266.0,266.0,266.0,286.0,316.0,351.0,383.0,407.0,417.0,417.0,417.0,417.0,417.0,417.0,417.0,417.0,417.0,417.0,417.0,417.0,417.0,417.0,417.0,417.0,417.0,417.0,417.0,444.0,488.0,542.0,597.0,645.0,678.0,693.0,693.0,693.0,693.0,693.0,693.0,693.0,693.0,693.0,693.0,693.0,693.0,693.0,693.0,693.0,693.0,693.0,693.0,723.0,774.0,836.0,901.0,960.0,1004.0,1028.0,1032.0,1032.0,1032.0,1032.0,1032.0,1032.0,1032.0,1032.0,1032.0,100,December 11,Macon
